{
"type": "FeatureCollection",
"name": "obras_vial_linea_mejora",
"crs": { "type": "name", "properties": { "name": "urn:ogc:def:crs:OGC:1.3:CRS84" } },
"features": [
{ "type": "Feature", "properties": { "ID_OBRA": "1073_Santiago de Anaya", "No.": 1073.0, "Municipio": "Santiago de Anaya", "Rubro": "Infraestructura Carretera", "Ejercicio": 2023.0, "Obra": "Rehabilitación de la carretera Yolotepec - Ejido el Mezquital; en el municipio de Santiago de Anaya.", "Localidad": "Yolotepec", "Inversión": 17432259.52, "Habitantes.beneficiados": 2764.0, "Ejecutora": "DGOPI", "Trabajos": "Considera trabajos para la reconstrucción y/o conservación de Infraestructura Carretera en la localidad de Yolotepec municipio de Santiago de Anaya", "Geometria_tipo": "Línea", "extract": 0.05313138790910147 }, "geometry": { "type": "LineString", "coordinates": [ [ -99.081224837203706, 20.418336704369395 ], [ -99.074749500753995, 20.405083992422291 ], [ -99.071661166050518, 20.401274013418998 ] ] } },
{ "type": "Feature", "properties": { "ID_OBRA": "1151_Tepehuacán de Guerrero", "No.": 1151.0, "Municipio": "Tepehuacán de Guerrero", "Rubro": "Infraestructura Carretera", "Ejercicio": 2024.0, "Obra": "Rehabilitación de la carretera de Chilijapa a Teyahuala a Texcapa, municipio de Tepehuacán de Guerrero", "Localidad": "Chilijapa", "Inversión": 4462024.88, "Habitantes.beneficiados": 3873.0, "Ejecutora": null, "Trabajos": "Considera trabajos para la reconstrucción y/o conservación de Infraestructura Carretera en la localidad de Chilijapa municipio de Tepehuacán de Guerrero", "Geometria_tipo": "Línea", "extract": 0.65195261969507179 }, "geometry": { "type": "LineString", "coordinates": [ [ -98.863805789364505, 21.023568273590197 ], [ -98.863241139229117, 21.0239036526816 ], [ -98.862578985323708, 21.0245405708053 ], [ -98.861961045507599, 21.024934897327704 ], [ -98.861571690152203, 21.025548536590392 ], [ -98.859900352429008, 21.026723144391404 ], [ -98.859141662535407, 21.0266853167001 ], [ -98.858984008531394, 21.026823060183499 ], [ -98.859075837864395, 21.027012936412696 ], [ -98.859190977069801, 21.027380662953203 ], [ -98.858846391666106, 21.027807048948496 ], [ -98.858745968440601, 21.028604803206498 ], [ -98.859011373995102, 21.029151011463892 ], [ -98.859316442822902, 21.029595924400997 ], [ -98.859657693192702, 21.029861655450102 ], [ -98.859656620315207, 21.029993525003299 ], [ -98.859432494255898, 21.030390481222597 ], [ -98.859287719289398, 21.0310308286907 ], [ -98.859076303035096, 21.031378320945699 ], [ -98.858838917276401, 21.031585288030101 ], [ -98.858737571226797, 21.031856670165102 ], [ -98.858524787317293, 21.032594265479304 ], [ -98.858226009256299, 21.033012405192501 ], [ -98.857693807823196, 21.033523910588194 ], [ -98.857588955849707, 21.033639583631899 ], [ -98.857352742445215, 21.033652212246398 ], [ -98.857071988646297, 21.033647955953697 ], [ -98.856869579258799, 21.033868544395798 ], [ -98.856708596151506, 21.033969904961296 ], [ -98.856537820279399, 21.034047727422195 ], [ -98.856446970635403, 21.034205474280199 ], [ -98.856477242068607, 21.034322767963797 ], [ -98.856623714893303, 21.034462133656795 ], [ -98.856902801478597, 21.036260285196192 ], [ -98.856692050844899, 21.0369437557416 ], [ -98.856688423115898, 21.037967122320396 ], [ -98.857342914065995, 21.039905328053599 ], [ -98.857457136123102, 21.040562503396199 ], [ -98.857735825861099, 21.041054929203799 ], [ -98.8577779519525, 21.041645374131893 ], [ -98.857747297300904, 21.042105253391199 ], [ -98.857435543579598, 21.042682534693895 ], [ -98.8572002311587, 21.043122988069495 ], [ -98.856690070414899, 21.043964230995705 ], [ -98.856481086554311, 21.0444143372677 ], [ -98.856674922847603, 21.0448885315969 ], [ -98.856735608629094, 21.045109992561699 ], [ -98.856413703382799, 21.045733149749491 ], [ -98.856495586294997, 21.046627489017194 ], [ -98.856421198995406, 21.046921179595799 ], [ -98.856159414343793, 21.046897337724804 ], [ -98.855890886726499, 21.046805174654999 ], [ -98.855838028361902, 21.046537328895905 ], [ -98.855832214957601, 21.046112851691802 ], [ -98.855904397179103, 21.045748623251598 ], [ -98.855676850432303, 21.045027484307301 ], [ -98.855571915137801, 21.044792011773595 ], [ -98.855560455099805, 21.044377634335596 ], [ -98.855615881839995, 21.043879145428498 ], [ -98.856137821626405, 21.043001711830495 ], [ -98.856159689885999, 21.042599658944802 ], [ -98.856064407713106, 21.042516837657104 ], [ -98.855909944410698, 21.042527491510402 ], [ -98.855477784441504, 21.043196867625195 ], [ -98.854901826295801, 21.044413603293094 ], [ -98.854804771168304, 21.044979795972502 ], [ -98.854941459399498, 21.0455923693928 ], [ -98.854910304803198, 21.045880949488801 ], [ -98.854736660998, 21.045939966651201 ], [ -98.853978414432618, 21.0458154054297 ], [ -98.853304740937304, 21.046122869390704 ], [ -98.852611336239406, 21.046759161125802 ], [ -98.852462223289805, 21.0472124373998 ], [ -98.852467181232697, 21.047543431742895 ], [ -98.852590196340401, 21.047796409226095 ], [ -98.852589137767893, 21.048109726668702 ], [ -98.851915953238205, 21.0498311374417 ], [ -98.850884267679007, 21.049688244356599 ], [ -98.850331334964693, 21.049064671253699 ], [ -98.850052563562798, 21.048948605979206 ], [ -98.849606272251606, 21.0488827667142 ], [ -98.848252621656499, 21.048931860135596 ], [ -98.847961072387406, 21.048821147561902 ], [ -98.847727339688902, 21.048515311330295 ], [ -98.847503209045712, 21.047999059491296 ], [ -98.847314459012594, 21.047757786338508 ], [ -98.847082170340002, 21.047728673637998 ], [ -98.8467235284879, 21.047959308026392 ], [ -98.845462954742999, 21.048588853937996 ], [ -98.844369593178513, 21.048037848577096 ], [ -98.843967925914001, 21.048122455088997 ], [ -98.843805412488393, 21.048284182489596 ] ] } },
{ "type": "Feature", "properties": { "ID_OBRA": "1228_Tlahuiltepa", "No.": 1228.0, "Municipio": "Tlahuiltepa", "Rubro": "Infraestructura Carretera", "Ejercicio": 2024.0, "Obra": "Reconstrucción de concreto hidráulico de la C.E. Juárez - Tlahuiltepa, municipio de Tlahuiltepa.", "Localidad": "Tlaxcantitla", "Inversión": 760435.91, "Habitantes.beneficiados": 193.0, "Ejecutora": "DGCCE", "Trabajos": "Considera los trabajos de preliminares, riego de impregnación, piso para pavimento de concreto hidráulico.", "Geometria_tipo": "Línea", "extract": 0.76593706907163173 }, "geometry": { "type": "LineString", "coordinates": [ [ -98.919410813592904, 20.915224698182396 ], [ -98.919078411089998, 20.914734401271893 ], [ -98.919048465905405, 20.914474034132507 ], [ -98.919220411742202, 20.914429582439499 ], [ -98.919967592603598, 20.914586104667499 ], [ -98.9201190718628, 20.914557885505197 ], [ -98.920133035571695, 20.914489635231895 ], [ -98.920055946734394, 20.914310516720999 ], [ -98.920137872294205, 20.914094449243201 ], [ -98.920379830303105, 20.914179204743601 ], [ -98.920768080351905, 20.914474531630603 ], [ -98.921025745013097, 20.914627283851797 ], [ -98.921210145292903, 20.914605421456304 ], [ -98.921366682688799, 20.913806897874299 ], [ -98.921933401198004, 20.913362001549601 ], [ -98.922150821285413, 20.9131533922369 ], [ -98.922119203632505, 20.912830527889302 ], [ -98.921484902912795, 20.9117381841052 ], [ -98.921455250820202, 20.911436354939497 ], [ -98.9215852808872, 20.911197506559699 ], [ -98.921809446569398, 20.911246502433301 ], [ -98.9225424466471, 20.911608242868301 ], [ -98.923064671886607, 20.912049363878499 ], [ -98.923617447035099, 20.912168851815995 ], [ -98.923958036957899, 20.9119367573186 ], [ -98.924071200215394, 20.911547162151003 ], [ -98.923743546275105, 20.910672735836105 ], [ -98.924011426644398, 20.910146317183901 ], [ -98.923816317242, 20.909522953835193 ], [ -98.923807983784002, 20.909054489771098 ], [ -98.924265007772405, 20.908526142059099 ], [ -98.924243188243693, 20.908326702568697 ], [ -98.924004645783597, 20.908158268686797 ], [ -98.921124420595703, 20.9075400200073 ] ] } },
{ "type": "Feature", "properties": { "ID_OBRA": "1234_Tlanalapa", "No.": 1234.0, "Municipio": "Tlanalapa", "Rubro": "Infraestructura Carretera", "Ejercicio": 2025.0, "Obra": "Ampliación y rehabilitación del tramo carretero Tlanalapa - Cd. Sahagún, acceso principal, (Primera etapa) en el municipio de Tlanalapa", "Localidad": "Tlanalapa", "Inversión": 25000000.0, "Habitantes.beneficiados": null, "Ejecutora": "SIPDUS", "Trabajos": null, "Geometria_tipo": "Línea", "extract": 0.23868195515315443 }, "geometry": { "type": "LineString", "coordinates": [ [ -98.588045452609506, 19.785965969147195 ], [ -98.5886554440292, 19.787545572384204 ], [ -98.593305727694599, 19.797847085650705 ], [ -98.594904566342805, 19.801566757621998 ] ] } },
{ "type": "Feature", "properties": { "ID_OBRA": "1400_Yahualica", "No.": 1400.0, "Municipio": "Yahualica", "Rubro": "Infraestructura Carretera", "Ejercicio": 2024.0, "Obra": "Rehabilitación de C.R. Santa Teresa - Tecacalax - Crisolco, municipio de Yahualica", "Localidad": "Santa Teresa", "Inversión": 4127694.35, "Habitantes.beneficiados": null, "Ejecutora": "DGOPI", "Trabajos": "Considera los trabajos de preliminares, revestimiento de camino en la localidad de Santa Teresa municipio de Yahualica", "Geometria_tipo": "Línea", "extract": 0.2699783616055067 }, "geometry": { "type": "LineString", "coordinates": [ [ -98.380276137166405, 20.874367889944992 ], [ -98.380711743485506, 20.873779120619396 ], [ -98.381246912428907, 20.873256596413192 ], [ -98.381106370726201, 20.872647378819902 ], [ -98.381330635256901, 20.871591828410892 ], [ -98.381393123050017, 20.871178908559394 ], [ -98.381084069914806, 20.871059846354097 ], [ -98.380897786055897, 20.871869704343805 ], [ -98.380773534321193, 20.871861194007096 ], [ -98.380641963631604, 20.871516000838501 ], [ -98.380560847399906, 20.871055828467 ], [ -98.379992266751003, 20.8702898027983 ], [ -98.379123412910801, 20.869628667054702 ], [ -98.378819355003998, 20.869053296494503 ], [ -98.378285214364794, 20.868603696391304 ], [ -98.378109179946506, 20.868414244094801 ], [ -98.377958956658603, 20.868607565067801 ], [ -98.379101773260899, 20.871673931882899 ], [ -98.37898526789732, 20.871870681682196 ], [ -98.378721478523303, 20.871727033968895 ], [ -98.376711955490407, 20.869904679931391 ], [ -98.376452418089897, 20.869843332815201 ], [ -98.376334313967902, 20.869989528151205 ], [ -98.376500166822098, 20.870499349515001 ], [ -98.376380956021407, 20.8705459304344 ], [ -98.375813732543705, 20.870394048128695 ], [ -98.373739704282698, 20.870259557873503 ], [ -98.373333823394205, 20.870084439522998 ], [ -98.373157069057001, 20.869728735228499 ], [ -98.372190375520901, 20.869108104057599 ], [ -98.371646742320095, 20.868674458449195 ], [ -98.370455768727098, 20.868092793703898 ], [ -98.369708712877397, 20.867909023605499 ], [ -98.368137140296412, 20.867250169511696 ], [ -98.368070309379206, 20.866564811585295 ], [ -98.367722880828893, 20.866539945600699 ], [ -98.367707034925104, 20.866540137143897 ], [ -98.366226875574512, 20.867243566628495 ], [ -98.365799698237495, 20.866824307059105 ], [ -98.365523760307596, 20.866176240922293 ], [ -98.364482670341999, 20.865880732950103 ], [ -98.3627660736595, 20.864753904815899 ], [ -98.360602232562101, 20.864220840541002 ], [ -98.359649456660307, 20.863724569359896 ], [ -98.359446952465603, 20.863726653773409 ], [ -98.359479010169593, 20.863931779203501 ], [ -98.359746461112096, 20.864217879477 ], [ -98.359784616618597, 20.864545864033598 ], [ -98.359933572341106, 20.864686710120598 ], [ -98.360482703425504, 20.864920672726601 ], [ -98.360489458111402, 20.865059301633199 ], [ -98.36031346208452, 20.865162493299596 ], [ -98.3596383511277, 20.864873932271504 ], [ -98.358654605527605, 20.864639705975396 ], [ -98.358107903413497, 20.8640637769034 ], [ -98.357693488707298, 20.863075686288404 ], [ -98.356842159919907, 20.862836127171299 ], [ -98.354952824681803, 20.863147875243005 ] ] } },
{ "type": "Feature", "properties": { "ID_OBRA": "1444_Zapotlán de Juárez", "No.": 1444.0, "Municipio": "Zapotlán de Juárez", "Rubro": "Infraestructura Carretera", "Ejercicio": 2025.0, "Obra": "Reconstrucción de la carretera intermunicipal de Zapotlán de Juárez a Tolcayuca, en el municipio de Zapotlán de Juárez", "Localidad": "Zapotlán de Juárez", "Inversión": 28467845.97, "Habitantes.beneficiados": null, "Ejecutora": "SIPDUS", "Trabajos": null, "Geometria_tipo": "Línea", "extract": 0.32194231454683209 }, "geometry": { "type": "LineString", "coordinates": [ [ -98.894392131947598, 19.9483939839191 ], [ -98.881692501719201, 19.9512156191367 ], [ -98.870605810154203, 19.956167536590399 ], [ -98.8636693273681, 19.969531448089501 ] ] } },
{ "type": "Feature", "properties": { "ID_OBRA": "361_Huejutla de Reyes", "No.": 361.0, "Municipio": "Huejutla de Reyes", "Rubro": "Infraestructura Carretera", "Ejercicio": 2024.0, "Obra": "Rehabilitación de la carretera de Mazaquilico a Coacuilco, municipio de Huejutla de Reyes", "Localidad": "Coacuilco", "Inversión": 13351754.18, "Habitantes.beneficiados": 3369.0, "Ejecutora": null, "Trabajos": "Considera trabajos para la reconstrucción y/o conservación de Infraestructura Carretera en la localidad de Coacuilco municipio de Huejutla de Reyes", "Geometria_tipo": "Línea", "extract": 0.5377846957362169 }, "geometry": { "type": "LineString", "coordinates": [ [ -98.584524254186704, 21.140771864320104 ], [ -98.585142086233205, 21.140045404041 ], [ -98.586382973368799, 21.139682902649099 ], [ -98.587175639556406, 21.139231493443901 ], [ -98.587133302112605, 21.136554472725795 ], [ -98.5871319041932, 21.136466067146895 ], [ -98.584565043610297, 21.134013697980805 ], [ -98.583684651425699, 21.131943100738905 ], [ -98.583678953271104, 21.130578539225699 ], [ -98.584617778759394, 21.129394405685296 ], [ -98.585031049390807, 21.127636894067198 ], [ -98.584165521256921, 21.125491288982602 ], [ -98.584892336345206, 21.1214526303906 ], [ -98.586294379672594, 21.120262506522501 ], [ -98.5868315287765, 21.117448766867792 ], [ -98.587645243151997, 21.116984822310595 ], [ -98.587842028890194, 21.1144634623953 ], [ -98.588948694152506, 21.113106783489094 ], [ -98.589059790335398, 21.1110239577478 ], [ -98.588047080883001, 21.108682989659403 ], [ -98.587295112741103, 21.1067390102979 ] ] } },
{ "type": "Feature", "properties": { "ID_OBRA": "371_Huejutla de Reyes", "No.": 371.0, "Municipio": "Huejutla de Reyes", "Rubro": "Infraestructura Carretera", "Ejercicio": 2024.0, "Obra": "Rehabilitación de la carretera Pachuca a Tempoal, paso por Huejutla, municipio de Huejutla de Reyes", "Localidad": "Huejutla de Reyes", "Inversión": 16051741.62, "Habitantes.beneficiados": null, "Ejecutora": null, "Trabajos": "Considera trabajos para la reconstrucción y/o conservación de Infraestructura Carretera en la localidad de Huejutla de Reyes municipio de Huejutla de Reyes", "Geometria_tipo": "Línea", "extract": 0.52634686698903355 }, "geometry": { "type": "LineString", "coordinates": [ [ -98.415096495958295, 21.154370198095599 ], [ -98.418499479332795, 21.146547416629904 ], [ -98.408935904254506, 21.139854505609591 ], [ -98.409557358425104, 21.1330917089794 ], [ -98.408213997164594, 21.1304798960875 ], [ -98.408091298309003, 21.1273974196402 ], [ -98.411405060046107, 21.123853530816401 ], [ -98.41329701323032, 21.123211880297394 ], [ -98.41620265841, 21.124012911586497 ], [ -98.418261193126014, 21.1236915733692 ], [ -98.419471016342399, 21.1208138796332 ], [ -98.419819787134202, 21.118588449685699 ], [ -98.419321824315205, 21.115113704159199 ], [ -98.422884871731696, 21.110417343628505 ], [ -98.422884190356299, 21.107159638073597 ] ] } },
{ "type": "Feature", "properties": { "ID_OBRA": "607_Mineral del Monte", "No.": 607.0, "Municipio": "Mineral del Monte", "Rubro": "Vialidades Urbanas", "Ejercicio": 2024.0, "Obra": "Rehabilitación de calles en Real del Monte, en el Municipio de Mineral del Monte.", "Localidad": "Mineral del Monte", "Inversión": 12029645.78, "Habitantes.beneficiados": null, "Ejecutora": "DGOPI", "Trabajos": "Considera los trabajos de preliminares, piso para pavimento de concreto hidráulico.", "Geometria_tipo": "Línea", "extract": 0.53897708000855038 }, "geometry": { "type": "LineString", "coordinates": [ [ -98.683437248844797, 20.139047487296295 ], [ -98.682624216344294, 20.138480050593699 ], [ -98.682142196003696, 20.1371717388779 ], [ -98.681323373793802, 20.136571415317 ], [ -98.680509857123994, 20.135986501465702 ], [ -98.680089683003601, 20.135846656666896 ], [ -98.679773844634994, 20.135859108192495 ], [ -98.679545834621919, 20.1360762405684 ], [ -98.679100079796711, 20.136433741578799 ], [ -98.678828438930594, 20.136433613756704 ], [ -98.677095065463007, 20.135941764442293 ], [ -98.676522889808794, 20.135586248440301 ], [ -98.675989082680303, 20.135422857818796 ], [ -98.675208327768502, 20.135204634354093 ], [ -98.674693595824806, 20.135223032587401 ], [ -98.6743760709047, 20.1356101503196 ], [ -98.673718977661096, 20.136045418646695 ], [ -98.672661261558801, 20.135691717104596 ], [ -98.671848812215003, 20.135546359826598 ] ] } },
{ "type": "Feature", "properties": { "ID_OBRA": "613_Mixquiahuala de Juárez", "No.": 613.0, "Municipio": "Mixquiahuala de Juárez", "Rubro": "Vialidades Urbanas", "Ejercicio": 2023.0, "Obra": "Rehabilitación del Circuito Av. Cuitláhuac y Av. Vicente Guerrero en la primera, sexta y séptima demarcación; en el municipio de Mixquiahuala de Juárez.", "Localidad": "Mixquiahuala de Juárez", "Inversión": 18668229.23, "Habitantes.beneficiados": 27713.0, "Ejecutora": "DGOPI", "Trabajos": "Considera trabajos en la rehabilitación y/o mejoramiento de las vialidades urbanas en la localidad de Mixquiahuala de Juárez muncipio de Mixquiahuala de Juárez", "Geometria_tipo": "Línea", "extract": 0.47256273402027438 }, "geometry": { "type": "LineString", "coordinates": [ [ -99.20310965623041, 20.223665843947796 ], [ -99.210974146083799, 20.223309753633803 ], [ -99.211104517674912, 20.2232293065831 ], [ -99.220257160823195, 20.224197571381996 ], [ -99.229755787267294, 20.225160304513796 ], [ -99.232517508522804, 20.225514530133392 ], [ -99.235157007206098, 20.2249569044933 ], [ -99.237374409053203, 20.225041320513405 ], [ -99.239897254686696, 20.224765808145893 ] ] } },
{ "type": "Feature", "properties": { "ID_OBRA": "615_Mixquiahuala de Juárez", "No.": 615.0, "Municipio": "Mixquiahuala de Juárez", "Rubro": "Vialidades Urbanas", "Ejercicio": 2023.0, "Obra": "Rehabilitación de pavimentación asfáltica de la avenida Vicente Guerrero en 1A. Demarcación Poniente, Mixquiahuala de Juárez", "Localidad": "Mixquiahuala de Juárez", "Inversión": 2998214.6, "Habitantes.beneficiados": null, "Ejecutora": "DGOPI", "Trabajos": "Considera los trabajos de capa subbase, riego de impregnación, suministro y aplicación de riego de liga con emulsión asfáltica", "Geometria_tipo": "Línea", "extract": 0.54582157706600043 }, "geometry": { "type": "LineString", "coordinates": [ [ -99.204487609147407, 20.226256155911901 ], [ -99.202431249511818, 20.226032638327595 ] ] } },
{ "type": "Feature", "properties": { "ID_OBRA": "1210_Tizayuca", "No.": 1210.0, "Municipio": "Tizayuca", "Rubro": "Vialidades Urbanas", "Ejercicio": 2023.0, "Obra": "Rehabilitación de pavimento asfáltico de la avenida Juárez, tramo: Blvd. Las Torres hacia E.C Libramiento Club Rotario, en el municipio de Tizayuca.", "Localidad": "Tizayuca", "Inversión": 12100470.97, "Habitantes.beneficiados": null, "Ejecutora": "DGCCE", "Trabajos": "Se realizan los siguientes trabajos: trazo y nivelación de plazas, suministro y aplicación de carpeta asfáltica compactado,  en el municipio de Tizayuca", "Geometria_tipo": "Línea", "extract": 0.7408486142282712 }, "geometry": { "type": "LineString", "coordinates": [ [ -98.972571530110599, 19.854061327064056 ], [ -98.974887119645601, 19.851657676437831 ], [ -98.975620128045591, 19.850391822553672 ], [ -98.97675262011218, 19.84752787070305 ], [ -98.977324911693884, 19.844953965686113 ], [ -98.97785939739758, 19.842934152496774 ], [ -98.97854436111632, 19.841129930868139 ], [ -98.979241627280373, 19.839013215538511 ], [ -98.979747790141232, 19.837246039312024 ], [ -98.979371489777208, 19.834828375535078 ], [ -98.978797571787311, 19.831793258378969 ] ] } },
{ "type": "Feature", "properties": { "ID_OBRA": "1212_Tizayuca", "No.": 1212.0, "Municipio": "Tizayuca", "Rubro": "Vialidades Urbanas", "Ejercicio": 2024.0, "Obra": "Rehabilitación del Boulevard Ejército Mexicano, tramo Glorieta del Soldado E.C.F. México Pachuca.", "Localidad": "Tizayuca", "Inversión": 10855545.43, "Habitantes.beneficiados": null, "Ejecutora": "DGIVC", "Trabajos": "Considera trabajos en la rehabilitación y/o mejoramiento de las vialidades urbanas en el muncipio de Tizayuca", "Geometria_tipo": "Línea", "extract": 0.6805200348285656 }, "geometry": { "type": "LineString", "coordinates": [ [ -98.965229586927904, 19.838896290868107 ], [ -98.967227346018021, 19.839210326199442 ], [ -98.969852586475142, 19.839613409628111 ], [ -98.97171589880594, 19.840279229715261 ], [ -98.972805999306345, 19.840513774348427 ], [ -98.97457169747176, 19.840504467154908 ], [ -98.975513184641272, 19.840390139412335 ], [ -98.977270237274851, 19.840750281596911 ], [ -98.978511571257741, 19.841125276266133 ] ] } },
{ "type": "Feature", "properties": { "ID_OBRA": "1284_Tula de Allende", "No.": 1284.0, "Municipio": "Tula de Allende", "Rubro": "Infraestructura Carretera", "Ejercicio": 2024.0, "Obra": "Reconstrucción de la carretera Tula - Xochitlán, en el municipio de Tula de Allende", "Localidad": "Xochitlán de Las Flores", "Inversión": 15478031.99, "Habitantes.beneficiados": 1773.0, "Ejecutora": "DGIVC", "Trabajos": "Considera trabajos para la reconstrucción y/o conservación de Infraestructura Carretera en la localidad de Xochitlán de Las Flores municipio de Tula de Allende", "Geometria_tipo": "Línea", "extract": 0.089365173084976518 }, "geometry": { "type": "LineString", "coordinates": [ [ -99.366281160445055, 20.065751641497922 ], [ -99.371243888522073, 20.070423063012491 ], [ -99.372114858311463, 20.071211993047143 ], [ -99.375020654745086, 20.073255470523883 ], [ -99.376542469516821, 20.07435617777675 ], [ -99.377044808929071, 20.074530479509111 ], [ -99.377470139968736, 20.07446047632661 ], [ -99.384231822221309, 20.072560649185053 ], [ -99.386596004408219, 20.071910976189486 ], [ -99.387112865136984, 20.071844783181845 ], [ -99.391444747688467, 20.072507163950203 ], [ -99.397030648132898, 20.073434291951973 ], [ -99.397453909998134, 20.073434121002649 ], [ -99.398050596185072, 20.073314532394502 ], [ -99.400629168250049, 20.07275500268403 ], [ -99.404403087256156, 20.071793242473756 ], [ -99.407223954042323, 20.071734527489625 ], [ -99.408634895845267, 20.071676629516716 ], [ -99.40964764204405, 20.07116313790819 ], [ -99.410489019454431, 20.070368081059925 ], [ -99.411568463834783, 20.069183046428758 ], [ -99.412273155670988, 20.068901946502056 ], [ -99.417107770147553, 20.067948520704022 ] ] } },
{ "type": "Feature", "properties": { "ID_OBRA": "1431_Zapotlán de Juárez", "No.": 1431.0, "Municipio": "Zapotlán de Juárez", "Rubro": "Vialidades Urbanas", "Ejercicio": 2024.0, "Obra": "Reconstrucción de la Av. Hidalgo en pavimento hidráulico en la comunidad de Acayuca en el municipio de Zapotlán de Juárez.", "Localidad": "Acayuca", "Inversión": 41642121.47, "Habitantes.beneficiados": 11018.0, "Ejecutora": "DGIVC", "Trabajos": "Considera los trabajos de preliminares, piso para pavimento de concreto hidráulico.", "Geometria_tipo": "Línea", "extract": 0.66549634372778721 }, "geometry": { "type": "LineString", "coordinates": [ [ -98.846838394278819, 20.017865084630255 ], [ -98.842836129920613, 20.028719736471785 ] ] } },
{ "type": "Feature", "properties": { "ID_OBRA": "1433_Zapotlán de Juárez", "No.": 1433.0, "Municipio": "Zapotlán de Juárez", "Rubro": "Vialidades Urbanas", "Ejercicio": 2023.0, "Obra": "Reconstrucción de pavimento hidráulico en calle Línea divisoria en San Pedro Huaquilpan; en el municipio de Zapotlán.", "Localidad": "San Pedro Huaquilpan", "Inversión": 1957471.09, "Habitantes.beneficiados": 5175.0, "Ejecutora": "DGCCE", "Trabajos": "Se realizará la reconstrucción de pavimento hidráulico contemplando las siguientes partidas: preeliminares, terracerías, pavimento hidráulico, acabados señalamiento.", "Geometria_tipo": "Línea", "extract": 0.44603971328651987 }, "geometry": { "type": "LineString", "coordinates": [ [ -98.869914805026184, 19.982739039848148 ], [ -98.869084238119683, 19.982540841333819 ], [ -98.866236894107359, 19.982051366301409 ], [ -98.86295938361873, 19.981389290524909 ] ] } },
{ "type": "Feature", "properties": { "ID_OBRA": "529_Mineral de la Reforma", "No.": 529.0, "Municipio": "Mineral de la Reforma", "Rubro": "Vialidades Urbanas", "Ejercicio": 2023.0, "Obra": "Reconstrucción de calle Santa Paola entre avenida San Judas Tadeo y calle San Manuel, fraccionamiento Carboneras, en el municipio de Mineral de la Reforma", "Localidad": "Carboneras", "Inversión": 674068.67, "Habitantes.beneficiados": 2442.0, "Ejecutora": "DGCCE", "Trabajos": "Considera los trabajos de preliminares, piso para pavimento de concreto hidráulico.", "Geometria_tipo": "Línea", "extract": 0.50783079758939875 }, "geometry": { "type": "LineString", "coordinates": [ [ -98.698609728815882, 20.085711223193453 ], [ -98.696900358559276, 20.08598195208501 ] ] } },
{ "type": "Feature", "properties": { "ID_OBRA": "540_Mineral de la Reforma", "No.": 540.0, "Municipio": "Mineral de la Reforma", "Rubro": "Vialidades Urbanas", "Ejercicio": 2023.0, "Obra": "Reconstrucción de carpeta asfáltica en calle Quetzalcoatl del km. 0+000 al km. 0+756, municipio de Mineral de la Reforma.", "Localidad": "Forjadores de Pachuca", "Inversión": 4238932.96, "Habitantes.beneficiados": null, "Ejecutora": "DGIVC", "Trabajos": "Se realizan los siguientes trabajos: trazo y nivelación de plazas, suministro y aplicación de carpeta asfáltica compactado.", "Geometria_tipo": "Línea", "extract": 0.49143148753502741 }, "geometry": { "type": "LineString", "coordinates": [ [ -98.77376325244353, 20.056602709347061 ], [ -98.770739071232768, 20.054950436044145 ], [ -98.767396282714984, 20.053128105554539 ] ] } },
{ "type": "Feature", "properties": { "ID_OBRA": "545_Mineral de la Reforma", "No.": 545.0, "Municipio": "Mineral de la Reforma", "Rubro": "Vialidades Urbanas", "Ejercicio": 2023.0, "Obra": "Reconstrucción con carpeta asfáltica en Av. San Alberto del Km. 0+000 al Km. 0+305 y Av. Santa Isabel del Km. 0+000 al Km. 0+400, colonia La Providencia.", "Localidad": "La Providencia Siglo Xxi", "Inversión": 3498149.14, "Habitantes.beneficiados": null, "Ejecutora": "DGIVC", "Trabajos": "Se realizan los siguientes trabajos: trazo y nivelación de plazas, suministro y aplicación de carpeta asfáltica compactado,  en el municipio de Mineral de la Reforma", "Geometria_tipo": "Línea", "extract": 0.49407791910728349 }, "geometry": { "type": "LineString", "coordinates": [ [ -98.718163811398199, 20.052363262036515 ], [ -98.716864776093757, 20.054756830465152 ], [ -98.720653260356926, 20.055578776582809 ] ] } },
{ "type": "Feature", "properties": { "ID_OBRA": "546_Mineral de la Reforma", "No.": 546.0, "Municipio": "Mineral de la Reforma", "Rubro": "Vialidades Urbanas", "Ejercicio": 2023.0, "Obra": "Rehabilitación de carpeta asfáltica en Av. Santa Fe del Km. 0+000 al Km. 0+860, colonia La Providencia.", "Localidad": "La Providencia Siglo Xxi", "Inversión": 4323285.48, "Habitantes.beneficiados": null, "Ejecutora": "DGIVC", "Trabajos": "Se realizan los siguientes trabajos: trazo y nivelación de plazas, suministro y aplicación de carpeta asfáltica compactado,  en el municipio de Mineral de la Reforma", "Geometria_tipo": "Línea", "extract": 0.51979519713790956 }, "geometry": { "type": "LineString", "coordinates": [ [ -98.715894832633694, 20.056473078555538 ], [ -98.723807844010196, 20.058189327722381 ] ] } },
{ "type": "Feature", "properties": { "ID_OBRA": "547_Mineral de la Reforma", "No.": 547.0, "Municipio": "Mineral de la Reforma", "Rubro": "Vialidades Urbanas", "Ejercicio": 2023.0, "Obra": "Reconstrucción Santa Esperanza La Providencia. municipio de Mineral de la Reforma, Hidalgo.", "Localidad": "La Providencia Siglo Xxi", "Inversión": 1699762.19, "Habitantes.beneficiados": null, "Ejecutora": "DGIVC", "Trabajos": "Considera trabajos en la rehabilitación y/o mejoramiento de las vialidades urbanas en la localidad de La Providencia Siglo Xxi muncipio de Mineral de la Reforma", "Geometria_tipo": "Línea", "extract": 0.54729889275104537 }, "geometry": { "type": "LineString", "coordinates": [ [ -98.715602984634828, 20.058641362384833 ], [ -98.722761419336805, 20.060222159248475 ] ] } },
{ "type": "Feature", "properties": { "ID_OBRA": "548_Mineral de la Reforma", "No.": 548.0, "Municipio": "Mineral de la Reforma", "Rubro": "Vialidades Urbanas", "Ejercicio": 2023.0, "Obra": "Rehabilitación de carpeta asfáltica con riego de sello en calle Circuito Santa Cecilia del Km 1+200 Al Km. 1+930, La Providencia municipio de Mineral de la Reforma", "Localidad": "La Providencia Siglo Xxi", "Inversión": 2601051.35, "Habitantes.beneficiados": null, "Ejecutora": "DGOPI", "Trabajos": "Se realizan los siguientes trabajos: trazo y nivelación de plazas, suministro y aplicación de carpeta asfáltica compactado.", "Geometria_tipo": "Línea", "extract": 0.53334937584115882 }, "geometry": { "type": "LineString", "coordinates": [ [ -98.718636427307558, 20.059274029304383 ], [ -98.719067930621819, 20.057430563639176 ] ] } },
{ "type": "Feature", "properties": { "ID_OBRA": "549_Mineral de la Reforma", "No.": 549.0, "Municipio": "Mineral de la Reforma", "Rubro": "Vialidades Urbanas", "Ejercicio": 2024.0, "Obra": "Reconstrucción del Blvd. Santa Cecilia, La Providencia, Mineral de la Reforma", "Localidad": "La Providencia Siglo Xxi", "Inversión": 3877652.93, "Habitantes.beneficiados": 22705.0, "Ejecutora": "DGOPI", "Trabajos": "Considera trabajos en la rehabilitación y/o mejoramiento de las vialidades urbanas en la localidad de La Providencia Siglo Xxi muncipio de Mineral de la Reforma", "Geometria_tipo": "Línea", "extract": 0.49012225391029723 }, "geometry": { "type": "LineString", "coordinates": [ [ -98.720711814356306, 20.051903617827403 ], [ -98.720117420458706, 20.053198187833804 ], [ -98.719201613564607, 20.0568750393027 ] ] } },
{ "type": "Feature", "properties": { "ID_OBRA": "551_Mineral de la Reforma", "No.": 551.0, "Municipio": "Mineral de la Reforma", "Rubro": "Infraestructura Carretera", "Ejercicio": 2023.0, "Obra": "Reconstruccíon de carpeta asfáltica en carretera Los Tuzos Entronque Carretero Pachuca - Cd. Sahagún del km 0+000 al km. 1+200, municipio de Mineral de la Reforma", "Localidad": "Los Tuzos", "Inversión": 6722201.13, "Habitantes.beneficiados": 6670.0, "Ejecutora": "DGIVC", "Trabajos": "Considera trabajos para la reconstrucción y/o conservación de Infraestructura Carretera en la localidad de Los Tuzos municipio de Mineral de la Reforma", "Geometria_tipo": "Línea", "extract": 0.25386029281693734 }, "geometry": { "type": "LineString", "coordinates": [ [ -98.752152071714704, 20.055098263780895 ], [ -98.743423209317001, 20.052688574895601 ], [ -98.743296284532093, 20.052814080438296 ], [ -98.742942231184898, 20.054060763379304 ], [ -98.741802134871719, 20.055315803317892 ] ] } },
{ "type": "Feature", "properties": { "ID_OBRA": "552_Mineral de la Reforma", "No.": 552.0, "Municipio": "Mineral de la Reforma", "Rubro": "Vialidades Urbanas", "Ejercicio": 2023.0, "Obra": "Reconstrucción de carpeta asfáltica en tres calles Romero de Terreros, de Los Mineros y Lumbrera del Km. 0+000 Al Km. 0+550, colonia Los Tuzos, municipio de Mineral de la Reforma.", "Localidad": "Los Tuzos", "Inversión": 3334465.32, "Habitantes.beneficiados": null, "Ejecutora": "DGIVC", "Trabajos": "Se realizan los siguientes trabajos: trazo y nivelación de plazas, suministro y aplicación de carpeta asfáltica compactado.", "Geometria_tipo": "Línea", "extract": 0.3378537655318577 }, "geometry": { "type": "LineString", "coordinates": [ [ -98.757510501919199, 20.050370966890501 ], [ -98.757173128649598, 20.051219680628094 ], [ -98.756647055076812, 20.052782805947004 ] ] } },
{ "type": "Feature", "properties": { "ID_OBRA": "552_Mineral de la Reforma", "No.": 552.0, "Municipio": "Mineral de la Reforma", "Rubro": "Vialidades Urbanas", "Ejercicio": 2023.0, "Obra": "Reconstrucción de carpeta asfáltica en tres calles Romero de Terreros, de Los Mineros y Lumbrera del Km. 0+000 Al Km. 0+550, colonia Los Tuzos, municipio de Mineral de la Reforma.", "Localidad": "Los Tuzos", "Inversión": 3334465.32, "Habitantes.beneficiados": null, "Ejecutora": "DGIVC", "Trabajos": "Se realizan los siguientes trabajos: trazo y nivelación de plazas, suministro y aplicación de carpeta asfáltica compactado.", "Geometria_tipo": "Línea", "extract": 0.31600732454917735 }, "geometry": { "type": "LineString", "coordinates": [ [ -98.75514720713268, 20.0523341934257 ], [ -98.755283022684296, 20.052010984373496 ], [ -98.755477691641602, 20.051411344764098 ], [ -98.755673093641207, 20.050767032196692 ], [ -98.757173128649598, 20.051219680628094 ] ] } },
{ "type": "Feature", "properties": { "ID_OBRA": "552_Mineral de la Reforma", "No.": 552.0, "Municipio": "Mineral de la Reforma", "Rubro": "Vialidades Urbanas", "Ejercicio": 2023.0, "Obra": "Reconstrucción de carpeta asfáltica en tres calles Romero de Terreros, de Los Mineros y Lumbrera del Km. 0+000 Al Km. 0+550, colonia Los Tuzos, municipio de Mineral de la Reforma.", "Localidad": "Los Tuzos", "Inversión": 3334465.32, "Habitantes.beneficiados": null, "Ejecutora": "DGIVC", "Trabajos": "Se realizan los siguientes trabajos: trazo y nivelación de plazas, suministro y aplicación de carpeta asfáltica compactado.", "Geometria_tipo": "Línea", "extract": 0.29292620972797556 }, "geometry": { "type": "LineString", "coordinates": [ [ -98.753904494835794, 20.050233322691398 ], [ -98.755673093641207, 20.050767032196692 ], [ -98.755673095932195, 20.050767024642301 ] ] } },
{ "type": "Feature", "properties": { "ID_OBRA": "560_Mineral de la Reforma", "No.": 560.0, "Municipio": "Mineral de la Reforma", "Rubro": "Infraestructura Carretera", "Ejercicio": 2022.0, "Obra": "Rehabilitación del puente acceso a Pachuquilla, municipio de Mineral de la Reforma", "Localidad": "Pachuquilla", "Inversión": 1076796.08, "Habitantes.beneficiados": 9559.0, "Ejecutora": "DGCCE", "Trabajos": "Considera trabajos para la reconstrucción y/o conservación de Infraestructura Carretera en la localidad de Pachuquilla municipio de Mineral de la Reforma", "Geometria_tipo": "Línea", "extract": 0.63306567058681618 }, "geometry": { "type": "LineString", "coordinates": [ [ -98.708447029723587, 20.0765134458006 ], [ -98.708125599584903, 20.076169026062797 ], [ -98.707976202478207, 20.075988311700101 ], [ -98.707806433038698, 20.075803345019096 ], [ -98.707611764081406, 20.075629008407297 ], [ -98.707494057270097, 20.075546092145803 ], [ -98.707292597535201, 20.075456797661396 ], [ -98.7066633188129, 20.075293090974501 ], [ -98.706450541115501, 20.075242065478701 ], [ -98.705977450277516, 20.075110249537705 ] ] } },
{ "type": "Feature", "properties": { "ID_OBRA": "564_Mineral de la Reforma", "No.": 564.0, "Municipio": "Mineral de la Reforma", "Rubro": "Vialidades Urbanas", "Ejercicio": 2022.0, "Obra": "Reconstrucción de la calle Zeuz, en Mineral de la Reforma", "Localidad": "Pri Chacón", "Inversión": 1758204.1, "Habitantes.beneficiados": 2778.0, "Ejecutora": "DGOPI", "Trabajos": "Considera los trabajos de preliminares, piso para pavimento de concreto hidráulico.", "Geometria_tipo": "Línea", "extract": 0.62052688607904205 }, "geometry": { "type": "LineString", "coordinates": [ [ -98.737318399783007, 20.079155097851796 ], [ -98.736308785188399, 20.081380409345002 ], [ -98.735974961007898, 20.0822062901075 ], [ -98.735632994774207, 20.082986284609191 ] ] } },
{ "type": "Feature", "properties": { "ID_OBRA": "566_Mineral de la Reforma", "No.": 566.0, "Municipio": "Mineral de la Reforma", "Rubro": "Infraestructura Carretera", "Ejercicio": 2023.0, "Obra": "Reconstrucción de la Autopista Turística de la Montaña (Cuerpo B).", "Localidad": "San Guillermo la Reforma", "Inversión": 43328941.01, "Habitantes.beneficiados": 995.0, "Ejecutora": "DGCCE", "Trabajos": "Considera trabajos para la reconstrucción y/o conservación de Infraestructura Carretera en la localidad de Pachuquilla municipio de Mineral de la ReformaPachuquilla municipio de Mineral de la Reforma", "Geometria_tipo": "Línea", "extract": 0.65346509511186879 }, "geometry": { "type": "LineString", "coordinates": [ [ -98.693867756301614, 20.125143432838893 ], [ -98.694183731479598, 20.124760754565695 ], [ -98.694724094827393, 20.1241071895064 ], [ -98.694946193321996, 20.1237524573272 ], [ -98.694991986826111, 20.123350426551298 ], [ -98.694971379749205, 20.123242931516302 ], [ -98.694728674177796, 20.1222410742363 ], [ -98.694655404571293, 20.121965884846901 ], [ -98.694673721972919, 20.121720793889299 ], [ -98.694797364433896, 20.1214757025475 ], [ -98.695060677082083, 20.121288658896692 ], [ -98.695420156088915, 20.1212048116703 ], [ -98.695536929524195, 20.121213411387899 ], [ -98.696265046238693, 20.121357456587404 ], [ -98.697034377106704, 20.121292958753198 ], [ -98.697583899155305, 20.121265009683501 ], [ -98.698788268311787, 20.121473552621797 ], [ -98.699200409848217, 20.121512251280695 ], [ -98.700070486425204, 20.121383255713592 ], [ -98.7007711270372, 20.121215561317204 ], [ -98.701783163476691, 20.120966169318194 ], [ -98.702296050721998, 20.120802774344593 ], [ -98.703051643538913, 20.120445884729698 ], [ -98.704210219191296, 20.119856800089796 ], [ -98.706422045436895, 20.118790422251301 ] ] } },
{ "type": "Feature", "properties": { "ID_OBRA": "568_Mineral de la Reforma", "No.": 568.0, "Municipio": "Mineral de la Reforma", "Rubro": "Infraestructura Carretera", "Ejercicio": 2023.0, "Obra": "Reconstrucción de la Autopista Turística de la Montaña (Cuerpo A)", "Localidad": "San Guíllermo la Reforma", "Inversión": 42133590.81, "Habitantes.beneficiados": null, "Ejecutora": "DGCCE", "Trabajos": "Considera trabajos para la reconstrucción y/o conservación de Infraestructura Carretera en la localidad de San Guíllermo la Reforma municipio de Mineral de la Reforma", "Geometria_tipo": "Línea", "extract": 0.6555875215911765 }, "geometry": { "type": "LineString", "coordinates": [ [ -98.705730339995498, 20.118517654096095 ], [ -98.705076251043806, 20.118595572243798 ], [ -98.704578362438795, 20.118733074762797 ], [ -98.703221371927185, 20.119356417999299 ], [ -98.703026121493906, 20.119498503242298 ], [ -98.702752770887201, 20.120048509417593 ], [ -98.702430607672213, 20.120461012779796 ], [ -98.702049869327197, 20.120653513976396 ], [ -98.701381136593099, 20.120836848229199 ], [ -98.699687339084008, 20.121263099536002 ], [ -98.699277313173994, 20.121304349600891 ], [ -98.698613461700603, 20.121148515965604 ], [ -98.697988660313996, 20.121024765615203 ], [ -98.697520059274012, 20.121033932311192 ], [ -98.697193014798103, 20.121185182717301 ], [ -98.696480350716499, 20.1212676828771 ], [ -98.696172831284002, 20.121263099536101 ], [ -98.695748161591496, 20.121180599373801 ], [ -98.695274679290705, 20.121130182586505 ], [ -98.6948109595115, 20.121341016315998 ], [ -98.694610827817414, 20.121593099749894 ], [ -98.694571777730701, 20.122023932314502 ], [ -98.6948109595115, 20.1229497599798 ], [ -98.694913465989032, 20.123412671756896 ], [ -98.694776790685694, 20.123907665012297 ], [ -98.694327714688981, 20.124448489185301 ], [ -98.693783038319197, 20.125115484457403 ] ] } },
{ "type": "Feature", "properties": { "ID_OBRA": "580_Mineral de la Reforma", "No.": 580.0, "Municipio": "Mineral de la Reforma", "Rubro": "Vialidades Urbanas", "Ejercicio": 2024.0, "Obra": "Reconstrucción de pavimento asfáltico en camino acceso a San José Palma Gorda - La Higa, municipio de Mineral de la Reforma", "Localidad": "San Miguel la Higa", "Inversión": 27152469.17, "Habitantes.beneficiados": null, "Ejecutora": "DGCCE", "Trabajos": "Considera los trabajos de la operación de escarificación, disgregado, construcción de base hidráulica, suministro y aplicación de riego de liga con emulsión asfáltica.", "Geometria_tipo": "Línea", "extract": 0.3640966514640307 }, "geometry": { "type": "LineString", "coordinates": [ [ -98.748380585948098, 20.009428710603295 ], [ -98.75281336867701, 20.018626319711096 ], [ -98.753560466889681, 20.020137118318996 ] ] } },
{ "type": "Feature", "properties": { "ID_OBRA": "580_Mineral de la Reforma", "No.": 580.0, "Municipio": "Mineral de la Reforma", "Rubro": "Vialidades Urbanas", "Ejercicio": 2024.0, "Obra": "Reconstrucción de pavimento asfáltico en camino acceso a San José Palma Gorda - La Higa, municipio de Mineral de la Reforma", "Localidad": "San Miguel la Higa", "Inversión": 27152469.17, "Habitantes.beneficiados": null, "Ejecutora": "DGCCE", "Trabajos": "Considera los trabajos de la operación de escarificación, disgregado, construcción de base hidráulica, suministro y aplicación de riego de liga con emulsión asfáltica.", "Geometria_tipo": "Línea", "extract": 0.61809322932586741 }, "geometry": { "type": "LineString", "coordinates": [ [ -98.715033684599604, 20.033967405925605 ], [ -98.716051269133501, 20.033815040326896 ], [ -98.716693381299308, 20.033722532641988 ], [ -98.717357259979195, 20.033640908214096 ], [ -98.717787148632482, 20.033613700071498 ], [ -98.718015697030495, 20.033559283786296 ], [ -98.718402052655705, 20.033238227703393 ], [ -98.718467352198005, 20.033194694675196 ] ] } },
{ "type": "Feature", "properties": { "ID_OBRA": "810_Pachuca de Soto", "No.": 810.0, "Municipio": "Pachuca de Soto", "Rubro": "Vialidades Urbanas", "Ejercicio": 2023.0, "Obra": "Reconstrucción de concreto hidráulico en calle Avenida Guadalupe en la colonia Guadalupe, municipio de Pachuca de Soto.", "Localidad": "Pachuca de Soto", "Inversión": 9998000.0, "Habitantes.beneficiados": null, "Ejecutora": "DGIVC", "Trabajos": "Considera los trabajos de preliminares, riego de impregnación, piso para pavimento de concreto hidráulico.", "Geometria_tipo": "Línea", "extract": 0.75366519069358873 }, "geometry": { "type": "LineString", "coordinates": [ [ -98.718549822328626, 20.122448332956882 ], [ -98.719020507822322, 20.12135739848009 ] ] } },
{ "type": "Feature", "properties": { "ID_OBRA": "833_Pachuca de Soto", "No.": 833.0, "Municipio": "Pachuca de Soto", "Rubro": "Infraestructura Carretera", "Ejercicio": 2024.0, "Obra": "Rehabilitación del Boulevard Felipe Ángeles (dos cuerpos), en el municipio de Pachuca de Soto.", "Localidad": "Pachuca de Soto", "Inversión": 45408243.98, "Habitantes.beneficiados": null, "Ejecutora": "DGCCE", "Trabajos": "Considera trabajos para la reconstrucción y/o conservación de Infraestructura Carretera en la localidad de Pachuca de Soto municipio de Pachuca de Soto", "Geometria_tipo": "Línea", "extract": 0.55284968983239413 }, "geometry": { "type": "LineString", "coordinates": [ [ -98.786224849458094, 20.056663542858342 ], [ -98.770892130247532, 20.086739999068701 ], [ -98.770998093330448, 20.090335120500804 ], [ -98.770389730993401, 20.093534753043642 ], [ -98.763380782795124, 20.100420338156852 ] ] } },
{ "type": "Feature", "properties": { "ID_OBRA": "835_Pachuca de Soto", "No.": 835.0, "Municipio": "Pachuca de Soto", "Rubro": "Infraestructura Carretera", "Ejercicio": 2024.0, "Obra": "Reconstrucción de carpeta asfáltica en Boulevard Centenario (Antigua Carretera La Paz) dos cuerpos, Pachuca de Soto, Hgo.", "Localidad": "Pachuca de Soto", "Inversión": 22801140.41, "Habitantes.beneficiados": null, "Ejecutora": "DGCCE", "Trabajos": "Considera los trabajos de preliminares, estabilización de base, riego de impregnación, carpeta asfáltica, señalamiento horizontal.", "Geometria_tipo": "Línea", "extract": 0.38303520062204199 }, "geometry": { "type": "LineString", "coordinates": [ [ -98.759848576063163, 20.085210051219647 ], [ -98.751160866867878, 20.082540218498085 ] ] } },
{ "type": "Feature", "properties": { "ID_OBRA": "836_Pachuca de Soto", "No.": 836.0, "Municipio": "Pachuca de Soto", "Rubro": "Vialidades Urbanas", "Ejercicio": 2024.0, "Obra": "Reconstrucción de pavimento de concreto hidráulico en calle Lago de Guadalupe y calle Lago de Zumpango, Anáhuac, municipio de Pachuca de Soto", "Localidad": "Pachuca de Soto", "Inversión": 3640265.09, "Habitantes.beneficiados": null, "Ejecutora": "DGCCE", "Trabajos": "Considera los trabajos de preliminares, riego de impregnación, piso para pavimento de concreto hidráulico.", "Geometria_tipo": "Línea", "extract": 0.72130368366063646 }, "geometry": { "type": "LineString", "coordinates": [ [ -98.718246113422907, 20.1275922642278 ], [ -98.719415809328495, 20.126129783082529 ], [ -98.720644711465923, 20.126100651144405 ], [ -98.720933167054142, 20.126629503892527 ], [ -98.723122239064978, 20.125480669791045 ], [ -98.723053123683883, 20.12508604700929 ] ] } },
{ "type": "Feature", "properties": { "ID_OBRA": "840_Pachuca de Soto", "No.": 840.0, "Municipio": "Pachuca de Soto", "Rubro": "Vialidades Urbanas", "Ejercicio": 2024.0, "Obra": "Rehabilitación asfáltica avenida principal de la 3ra de Pitahayas, fraccionamiento Pitahayas, municipio de Pachuca de Soto", "Localidad": "Pachuca de Soto", "Inversión": 3524676.76, "Habitantes.beneficiados": null, "Ejecutora": "DGCCE", "Trabajos": "Se realizan los siguientes trabajos: trazo y nivelación de plazas, suministro y aplicación de carpeta asfáltica compactado,  en el municipio de Pachuca de Soto", "Geometria_tipo": "Línea", "extract": 0.52864882714938299 }, "geometry": { "type": "LineString", "coordinates": [ [ -98.797492513254682, 20.060809731482031 ], [ -98.797665693987355, 20.062740633626269 ], [ -98.796859051596527, 20.064287375759534 ], [ -98.796289573436624, 20.06447973916104 ] ] } },
{ "type": "Feature", "properties": { "ID_OBRA": "842_Pachuca de Soto", "No.": 842.0, "Municipio": "Pachuca de Soto", "Rubro": "Vialidades Urbanas", "Ejercicio": 2024.0, "Obra": "Reconstrucción de calle principal en Real Toledo, municipio de Pachuca de Soto.", "Localidad": "Pachuca de Soto", "Inversión": 6477090.7, "Habitantes.beneficiados": null, "Ejecutora": "DGIVC", "Trabajos": "Considera los trabajos de preliminares, piso para pavimento de concreto hidráulico.", "Geometria_tipo": "Línea", "extract": 0.46171803015701179 }, "geometry": { "type": "LineString", "coordinates": [ [ -98.782658401547266, 20.027994960182944 ], [ -98.789763066864921, 20.031626254413879 ] ] } },
{ "type": "Feature", "properties": { "ID_OBRA": "843_Pachuca de Soto", "No.": 843.0, "Municipio": "Pachuca de Soto", "Rubro": "Vialidades Urbanas", "Ejercicio": 2024.0, "Obra": "Reconstrucción de Circuito Cardenal en la Colonia Campo de Tiro, en el municipio de Pachuca de Soto", "Localidad": "Pachuca de Soto", "Inversión": 13300700.0, "Habitantes.beneficiados": null, "Ejecutora": "DGIVC", "Trabajos": "Considera trabajos en la rehabilitación y/o mejoramiento de las vialidades urbanas en el muncipio de Pachuca de Soto", "Geometria_tipo": "Línea", "extract": 0.48035844069955358 }, "geometry": { "type": "LineString", "coordinates": [ [ -98.780655377956705, 20.123981218029432 ], [ -98.78399150069815, 20.12684166496183 ], [ -98.782387577753013, 20.128549358787108 ], [ -98.777459314787848, 20.124338968292644 ], [ -98.780640408773991, 20.123980085334232 ] ] } },
{ "type": "Feature", "properties": { "ID_OBRA": "844_Pachuca de Soto", "No.": 844.0, "Municipio": "Pachuca de Soto", "Rubro": "Vialidades Urbanas", "Ejercicio": 2024.0, "Obra": "Reconstrucción de carpeta asfáltica en acceso principal Av. Rojo Gómez Ampliación El Palmar, municipio de Pachuca de Soto.", "Localidad": "Pachuca de Soto", "Inversión": 11555352.0, "Habitantes.beneficiados": null, "Ejecutora": "DGIVC", "Trabajos": "Se realizan los siguientes trabajos: trazo y nivelación de plazas, suministro y aplicación de carpeta asfáltica compactado,  en el municipio de Pachuca de Soto", "Geometria_tipo": "Línea", "extract": 0.51765958657635247 }, "geometry": { "type": "LineString", "coordinates": [ [ -98.771860918807292, 20.108644788511096 ], [ -98.76980924737191, 20.109102102918744 ] ] } },
{ "type": "Feature", "properties": { "ID_OBRA": "844_Pachuca de Soto", "No.": 844.0, "Municipio": "Pachuca de Soto", "Rubro": "Vialidades Urbanas", "Ejercicio": 2024.0, "Obra": "Reconstrucción de carpeta asfáltica en acceso principal Av. Rojo Gómez Ampliación El Palmar, municipio de Pachuca de Soto.", "Localidad": "Pachuca de Soto", "Inversión": 11555352.0, "Habitantes.beneficiados": null, "Ejecutora": "DGIVC", "Trabajos": "Se realizan los siguientes trabajos: trazo y nivelación de plazas, suministro y aplicación de carpeta asfáltica compactado,  en el municipio de Pachuca de Soto", "Geometria_tipo": "Línea", "extract": 0.51765958657635247 }, "geometry": { "type": "LineString", "coordinates": [ [ -98.771805346498923, 20.108617331783336 ], [ -98.769804805749061, 20.109043837148111 ] ] } },
{ "type": "Feature", "properties": { "ID_OBRA": "845_Pachuca de Soto", "No.": 845.0, "Municipio": "Pachuca de Soto", "Rubro": "Vialidades Urbanas", "Ejercicio": 2024.0, "Obra": "Reconstrucción de carpeta asfáltica en acceso principal Av. Rojo Gómez Ampliación El Palmar, municipio de Pachuca de Soto.", "Localidad": "Pachuca de Soto", "Inversión": 3213288.99, "Habitantes.beneficiados": null, "Ejecutora": "DGCCE", "Trabajos": "Se realizan los siguientes trabajos: trazo y nivelación de plazas, suministro y aplicación de carpeta asfáltica compactado,  en el municipio de Pachuca de Soto", "Geometria_tipo": "Línea", "extract": 0.51765958657635247 }, "geometry": { "type": "LineString", "coordinates": [ [ -98.771854645460863, 20.108627616425007 ], [ -98.769782443800764, 20.109076555870786 ] ] } },
{ "type": "Feature", "properties": { "ID_OBRA": "847_Pachuca de Soto", "No.": 847.0, "Municipio": "Pachuca de Soto", "Rubro": "Vialidades Urbanas", "Ejercicio": 2024.0, "Obra": "Rehabilitación calle C. Quetzalcóatl y calle Atlantes, Col Aquiles Serdán, municipio de Pachuca de Soto", "Localidad": "Pachuca de Soto", "Inversión": 2273791.92, "Habitantes.beneficiados": null, "Ejecutora": "DGCCE", "Trabajos": "Se realizará la construcción contemplando las siguientes partidas: preliminares, carpeta asfáltica.", "Geometria_tipo": "Línea", "extract": 0.59941840884022013 }, "geometry": { "type": "LineString", "coordinates": [ [ -98.756808568482739, 20.116150958091719 ], [ -98.755635068541579, 20.117456930545014 ], [ -98.75573647876314, 20.118497619906471 ], [ -98.755961038227426, 20.11871528061771 ], [ -98.756221814998895, 20.120320525941111 ], [ -98.756047964811287, 20.118708478965061 ], [ -98.75737359676971, 20.119014561335554 ], [ -98.757829963662772, 20.119028162353995 ], [ -98.759177339682608, 20.118871703901949 ] ] } },
{ "type": "Feature", "properties": { "ID_OBRA": "848_Pachuca de Soto", "No.": 848.0, "Municipio": "Pachuca de Soto", "Rubro": "Vialidades Urbanas", "Ejercicio": 2024.0, "Obra": "Rehabilitación de Calle Prolongación Santiago, Barrio La Alcantarilla, en el municipio de Pachuca de Soto", "Localidad": "Pachuca de Soto", "Inversión": 3006624.4, "Habitantes.beneficiados": null, "Ejecutora": "DGOPI", "Trabajos": "Considera los trabajos de preliminares, pavimento, agua potable y alcantarillado", "Geometria_tipo": "Línea", "extract": 0.74239667535721865 }, "geometry": { "type": "LineString", "coordinates": [ [ -98.725767284625462, 20.130347734007415 ], [ -98.726010556039498, 20.130529230376936 ], [ -98.727724194652808, 20.13294616507461 ], [ -98.727697563387792, 20.133130221369171 ], [ -98.727563856624656, 20.133190038547301 ], [ -98.727342765506577, 20.133190039230993 ], [ -98.72694483299, 20.133146524165756 ], [ -98.726715233094339, 20.133271821923763 ], [ -98.726428007591153, 20.133419651978919 ], [ -98.726069049507558, 20.133386731578582 ], [ -98.725619500192963, 20.133299137718641 ], [ -98.72537524525471, 20.133299137554406 ], [ -98.725215550987585, 20.133397700321762 ] ] } },
{ "type": "Feature", "properties": { "ID_OBRA": "849_Pachuca de Soto", "No.": 849.0, "Municipio": "Pachuca de Soto", "Rubro": "Vialidades Urbanas", "Ejercicio": 2024.0, "Obra": "Rehabilitación de callejón Rafael Lavista, San Clemente- Patoni, municipio de Pachuca de Soto", "Localidad": "Pachuca de Soto", "Inversión": 3542581.88, "Habitantes.beneficiados": null, "Ejecutora": "DGOPI", "Trabajos": "Considera los trabajos de preliminares, piso para pavimento.", "Geometria_tipo": "Línea", "extract": 0.72290063321573217 }, "geometry": { "type": "LineString", "coordinates": [ [ -98.726408827829317, 20.13017531549362 ], [ -98.727166127564587, 20.129776460859169 ], [ -98.727481833721043, 20.129888874934267 ], [ -98.72761928359067, 20.1298145315432 ], [ -98.727893958356432, 20.129729211261591 ], [ -98.728305028708803, 20.12965436157728 ], [ -98.728644783104912, 20.129617033095752 ], [ -98.728864997092245, 20.129652233467759 ] ] } },
{ "type": "Feature", "properties": { "ID_OBRA": "850_Pachuca de Soto", "No.": 850.0, "Municipio": "Pachuca de Soto", "Rubro": "Vialidades Urbanas", "Ejercicio": 2024.0, "Obra": "Rehabilitación de calle 1, Col. Javier Rojo Gómez, municipio de Pachuca de Soto", "Localidad": "Pachuca de Soto", "Inversión": 5568108.54, "Habitantes.beneficiados": null, "Ejecutora": "DGOPI", "Trabajos": "Considera los trabajos de preliminares, piso para pavimento.", "Geometria_tipo": "Línea", "extract": 0.59234288725044681 }, "geometry": { "type": "LineString", "coordinates": [ [ -98.757856291754877, 20.124620197219848 ], [ -98.757417605370662, 20.12080566483283 ] ] } },
{ "type": "Feature", "properties": { "ID_OBRA": "851_Pachuca de Soto", "No.": 851.0, "Municipio": "Pachuca de Soto", "Rubro": "Vialidades Urbanas", "Ejercicio": 2024.0, "Obra": "Rehabilitación de las calles Emiliano Zapata y Juan de Dios Peza, Col. Cuauhtémoc, en el municipio de Pachuca de Soto", "Localidad": "Pachuca de Soto", "Inversión": 5811340.82, "Habitantes.beneficiados": null, "Ejecutora": "DGOPI", "Trabajos": "Considera los trabajos de preliminares, piso para pavimento.", "Geometria_tipo": "Línea", "extract": 0.62736846059152152 }, "geometry": { "type": "LineString", "coordinates": [ [ -98.744450596771642, 20.126402128943109 ], [ -98.744315461092796, 20.128736650585573 ], [ -98.743012758960973, 20.128510165757621 ], [ -98.743009905070565, 20.12845349192548 ], [ -98.74039599788523, 20.128097200351892 ] ] } },
{ "type": "Feature", "properties": { "ID_OBRA": "852_Pachuca de Soto", "No.": 852.0, "Municipio": "Pachuca de Soto", "Rubro": "Vialidades Urbanas", "Ejercicio": 2024.0, "Obra": "Rehabilitación de Calle Nevado de Popocatépetl, Col. San Cayetano, municipio de Pachuca de Soto", "Localidad": "Pachuca de Soto", "Inversión": 9213750.68, "Habitantes.beneficiados": null, "Ejecutora": "DGOPI", "Trabajos": "Considera los trabajos de preliminares, piso para pavimento.", "Geometria_tipo": "Línea", "extract": 0.51058442303043228 }, "geometry": { "type": "LineString", "coordinates": [ [ -98.776647074068649, 20.107368230908655 ], [ -98.775308625540092, 20.107407416614176 ], [ -98.775277562954997, 20.107608382025912 ], [ -98.771344995487723, 20.107789615325157 ] ] } },
{ "type": "Feature", "properties": { "ID_OBRA": "853_Pachuca de Soto", "No.": 853.0, "Municipio": "Pachuca de Soto", "Rubro": "Vialidades Urbanas", "Ejercicio": 2024.0, "Obra": "Rehabilitación de calle Campo Deportivo, col Santa Julia, municipio de Pachuca de Soto", "Localidad": "Pachuca de Soto", "Inversión": 2791212.79, "Habitantes.beneficiados": null, "Ejecutora": "DGOPI", "Trabajos": "Considera los trabajos de preliminares, piso para pavimento.", "Geometria_tipo": "Línea", "extract": 0.5797631560906038 }, "geometry": { "type": "LineString", "coordinates": [ [ -98.762094117150156, 20.114467374089397 ], [ -98.76315953981468, 20.110548543205148 ] ] } },
{ "type": "Feature", "properties": { "ID_OBRA": "854_Pachuca de Soto", "No.": 854.0, "Municipio": "Pachuca de Soto", "Rubro": "Vialidades Urbanas", "Ejercicio": 2024.0, "Obra": "Rehabilitación de calles de Altamirano a Observatorio, Barrio El Atorón, La Palma, en el municipio de Pachuca de Soto", "Localidad": "Pachuca de Soto", "Inversión": 9058876.57, "Habitantes.beneficiados": null, "Ejecutora": "DGOPI", "Trabajos": "Considera los trabajos de preliminares, piso para pavimento.", "Geometria_tipo": "Línea", "extract": 0.67512774273889087 }, "geometry": { "type": "LineString", "coordinates": [ [ -98.73845990583051, 20.127366281056002 ], [ -98.736789982449892, 20.128521789851941 ], [ -98.735714177821109, 20.129162255252659 ], [ -98.734759304958871, 20.129721270302909 ], [ -98.734406614165806, 20.13003839204945 ] ] } },
{ "type": "Feature", "properties": { "ID_OBRA": "855_Pachuca de Soto", "No.": 855.0, "Municipio": "Pachuca de Soto", "Rubro": "Vialidades Urbanas", "Ejercicio": 2024.0, "Obra": "Rehabilitación de calle Terreristas en la Col. Cubitos, municipio de Pachuca de Soto", "Localidad": "Pachuca de Soto", "Inversión": 14035293.12, "Habitantes.beneficiados": null, "Ejecutora": "DGOPI", "Trabajos": "Considera los trabajos de preliminares, piso para pavimento.", "Geometria_tipo": "Línea", "extract": 0.65863176135604529 }, "geometry": { "type": "LineString", "coordinates": [ [ -98.74160829249027, 20.108100445058607 ], [ -98.74059935641796, 20.108626744283377 ], [ -98.739700956803844, 20.109002694180464 ], [ -98.73856942917449, 20.109351211370676 ], [ -98.738052865128381, 20.109371485001009 ], [ -98.737407847609035, 20.109325845273595 ], [ -98.736290004859043, 20.109088256423206 ], [ -98.735689970116567, 20.10885552515867 ], [ -98.734454363900923, 20.108175492663179 ], [ -98.734210201005666, 20.107758167719457 ], [ -98.733731450751989, 20.107577561547242 ], [ -98.733233700330899, 20.107446727323236 ] ] } },
{ "type": "Feature", "properties": { "ID_OBRA": "856_Pachuca de Soto", "No.": 856.0, "Municipio": "Pachuca de Soto", "Rubro": "Vialidades Urbanas", "Ejercicio": 2024.0, "Obra": "Rehabilitación de la Av. Miguel Hidalgo en la localidad de Santiago Tlapacoya, en el municipio de Pachuca de Soto", "Localidad": "Pachuca de Soto", "Inversión": 15605432.21, "Habitantes.beneficiados": null, "Ejecutora": "DGOPI", "Trabajos": "Considera trabajos en la rehabilitación y/o mejoramiento de las vialidades urbanas en el muncipio de Pachuca de Soto", "Geometria_tipo": "Línea", "extract": 0.44107916753828358 }, "geometry": { "type": "LineString", "coordinates": [ [ -98.823545218462812, 20.115019156734299 ], [ -98.828894264995498, 20.1080552131553 ], [ -98.832735030225038, 20.103076488970515 ], [ -98.833745786556406, 20.102156579427028 ] ] } },
{ "type": "Feature", "properties": { "ID_OBRA": "857_Pachuca de Soto", "No.": 857.0, "Municipio": "Pachuca de Soto", "Rubro": "Vialidades Urbanas", "Ejercicio": 2024.0, "Obra": "Reconstrucción con concreto hidráulico de calle Antiguo Camino FFCC a entroncar con Blvd. Nuevo Hidalgo en la col. Villas de Pachuca, en el municipio de Pachuca de Soto.", "Localidad": "Pachuca de Soto", "Inversión": 13670074.11, "Habitantes.beneficiados": null, "Ejecutora": "DGIVC", "Trabajos": "Considera los trabajos de preliminares, riego de impregnación, piso para pavimento de concreto hidráulico.", "Geometria_tipo": "Línea", "extract": 0.57098703620985614 }, "geometry": { "type": "LineString", "coordinates": [ [ -98.779893479807242, 20.055498890371418 ], [ -98.780393461731975, 20.050834833152951 ] ] } },
{ "type": "Feature", "properties": { "ID_OBRA": "859_Pachuca de Soto", "No.": 859.0, "Municipio": "Pachuca de Soto", "Rubro": "Vialidades Urbanas", "Ejercicio": 2024.0, "Obra": "Rehabilitación de callejón Quintana Roo; Barrio El Mosco, en el municipio de Pachuca de Soto .", "Localidad": "Pachuca de Soto", "Inversión": 4077473.38, "Habitantes.beneficiados": null, "Ejecutora": "DGOPI", "Trabajos": "Considera los trabajos de preliminares, piso para pavimento.", "Geometria_tipo": "Línea", "extract": 0.70929689689141517 }, "geometry": { "type": "LineString", "coordinates": [ [ -98.72668328988351, 20.128917789188097 ], [ -98.726363477448274, 20.128846603617426 ], [ -98.72629188878993, 20.128785857707474 ], [ -98.726215343611159, 20.128712050083681 ], [ -98.726189683587592, 20.128652306813219 ], [ -98.726204907034287, 20.128560453851737 ], [ -98.726191073374295, 20.128526865424348 ], [ -98.725944452345018, 20.128403130999786 ], [ -98.725703195198591, 20.128382115176056 ], [ -98.725179493462832, 20.128394891367094 ] ] } },
{ "type": "Feature", "properties": { "ID_OBRA": "862_Pachuca de Soto", "No.": 862.0, "Municipio": "Pachuca de Soto", "Rubro": "Vialidades Urbanas", "Ejercicio": 2024.0, "Obra": "Reconstrucción de concreto hidráulico en Calle Venustiano Carranza, en la Col. Buenos Aires, municipio de Pachuca de Soto", "Localidad": "Pachuca de Soto", "Inversión": 5139991.05, "Habitantes.beneficiados": null, "Ejecutora": "DGIVC", "Trabajos": "Considera los trabajos de preliminares, riego de impregnación, piso para pavimento de concreto hidráulico.", "Geometria_tipo": "Línea", "extract": 0.751639589971688 }, "geometry": { "type": "LineString", "coordinates": [ [ -98.720547544374327, 20.123419112888055 ], [ -98.719351422886234, 20.122160075668596 ], [ -98.719001241446165, 20.121350320137608 ] ] } },
{ "type": "Feature", "properties": { "ID_OBRA": "863_Pachuca de Soto", "No.": 863.0, "Municipio": "Pachuca de Soto", "Rubro": "Vialidades Urbanas", "Ejercicio": 2024.0, "Obra": "Rehabilitación de carpeta asfáltica de la Calle Plan de San Luis en Col. 20 de Noviembre 2da. etapa, municipio de Pachuca de Soto", "Localidad": "Pachuca de Soto", "Inversión": 3489396.57, "Habitantes.beneficiados": null, "Ejecutora": "DGIVC", "Trabajos": "Se realizan los siguientes trabajos: trazo y nivelación de plazas, suministro y aplicación de carpeta asfáltica compactado.", "Geometria_tipo": "Línea", "extract": 0.49977764800257479 }, "geometry": { "type": "LineString", "coordinates": [ [ -98.767761515288385, 20.124740589825816 ], [ -98.76823279269702, 20.127374536942931 ], [ -98.768683092132022, 20.130511795521667 ], [ -98.769007463051324, 20.133416224341044 ], [ -98.769201764181531, 20.134986091382448 ], [ -98.769300578933283, 20.135679451739481 ], [ -98.769295489130783, 20.135890669513817 ] ] } },
{ "type": "Feature", "properties": { "ID_OBRA": "864_Pachuca de Soto", "No.": 864.0, "Municipio": "Pachuca de Soto", "Rubro": "Vialidades Urbanas", "Ejercicio": 2024.0, "Obra": "Rehabilitación de Calle Hermenegildo Galeana entronque con Neptuno, Bo. El Arbolito, municipio de Pachuca de Soto", "Localidad": "Pachuca de Soto", "Inversión": 5944803.75, "Habitantes.beneficiados": null, "Ejecutora": "DGOPI", "Trabajos": "Considera los trabajos de preliminares, piso para pavimento.", "Geometria_tipo": "Línea", "extract": 0.69912795889775903 }, "geometry": { "type": "LineString", "coordinates": [ [ -98.731317135958619, 20.130457643016381 ], [ -98.731522373747069, 20.13093536824778 ], [ -98.731315016985349, 20.131884378940356 ], [ -98.730894509353746, 20.132769659879322 ], [ -98.730368805837443, 20.133925918840106 ], [ -98.73010432391888, 20.134876874758493 ], [ -98.730121250482298, 20.135624656682708 ], [ -98.730260254264536, 20.136576427418941 ], [ -98.729912542004655, 20.137428113586015 ], [ -98.72980839377469, 20.137873895094494 ], [ -98.72993545980961, 20.138553646891115 ] ] } },
{ "type": "Feature", "properties": { "ID_OBRA": "865_Pachuca de Soto", "No.": 865.0, "Municipio": "Pachuca de Soto", "Rubro": "Vialidades Urbanas", "Ejercicio": 2024.0, "Obra": "Rehabilitación de Calle 14 de febrero, Col. San Antonio El Desmonte, municipio de Pachuca de Soto", "Localidad": "Pachuca de Soto", "Inversión": 11711263.3, "Habitantes.beneficiados": null, "Ejecutora": "DGOPI", "Trabajos": "Considera los trabajos de preliminares, piso para pavimento.", "Geometria_tipo": "Línea", "extract": 0.59741285720703063 }, "geometry": { "type": "LineString", "coordinates": [ [ -98.788649869099174, 20.052906344000849 ], [ -98.797249533863535, 20.059601274377982 ] ] } },
{ "type": "Feature", "properties": { "ID_OBRA": "866_Pachuca de Soto", "No.": 866.0, "Municipio": "Pachuca de Soto", "Rubro": "Vialidades Urbanas", "Ejercicio": 2024.0, "Obra": "Rehabilitación de carpeta asfáltica en Boulevard Pachuca - Pachuquilla (IMSS - Amaque) dos cuerpos, municipio de Pachuca de Soto", "Localidad": "Pachuca de Soto", "Inversión": 9746675.86, "Habitantes.beneficiados": null, "Ejecutora": "DGCCE", "Trabajos": "Se realizan los siguientes trabajos: trazo y nivelación de plazas, suministro y aplicación de carpeta asfáltica compactado,  en el municipio de Pachuca de Soto", "Geometria_tipo": "Línea", "extract": 0.74770409973265828 }, "geometry": { "type": "LineString", "coordinates": [ [ -98.724444254185414, 20.114550488288106 ], [ -98.723562045751535, 20.113433904924801 ], [ -98.723302685292126, 20.113106282574762 ], [ -98.72252978065633, 20.111310174920863 ] ] } },
{ "type": "Feature", "properties": { "ID_OBRA": "867_Pachuca de Soto", "No.": 867.0, "Municipio": "Pachuca de Soto", "Rubro": "Vialidades Urbanas", "Ejercicio": 2024.0, "Obra": "Reconstrucción de la vialidad de acceso al CRIT y Casa de la Niña, en el municipio de Pachuca.", "Localidad": "Pachuca de Soto", "Inversión": 12208713.55, "Habitantes.beneficiados": null, "Ejecutora": "DGOPI", "Trabajos": "Considera trabajos en la rehabilitación y/o mejoramiento de las vialidades urbanas en el muncipio de Pachuca de Soto", "Geometria_tipo": "Línea", "extract": 0.51202262211796346 }, "geometry": { "type": "LineString", "coordinates": [ [ -98.770488422892271, 20.091380693750775 ], [ -98.767436006837016, 20.090393682610589 ], [ -98.766379286016303, 20.090336358303841 ], [ -98.76609845546102, 20.090250103289179 ], [ -98.764500518511923, 20.093104621750268 ] ] } },
{ "type": "Feature", "properties": { "ID_OBRA": "870_Pachuca de Soto", "No.": 870.0, "Municipio": "Pachuca de Soto", "Rubro": "Vialidades Urbanas", "Ejercicio": 2024.0, "Obra": "Rehabilitación de la Av. Solidaridad del km 0+000 al km 0+900, en el municipio de Pachuca de Soto", "Localidad": "Pachuca de Soto", "Inversión": 16356187.17, "Habitantes.beneficiados": null, "Ejecutora": "DGIVC", "Trabajos": "Considera trabajos en la rehabilitación y/o mejoramiento de las vialidades urbanas en el muncipio de Pachuca de Soto", "Geometria_tipo": "Línea", "extract": 0.54574416482370436 }, "geometry": { "type": "LineString", "coordinates": [ [ -98.766932380786571, 20.119158724192033 ], [ -98.76701195276749, 20.119162884040662 ], [ -98.772053708749183, 20.1205791694242 ] ] } },
{ "type": "Feature", "properties": { "ID_OBRA": "871_Pachuca de Soto", "No.": 871.0, "Municipio": "Pachuca de Soto", "Rubro": "Vialidades Urbanas", "Ejercicio": 2024.0, "Obra": "Rehabilitación de avenida Corona del Rosal, conjunto habitacional Juan C. Doria en el municipio de Pachuca de Soto", "Localidad": "Pachuca de Soto", "Inversión": 7282315.28, "Habitantes.beneficiados": null, "Ejecutora": "DGOPI", "Trabajos": "Considera trabajos en la rehabilitación y/o mejoramiento de las vialidades urbanas en el muncipio de Pachuca de Soto", "Geometria_tipo": "Línea", "extract": 0.58165304053493816 }, "geometry": { "type": "LineString", "coordinates": [ [ -98.779500075407256, 20.069189573250451 ], [ -98.773948229074279, 20.068884021176935 ] ] } },
{ "type": "Feature", "properties": { "ID_OBRA": "872_Pachuca de Soto", "No.": 872.0, "Municipio": "Pachuca de Soto", "Rubro": "Vialidades Urbanas", "Ejercicio": 2024.0, "Obra": "Rehabilitación de Av. Federalismo, colonia El Palmar, en el municipio de Pachuca (segunda etapa)", "Localidad": "Pachuca de Soto", "Inversión": 5559566.32, "Habitantes.beneficiados": null, "Ejecutora": "DGIVC", "Trabajos": "Considera trabajos en la rehabilitación y/o mejoramiento de las vialidades urbanas en el muncipio de Pachuca de Soto", "Geometria_tipo": "Línea", "extract": 0.526713072887947 }, "geometry": { "type": "LineString", "coordinates": [ [ -98.770014288694625, 20.113604051866339 ], [ -98.770224919987029, 20.119088955181972 ], [ -98.769891148060097, 20.119804381349052 ] ] } },
{ "type": "Feature", "properties": { "ID_OBRA": "882_Pachuca de Soto", "No.": 882.0, "Municipio": "Pachuca de Soto", "Rubro": "Vialidades Urbanas", "Ejercicio": 2024.0, "Obra": "Rehabilitación de avenida Álamo del 0+000 al km 1+020, San Pedro Nopancalco, municipio de Pachuca de Soto", "Localidad": "Pachuca de Soto", "Inversión": 20074051.78, "Habitantes.beneficiados": null, "Ejecutora": "DGIVC", "Trabajos": "Considera trabajos en la rehabilitación y/o mejoramiento de las vialidades urbanas en el muncipio de Pachuca de Soto", "Geometria_tipo": "Línea", "extract": 0.48123758888155738 }, "geometry": { "type": "LineString", "coordinates": [ [ -98.785694117828214, 20.092101012998896 ], [ -98.77906044331651, 20.090002573522238 ] ] } },
{ "type": "Feature", "properties": { "ID_OBRA": "897_Pachuca de Soto", "No.": 897.0, "Municipio": "Pachuca de Soto", "Rubro": "Vialidades Urbanas", "Ejercicio": 2025.0, "Obra": "Reconstrucción de concreto hidráulico en calle prolongación Av. Javier Rojo Gómez, San Cayetano, municipio de Pachuca de Soto", "Localidad": "Pachuca de Soto", "Inversión": 13709282.04, "Habitantes.beneficiados": null, "Ejecutora": "DGCCE", "Trabajos": "Consistente en las partidas de terracerías, base hidráulica, riego de impregnación, pavimento de concreto hidráulico mr-35, red de distribución de agua potable, drenaje sanitario, obras complementarias y señalamiento horizontal.", "Geometria_tipo": "Línea", "extract": 0.5020680204481579 }, "geometry": { "type": "LineString", "coordinates": [ [ -98.778496480637955, 20.107791248029816 ], [ -98.777639031572647, 20.10789061853384 ], [ -98.771928342249865, 20.108269746615207 ] ] } },
{ "type": "Feature", "properties": { "ID_OBRA": "902_Pachuca de Soto", "No.": 902.0, "Municipio": "Pachuca de Soto", "Rubro": "Infraestructura Carretera", "Ejercicio": 2025.0, "Obra": "Rehabilitación del Boulevard Felipe Ángeles (dos cuerpos), municipio de Pachuca de Soto (Segunda etapa)", "Localidad": "Pachuca de Soto", "Inversión": 40000000.0, "Habitantes.beneficiados": null, "Ejecutora": "SIPDUS", "Trabajos": null, "Geometria_tipo": "Línea", "extract": 0.52239940008263663 }, "geometry": { "type": "LineString", "coordinates": [ [ -98.764628031256677, 20.09903756281572 ], [ -98.770299038631578, 20.093501373165488 ], [ -98.770856172469578, 20.089430595332825 ], [ -98.770648615917196, 20.087514213145511 ], [ -98.772219133710891, 20.083634951580976 ], [ -98.774197029951495, 20.079692860185979 ], [ -98.777805040232508, 20.072997785813037 ] ] } },
{ "type": "Feature", "properties": { "ID_OBRA": "915_Pachuca de Soto", "No.": 915.0, "Municipio": "Pachuca de Soto", "Rubro": "Vialidades Urbanas", "Ejercicio": 2023.0, "Obra": "Rehabilitación de Av. Miguel Hidalgo en la localidad de Tlapacoya; municipio de Pachuca de Soto", "Localidad": "Santiago Tlapacoya", "Inversión": 7655873.58, "Habitantes.beneficiados": 4712.0, "Ejecutora": "DGOPI", "Trabajos": "Considera trabajos en la rehabilitación y/o mejoramiento de las vialidades urbanas en la localidad de Santiago Tlapacoya muncipio de Pachuca de Soto", "Geometria_tipo": "Línea", "extract": 0.4791828714611277 }, "geometry": { "type": "LineString", "coordinates": [ [ -98.831345089797765, 20.104936623793634 ], [ -98.829110978661689, 20.107879794217382 ] ] } },
{ "type": "Feature", "properties": { "ID_OBRA": "1000_San Bartolo Tutotepec", "No.": 1000.0, "Municipio": "San Bartolo Tutotepec", "Rubro": "Infraestructura Carretera", "Ejercicio": 2023.0, "Obra": "Reconstrucción C.E. Santa María Temaxcalapa - San Bartolo Tutotepec.", "Localidad": "Calintla", "Inversión": 49023183.26, "Habitantes.beneficiados": 3352.0, "Ejecutora": "DGCCE", "Trabajos": "Considera trabajos para la reconstrucción y/o conservación de Infraestructura Carretera en la localidad de Calintla municipio de San Bartolo Tutotepec", "Geometria_tipo": "Línea", "extract": 0.76632917004718437 }, "geometry": { "type": "LineString", "coordinates": [ [ -98.20346683972592, 20.395016108439421 ], [ -98.203519715424704, 20.394615350801519 ], [ -98.203536715296451, 20.394250055942145 ], [ -98.203696995203373, 20.394000436177922 ], [ -98.204164696325265, 20.393623382483987 ], [ -98.204649900463451, 20.393463052351734 ], [ -98.205098263671772, 20.393376336408348 ], [ -98.205483483924311, 20.39314702871463 ], [ -98.205975928764275, 20.392846449097966 ], [ -98.206462172674804, 20.392477682145806 ], [ -98.206616362971502, 20.392248995661074 ], [ -98.206655981708508, 20.391885144571567 ], [ -98.206790412708244, 20.391587944773136 ], [ -98.206892786088318, 20.391421229544374 ], [ -98.207047653172538, 20.391234692223737 ], [ -98.207125678301097, 20.391077782361084 ], [ -98.207148177968051, 20.390944848360849 ], [ -98.207146351760613, 20.390778213560893 ], [ -98.207022114458667, 20.390595104841225 ], [ -98.20694990409126, 20.390279189200438 ], [ -98.207000825413189, 20.390011464079119 ], [ -98.207236418376439, 20.389517663714326 ], [ -98.207398913076901, 20.389113640547876 ], [ -98.207562453415164, 20.388542998507962 ], [ -98.207770044096833, 20.387978098940369 ], [ -98.20813162415395, 20.387203796304551 ], [ -98.208478850699208, 20.386372554299371 ], [ -98.20870384899122, 20.385863724235453 ], [ -98.208941336577425, 20.385677198021536 ], [ -98.20928868666202, 20.385463310474304 ], [ -98.209954699549556, 20.385130033808213 ], [ -98.210396848018291, 20.384991200637419 ], [ -98.210944574250689, 20.384831008545461 ], [ -98.211364862590841, 20.384585867924066 ], [ -98.211786767368267, 20.384399564440162 ], [ -98.212088981347875, 20.384287262080466 ], [ -98.212494161982292, 20.384414805575769 ], [ -98.212809073842706, 20.384728771266523 ], [ -98.213117571230001, 20.38495980945379 ], [ -98.213493016082253, 20.385112632159711 ], [ -98.21382798110622, 20.385017135503755 ], [ -98.21428621559761, 20.384930512407696 ], [ -98.214624813772474, 20.384842459043377 ], [ -98.215109739122425, 20.384762619921091 ], [ -98.21541597434549, 20.384510177968448 ], [ -98.215650169133909, 20.384151063861434 ], [ -98.215734222385834, 20.383667584118591 ], [ -98.215882091615413, 20.383277796250105 ], [ -98.215974479936506, 20.382988894204708 ], [ -98.215987930660916, 20.382680381024571 ], [ -98.215976212434512, 20.382319882760036 ], [ -98.215980955144857, 20.382085960240243 ], [ -98.215996359853861, 20.382025572287819 ], [ -98.215995770136928, 20.381964410418021 ], [ -98.215995475057539, 20.381933836860942 ], [ -98.215781082795971, 20.381869348405633 ], [ -98.215730382824617, 20.381870392338001 ], [ -98.215442967063453, 20.381957534343254 ], [ -98.215392311839452, 20.382005404312107 ], [ -98.215343387221623, 20.382065967775311 ], [ -98.215275245569174, 20.382100223553408 ], [ -98.215194870402371, 20.382128097088366 ], [ -98.215113071541197, 20.382158120700534 ], [ -98.21502938492813, 20.382191214238535 ], [ -98.215023497438892, 20.382235160634469 ], [ -98.215002775363459, 20.382292006987736 ], [ -98.214996762643338, 20.382336712531135 ], [ -98.214697480896049, 20.382413741385832 ], [ -98.214008316729306, 20.382431845419671 ], [ -98.213499280095135, 20.382414712348215 ], [ -98.213450263859883, 20.382411061619145 ], [ -98.213350500903971, 20.38237945941782 ], [ -98.213249957432893, 20.382351798191134 ], [ -98.213183296192355, 20.382336932979225 ], [ -98.213113674826999, 20.382279727907001 ], [ -98.213079536038421, 20.382256120271499 ], [ -98.213011909313067, 20.382206801356972 ], [ -98.212960896069575, 20.382159647422259 ], [ -98.212926284946832, 20.382115806448269 ], [ -98.212876159839098, 20.382081948055376 ], [ -98.212842123957344, 20.382038716042747 ], [ -98.212792566897178, 20.382005297065593 ], [ -98.212743004972623, 20.381961841932689 ], [ -98.212694189015892, 20.381925562968945 ], [ -98.212645529668336, 20.381875492502719 ], [ -98.212581330967453, 20.381856007939074 ], [ -98.212516957134156, 20.381814789056747 ], [ -98.212452686560582, 20.381773636176419 ], [ -98.212372194808736, 20.381751853467541 ], [ -98.212275668510586, 20.38170684658019 ], [ -98.212211335797278, 20.381677196455708 ], [ -98.212179766031838, 20.381641411792582 ], [ -98.212099755211469, 20.381599839671498 ], [ -98.212036493515953, 20.381549821129937 ], [ -98.212005849036942, 20.381504021100806 ], [ -98.21195826122954, 20.381477186669386 ], [ -98.211894533218114, 20.381448355134129 ], [ -98.21183112049026, 20.381406898944139 ], [ -98.211783805374424, 20.381366089098091 ], [ -98.211735936453508, 20.381336013734035 ], [ -98.211656595515848, 20.381278783681203 ], [ -98.211576121684629, 20.38124453688707 ], [ -98.21151369364712, 20.381207131085663 ], [ -98.211450595134721, 20.381180432970073 ], [ -98.211387473832744, 20.381153338464475 ], [ -98.211326232102792, 20.381104879266879 ], [ -98.211310960237853, 20.381092794781104 ], [ -98.211147263737843, 20.380956239791896 ], [ -98.211091064964947, 20.380907546455386 ], [ -98.211069916921346, 20.380875081764238 ], [ -98.211024486391793, 20.380778223807873 ], [ -98.210997785206047, 20.380698064170815 ], [ -98.210961676928221, 20.380666159265022 ], [ -98.210873391781121, 20.380618381216024 ], [ -98.210787750433056, 20.380618384904949 ], [ -98.210702109099671, 20.380618388464391 ], [ -98.210650723941882, 20.380618390494849 ], [ -98.210551808687029, 20.380650233758796 ], [ -98.210485059039883, 20.380666194822567 ], [ -98.210401015857471, 20.380682183129352 ], [ -98.210334033429362, 20.380698196811334 ], [ -98.210249728289, 20.380714237212146 ], [ -98.210182511302804, 20.380730303470251 ], [ -98.210115183808497, 20.380746396086266 ], [ -98.210029294622842, 20.380746414917226 ], [ -98.209926689613908, 20.380746463336521 ], [ -98.209858230138181, 20.38074649576609 ], [ -98.209754422207141, 20.380730442140901 ], [ -98.209700038856028, 20.380682272152971 ], [ -98.209643930491112, 20.380602365738518 ], [ -98.209624048446102, 20.380554661260867 ], [ -98.209585420178371, 20.380475548257209 ], [ -98.209582688819097, 20.38042833752197 ], [ -98.209544383868547, 20.380350014009455 ], [ -98.209506477765146, 20.380287885873706 ], [ -98.209453250654335, 20.380257121473175 ], [ -98.209415482572822, 20.380195684360768 ], [ -98.209379689706481, 20.380165180930991 ], [ -98.209340667483403, 20.380073983535951 ], [ -98.209303768755717, 20.380013623923219 ], [ -98.209266430035811, 20.379938588181826 ], [ -98.209230082042794, 20.379878976715069 ], [ -98.209193947139894, 20.379819714181711 ], [ -98.209142102990342, 20.379775601486003 ], [ -98.209042638131308, 20.379776026895325 ], [ -98.20900894057263, 20.379761446312155 ], [ -98.208926209748711, 20.379761806254066 ], [ -98.208843500052424, 20.379762227175654 ], [ -98.208726676440364, 20.379764752545341 ], [ -98.208660215479881, 20.379766189282506 ], [ -98.208593968264992, 20.379767621500001 ], [ -98.208528166429204, 20.379783643639474 ], [ -98.208446920265814, 20.379873218424258 ], [ -98.208381697264571, 20.379948111595834 ], [ -98.208315965688612, 20.379978836279427 ], [ -98.208266853650997, 20.380053973890586 ], [ -98.208184596854494, 20.380085109896907 ], [ -98.208118899527804, 20.380131325369248 ], [ -98.208069672635844, 20.380177336000905 ], [ -98.208004115825361, 20.380223407779791 ], [ -98.207922249294867, 20.380269430144253 ], [ -98.207840169662092, 20.380330331371994 ], [ -98.207791285381475, 20.380345831649308 ], [ -98.207710330496397, 20.380361675343163 ], [ -98.207630306929943, 20.380362592285532 ], [ -98.207582531273033, 20.380363139888527 ], [ -98.207503299220519, 20.380364048198619 ], [ -98.207455995363858, 20.380364590468243 ], [ -98.207392349617962, 20.38038003726631 ], [ -98.207313276472178, 20.380395600991186 ], [ -98.207250049238667, 20.380410951207416 ], [ -98.207216960461764, 20.380440728667757 ], [ -98.207151708238257, 20.38048559884961 ], [ -98.207069716303934, 20.380545501047635 ], [ -98.207034143855807, 20.38060545552549 ], [ -98.206999951801507, 20.380650646976786 ], [ -98.206932486200515, 20.380726234316121 ], [ -98.206915887028288, 20.380741376506926 ], [ -98.206831436313522, 20.380832522708022 ], [ -98.206794000362322, 20.380909188048296 ], [ -98.206756979200662, 20.380970974711875 ], [ -98.206754088195709, 20.381002183033527 ], [ -98.206697519543482, 20.381111398889171 ], [ -98.206676145214544, 20.381174504028749 ], [ -98.206656069738358, 20.38122202597911 ], [ -98.206621535258577, 20.381253415491766 ], [ -98.206561998370105, 20.381381381896105 ], [ -98.206524011451066, 20.381445732333408 ], [ -98.206468272645139, 20.38152643666821 ], [ -98.206382046207011, 20.381590091643655 ], [ -98.206327387464185, 20.381654944436466 ], [ -98.206292017214764, 20.381687207356308 ], [ -98.206207223972598, 20.381734503453895 ], [ -98.206140158751012, 20.38176564000058 ], [ -98.206059325395117, 20.381779431489267 ], [ -98.205996471663539, 20.381777079250398 ], [ -98.205918274413506, 20.381774152850401 ], [ -98.205853871329921, 20.381788432033659 ], [ -98.205791814081238, 20.381786074607803 ], [ -98.20572551721186, 20.381816889921357 ], [ -98.205677048958009, 20.38183164292726 ], [ -98.205614421379693, 20.38186074612145 ], [ -98.205564571435573, 20.381907188299287 ], [ -98.205498957506904, 20.381953185783665 ], [ -98.20546356410442, 20.382000711020019 ], [ -98.205413032579855, 20.382047495721551 ], [ -98.205321040057754, 20.38219174862412 ], [ -98.205248133770084, 20.382272846550798 ], [ -98.205192611590974, 20.382338152259333 ], [ -98.205120604760197, 20.382403374140232 ], [ -98.205064952819399, 20.38245328617942 ], [ -98.204999848680814, 20.382467633296329 ], [ -98.204919401512512, 20.382481179284088 ], [ -98.204808407155724, 20.382493126861956 ], [ -98.204746216260347, 20.382490468564651 ], [ -98.20466744880477, 20.382487822268384 ], [ -98.204602637707282, 20.382486711006834 ], [ -98.204538744525067, 20.382485180752575 ], [ -98.20448295879099, 20.382448716652174 ], [ -98.204439322724795, 20.382430197152189 ], [ -98.204387984267697, 20.382411532062001 ], [ -98.204276595643734, 20.382257781613255 ], [ -98.204245709830616, 20.382191016839638 ], [ -98.204165384224567, 20.382156571167624 ], [ -98.204102012914944, 20.38210669416549 ], [ -98.204037784117858, 20.38208962337519 ], [ -98.20399016777877, 20.38205717942586 ], [ -98.203942697048646, 20.382024834508687 ], [ -98.203863659943821, 20.381976502717585 ], [ -98.203782633217614, 20.381976503128811 ], [ -98.203718645993675, 20.381960441533614 ], [ -98.203637680971056, 20.381960442139771 ], [ -98.20357365319127, 20.381959658625572 ], [ -98.203492161054413, 20.382005384056281 ], [ -98.203427206653132, 20.382035680455871 ], [ -98.203411332414063, 20.382035366782105 ], [ -98.203297092337877, 20.382096442883721 ], [ -98.203215171763944, 20.382142484799552 ], [ -98.203149917029307, 20.382173007462455 ], [ -98.203082807995457, 20.38223536173987 ], [ -98.203018362977403, 20.38225001921743 ], [ -98.202966892833274, 20.382312870351935 ], [ -98.202833534751264, 20.382342071012417 ], [ -98.20267032637085, 20.382420991251564 ], [ -98.202505546474953, 20.382503289808465 ], [ -98.202440761607946, 20.382501670733326 ], [ -98.202375286492938, 20.382517369678471 ], [ -98.202310654096138, 20.382515738986935 ], [ -98.202229050261295, 20.382531022088298 ], [ -98.202164598255479, 20.38252938090552 ] ] } },
{ "type": "Feature", "properties": { "ID_OBRA": "1008_San Bartolo Tutotepec", "No.": 1008.0, "Municipio": "San Bartolo Tutotepec", "Rubro": "Infraestructura Carretera", "Ejercicio": 2024.0, "Obra": "Reconstrucción de la C.E. San Bartolo - San Miguel, municipio de San Bartolo Tutotepec", "Localidad": "San Bartolo Tutotepec", "Inversión": 14474153.01, "Habitantes.beneficiados": null, "Ejecutora": "DGCCE", "Trabajos": "Considera trabajos para la reconstrucción y/o conservación de Infraestructura Carretera en la localidad de San Bartolo Tutotepec municipio de San Bartolo Tutotepec", "Geometria_tipo": "Línea", "extract": 0.57704716671436851 }, "geometry": { "type": "LineString", "coordinates": [ [ -98.197020329756299, 20.404806074625629 ], [ -98.196945715297915, 20.404860942684873 ], [ -98.196897378068371, 20.404878849944652 ], [ -98.196858988594769, 20.404896978227519 ], [ -98.19682974886554, 20.404905857954269 ], [ -98.196791259641159, 20.404924029292442 ], [ -98.196742677518415, 20.404942031522673 ], [ -98.196704056475937, 20.404960261086149 ], [ -98.196646005229312, 20.404987661739611 ], [ -98.196597179467986, 20.405005761471397 ], [ -98.196568379586935, 20.405024301760466 ], [ -98.196519415566428, 20.405042458453462 ], [ -98.196480360914364, 20.40506067563085 ], [ -98.196430695359027, 20.405061098451156 ], [ -98.196391828866723, 20.40508009403181 ], [ -98.196342557325877, 20.405090010942811 ], [ -98.196303528691544, 20.405109070644613 ], [ -98.196263371227587, 20.4051003474288 ], [ -98.196213606019384, 20.405101024411564 ], [ -98.196163201489142, 20.405083180480837 ], [ -98.196123670475487, 20.405092977013354 ], [ -98.196093781326624, 20.40509338194358 ], [ -98.196044200023024, 20.40510332851029 ], [ -98.195994314466077, 20.405104006983429 ], [ -98.195954168377753, 20.405095273644289 ], [ -98.195914038495303, 20.405086543882767 ], [ -98.19587410893476, 20.405087082798971 ], [ -98.19583399462114, 20.405078354425179 ], [ -98.195803572523246, 20.405050996570019 ], [ -98.195773250280894, 20.405032145116198 ], [ -98.1957330705864, 20.405022002795587 ], [ -98.195683021732464, 20.405020421892662 ], [ -98.195632985434244, 20.405009989649059 ], [ -98.195593015429552, 20.404999889534093 ], [ -98.195543150553462, 20.404989494612806 ], [ -98.195493363913812, 20.40497030267964 ], [ -98.195453623989039, 20.404960264181017 ], [ -98.195394115208174, 20.404958426255977 ], [ -98.195354517944068, 20.404948413283741 ], [ -98.195314950352667, 20.404947195803476 ], [ -98.195265596835355, 20.404936902414804 ], [ -98.195216396186282, 20.404917870767939 ], [ -98.195177149646085, 20.404899181725394 ], [ -98.195128082309012, 20.404888965975605 ], [ -98.195108298053711, 20.404897491287439 ], [ -98.19504874327319, 20.404899649769575 ], [ -98.194999149059015, 20.404892698054066 ], [ -98.194949367769937, 20.404894495292513 ], [ -98.194909485738279, 20.404895935189135 ], [ -98.194869079072717, 20.404923710282695 ], [ -98.19483857085676, 20.404951197112911 ], [ -98.19480763120653, 20.404996413288391 ], [ -98.194787000850667, 20.405023700853327 ], [ -98.194776760090676, 20.40503293888769 ], [ -98.194735148686533, 20.405088325751024 ], [ -98.19470412707085, 20.405116608921983 ], [ -98.19465247965735, 20.405154861259192 ], [ -98.194610237798059, 20.405211069004075 ], [ -98.194578836725952, 20.405239711386329 ], [ -98.194537121463753, 20.405268871795911 ], [ -98.194526595754439, 20.405278468327403 ], [ -98.19447413007606, 20.405317392017508 ], [ -98.194422258586116, 20.405337647254679 ], [ -98.194380885666206, 20.405373299330087 ], [ -98.194349809105546, 20.405400078982851 ], [ -98.194308676817073, 20.405426594155713 ], [ -98.194267879487654, 20.405443885332396 ], [ -98.194206250277986, 20.405479100810389 ], [ -98.194155802334251, 20.405486840732671 ], [ -98.194115373946985, 20.405494883861461 ], [ -98.19407495384705, 20.405502925545555 ], [ -98.1940449832138, 20.405502003041111 ], [ -98.193994607123813, 20.405509732111902 ], [ -98.193954638279024, 20.405508632744901 ], [ -98.193904393926601, 20.405507869182397 ], [ -98.193863780560676, 20.40551638829302 ], [ -98.193823610642568, 20.40551577570147 ], [ -98.193773884184381, 20.405505885526232 ], [ -98.193724506234645, 20.405495515621588 ], [ -98.19366597359128, 20.405483744518929 ], [ -98.193607084174985, 20.40548107484959 ], [ -98.193577681045838, 20.405479742314114 ], [ -98.193508656190474, 20.405485700014971 ], [ -98.193397658789578, 20.40548063549328 ], [ -98.193274693166828, 20.405436067106567 ], [ -98.193213668121516, 20.405430846313148 ], [ -98.193172928541244, 20.40541801730301 ], [ -98.193142589295206, 20.405415430402858 ], [ -98.193092297980471, 20.405420463115089 ], [ -98.193082369261106, 20.405428939162242 ], [ -98.192992607815412, 20.405436327843496 ], [ -98.192942913550553, 20.405446052176345 ], [ -98.192903062768593, 20.405446365003641 ], [ -98.192843269780369, 20.40544683445356 ], [ -98.19281336572017, 20.405447069379267 ], [ -98.192783412368641, 20.405428632975756 ], [ -98.192743558345001, 20.405428943692968 ], [ -98.192703695324667, 20.405429254637717 ], [ -98.192643873317252, 20.405438276836374 ], [ -98.192603927679443, 20.405456240957289 ], [ -98.192564031540002, 20.405464404039265 ], [ -98.192524136562298, 20.405472566934392 ], [ -98.192474305831354, 20.40548031432213 ], [ -98.192434419250162, 20.405488475439345 ], [ -98.192394343411721, 20.405506473489105 ], [ -98.192363859126814, 20.405535469585171 ], [ -98.192332348685326, 20.405579723736825 ], [ -98.192290297132359, 20.405625856813653 ], [ -98.192268589034597, 20.405669269787044 ], [ -98.192246733148522, 20.40571297826736 ], [ -98.192235248462467, 20.40576319611338 ], [ -98.192265757171739, 20.405796725846979 ], [ -98.192296184669758, 20.405822492133449 ], [ -98.192346972611972, 20.405839948333213 ], [ -98.19238740779781, 20.405859265427967 ], [ -98.192427796195503, 20.405879817461066 ], [ -98.19246844765928, 20.405889912549011 ], [ -98.192499075853192, 20.40588961372784 ], [ -98.192550341038071, 20.405868152150315 ], [ -98.192601376176682, 20.405857198698332 ], [ -98.192642156654841, 20.405846360738757 ], [ -98.192693038760254, 20.405835441837727 ], [ -98.19273368867654, 20.405835051628365 ], [ -98.192774328533289, 20.40583466155838 ], [ -98.192814958583014, 20.405834271578506 ], [ -98.19286564412208, 20.405823374657629 ], [ -98.192916369526714, 20.405822889513711 ], [ -98.192957085983451, 20.405832907253355 ], [ -98.192977379854867, 20.405832712527431 ], [ -98.193048183750207, 20.405821628233351 ], [ -98.193088984039321, 20.405823568543951 ], [ -98.193119908047692, 20.405835761288145 ], [ -98.193162007032072, 20.405880020062447 ], [ -98.19322438855518, 20.405904682309167 ], [ -98.193255692522058, 20.405917058442274 ], [ -98.193307781759273, 20.405930688772067 ], [ -98.193360450330147, 20.405954984964826 ], [ -98.193412905983877, 20.40596872792521 ], [ -98.193445119415642, 20.405991948008062 ], [ -98.193477673027104, 20.406024744171471 ], [ -98.193520450064469, 20.406056503597771 ], [ -98.193562495837512, 20.40606766182502 ], [ -98.193605073243162, 20.406089204479542 ], [ -98.193647271753406, 20.406100411118743 ] ] } },
{ "type": "Feature", "properties": { "ID_OBRA": "1009_San Bartolo Tutotepec", "No.": 1009.0, "Municipio": "San Bartolo Tutotepec", "Rubro": "Infraestructura Carretera", "Ejercicio": 2025.0, "Obra": "Reconstrucción de la C.E. San Bartolo - San Miguel (segunda etapa), municipio de San Bartolo Tutotepec", "Localidad": "San Bartolo Tutotepec", "Inversión": 20000000.0, "Habitantes.beneficiados": null, "Ejecutora": "SIPDUS", "Trabajos": null, "Geometria_tipo": "Línea", "extract": 0.5871563242784501 }, "geometry": { "type": "LineString", "coordinates": [ [ -98.197020329756299, 20.404806074625629 ], [ -98.196945715297915, 20.404860942684873 ], [ -98.196897378068371, 20.404878849944652 ], [ -98.196858988594769, 20.404896978227519 ], [ -98.19682974886554, 20.404905857954269 ], [ -98.196791259641159, 20.404924029292442 ], [ -98.196742677518415, 20.404942031522673 ], [ -98.196704056475937, 20.404960261086149 ], [ -98.196646005229312, 20.404987661739611 ], [ -98.196597179467986, 20.405005761471397 ], [ -98.196568379586935, 20.405024301760466 ], [ -98.196519415566428, 20.405042458453462 ], [ -98.196480360914364, 20.40506067563085 ], [ -98.196430695359027, 20.405061098451156 ], [ -98.196391828866723, 20.40508009403181 ], [ -98.196342557325877, 20.405090010942811 ], [ -98.196303528691544, 20.405109070644613 ], [ -98.196263371227587, 20.4051003474288 ], [ -98.196213606019384, 20.405101024411564 ], [ -98.196163201489142, 20.405083180480837 ], [ -98.196123670475487, 20.405092977013354 ], [ -98.196093781326624, 20.40509338194358 ], [ -98.196044200023024, 20.40510332851029 ], [ -98.195994314466077, 20.405104006983429 ], [ -98.195954168377753, 20.405095273644289 ], [ -98.195914038495303, 20.405086543882767 ], [ -98.19587410893476, 20.405087082798971 ], [ -98.19583399462114, 20.405078354425179 ], [ -98.195803572523246, 20.405050996570019 ], [ -98.195773250280894, 20.405032145116198 ], [ -98.1957330705864, 20.405022002795587 ], [ -98.195683021732464, 20.405020421892662 ], [ -98.195632985434244, 20.405009989649059 ], [ -98.195593015429552, 20.404999889534093 ], [ -98.195543150553462, 20.404989494612806 ], [ -98.195493363913812, 20.40497030267964 ], [ -98.195453623989039, 20.404960264181017 ], [ -98.195394115208174, 20.404958426255977 ], [ -98.195354517944068, 20.404948413283741 ], [ -98.195314950352667, 20.404947195803476 ], [ -98.195265596835355, 20.404936902414804 ], [ -98.195216396186282, 20.404917870767939 ], [ -98.195177149646085, 20.404899181725394 ], [ -98.195128082309012, 20.404888965975605 ], [ -98.195108298053711, 20.404897491287439 ], [ -98.19504874327319, 20.404899649769575 ], [ -98.194999149059015, 20.404892698054066 ], [ -98.194949367769937, 20.404894495292513 ], [ -98.194909485738279, 20.404895935189135 ], [ -98.194869079072717, 20.404923710282695 ], [ -98.19483857085676, 20.404951197112911 ], [ -98.19480763120653, 20.404996413288391 ] ] } },
{ "type": "Feature", "properties": { "ID_OBRA": "1016_San Felipe Orizatlán", "No.": 1016.0, "Municipio": "San Felipe Orizatlán", "Rubro": "Infraestructura Carretera", "Ejercicio": 2024.0, "Obra": "Rehabilitación del C.R. Hueytlale - Petlácatl Comunal - Zacapilol, municipio de San Felipe Orizatlán", "Localidad": "Hueytlale", "Inversión": 8616810.75, "Habitantes.beneficiados": 263.0, "Ejecutora": "DGOPI", "Trabajos": "Considera los trabajos de preliminares, revestimiento de camino en la localidad de Hueytlale municipio de San Felipe Orizatlán", "Geometria_tipo": "Línea", "extract": 0.43238520161021304 }, "geometry": { "type": "LineString", "coordinates": [ [ -98.600880453516879, 21.241196907339855 ], [ -98.600955775934807, 21.240920371292592 ], [ -98.60088287292163, 21.240666319547969 ], [ -98.600664220199263, 21.240452421300436 ], [ -98.600433880188959, 21.240377805841266 ], [ -98.600253788288796, 21.24024881204333 ], [ -98.600237153010795, 21.240086465389464 ], [ -98.600330747047295, 21.239951261379037 ], [ -98.600645034479697, 21.239769916550461 ], [ -98.600883564505224, 21.239581615438485 ], [ -98.600877132261246, 21.239395775120716 ], [ -98.600576038607414, 21.239163190996837 ], [ -98.6004198599489, 21.238848049212145 ], [ -98.60052218862532, 21.238533810692591 ], [ -98.600680544113644, 21.238450725914969 ], [ -98.60084050853466, 21.238427058097255 ], [ -98.600914059179729, 21.238204950787434 ], [ -98.601005624340544, 21.238015396678627 ], [ -98.600886252639256, 21.237816500116487 ], [ -98.600669821412652, 21.237456329932307 ], [ -98.600446292962928, 21.237348590846835 ], [ -98.600426638549351, 21.23720134058598 ], [ -98.600566081869701, 21.237130743958293 ], [ -98.60075147492195, 21.237017052661965 ], [ -98.600996691516826, 21.236759615231431 ], [ -98.601112768978012, 21.236385015284455 ], [ -98.60097040797406, 21.235891376954701 ], [ -98.60074344968676, 21.235658508171586 ], [ -98.600642256521468, 21.235442701426436 ], [ -98.600606934271028, 21.23530030015834 ], [ -98.600471886941634, 21.234820374855943 ], [ -98.600301132239196, 21.234652434071059 ], [ -98.600241276642464, 21.234650957133731 ], [ -98.599650116226769, 21.234523563307601 ], [ -98.599669486763148, 21.23426441887381 ], [ -98.599733845774409, 21.234190194899259 ], [ -98.599766324359521, 21.234115482471807 ], [ -98.599830783187969, 21.234026245694739 ], [ -98.599879177354254, 21.233951813756509 ], [ -98.59994372842641, 21.233847584300424 ], [ -98.600110646548174, 21.233447108710919 ], [ -98.599940827459363, 21.233167876544709 ], [ -98.599820326323993, 21.232770641699283 ], [ -98.599821381288621, 21.23269515722831 ], [ -98.5998224367587, 21.232619719817617 ], [ -98.599823701460494, 21.232529257640724 ], [ -98.599825198742394, 21.232452974853654 ], [ -98.599826208495244, 21.232407009125165 ], [ -98.599828556673287, 21.232299864331971 ], [ -98.599830902030959, 21.232192869827927 ], [ -98.599832240877845, 21.232131797644815 ], [ -98.599817539480355, 21.232071122674167 ], [ -98.599721281234523, 21.23207321272999 ], [ -98.599624962344407, 21.232075303518851 ], [ -98.599544636558747, 21.232077073950379 ], [ -98.59946395717246, 21.232079408917695 ], [ -98.599416657373283, 21.232034996459017 ], [ -98.599368984363736, 21.23200585459708 ], [ -98.599338229975231, 21.231945738316938 ], [ -98.599322472010115, 21.231930942207931 ], [ -98.599309047761764, 21.231824702652059 ], [ -98.599311200135077, 21.231748233063225 ], [ -98.599329045762232, 21.231701228826658 ], [ -98.599378532175777, 21.231668877451362 ], [ -98.599477898333788, 21.231588803294855 ], [ -98.599511151152541, 21.231557001406845 ], [ -98.59959256071059, 21.231523920321315 ], [ -98.599609676201069, 21.231492613967792 ], [ -98.599630452528601, 21.231353499427204 ], [ -98.599633595304724, 21.231261250404085 ], [ -98.599636211235179, 21.231184501304508 ], [ -98.599573251238539, 21.231155464346671 ], [ -98.59949373974915, 21.231142168054131 ], [ -98.599413662456612, 21.231144169937195 ], [ -98.599335313030394, 21.23111451231582 ], [ -98.599272210338043, 21.231100123683539 ], [ -98.599209105976868, 21.231085734879436 ], [ -98.599145998013142, 21.231071345639261 ], [ -98.599098857409473, 21.231056666369653 ], [ -98.599019778330728, 21.231042565331276 ], [ -98.598907937872127, 21.231044587098737 ], [ -98.598859981505257, 21.231045454164111 ], [ -98.598796016828501, 21.231046610454957 ], [ -98.598652002892095, 21.231049213437835 ], [ -98.598555921484817, 21.231050950519396 ], [ -98.598476684481682, 21.231036827174684 ], [ -98.59839743883056, 21.231022701911584 ], [ -98.598318181205158, 21.231008574861665 ], [ -98.598288372210007, 21.230948525199771 ], [ -98.598193864887236, 21.230890319751079 ], [ -98.598179621512472, 21.230845124189969 ], [ -98.598151831150787, 21.230739614094031 ], [ -98.598156366674246, 21.230633438647807 ], [ -98.598158955676155, 21.230572852339801 ], [ -98.598159602497176, 21.230557715979632 ], [ -98.598335217889357, 21.230206775236962 ], [ -98.598486334487191, 21.230038284948161 ], [ -98.598351338347541, 21.22981721732145 ], [ -98.598375526890294, 21.22963723746345 ], [ -98.598398359479489, 21.22945899550675 ], [ -98.598439188888264, 21.229288482628469 ], [ -98.598295705364691, 21.229259000809797 ], [ -98.598184389020602, 21.229260761743994 ], [ -98.598120805485351, 21.229262135963079 ], [ -98.598057048979015, 21.22924769501757 ], [ -98.597993289199252, 21.229233252457028 ], [ -98.597929525096461, 21.229218809497709 ], [ -98.597897191943758, 21.229156070959448 ], [ -98.597849003638174, 21.229093756289121 ], [ -98.597816588319034, 21.229014822768278 ], [ -98.597800118525399, 21.228950513901751 ], [ -98.597799444277456, 21.228870453732714 ], [ -98.597767006492703, 21.228790286672421 ], [ -98.597718893506254, 21.228726088030157 ], [ -98.597702798245308, 21.228694098828601 ], [ -98.597670542586883, 21.228614313161376 ], [ -98.597654284588359, 21.228550686828985 ], [ -98.597653659939041, 21.228455642781867 ], [ -98.597653245006455, 21.228392410462078 ], [ -98.597652830114313, 21.228329282395809 ], [ -98.597652313925295, 21.228250518813951 ], [ -98.597651853786616, 21.228158136462863 ], [ -98.597651547928393, 21.22809664095351 ], [ -98.597619876010086, 21.228050646367286 ], [ -98.597572517913818, 21.228004730710314 ], [ -98.597509546668817, 21.227974219200163 ], [ -98.597446656348168, 21.227959046227951 ], [ -98.59733668555198, 21.227959313442533 ], [ -98.597242416661686, 21.227959542339619 ], [ -98.597179566405032, 21.227959694906556 ], [ -98.597100999346935, 21.227960014761173 ], [ -98.596990969432269, 21.22796123674485 ], [ -98.596896620372121, 21.227962284308216 ], [ -98.596802237833145, 21.227963332188498 ], [ -98.5967392971545, 21.227964029537372 ], [ -98.59666060018165, 21.227964903469537 ], [ -98.596581879727339, 21.227965777820479 ], [ -98.596487382958031, 21.227966827452622 ], [ -98.5964086104171, 21.227967702102262 ], [ -98.596329958073525, 21.227953096129866 ], [ -98.596251308999371, 21.227938490978971 ], [ -98.596188514821662, 21.22792317337495 ], [ -98.596141758659783, 21.227891756780235 ], [ -98.596063595613316, 21.227860425467924 ], [ -98.596000958425236, 21.227844812673698 ], [ -98.595922352171243, 21.227844956327871 ], [ -98.59585954738418, 21.227830268275902 ], [ -98.595765189376536, 21.227816119639275 ], [ -98.595686318449964, 21.22781726294582 ], [ -98.595607709174772, 21.227802881390915 ], [ -98.595545796743551, 21.227741741700871 ], [ -98.595484907976584, 21.227634260749142 ], [ -98.595438928631197, 21.227573111241515 ], [ -98.595408362689142, 21.227527418368833 ], [ -98.595348623574438, 21.227374795830904 ], [ -98.595274045851241, 21.227192373083579 ], [ -98.595277132573543, 21.227069428032319 ], [ -98.595249745990202, 21.226916591585237 ], [ -98.595235567352091, 21.226798856513504 ], [ -98.595189390160868, 21.22675487949688 ], [ -98.595158619151832, 21.226725573900374 ], [ -98.595019362508936, 21.226681369587943 ], [ -98.594910740203431, 21.226681062763806 ], [ -98.594864161394327, 21.226680984308629 ], [ -98.594770729350245, 21.226681379262939 ], [ -98.594661704824887, 21.226681840324723 ], [ -98.594599394522078, 21.226682103806951 ], [ -98.594568236828039, 21.226682235557259 ], [ -98.594458228952135, 21.226727148416067 ], [ -98.594348774616975, 21.226742439870677 ], [ -98.594301329454296, 21.226772302837471 ], [ -98.594191442310333, 21.226802453759131 ], [ -98.59414462583571, 21.226802656779689 ], [ -98.594050956886093, 21.226803099167554 ], [ -98.594003849482505, 21.226803714971119 ], [ -98.59387817111778, 21.226805358009397 ], [ -98.593768131195276, 21.226806796265731 ], [ -98.593658021697223, 21.22680823527627 ], [ -98.593563588492231, 21.226809469679409 ], [ -98.59346910605052, 21.226810704714943 ], [ -98.593390331682215, 21.226811734152236 ], [ -98.593264220733687, 21.2268133819321 ], [ -98.593138492860277, 21.226800144673405 ], [ -98.59307632762804, 21.226771199051257 ], [ -98.592998685960225, 21.226727793818029 ], [ -98.592937293634023, 21.226669378008381 ], [ -98.592875928677245, 21.226610990213555 ], [ -98.592766711624009, 21.226568083561244 ], [ -98.592703955302341, 21.22655414112068 ], [ -98.592625610741962, 21.226540179090449 ], [ -98.592547845449673, 21.226511319180229 ], [ -98.592424354277725, 21.22643852231343 ], [ -98.592361340557403, 21.226439108018425 ], [ -98.592298834333647, 21.226424901731761 ], [ -98.592237915180192, 21.22636633960515 ], [ -98.592176495168275, 21.226322583238407 ], [ -98.59214772188659, 21.226249010068987 ], [ -98.592134793359449, 21.226175306467091 ], [ -98.59210557999198, 21.226116561870576 ], [ -98.592107846668725, 21.226057595713336 ], [ -98.592095525091636, 21.225969375628289 ], [ -98.592082080848215, 21.225910667067762 ], [ -98.592054085491881, 21.225822758531223 ], [ -98.592040099632953, 21.225778844152416 ], [ -98.591997041015816, 21.225676560605507 ], [ -98.591983665011469, 21.225618090361035 ], [ -98.591909072804654, 21.225516428349778 ], [ -98.591863871932375, 21.225458638814899 ], [ -98.591850006462863, 21.225386444035273 ], [ -98.591789048150233, 21.225343134539148 ], [ -98.591729008667443, 21.22528508973285 ], [ -98.59166814682284, 21.225256022579845 ], [ -98.591591444323186, 21.225241402898941 ], [ -98.591545167536196, 21.225241312445647 ], [ -98.591421773734169, 21.225241071335248 ], [ -98.591344662004317, 21.22524091971238 ], [ -98.591282601855625, 21.225241000933771 ], [ -98.591236607310236, 21.225212331670594 ], [ -98.591159804616979, 21.225169379092641 ], [ -98.591114793362863, 21.225111809614386 ], [ -98.591069928068364, 21.225068414251531 ], [ -98.591072361613726, 21.225010418097991 ], [ -98.591074791882619, 21.224952467047036 ], [ -98.591064777177465, 21.224822264412495 ], [ -98.591036260580111, 21.22476449578744 ], [ -98.591007838742016, 21.224678394275436 ], [ -98.59094836596968, 21.224606618870201 ], [ -98.590873223717253, 21.224549172896019 ], [ -98.590813065950101, 21.224506102870375 ], [ -98.590768259769078, 21.224463087578361 ], [ -98.590724255748697, 21.224391503316607 ], [ -98.590695984844302, 21.224305717685986 ], [ -98.590683038871276, 21.224220029473848 ], [ -98.590685237347159, 21.224134483690062 ], [ -98.590671771196966, 21.224063214969327 ], [ -98.590673600911146, 21.223992014917048 ], [ -98.590645229070788, 21.223906576883259 ], [ -98.590615769906577, 21.223863855712775 ], [ -98.590586694689989, 21.223806936859841 ], [ -98.590542735798081, 21.223735817583417 ], [ -98.590513694654319, 21.223678964362314 ], [ -98.590471094995038, 21.223579425764928 ], [ -98.590458201695171, 21.2235083989024 ], [ -98.590444861019179, 21.223451608358307 ], [ -98.590417289575868, 21.223366468383169 ], [ -98.590404924950391, 21.223281430145857 ], [ -98.590375555399518, 21.223253051387257 ], [ -98.59031733344105, 21.223182177767981 ], [ -98.590273823934567, 21.223125529233197 ], [ -98.590260630315498, 21.223068967037502 ], [ -98.590217660586518, 21.222998275061496 ], [ -98.590174727368208, 21.222927643141148 ], [ -98.590145960214414, 21.222885289264809 ], [ -98.590102779087502, 21.222828851414221 ], [ -98.590043793054306, 21.222800553317786 ], [ -98.589953878195061, 21.222786343601527 ], [ -98.589891993045725, 21.222786407096162 ], [ -98.589813800481338, 21.222786566683482 ], [ -98.589750418016635, 21.222800809269923 ], [ -98.589653314309828, 21.22285750997764 ], [ -98.589635343314441, 21.222899947412639 ], [ -98.58958677021775, 21.22292834624027 ], [ -98.589535047741805, 21.223013405106069 ], [ -98.589436901047378, 21.22308454913928 ], [ -98.589356720043114, 21.223113165418052 ], [ -98.589322488612723, 21.223170008471197 ], [ -98.589226089603656, 21.223198789141549 ], [ -98.589147252746841, 21.223199062024207 ], [ -98.589051868742899, 21.223213604205952 ], [ -98.588957252015575, 21.223213921295766 ], [ -98.588894349463231, 21.223214118846403 ], [ -98.588832783877905, 21.223214100120348 ], [ -98.58877185909428, 21.22321405250926 ], [ -98.588698634443404, 21.223185349151699 ], [ -98.58862413969166, 21.223170904913001 ], [ -98.588551000218473, 21.223142263616008 ], [ -98.588460076781473, 21.223128013852136 ], [ -98.588413899833611, 21.223128024855967 ], [ -98.588349411138267, 21.223156591643612 ], [ -98.58828487665663, 21.223185177747258 ], [ -98.588221780017832, 21.223199486505013 ], [ -98.588110927327946, 21.223228115825947 ], [ -98.588058649916604, 21.223285387585825 ], [ -98.587964579002005, 21.223299741906629 ], [ -98.587916762372103, 21.223314087396531 ], [ -98.587853495801198, 21.223328443416442 ], [ -98.587757769861057, 21.223357160908353 ], [ -98.587694437516816, 21.223371532165224 ], [ -98.5876156383693, 21.223385913009917 ], [ -98.58755388751311, 21.223385930901774 ], [ -98.5874924319656, 21.223385906140461 ], [ -98.587354165655469, 21.22338585293377 ], [ -98.587308078053596, 21.223385835073785 ], [ -98.587242927975993, 21.223414591655427 ], [ -98.587119174343073, 21.223414695158123 ], [ -98.587058190186866, 21.223414558064466 ], [ -98.586969889029689, 21.223399877751753 ], [ -98.586885712159386, 21.223342300680727 ], [ -98.586830120717693, 21.223299205452541 ], [ -98.586801669141636, 21.223284815387775 ], [ -98.586765152957582, 21.223199061448284 ], [ -98.586752996404243, 21.223170512142691 ], [ -98.586715199426237, 21.223099192607645 ], [ -98.586694157273811, 21.223013775876154 ], [ -98.586672654400218, 21.222942636517221 ], [ -98.586635949938596, 21.222871615292494 ], [ -98.586625262831603, 21.222829155524987 ], [ -98.586627170018332, 21.22278687477052 ], [ -98.586600717315406, 21.222702323150539 ], [ -98.586575963773527, 21.222589700042629 ], [ -98.586562900184063, 21.222547496386149 ], [ -98.586507209142795, 21.222449081478452 ], [ -98.586479222706856, 21.222420875951311 ], [ -98.586454143443731, 21.222336624116455 ], [ -98.586384088549835, 21.222280461165933 ], [ -98.586344550841048, 21.222196368356418 ], [ -98.586317297907385, 21.222140422710869 ], [ -98.586302427320177, 21.222126425689737 ], [ -98.58625644425986, 21.222042443249311 ], [ -98.586254150075888, 21.221972431008805 ], [ -98.5862230264256, 21.221902418651997 ], [ -98.586192915426452, 21.221846395582219 ], [ -98.586163455925643, 21.221818418089743 ], [ -98.586091133522089, 21.221762546509087 ], [ -98.586047942411994, 21.221734644550384 ], [ -98.585974760797583, 21.221720710976456 ], [ -98.585910024869349, 21.22170658383898 ], [ -98.585832935133993, 21.221706506491632 ], [ -98.58571572294322, 21.22169274369142 ], [ -98.585675342490063, 21.221664989746696 ], [ -98.585583777957936, 21.221623010237415 ], [ -98.585460476930876, 21.221539065027315 ], [ -98.585402639874289, 21.221497284312072 ], [ -98.585330241562019, 21.22144158413338 ], [ -98.585272477079201, 21.221399807845369 ], [ -98.585214389394423, 21.221344089353153 ], [ -98.585185028078087, 21.221302250206101 ], [ -98.585128542136246, 21.221232729543747 ], [ -98.585120473382133, 21.221149530820483 ], [ -98.585084900261648, 21.22106667199462 ], [ -98.585076258315283, 21.221011497594152 ], [ -98.585089741151393, 21.220929248050638 ], [ -98.585095226689575, 21.220832380407302 ], [ -98.585097136021346, 21.220763027768989 ], [ -98.585113495853463, 21.220721437075554 ], [ -98.585160275967496, 21.220679876734511 ], [ -98.585222255637817, 21.220638334863999 ], [ -98.585268637647431, 21.220610650045579 ], [ -98.585362472926974, 21.220555489472201 ], [ -98.585455698987815, 21.220541926483534 ], [ -98.585518701665151, 21.220500584929681 ], [ -98.585565410401983, 21.220472939216091 ], [ -98.585627642543628, 21.220431521036236 ], [ -98.585689858583947, 21.220390115122601 ], [ -98.585768125567952, 21.220348882227537 ], [ -98.585831743536872, 21.220293785848295 ], [ -98.585909004664188, 21.220252425409853 ], [ -98.585944397662402, 21.220211716829347 ], [ -98.585973021732656, 21.220144742236648 ], [ -98.585928200861161, 21.220130956412511 ], [ -98.585851784414814, 21.220116913448649 ], [ -98.58577500983688, 21.220116640010477 ], [ -98.58569770246929, 21.220102440885629 ], [ -98.585634211217297, 21.22010193277697 ], [ -98.585567917134568, 21.220100897517231 ], [ -98.58548701775679, 21.220086081495008 ], [ -98.58542384184662, 21.220085579006305 ], [ -98.585345979757889, 21.220085171922385 ], [ -98.585332848691777, 21.220071629091738 ], [ -98.585241793655499, 21.220045303239761 ], [ -98.585033987395718, 21.219972620357474 ], [ -98.584954078486462, 21.219943452037381 ], [ -98.584938346685533, 21.219928199444837 ], [ -98.584842722017726, 21.219883785913975 ], [ -98.584777546347709, 21.219872080118591 ], [ -98.584713519996001, 21.219857672571496 ], [ -98.584618474768121, 21.219826644391308 ], [ -98.584539246337229, 21.219810716784949 ], [ -98.584460483609462, 21.2197793304593 ], [ -98.584428994302456, 21.219734544651359 ], [ -98.584366213846124, 21.219703323734183 ], [ -98.584319185652404, 21.219672561357594 ], [ -98.58427227733624, 21.219612375756576 ], [ -98.584241131209779, 21.219537938148981 ], [ -98.584212063963832, 21.21947481684559 ], [ -98.584183788918352, 21.219381456207067 ], [ -98.584183847417791, 21.21930834675268 ], [ -98.584183212964945, 21.219221683455807 ], [ -98.584167138157113, 21.219178118751007 ], [ -98.584148923393414, 21.219093812396732 ], [ -98.584116236842732, 21.219036532375974 ], [ -98.584069560327137, 21.218991177410786 ], [ -98.584008698822146, 21.218943589913991 ], [ -98.58394866987409, 21.218924353076488 ], [ -98.583871967105125, 21.218906355658429 ], [ -98.58380869312434, 21.21887697246839 ], [ -98.583746879496672, 21.218874993694779 ], [ -98.583669702625116, 21.218872523455534 ], [ -98.583560885399194, 21.218870117220401 ], [ -98.583495294205662, 21.218872606004808 ], [ -98.58338030183981, 21.218876969002842 ], [ -98.583363032297655, 21.218863889399888 ], [ -98.58324706070799, 21.218810522335126 ], [ -98.583182160046675, 21.218753436883418 ], [ -98.583100118942681, 21.218682802899711 ], [ -98.583066967431009, 21.218625521027626 ], [ -98.583036375917857, 21.218609776747353 ], [ -98.582958553489277, 21.218535216213269 ], [ -98.582894900554194, 21.218491416064513 ], [ -98.582830649804492, 21.218477330501173 ], [ -98.582750481782526, 21.218448611611041 ], [ -98.582683270144329, 21.218407569656051 ], [ -98.582616715139608, 21.218395144878045 ], [ -98.582584257098929, 21.218366311862827 ], [ -98.582488820997966, 21.218307619076786 ], [ -98.582424059079685, 21.218264425547304 ], [ -98.582341819536964, 21.218192944620252 ], [ -98.582325360270886, 21.218178638341808 ], [ -98.58225910768401, 21.218077646527078 ], [ -98.582192862075217, 21.218035168444569 ], [ -98.582176204215145, 21.218006255119548 ], [ -98.582148284968611, 21.217915851225172 ], [ -98.58211915022126, 21.21785561874955 ], [ -98.582073596825282, 21.217810385200085 ], [ -98.582028086191613, 21.217765194017911 ], [ -98.581999730983412, 21.217719403323109 ], [ -98.581927836886862, 21.217627726240266 ], [ -98.581884269351889, 21.217581876090588 ], [ -98.581839086088678, 21.217551491559558 ], [ -98.581812131820968, 21.217476290712703 ], [ -98.581755992307592, 21.217400188177521 ], [ -98.581730135696816, 21.217339493970655 ], [ -98.581702365980817, 21.217265213037059 ], [ -98.581705137845532, 21.217220513644666 ], [ -98.581645548892695, 21.217117519550001 ], [ -98.58159946263487, 21.217059019854336 ], [ -98.581554316747457, 21.216985721108376 ], [ -98.581522916771689, 21.216956672892604 ], [ -98.581479649349262, 21.216868364122448 ], [ -98.581434721588465, 21.216795215960342 ], [ -98.581387777404302, 21.216751682572493 ], [ -98.581344057337404, 21.216663820029421 ], [ -98.581316650473468, 21.21659038188935 ], [ -98.58130440029079, 21.216531650727266 ], [ -98.581276249995724, 21.216473054992111 ], [ -98.58124913773166, 21.216399855304328 ], [ -98.581221052364072, 21.216341404904231 ], [ -98.581222988508841, 21.216312147187811 ], [ -98.581215613483209, 21.216209607860804 ], [ -98.581186329422238, 21.216180427264916 ], [ -98.58117856415511, 21.216107082470927 ], [ -98.581121195444595, 21.216034375721321 ], [ -98.581076383126202, 21.216005337719995 ], [ -98.581002979304799, 21.215947244600766 ], [ -98.580941903244948, 21.215904029996508 ], [ -98.580909144210125, 21.21590423591006 ], [ -98.580795434731911, 21.215876110625789 ], [ -98.580715432823325, 21.21586198964615 ], [ -98.580685062937093, 21.215847523772126 ], [ -98.580592975563889, 21.215818615893717 ], [ -98.580518422626795, 21.215803875311881 ], [ -98.580459820911798, 21.215774778067193 ], [ -98.580400593872014, 21.215760113613136 ], [ -98.580340603450097, 21.215745552582163 ], [ -98.580280919424212, 21.215716632544321 ], [ -98.580176910628239, 21.215673235979018 ], [ -98.580147281052447, 21.215658799580481 ], [ -98.580043497977371, 21.215586904703461 ], [ -98.579968699510374, 21.21557239992331 ], [ -98.579924192251553, 21.215529406805199 ], [ -98.579864747648713, 21.215486405702105 ], [ -98.579805117016818, 21.215457721443752 ], [ -98.579756274264128, 21.21541500589672 ], [ -98.579723695080887, 21.215386513339585 ], [ -98.579643105260388, 21.215315198847414 ], [ -98.579578065007411, 21.215243828920119 ], [ -98.579512973983853, 21.215172403757922 ], [ -98.579465565610732, 21.215129521769153 ], [ -98.579419779796453, 21.2150866257732 ], [ -98.57937563749681, 21.215000875357369 ], [ -98.579316666295469, 21.214943769987276 ], [ -98.57926087928135, 21.214872534070707 ], [ -98.579218168387868, 21.214829848931316 ], [ -98.579174248352032, 21.214801415553172 ], [ -98.579112042438496, 21.214787162642711 ], [ -98.579019890188277, 21.21475865339028 ], [ -98.579004403285822, 21.214758654537334 ], [ -98.578867311647116, 21.214744490730649 ], [ -98.578806238344896, 21.214744524423896 ], [ -98.578700654246077, 21.214744639362461 ], [ -98.578622832556064, 21.214744617206264 ], [ -98.578546004225416, 21.214730391562256 ], [ -98.578515956740418, 21.214716185116728 ], [ -98.578423498293674, 21.214701954615567 ], [ -98.578331201960324, 21.214687736078996 ], [ -98.578285822588683, 21.214673540682529 ], [ -98.578196191896353, 21.214630979170625 ], [ -98.578122392352384, 21.214588463664555 ], [ -98.578030287059207, 21.214574291544626 ], [ -98.578017356475243, 21.214545990546576 ], [ -98.577913597600983, 21.21448938959406 ], [ -98.577852612765071, 21.214475225617129 ], [ -98.5777930048272, 21.214446947068225 ], [ -98.577719947320134, 21.214404609560326 ], [ -98.577644549857823, 21.214376405769087 ], [ -98.577616208816693, 21.214348155047539 ], [ -98.57753206737479, 21.214292196052657 ], [ -98.577476281273761, 21.21425003460541 ], [ -98.57739275936126, 21.214194176919783 ], [ -98.577353968533345, 21.214124109276288 ], [ -98.577298330073475, 21.214082271743699 ], [ -98.577259665882607, 21.21401238925268 ], [ -98.577218634188696, 21.213956472576651 ], [ -98.577162801468518, 21.213886545579719 ], [ -98.577137513798462, 21.213802567308619 ], [ -98.577110764033606, 21.213746676980357 ], [ -98.577054175500137, 21.213690950376659 ], [ -98.576995589527925, 21.213649009911805 ], [ -98.576951744752122, 21.21360704901139 ] ] } },
{ "type": "Feature", "properties": { "ID_OBRA": "1017_San Felipe Orizatlán", "No.": 1017.0, "Municipio": "San Felipe Orizatlán", "Rubro": "Infraestructura Carretera", "Ejercicio": 2023.0, "Obra": "Rehabilitación del tramo: Nexpa-Monte Grande, del km 0+000 al km 12+700, en el municipio de San Felipe Orizatlán.", "Localidad": "Nexpa", "Inversión": 8948717.17, "Habitantes.beneficiados": 375.0, "Ejecutora": "DGOPI", "Trabajos": "Se consideran trabajos de revestimiento, cunetas y limpieza de cunetas.", "Geometria_tipo": "Línea", "extract": -0.6848373676281716 }, "geometry": { "type": "LineString", "coordinates": [ [ -98.557836034200335, 21.37265933342394 ], [ -98.558062057769831, 21.372380108402627 ], [ -98.558117174403151, 21.372263109790559 ], [ -98.558201194495709, 21.372169867898286 ], [ -98.558284250066095, 21.372049961921977 ], [ -98.558338523878362, 21.371934445513006 ], [ -98.558363624801615, 21.371823966847209 ], [ -98.558415636239772, 21.371711673062478 ], [ -98.558467465535657, 21.371599774291326 ], [ -98.558493803216848, 21.37157082885787 ], [ -98.558490861240244, 21.371410083286019 ], [ -98.558461748192912, 21.371278929792879 ], [ -98.558380027921302, 21.37117907995145 ], [ -98.558351419647352, 21.371022278511582 ], [ -98.55832263243741, 21.370919999386384 ], [ -98.558321375682212, 21.37081499341781 ], [ -98.558265235960548, 21.370716740288429 ], [ -98.558264098698075, 21.37061253256995 ], [ -98.558235620816404, 21.370511868360811 ], [ -98.558234280427087, 21.370382683844049 ], [ -98.558232945143899, 21.370254141911683 ], [ -98.558204718416064, 21.370154826257959 ], [ -98.558124027852799, 21.370060610911455 ], [ -98.558072997097952, 21.369961996524971 ], [ -98.558047524724742, 21.369862142691986 ], [ -98.558047513100988, 21.369760922612802 ], [ -98.558098364851489, 21.36965627058521 ], [ -98.558150202842015, 21.369526101600336 ], [ -98.558203630242701, 21.369395353199771 ], [ -98.558230347578558, 21.369268086497563 ], [ -98.558283217816665, 21.369163541939471 ], [ -98.558335283752911, 21.369059835382689 ], [ -98.55841111792347, 21.368906215589959 ], [ -98.558461843504304, 21.368828467453344 ], [ -98.558536921914879, 21.368676227546199 ], [ -98.558586223431234, 21.368551312666977 ], [ -98.558661087464685, 21.368424447289119 ], [ -98.558708507561064, 21.36830139509803 ], [ -98.558756407923681, 21.36820239026213 ], [ -98.558805944074663, 21.368150499517395 ], [ -98.5588791673066, 21.368049482467246 ], [ -98.558925655364874, 21.367928037205527 ], [ -98.558997448616708, 21.367804595708755 ], [ -98.559044483546685, 21.367707198185148 ], [ -98.55911673972426, 21.36760765741111 ], [ -98.559216302193192, 21.367551827723712 ], [ -98.559240625154999, 21.367526419944468 ], [ -98.559363026320085, 21.367422553102831 ], [ -98.559460876696576, 21.367344269962437 ], [ -98.559558472330281, 21.367266191410785 ], [ -98.559629412110127, 21.367168072471127 ], [ -98.559674946616013, 21.367072703420476 ], [ -98.55972154077395, 21.367000171219807 ], [ -98.559765476130323, 21.3668828919125 ], [ -98.559788019784023, 21.366835625297181 ], [ -98.559807954216311, 21.366743718018551 ], [ -98.559852836990771, 21.366649691664954 ], [ -98.559872556184658, 21.366558354630726 ], [ -98.559939242515, 21.366418301792518 ], [ -98.559982133887189, 21.366303257691651 ], [ -98.559977941377397, 21.366237271602269 ], [ -98.560019623473806, 21.366079220032624 ], [ -98.560062371985836, 21.365943885686356 ], [ -98.56008187347237, 21.365811846644128 ], [ -98.560103155931486, 21.365723557285797 ], [ -98.560121829688882, 21.365592830734201 ], [ -98.560118589154584, 21.365528835707341 ], [ -98.560112134870067, 21.365401374929945 ], [ -98.56012983409056, 21.365272283377266 ], [ -98.560124456873027, 21.365167186699935 ], [ -98.560116969660541, 21.365020856342127 ], [ -98.560112713001615, 21.364937659324998 ], [ -98.560083526539273, 21.364836410017276 ], [ -98.560054473868703, 21.364735623698621 ], [ -98.560073108494876, 21.364630667097437 ], [ -98.560066902681996, 21.364508113060097 ], [ -98.560081274903311, 21.364323215791345 ], [ -98.560121152298478, 21.364177616768831 ], [ -98.560184258648889, 21.364030616870696 ], [ -98.560206651826249, 21.364008377525856 ], [ -98.560248234057269, 21.363904479794879 ], [ -98.560289946584248, 21.363801335950189 ], [ -98.56037609966711, 21.363655144008977 ], [ -98.560419525020649, 21.363592167748468 ], [ -98.560507167070085, 21.363486168606141 ], [ -98.560571136554827, 21.363382822498664 ], [ -98.560637238486777, 21.363318474295621 ], [ -98.560726334018298, 21.363252171647467 ], [ -98.560793306093657, 21.363207364656262 ], [ -98.560905078896482, 21.363139252384823 ], [ -98.560994808022599, 21.363092537393157 ], [ -98.561084356820075, 21.363045915560061 ], [ -98.561175178873256, 21.363018393311282 ], [ -98.561262915943786, 21.362952954021509 ], [ -98.561351875905657, 21.362906502819527 ], [ -98.561465094658018, 21.362876643818712 ], [ -98.561532291198546, 21.362851092721119 ], [ -98.561666511584036, 21.362800055438846 ], [ -98.561756462933644, 21.362772433114916 ], [ -98.561890125459357, 21.36272089325016 ], [ -98.562000711584574, 21.362671527844928 ], [ -98.562113078820644, 21.362641193955199 ], [ -98.562225386310416, 21.362610875399739 ], [ -98.562335632252427, 21.362561681942715 ], [ -98.56246857355471, 21.3625104070899 ], [ -98.562534978110818, 21.36248479522764 ], [ -98.56269046255818, 21.36243137827292 ], [ -98.562797974285189, 21.36236371943895 ], [ -98.562864133194083, 21.362338208158921 ], [ -98.562991818599187, 21.362249779890515 ], [ -98.56314416309479, 21.362178025049563 ], [ -98.563273486356181, 21.362108655836035 ], [ -98.563336843647619, 21.362064891663184 ], [ -98.563465663834194, 21.361996343065844 ], [ -98.563591746523471, 21.361909261288389 ], [ -98.563697354550428, 21.361843081210669 ], [ -98.563802767982054, 21.361776802200179 ], [ -98.563865382718404, 21.361733487323619 ], [ -98.56398770652261, 21.361628877325128 ], [ -98.564072446602083, 21.361583930390847 ], [ -98.564129404462989, 21.361504262845969 ], [ -98.564228350938933, 21.361402506550402 ], [ -98.564284897987747, 21.361323359690331 ], [ -98.564343917688063, 21.361262752602098 ], [ -98.564380526020258, 21.361204206365052 ], [ -98.564656532893636, 21.360843067675628 ], [ -98.564954278715391, 21.360666917099763 ], [ -98.565380238971926, 21.360333076608271 ], [ -98.565591951675728, 21.360276483454712 ], [ -98.565803493401205, 21.360256435988454 ], [ -98.565973619461943, 21.36020417637743 ], [ -98.566101676437768, 21.36019248092326 ], [ -98.566314471837373, 21.360136500652128 ], [ -98.566485589266364, 21.360157418927031 ], [ -98.566657450214635, 21.360214865947825 ], [ -98.566828764471879, 21.360235812831537 ], [ -98.566956130838165, 21.36022394656894 ], [ -98.567166822793951, 21.360240025568068 ], [ -98.567378126170581, 21.360292561696699 ], [ -98.567504582756683, 21.360280364263701 ], [ -98.567715910742322, 21.360296496374687 ], [ -98.567926816901959, 21.360276154409213 ], [ -98.568095585789024, 21.360259881941033 ], [ -98.568221562651459, 21.360211297547135 ], [ -98.568433139122405, 21.360191211857334 ], [ -98.568518928942169, 21.360219690201316 ], [ -98.568730571313523, 21.360199595213729 ], [ -98.568983139307093, 21.360138997091202 ], [ -98.569147999504153, 21.36001369070059 ], [ -98.56931392459208, 21.359925002202004 ], [ -98.569522921329437, 21.359797674782065 ], [ -98.569644448354481, 21.359642261286869 ], [ -98.569685407175143, 21.359602600147007 ], [ -98.569847601608387, 21.359408908514176 ], [ -98.569966672736555, 21.359254462841466 ], [ -98.570086014708977, 21.359135392312002 ], [ -98.57028533163863, 21.358972387036907 ], [ -98.570483647934353, 21.358809551873989 ], [ -98.570562909411379, 21.358731165161938 ], [ -98.570681528941464, 21.35861387643661 ], [ -98.570878470487628, 21.358451982819311 ], [ -98.570997272765979, 21.358369056267549 ], [ -98.571196839249538, 21.358243903898423 ], [ -98.57135456824092, 21.358122937629354 ], [ -98.571553006612518, 21.357998053490945 ], [ -98.571753652890635, 21.357908210461474 ], [ -98.571916159140642, 21.357858082071761 ], [ -98.572081351583776, 21.35784280717451 ], [ -98.572329073818551, 21.357819904422765 ], [ -98.572452905877498, 21.357808454873709 ], [ -98.572658338797936, 21.357787649195675 ], [ -98.572819382860402, 21.357735717203745 ], [ -98.572937784555648, 21.357656871623679 ], [ -98.573049749155587, 21.357509683481535 ], [ -98.573162228325941, 21.357391855171375 ], [ -98.573278514333978, 21.357310464766755 ], [ -98.573394740478875, 21.357229436816318 ], [ -98.573623757341579, 21.357035090311882 ], [ -98.573817998963875, 21.356913777112098 ], [ -98.57401892086034, 21.356861313389551 ], [ -98.57418605741185, 21.356881097650749 ], [ -98.574312369617459, 21.356904517610669 ], [ -98.574561511878215, 21.356918457912045 ], [ -98.574761939967487, 21.356866326269401 ], [ -98.574925082818339, 21.356849125048509 ], [ -98.575092266423397, 21.356865030040691 ], [ -98.575263761264495, 21.35691564596226 ], [ -98.575435549335893, 21.35696847972082 ], [ -98.575607524018935, 21.357022379172619 ], [ -98.575742909760891, 21.357115061491996 ], [ -98.575911404015955, 21.357131832250417 ], [ -98.576026308828105, 21.357047762077904 ], [ -98.576214922189138, 21.35688423267904 ], [ -98.576375373535697, 21.356829751256218 ], [ -98.576535955047817, 21.356775224502705 ], [ -98.576714435895113, 21.356860404155622 ], [ -98.576814939177325, 21.356991159194806 ], [ -98.577003342937417, 21.357147491385174 ], [ -98.577141758534623, 21.35723855445589 ], [ -98.577359563032687, 21.357284228467179 ], [ -98.577535607641238, 21.357336253732328 ], [ -98.577664822431501, 21.357359110730659 ], [ -98.577883183774972, 21.357406811652716 ], [ -98.578101904518448, 21.357454909948043 ], [ -98.578263323025382, 21.357403000087896 ], [ -98.578419299096169, 21.35731636623499 ], [ -98.578611207117262, 21.357191006292577 ], [ -98.578761019654237, 21.357070366809513 ], [ -98.578952219640499, 21.356945493781254 ], [ -98.579035607817943, 21.356936576585575 ], [ -98.579357398466485, 21.356832690213842 ], [ -98.579601712410678, 21.356771818351746 ], [ -98.579750117216207, 21.356651956635329 ], [ -98.579898207417813, 21.356532348051971 ], [ -98.580009919092163, 21.356452176526162 ], [ -98.580197797896901, 21.356330117267806 ], [ -98.580350288421997, 21.356246200600605 ], [ -98.580501918502122, 21.356163168540963 ], [ -98.580646524972636, 21.356047016328674 ], [ -98.580749906910569, 21.355934903738621 ], [ -98.580894064317278, 21.355819037051496 ], [ -98.581051487875044, 21.355769646146026 ], [ -98.581257359462995, 21.355748647707181 ], [ -98.581346616364755, 21.355773475438141 ], [ -98.581559897443057, 21.355785500639634 ], [ -98.581808162280936, 21.355759519664829 ], [ -98.582049560592836, 21.355700084617808 ], [ -98.582214018123267, 21.355683914163993 ], [ -98.58244695818415, 21.355592267178476 ], [ -98.582604389565162, 21.355542451950754 ], [ -98.582802790157459, 21.355488626774466 ], [ -98.582960005386113, 21.355438873534737 ], [ -98.5831166198641, 21.355389610668386 ], [ -98.583217154160181, 21.355277960052959 ], [ -98.583308484754511, 21.35513482849786 ], [ -98.583399441532123, 21.354992271408619 ], [ -98.583465093939637, 21.354919278620144 ], [ -98.58360016750413, 21.354769860101431 ], [ -98.583674197612339, 21.354728942723231 ], [ -98.583828764173163, 21.354680808658525 ], [ -98.584061945871781, 21.354627067089496 ], [ -98.584262539637066, 21.354609555494445 ], [ -98.584342749012393, 21.354602552802906 ], [ -98.584559534064539, 21.354650047711644 ], [ -98.584768336643933, 21.354665049521291 ], [ -98.585024363936725, 21.354710216588625 ], [ -98.585239905125277, 21.354759386132702 ], [ -98.585462842781965, 21.354842311892238 ], [ -98.58563853765628, 21.354895241396079 ], [ -98.58578596011246, 21.354982372835419 ], [ -98.585922920464341, 21.35503831536305 ], [ -98.586066672541946, 21.355128760566764 ], [ -98.586250450478047, 21.355044963434107 ], [ -98.586345828612536, 21.354934744998054 ], [ -98.586427721862918, 21.354795114933012 ], [ -98.586470245777406, 21.354658924633885 ], [ -98.586425811735438, 21.354496483583201 ], [ -98.586312608877364, 21.354372623413365 ], [ -98.586238601445729, 21.354246358544515 ], [ -98.586242414810073, 21.35411499668934 ], [ -98.586276177669248, 21.35394944011372 ], [ -98.586318509528127, 21.353816493310575 ], [ -98.586360674481313, 21.353684073775597 ], [ -98.586402672730259, 21.353552177641458 ], [ -98.58644450565798, 21.353420802026609 ], [ -98.586494917396038, 21.353321303846137 ], [ -98.586501037294909, 21.35290325326574 ], [ -98.586316610752476, 21.352676194377278 ], [ -98.586107063541107, 21.352574676323311 ], [ -98.585938704297376, 21.352591003272575 ], [ -98.585932045817515, 21.352470131434867 ], [ -98.585959536119546, 21.352346289156227 ], [ -98.585950779492038, 21.352166229612525 ], [ -98.585943525276761, 21.352017057881515 ], [ -98.585873115185393, 21.351934233834108 ], [ -98.585734414876995, 21.351858426374793 ], [ -98.585628361818706, 21.35177970764888 ], [ -98.5854889583035, 21.351704338026611 ], [ -98.585353273471767, 21.35168780153526 ], [ -98.585252215210389, 21.351667932833639 ], [ -98.585082285508292, 21.351595702024142 ], [ -98.585044197499514, 21.351481718108381 ], [ -98.58510175465257, 21.351271442672385 ], [ -98.585096796147198, 21.351155500064742 ], [ -98.585157665343189, 21.351033736416841 ], [ -98.585249283493766, 21.350909180503045 ], [ -98.585342185082979, 21.35081365588961 ], [ -98.585434879445984, 21.350718344112497 ], [ -98.585498316542584, 21.35068349862059 ], [ -98.585686541723177, 21.350550606450341 ], [ -98.585811298533756, 21.350452799325506 ], [ -98.585902480184956, 21.350358119033938 ], [ -98.586021882529536, 21.350203892141288 ], [ -98.586110061928778, 21.350081277201888 ], [ -98.58616311243351, 21.349933677812707 ], [ -98.586220618480112, 21.349815656158142 ], [ -98.586305838090311, 21.34961229570057 ], [ -98.5863635596466, 21.349495903356864 ], [ -98.586451592163002, 21.349349655182916 ], [ -98.586575349341985, 21.349256096218205 ], [ -98.586700641937711, 21.349190192190996 ], [ -98.586861916648331, 21.349176266777842 ], [ -98.587029315032467, 21.349244263352972 ], [ -98.587196950393817, 21.349312365211972 ], [ -98.587298083218315, 21.34935875428086 ], [ -98.587403897414475, 21.349460159234024 ], [ -98.587447718685027, 21.349595148837071 ], [ -98.587487038273579, 21.349675259486062 ], [ -98.587655923245094, 21.349744027755321 ], [ -98.58778525945992, 21.349732503196591 ], [ -98.587976452750667, 21.349687558465597 ], [ -98.588038367966476, 21.349654176736937 ], [ -98.588164561386478, 21.349615124094406 ], [ -98.588354752232974, 21.349570448177381 ], [ -98.588477620632133, 21.349504081403403 ], [ -98.588600150189293, 21.349437901720929 ], [ -98.588722340682651, 21.349371901021474 ], [ -98.58881790338512, 21.349362748482111 ], [ -98.589002914723693, 21.349288767433066 ], [ -98.589165159521599, 21.349300565417803 ], [ -98.589174352008257, 21.349383300667718 ], [ -98.589209316491576, 21.349407765525431 ], [ -98.589407044501485, 21.349444151618403 ], [ -98.589531660326642, 21.349403725406617 ], [ -98.589688284105293, 21.349359851212316 ], [ -98.589841675145593, 21.34928840056865 ], [ -98.589934353995304, 21.34925104768379 ], [ -98.590123090942782, 21.349203863025721 ], [ -98.590258144845635, 21.349245853778545 ], [ -98.590368333380482, 21.349346484734991 ], [ -98.590446685986663, 21.349450722803795 ], [ -98.590460638864755, 21.349561997503628 ], [ -98.590510395524191, 21.349698289021738 ], [ -98.590704289857158, 21.349678865291246 ], [ -98.590830073130036, 21.349637941462191 ], [ -98.590927155565026, 21.349628206857695 ], [ -98.591053006913043, 21.34958726392242 ], [ -98.591279866093828, 21.349564496348908 ], [ -98.591376386381853, 21.349555384967481 ], [ -98.591596862239541, 21.349506820665745 ], [ -98.591721032945983, 21.349467139053875 ], [ -98.591845048299319, 21.349427507692283 ], [ -98.592032739730314, 21.349382079869741 ], [ -98.592216166995911, 21.34930890841547 ], [ -98.592371393251781, 21.349266566273027 ], [ -98.592550075458377, 21.349165931828569 ], [ -98.592736473442002, 21.34912088746697 ], [ -98.592886748363711, 21.34905116208207 ], [ -98.593041000488185, 21.349009106772421 ], [ -98.593195460454339, 21.348966862946277 ], [ -98.59331796129139, 21.34892764643461 ], [ -98.593526040605809, 21.348825096367882 ], [ -98.593648123823883, 21.34878603208087 ], [ -98.593770076282979, 21.348747008349498 ], [ -98.593828556089676, 21.348713951363038 ], [ -98.59403503105797, 21.348612155328521 ], [ -98.594186893785434, 21.348571013969238 ], [ -98.594369682587867, 21.348527199427267 ], [ -98.594593428916127, 21.348534688696013 ], [ -98.59472341214132, 21.34855054724763 ], [ -98.594853394970755, 21.348566406018023 ], [ -98.594988568506736, 21.34860931518616 ], [ -98.595123841869494, 21.348652257688038 ], [ -98.595295729967262, 21.348719541579058 ], [ -98.595425897790406, 21.348735422511275 ], [ -98.595508706900603, 21.348672775214506 ], [ -98.595617050087725, 21.34858043855666 ], [ -98.59568797457311, 21.348464492392946 ], [ -98.595726025099793, 21.348352465936809 ], [ -98.595634523807973, 21.34822528575361 ], [ -98.595511960416175, 21.34810164227045 ], [ -98.595375517939871, 21.348060548771898 ], [ -98.595276468455353, 21.348042770662172 ], [ -98.595078544019259, 21.348007246037291 ], [ -98.595010573505064, 21.347986761120399 ], [ -98.594819032850125, 21.347977234120258 ], [ -98.594720276949033, 21.347959503598066 ], [ -98.59451706821028, 21.347898193085726 ], [ -98.594314318224932, 21.347837020017575 ], [ -98.594286154650803, 21.347707981049904 ], [ -98.594294493155843, 21.347602519448909 ], [ -98.594297324168338, 21.347471902766994 ], [ -98.594365781372574, 21.347362890480369 ], [ -98.594444926261716, 21.347305192154717 ], [ -98.594549405340302, 21.347219186001468 ], [ -98.594720238546671, 21.3471532272318 ], [ -98.594835813767219, 21.347117706280994 ], [ -98.594945198652098, 21.347057279656948 ], [ -98.595078480055363, 21.346969550743712 ], [ -98.595205128393019, 21.346857420954432 ], [ -98.595247047613626, 21.346778192587763 ], [ -98.595313229681764, 21.346671739387379 ], [ -98.595373056959872, 21.346541279306908 ], [ -98.595403064956699, 21.346538677199302 ], [ -98.595506137418766, 21.346140373383601 ], [ -98.595631912517788, 21.345789950810417 ], [ -98.595340343473211, 21.345578333449115 ], [ -98.595190915309431, 21.345425273617916 ], [ -98.595419630528696, 21.344797271646833 ], [ -98.595803289093041, 21.344693794054567 ], [ -98.595975563955747, 21.344680224476004 ], [ -98.596113545672708, 21.344669356243525 ], [ -98.596285577281648, 21.344621627974281 ], [ -98.596424285844932, 21.344610161972234 ], [ -98.59656087033396, 21.34453121688766 ], [ -98.596661571524223, 21.344421480361309 ], [ -98.596797796518828, 21.344342716578858 ], [ -98.596863292547425, 21.344201551025908 ], [ -98.596963170166148, 21.344057916576563 ], [ -98.597097164930133, 21.343911847862639 ], [ -98.597197448748574, 21.343802521720303 ], [ -98.597297532340917, 21.343693391553877 ], [ -98.597393520245021, 21.343554511131991 ], [ -98.597458543441761, 21.343483744699547 ], [ -98.59755200535183, 21.343313530913147 ], [ -98.59757658282841, 21.343150249442047 ], [ -98.597639151321388, 21.343048286133719 ], [ -98.597699566657212, 21.342914806670656 ], [ -98.597791831223233, 21.342747048185338 ], [ -98.597849697202719, 21.342583112888953 ], [ -98.597775635251907, 21.34249505750282 ], [ -98.597699812709166, 21.342375979388635 ], [ -98.597590475573057, 21.342260477652211 ], [ -98.597484546187999, 21.342175650766919 ], [ -98.59738152520336, 21.342121622031861 ], [ -98.597203515965063, 21.342015239173922 ], [ -98.597063634309293, 21.341967228959845 ], [ -98.59692568625681, 21.341950004189886 ], [ -98.596817799576712, 21.341868296238538 ], [ -98.596776427217804, 21.341749371568064 ], [ -98.596767743877137, 21.341596787497135 ], [ -98.596796914544271, 21.341470834152503 ], [ -98.596893269597388, 21.341369874870129 ], [ -98.596955083151087, 21.341241856182958 ], [ -98.596984745205617, 21.341147731814715 ], [ -98.597013150589916, 21.341023738324253 ], [ -98.597043779400593, 21.340960406452982 ], [ -98.597034274804457, 21.340750951126978 ], [ -98.5970615496595, 21.340628876238799 ], [ -98.597089038584784, 21.340507219078233 ], [ -98.597176293775632, 21.340262272797016 ], [ -98.597230624111674, 21.340051589023354 ], [ -98.597289351028806, 21.339929126799891 ], [ -98.597343834640043, 21.339720562110223 ], [ -98.597338158671135, 21.339605618460741 ], [ -98.597395286496578, 21.339456331523191 ], [ -98.597419922304596, 21.33931089338309 ], [ -98.597445247730505, 21.339194304699475 ], [ -98.597499256036045, 21.33901864923692 ], [ -98.597587112732853, 21.338868900911393 ], [ -98.597611971308837, 21.338753839034514 ], [ -98.597668823984662, 21.338636097212277 ], [ -98.597759621296404, 21.338543556128396 ], [ -98.597785883710799, 21.338457252088013 ], [ -98.597908380323929, 21.338362213768406 ], [ -98.598026492538096, 21.338212391149238 ], [ -98.598114011768203, 21.338093476301569 ], [ -98.598169319615224, 21.337977903326482 ], [ -98.598223973859945, 21.337862337117897 ], [ -98.598278415346826, 21.337747063352069 ], [ -98.598294811062829, 21.33755414464424 ], [ -98.598317576240234, 21.337442995074493 ], [ -98.598335954274432, 21.337278505010431 ], [ -98.598320895313549, 21.337091310774376 ], [ -98.598332739279869, 21.336848914246399 ], [ -98.598313524041046, 21.336611425157201 ], [ -98.598302908161045, 21.33648020920587 ], [ -98.598270556662044, 21.335856546171389 ], [ -98.59830819208328, 21.335596018733739 ], [ -98.598346096183946, 21.335432191112204 ], [ -98.598383529811457, 21.335300855889361 ], [ -98.598420828515913, 21.335169995019687 ], [ -98.598457992249678, 21.335039604646834 ], [ -98.598495022136476, 21.334909685334317 ], [ -98.598634622357423, 21.334707824053886 ], [ -98.59870484264782, 21.334575922103379 ], [ -98.598707598206175, 21.334450763355832 ], [ -98.598743890040879, 21.33432291971971 ], [ -98.598779922518474, 21.334195572449609 ], [ -98.598815793451266, 21.334068677646911 ], [ -98.59895320864419, 21.333871204817431 ], [ -98.599087730901601, 21.333797222859239 ], [ -98.599289048543298, 21.333686482957532 ], [ -98.599454566918709, 21.333640505857627 ], [ -98.599588216363017, 21.333536456286971 ], [ -98.599655448585224, 21.333499603547839 ], [ -98.599859961335866, 21.333449285252549 ], [ -98.600066451841684, 21.333428905518691 ], [ -98.600169593351666, 21.333418725700049 ], [ -98.60040680038199, 21.333426071926652 ], [ -98.600540932349645, 21.333413230143631 ], [ -98.600709188460826, 21.333427458594734 ], [ -98.600877585037651, 21.333441699434026 ], [ -98.601013254526706, 21.333489510786482 ], [ -98.601114026064934, 21.333479863847053 ], [ -98.60124999979719, 21.333527745974305 ], [ -98.601418967203145, 21.333542056572561 ], [ -98.601589016832094, 21.333586825909855 ], [ -98.601724660171485, 21.333604402306186 ], [ -98.601861466234254, 21.333652502743259 ], [ -98.601997388392647, 21.333670128587034 ], [ -98.602169725724394, 21.333776684656943 ], [ -98.602305203199137, 21.333825878266733 ], [ -98.602442875087362, 21.333905730550438 ], [ -98.602614684486866, 21.333982671660792 ], [ -98.602750633204806, 21.334001096587389 ], [ -98.602886485523626, 21.334019674009756 ], [ -98.603091356525184, 21.334063102916016 ], [ -98.603193989233844, 21.334084848904087 ], [ -98.603365872418451, 21.334131544161533 ], [ -98.603537442129905, 21.334146668110776 ], [ -98.603677053072303, 21.334196082159306 ], [ -98.603815192660576, 21.334214338147937 ], [ -98.603985801471978, 21.334198123870447 ], [ -98.604124171796556, 21.334216391835312 ], [ -98.604264596681958, 21.334265980874317 ], [ -98.604334663123723, 21.334291003486786 ], [ -98.604575441529377, 21.334300195342468 ], [ -98.604711974514899, 21.334287528770034 ], [ -98.604846384319544, 21.334243494862303 ], [ -98.605021523478413, 21.334290510982317 ], [ -98.605162851313395, 21.334340803639186 ], [ -98.605341149896248, 21.334419616211683 ], [ -98.605451331925138, 21.334505018798705 ], [ -98.605561855291356, 21.334590685862004 ], [ -98.605638255537016, 21.334679783672946 ], [ -98.605749482949321, 21.334765856721049 ], [ -98.605864159954237, 21.334883321066705 ], [ -98.605979238708144, 21.335001158014638 ], [ -98.606097558126478, 21.33515145362616 ], [ -98.606254138525642, 21.335331305762413 ], [ -98.606370603593959, 21.335450622135529 ], [ -98.606414429067812, 21.335544723121707 ], [ -98.606534402060191, 21.335697952180819 ], [ -98.606654920323123, 21.335851871861514 ], [ -98.606868713429662, 21.336231168883348 ], [ -98.606994181998346, 21.336420753963026 ], [ -98.607343755514819, 21.336692695396046 ], [ -98.607464431917876, 21.336817504953761 ], [ -98.607621274177049, 21.336939128969515 ], [ -98.607742775973904, 21.337062277058045 ], [ -98.607893220601298, 21.337116440454952 ], [ -98.60804768348838, 21.337204642747661 ], [ -98.60827066403391, 21.337253338293355 ], [ -98.608461810009828, 21.337337823847037 ], [ -98.608605698781162, 21.337324861222168 ], [ -98.608785620045538, 21.337308652365355 ], [ -98.608929605803567, 21.337295680865122 ], [ -98.609037622753618, 21.337285949406599 ], [ -98.609225529018715, 21.337335753499111 ], [ -98.60934548472234, 21.337425178279265 ], [ -98.609381558875498, 21.337421934666285 ], [ -98.609583406734885, 21.337575178133022 ], [ -98.60971065178245, 21.337705103049959 ], [ -98.609806001199644, 21.337871707116765 ], [ -98.609897367988196, 21.338004778700967 ], [ -98.609989090700566, 21.338138368311885 ], [ -98.610077551364455, 21.33824012565784 ], [ -98.61027925814146, 21.338339467581637 ], [ -98.610359188038984, 21.338372030557604 ], [ -98.610563768418316, 21.338524114934771 ], [ -98.610646826104926, 21.338587351743566 ], [ -98.610845341690919, 21.338675820395316 ], [ -98.611038945038132, 21.338728501522191 ], [ -98.611158832212155, 21.338787465103255 ], [ -98.611352962272321, 21.33884030978977 ], [ -98.611616990032488, 21.338852816285367 ], [ -98.611807123504704, 21.338871541503782 ], [ -98.611960300725372, 21.338893365075002 ], [ -98.612113610990207, 21.338915186680243 ], [ -98.612304276580232, 21.338933934011589 ], [ -98.612457908663956, 21.338955797027211 ], [ -98.612691038812613, 21.339005775816592 ], [ -98.612807750099236, 21.339030796630599 ], [ -98.613078820227116, 21.33907780629114 ], [ -98.613274735479351, 21.339130040859374 ], [ -98.613390083128024, 21.339152900078638 ], [ -98.613542205002986, 21.339171868531388 ], [ -98.613784133690316, 21.339259116798711 ], [ -98.613955498193022, 21.3393572381854 ], [ -98.614095680994708, 21.339494220115537 ], [ -98.614228392208219, 21.339593753286167 ], [ -98.614356939857686, 21.339688399889017 ], [ -98.614524705810524, 21.339781474929051 ], [ -98.61466469267782, 21.339917664582448 ], [ -98.61484621258252, 21.340054666764559 ], [ -98.615056469007271, 21.34011966978278 ], [ -98.615226924993223, 21.340185347755501 ], [ -98.615433420207708, 21.340245266455121 ], [ -98.615548004991126, 21.340235934486259 ], [ -98.615752972410149, 21.340293685137244 ], [ -98.615874332024092, 21.340320615381895 ], [ -98.616079310977483, 21.340377883716577 ], [ -98.616239177493881, 21.340401579012862 ], [ -98.616483047784797, 21.340455696505433 ], [ -98.616658131908864, 21.340523359783631 ], [ -98.616853516407446, 21.340669931266028 ], [ -98.616907997270417, 21.340741989926101 ], [ -98.617148329418882, 21.340951532098007 ], [ -98.617208401587689, 21.341059210417981 ], [ -98.617360794221895, 21.341204826372916 ], [ -98.617582919756401, 21.341306010976783 ], [ -98.617727024739409, 21.341413181762441 ], [ -98.617892668051056, 21.341439766321496 ], [ -98.618058564959313, 21.341466391156438 ], [ -98.61822471804507, 21.341493057052027 ], [ -98.618428370359922, 21.341514875138866 ], [ -98.618569459263384, 21.341457779171158 ], [ -98.618710308720523, 21.341400780803031 ], [ -98.618851738981789, 21.341344563132651 ], [ -98.618983377070279, 21.341249709592404 ], [ -98.619134582567384, 21.341232905943496 ], [ -98.619311360730748, 21.341171372665229 ], [ -98.619439543596727, 21.341075017584036 ], [ -98.619617418272256, 21.341015171246596 ], [ -98.619720485643256, 21.340964277584927 ], [ -98.619910176279689, 21.340944668724269 ], [ -98.620061944415639, 21.340929024016816 ], [ -98.620228615648671, 21.340955175469226 ], [ -98.620400036574509, 21.340984541128055 ], [ -98.620583784699178, 21.34105363407668 ], [ -98.620675899306477, 21.341088270852044 ], [ -98.620949638948389, 21.341190067574278 ], [ -98.621132002457003, 21.341257614929436 ], [ -98.621299186317444, 21.341283067713452 ], [ -98.621517533646795, 21.34134474649106 ], [ -98.621630729433804, 21.341456445772433 ], [ -98.621857331736223, 21.341460248234629 ], [ -98.622054835614335, 21.341555262336954 ], [ -98.622285482696128, 21.341590573291125 ], [ -98.622582117017359, 21.341619756183565 ], [ -98.622813639355826, 21.341683616445351 ], [ -98.622912846729051, 21.341702869938068 ], [ -98.62311141637926, 21.341741407750099 ], [ -98.623244625028377, 21.341786203451651 ], [ -98.623378920202015, 21.341859717931499 ], [ -98.623447364850108, 21.341939641487166 ], [ -98.623614363526059, 21.34198157425773 ], [ -98.623715171862273, 21.342029818102702 ], [ -98.623850165177373, 21.342103903228601 ], [ -98.62398321657075, 21.342149241473415 ], [ -98.624116240781746, 21.342194685208355 ], [ -98.624281174985555, 21.342208007978307 ], [ -98.624381572618006, 21.342256762914435 ], [ -98.624548255743065, 21.342299293702197 ], [ -98.624715301128973, 21.342341918194258 ], [ -98.624815390964713, 21.342361687177672 ], [ -98.624881115243625, 21.342355380345818 ], [ -98.625080639066567, 21.342365616653606 ], [ -98.625247420153215, 21.342379015330305 ], [ -98.625416281468162, 21.34242170649101 ], [ -98.625447300414137, 21.342389250221263 ], [ -98.625569007520696, 21.34223062953474 ], [ -98.625560850175034, 21.342114392280589 ], [ -98.625585499473317, 21.341995466785889 ], [ -98.625608001198657, 21.341848249350431 ], [ -98.625634507642616, 21.341759017980735 ], [ -98.625559516223575, 21.341622339769277 ], [ -98.625552622459907, 21.341508697595231 ], [ -98.625572706053774, 21.341307982033229 ], [ -98.625499788656583, 21.341174061856467 ], [ -98.625526764800426, 21.341087259166791 ], [ -98.625582184256359, 21.34094221720396 ], [ -98.625637379828206, 21.340798065514743 ], [ -98.625724038915706, 21.340651659327886 ], [ -98.625845608253755, 21.340557426925336 ], [ -98.625966775692504, 21.340463506030162 ], [ -98.626091530312252, 21.340424043676919 ], [ -98.626252012660032, 21.340435730917349 ], [ -98.626351466315427, 21.34048082626445 ], [ -98.626542241314539, 21.340462601462924 ], [ -98.626667001527892, 21.340423211502021 ], [ -98.626786672498284, 21.340329548867391 ], [ -98.627000956265633, 21.34022712024931 ], [ -98.627122330230193, 21.340161031137484 ], [ -98.627240734259843, 21.340068204711518 ], [ -98.627301157478144, 21.340035321411747 ], [ -98.627419012756349, 21.339942900446999 ], [ -98.627507861849892, 21.339880452758251 ], [ -98.627656492885322, 21.339785633461837 ], [ -98.627807621681129, 21.339717689748827 ], [ -98.62793008885545, 21.33967878356383 ], [ -98.62805246459655, 21.339639906057524 ], [ -98.628174748098544, 21.339601059908158 ], [ -98.628293698046079, 21.339535858606741 ], [ -98.628381119743651, 21.339473936628629 ], [ -98.628496313620005, 21.339382810313825 ], [ -98.628555461672548, 21.339350451818188 ], [ -98.628697968547655, 21.339230447817172 ], [ -98.628812396310337, 21.339139550762809 ], [ -98.628929984419926, 21.339075095236421 ], [ -98.629012806804838, 21.338987580383378 ], [ -98.629153915367269, 21.338868260896195 ], [ -98.629236203916079, 21.338781273241036 ], [ -98.629349209229787, 21.338691534257851 ], [ -98.62940378384242, 21.338633816085007 ], [ -98.629489141528495, 21.338573227423748 ], [ -98.629636054524369, 21.338506803743091 ], [ -98.629790255709722, 21.338492060185295 ], [ -98.629909586956046, 21.338454850706881 ], [ -98.630090301087378, 21.33841195932267 ], [ -98.630205376748691, 21.338349170160107 ], [ -98.630328247610521, 21.338337749245255 ], [ -98.630481797673298, 21.338323476939387 ], [ -98.630604609003839, 21.338312061746581 ], [ -98.630731572189504, 21.338326280345214 ], [ -98.630885077718403, 21.338312007930437 ], [ -98.630942197905583, 21.338280681241272 ], [ -98.631109039307958, 21.338161180365987 ], [ -98.631218218270661, 21.338073582880469 ], [ -98.631335732068919, 21.338037223281589 ], [ -98.631457418194941, 21.338026461203018 ], [ -98.631618291626864, 21.338064057951748 ], [ -98.631779314551054, 21.338101689597696 ], [ -98.631900970195744, 21.338090901929807 ], [ -98.632052953430971, 21.338077427288624 ], [ -98.632230539009214, 21.338035750531798 ], [ -98.632377530113502, 21.337996823022635 ], [ -98.632494020995949, 21.337960631877021 ], [ -98.632611909620792, 21.33792313298547 ], [ -98.63272008799963, 21.337834848165013 ], [ -98.63282803300838, 21.337746753779065 ], [ -98.632976411779026, 21.337706153585597 ], [ -98.633067785605988, 21.337697471085775 ], [ -98.633290079800119, 21.337728587301832 ], [ -98.633409080654133, 21.337719266399152 ], [ -98.633581758672079, 21.337680367361514 ], [ -98.633734744304633, 21.33769435076572 ], [ -98.633847707020905, 21.33766005686439 ], [ -98.633989903538705, 21.337623584495081 ], [ -98.634131775274682, 21.337587194525394 ], [ -98.634302658964231, 21.337548659422975 ], [ -98.63438015276482, 21.337491635384065 ], [ -98.634516595678605, 21.337429866706721 ], [ -98.63461841024332, 21.337345272778936 ], [ -98.634656563084192, 21.337240191765979 ], [ -98.634723690957969, 21.337133260138746 ], [ -98.634814534892769, 21.336999569899088 ], [ -98.634851644789478, 21.336895981467944 ], [ -98.634912017915454, 21.336766134767917 ], [ -98.634943242963004, 21.336638976628951 ], [ -98.634974344496214, 21.336512326039696 ], [ -98.635044762930164, 21.33643279772388 ], [ -98.635114979916423, 21.33635349741072 ], [ -98.63519037056534, 21.3362986804005 ], [ -98.635323090789043, 21.336239683280336 ], [ -98.635432447319403, 21.336206971818328 ], [ -98.635536123848269, 21.336150191812923 ], [ -98.635674168223019, 21.336115133372498 ], [ -98.635754837293632, 21.336084363962929 ], [ -98.635841120755458, 21.336077576645788 ], [ -98.635984815779963, 21.336066273022709 ], [ -98.636076768013723, 21.336083431138885 ], [ -98.636284192314207, 21.336091075050476 ], [ -98.636372972284278, 21.336082372296875 ], [ -98.636544769176666, 21.336040908782646 ], [ -98.63660974817887, 21.33605916240262 ] ] } },
{ "type": "Feature", "properties": { "ID_OBRA": "1018_San Felipe Orizatlán", "No.": 1018.0, "Municipio": "San Felipe Orizatlán", "Rubro": "Infraestructura Carretera", "Ejercicio": 2023.0, "Obra": "Reconstrucción de la C.E. Piedra Hincada - Las Piedras, en el Municipio de San Felipe Orizatlán.", "Localidad": "San Felipe Orizatlán", "Inversión": 36338660.96, "Habitantes.beneficiados": 1487.0, "Ejecutora": "DGCCE", "Trabajos": "Considera trabajos para la reconstrucción y/o conservación de Infraestructura Carretera en la localidad de San Felipe Orizatlán municipio de San Felipe Orizatlán", "Geometria_tipo": "Línea", "extract": 0.2218984324778735 }, "geometry": { "type": "LineString", "coordinates": [ [ -98.588871062914265, 21.177152238380437 ], [ -98.588893360439911, 21.1774184231645 ], [ -98.588839509087691, 21.177709752742597 ], [ -98.588857697703247, 21.177860642234741 ], [ -98.588837768021705, 21.17802402964422 ], [ -98.588803727954044, 21.178152860002232 ], [ -98.588721472241559, 21.17837605525342 ], [ -98.588639098224689, 21.178599569568089 ], [ -98.588619076604544, 21.178763708368464 ], [ -98.588599089682987, 21.178928001014381 ], [ -98.588589566162284, 21.179009910929796 ], [ -98.58849882654863, 21.179315594158815 ], [ -98.588455735281357, 21.179527369987305 ], [ -98.588398192686867, 21.179704518384852 ], [ -98.588326143555847, 21.179846894010634 ], [ -98.588254012117631, 21.179989432452931 ], [ -98.588196086795051, 21.180167329467142 ], [ -98.588099667379751, 21.180357912836339 ], [ -98.588027254511829, 21.180501041953075 ], [ -98.587969040849202, 21.180679688170997 ], [ -98.587872245014694, 21.180871060112722 ], [ -98.587852674040349, 21.181037655951151 ], [ -98.587780799739207, 21.181181272386041 ], [ -98.587722034197128, 21.181361025975889 ], [ -98.58769127315044, 21.181612479044997 ], [ -98.587632082620928, 21.181792897214617 ], [ -98.587472016715267, 21.182046773108191 ], [ -98.587360830731271, 21.182204301694533 ], [ -98.587276792153304, 21.182434058475923 ], [ -98.587218008970495, 21.182615549378948 ], [ -98.587144710389055, 21.182761325042101 ], [ -98.58707130474842, 21.182907290111814 ], [ -98.587011917234875, 21.183089568613891 ], [ -98.586938182683056, 21.183235948113033 ], [ -98.586839730163902, 21.183431399007716 ], [ -98.586780029075385, 21.183614490703757 ], [ -98.586681288010197, 21.183810565651932 ], [ -98.58664609941772, 21.183945122590639 ], [ -98.58653657904857, 21.184227438280832 ], [ -98.586437249961989, 21.184424483503534 ], [ -98.586323319438918, 21.184585147645439 ], [ -98.586251845427327, 21.184855978265862 ], [ -98.58613801956929, 21.185017344702636 ], [ -98.586038453018389, 21.185215841211615 ], [ -98.5859515835336, 21.185450722119874 ], [ -98.585865711945161, 21.185686735684463 ], [ -98.585741834407386, 21.185937325156114 ], [ -98.585626784003992, 21.186099893420803 ], [ -98.585525802315871, 21.186299812930582 ], [ -98.585411648972794, 21.186464063701639 ], [ -98.585376045296869, 21.186602507568825 ], [ -98.585300651235698, 21.18675387724673 ], [ -98.585211968610508, 21.186990619781046 ], [ -98.585109557023785, 21.187190909325629 ], [ -98.584993879231888, 21.187355461584804 ], [ -98.584878041922408, 21.187520241681394 ], [ -98.584762035120363, 21.187685232300336 ], [ -98.584645819861535, 21.187850352235255 ], [ -98.584608804807431, 21.187989436859656 ], [ -98.584546123368526, 21.18817945116658 ], [ -98.584483346501642, 21.188369756003958 ], [ -98.584460322761387, 21.188547361326336 ], [ -98.584357502858737, 21.188751241319814 ], [ -98.584334348979041, 21.188929405832173 ], [ -98.584311160139734, 21.189107838716748 ], [ -98.584233796012498, 21.189261396788179 ], [ -98.584264677671058, 21.189465513067578 ], [ -98.584241383401505, 21.189644755105835 ], [ -98.584258118295978, 21.189811190606328 ], [ -98.584272323704369, 21.189849568214459 ], [ -98.584211415479004, 21.190171010329479 ], [ -98.584214002689663, 21.190299900099827 ], [ -98.584205049121209, 21.190519913807346 ], [ -98.584141524788592, 21.190714537813474 ], [ -98.584091855564935, 21.190947056469529 ], [ -98.584027790701896, 21.191140851769156 ], [ -98.583977855357475, 21.191373673343847 ], [ -98.583913618695135, 21.191568041156717 ], [ -98.583863513072075, 21.191801567176789 ], [ -98.583865859308986, 21.191931985821281 ], [ -98.583842082734179, 21.192115225111685 ], [ -98.583858685438415, 21.192285177555785 ], [ -98.583875252985408, 21.192455036190786 ], [ -98.583933321142027, 21.192617312442888 ], [ -98.5838422874765, 21.192865476630651 ], [ -98.583791984344003, 21.193102417137496 ], [ -98.583715501482473, 21.193394621266133 ], [ -98.583691538175458, 21.193580918145628 ], [ -98.583667532976349, 21.193767538633701 ], [ -98.583739429575502, 21.193967680464961 ], [ -98.583756237810803, 21.194141543752608 ], [ -98.583799494171458, 21.194262038657087 ], [ -98.583789940963356, 21.194490158392622 ], [ -98.583780366364081, 21.194718771375204 ], [ -98.583782802818831, 21.194853474660903 ], [ -98.583869701930851, 21.195096336211897 ], [ -98.583942284378296, 21.195299185774605 ], [ -98.583988487291137, 21.195556739978187 ], [ -98.583964380060266, 21.195745985328987 ], [ -98.583954479917651, 21.195973856533978 ], [ -98.583874289629762, 21.196134421676874 ], [ -98.583822855316555, 21.196374586521362 ], [ -98.583798140844394, 21.196561396849848 ], [ -98.583717882200617, 21.196723816747113 ], [ -98.583611467087223, 21.19694832346747 ], [ -98.583545402917181, 21.197151425560627 ], [ -98.583479247003737, 21.197354807878167 ], [ -98.583454488294848, 21.1975457326606 ], [ -98.583456651797874, 21.197682742707336 ], [ -98.583433996086683, 21.198011539744893 ], [ -98.583450551672229, 21.198188107205478 ], [ -98.583426423355817, 21.198390271768918 ], [ -98.58348544176134, 21.198564553712604 ], [ -98.583502838840346, 21.198751890358011 ], [ -98.583519722134909, 21.19893259673276 ], [ -98.58349499418776, 21.199128864934931 ], [ -98.583413899465057, 21.199299257008231 ], [ -98.583276310746513, 21.199443674106064 ], [ -98.583094707442683, 21.199463419645589 ], [ -98.582885769629158, 21.199540166817176 ], [ -98.582663688571174, 21.19971053196889 ], [ -98.582581503478082, 21.199874690941417 ], [ -98.582555687086241, 21.20006527261873 ], [ -98.582529877724426, 21.20025816425327 ], [ -98.582546068584591, 21.200440186798666 ], [ -98.582618815629672, 21.200647324710111 ], [ -98.582635095978333, 21.200829903359534 ], [ -98.582735751217001, 21.20099153865748 ], [ -98.582752527401865, 21.201189548507511 ], [ -98.582834097744396, 21.201421193667262 ], [ -98.582629558583449, 21.201687479892321 ], [ -98.582474195934481, 21.201737564185425 ], [ -98.582345591319609, 21.201859266444881 ], [ -98.582230286076992, 21.202016899123183 ], [ -98.582206089453251, 21.202185494336749 ], [ -98.582207443337296, 21.202306040711864 ], [ -98.582196701723873, 21.202511142214494 ], [ -98.582184563843796, 21.202595549257151 ], [ -98.582187148391029, 21.202836699701269 ], [ -98.58217629734601, 21.20304210425396 ], [ -98.58210075043192, 21.203309097820942 ], [ -98.582062920661912, 21.203442794665275 ], [ -98.582038508118799, 21.20361281260022 ], [ -98.582051957132947, 21.203649024373473 ], [ -98.581975943021959, 21.203917336620748 ], [ -98.581990585135614, 21.20407529155592 ], [ -98.582005244290855, 21.204233419188775 ], [ -98.582059086697967, 21.204379072702377 ], [ -98.582086721800209, 21.204575522943795 ], [ -98.582087767254677, 21.204698471431911 ], [ -98.58201027501363, 21.20484672909819 ], [ -98.581814373523002, 21.205033959875738 ], [ -98.5816970964067, 21.205195624560101 ], [ -98.581579645489043, 21.205357529310792 ], [ -98.581554711991998, 21.205530347121329 ], [ -98.581490154334276, 21.205716417896056 ], [ -98.581451582727155, 21.205852873481408 ], [ -98.581426531247999, 21.206026283922135 ], [ -98.581401450422561, 21.206199893711347 ], [ -98.581269693527489, 21.206326451120887 ], [ -98.581243484295953, 21.206376643882546 ], [ -98.581071610559448, 21.206642909890711 ], [ -98.580952127986308, 21.206808651945579 ], [ -98.580858967002058, 21.206923857613901 ], [ -98.580698863219752, 21.207103798200158 ], [ -98.580565534970688, 21.207232223291832 ], [ -98.580446483943831, 21.20739639783686 ], [ -98.580314210921813, 21.207522554324711 ], [ -98.580207389343798, 21.207600003565553 ], [ -98.580061364539603, 21.207815394466863 ], [ -98.579941616682731, 21.207980562946119 ], [ -98.579835631640336, 21.208182756310123 ], [ -98.579796499696656, 21.208320773463175 ], [ -98.579771256736521, 21.208495691014086 ], [ -98.579786447115978, 21.208656843839343 ], [ -98.579720743428325, 21.208845724072987 ], [ -98.579669012403727, 21.209071386426121 ], [ -98.579566152113145, 21.209267702228242 ], [ -98.579439577294053, 21.209446326512371 ], [ -98.579317817057415, 21.209615334726365 ], [ -98.579341546084521, 21.209799224695104 ], [ -98.579200751810859, 21.210072736194849 ], [ -98.579147821871075, 21.21017562619026 ], [ -98.579146368864912, 21.210321122424503 ], [ -98.579052902091675, 21.210407746732898 ], [ -98.578970533554411, 21.210520256334583 ], [ -98.578905797925501, 21.210598385654102 ], [ -98.578775981354468, 21.21075506309564 ], [ -98.578681666675621, 21.210842566109523 ], [ -98.578616433628625, 21.21092127262747 ], [ -98.578490927273322, 21.21101969948699 ], [ -98.578342262374719, 21.211066821192347 ], [ -98.578193511475561, 21.211113972637762 ], [ -98.578104218352195, 21.211142275895778 ], [ -98.57793679652741, 21.211224811704191 ], [ -98.577798279166686, 21.211298810135371 ], [ -98.577699634102032, 21.211390594018159 ], [ -98.577611504162107, 21.211509140527436 ], [ -98.577512721486556, 21.211601065214502 ], [ -98.57742444168521, 21.21171979482699 ], [ -98.577355538817983, 21.211802220115953 ], [ -98.577280755943008, 21.211944450634594 ], [ -98.577235692978604, 21.212077599526928 ], [ -98.577179446618032, 21.212184707164567 ], [ -98.577112019011125, 21.21226560743014 ], [ -98.577065343099733, 21.212400942233643 ], [ -98.577016899582432, 21.212538289193471 ], [ -98.576948748774427, 21.212620120546891 ], [ -98.576910037688506, 21.212785551001055 ], [ -98.576851593859416, 21.212895469415631 ], [ -98.576763691006775, 21.213014395502725 ], [ -98.576699413919073, 21.213185447841912 ], [ -98.576632065088191, 21.213266857640697 ], [ -98.576597610626379, 21.213429278757989 ], [ -98.576462111143925, 21.213593347923371 ], [ -98.576416160986156, 21.213729926324259 ], [ -98.57637643344377, 21.213804471865839 ], [ -98.576315768040061, 21.213917205702607 ], [ -98.576214626312208, 21.214105153831238 ], [ -98.576117492154253, 21.214290278665541 ], [ -98.576048263102777, 21.21437414244711 ], [ -98.576001167555759, 21.214512860243289 ], [ -98.575899987666617, 21.214607661424886 ], [ -98.57582975892403, 21.214692446099587 ], [ -98.575751326036666, 21.214842036803518 ], [ -98.575703430530311, 21.214982167384949 ], [ -98.575652933607842, 21.215029697005999 ], [ -98.575523274915881, 21.21522808284961 ], [ -98.575463773753341, 21.21534150701946 ], [ -98.575353241239839, 21.215503192085439 ], [ -98.57529336505911, 21.215617272586975 ], [ -98.575233530085995, 21.215731588610659 ], [ -98.575142985479104, 21.215856219232396 ], [ -98.57510298437802, 21.215932829448587 ], [ -98.575022749240773, 21.216086495930309 ], [ -98.574962367939577, 21.216202135860318 ], [ -98.574913371649671, 21.216346741155569 ], [ -98.574841259681719, 21.21643448141575 ], [ -98.574728237065983, 21.216600224547513 ], [ -98.574666882831565, 21.216717243104146 ], [ -98.574573792469309, 21.216844831013688 ], [ -98.574469354914513, 21.216943687225079 ], [ -98.574407250517183, 21.217061315575378 ], [ -98.574324312052212, 21.217218661007394 ], [ -98.574261971828875, 21.217337042066671 ], [ -98.574178621581623, 21.217495321763447 ], [ -98.574084099133088, 21.217624706119519 ], [ -98.57404219858816, 21.217704232748563 ], [ -98.573873296625905, 21.217924363774777 ], [ -98.573809987194565, 21.218044426706268 ], [ -98.573767703718971, 21.218124621066771 ], [ -98.57370413923195, 21.218245005818037 ], [ -98.573608357801703, 21.218375979986558 ], [ -98.57354446779992, 21.218496944970056 ], [ -98.573426894582738, 21.218669060534047 ], [ -98.57336262403112, 21.218790688221368 ], [ -98.573298204797467, 21.218912595968515 ], [ -98.57323363633445, 21.21903478513882 ], [ -98.573168918835165, 21.21915725785605 ], [ -98.573093088991797, 21.21935154979764 ], [ -98.573006280549535, 21.219515905429763 ], [ -98.572875562119634, 21.219763395544348 ], [ -98.572777446387391, 21.219898080608822 ], [ -98.572701058686306, 21.219991548968689 ], [ -98.572613039191737, 21.220158231006547 ], [ -98.57252457293265, 21.220326069969428 ], [ -98.57248022008568, 21.220410214881984 ], [ -98.572368989695519, 21.220621240142979 ], [ -98.572246663780149, 21.220801881631886 ], [ -98.572179439793047, 21.220929278325755 ], [ -98.572077301818794, 21.221174809549446 ], [ -98.572032123488228, 21.221260541907952 ], [ -98.57191881389403, 21.221475561042105 ], [ -98.571827790234209, 21.221648288051611 ], [ -98.571658168867415, 21.22207658110943 ], [ -98.571410057281952, 21.222482660904497 ], [ -98.571135957886924, 21.222736044249455 ], [ -98.570797794730126, 21.223175642801266 ], [ -98.570755328683589, 21.22318949393286 ], [ -98.570623064699689, 21.223439305878934 ], [ -98.570485621519509, 21.223566739318699 ], [ -98.570363403982498, 21.223731121870372 ], [ -98.570325745473099, 21.223868455611942 ], [ -98.570203025258706, 21.224033636174767 ], [ -98.570149832771946, 21.224134549201469 ], [ -98.570026989342225, 21.224300227357151 ], [ -98.569946714195638, 21.224452417825837 ], [ -98.569823236218951, 21.224619014288592 ], [ -98.569699410811296, 21.224786073415444 ], [ -98.569547131179988, 21.225005325464338 ], [ -98.569438356891851, 21.225210965293542 ], [ -98.56929801242245, 21.225341855571472 ], [ -98.569259279147047, 21.225482901467149 ], [ -98.569134308053421, 21.225652279861063 ], [ -98.569051924508315, 21.225808265110366 ], [ -98.568969284977697, 21.225964733490475 ], [ -98.568843175721113, 21.226135702917031 ], [ -98.568759950318423, 21.226293175221699 ], [ -98.568632353262416, 21.226465184831429 ], [ -98.568548502739688, 21.226623606353417 ], [ -98.568464295693133, 21.22678249809076 ], [ -98.568395333786228, 21.226980969923677 ], [ -98.568413508791807, 21.22715188030562 ], [ -98.568387962405993, 21.227337678174997 ], [ -98.568406194149517, 21.227509975445674 ], [ -98.568424386995176, 21.227682884429896 ], [ -98.568338832333524, 21.22784503770157 ], [ -98.56820899153081, 21.2280220076284 ], [ -98.568138267243853, 21.22822516758951 ], [ -98.568126902044767, 21.228454891020757 ], [ -98.568100050468502, 21.228645191996144 ], [ -98.568115485653095, 21.228685632106192 ], [ -98.568030617775193, 21.228987163302371 ], [ -98.568040915734969, 21.229389886325826 ], [ -98.567978886292735, 21.229717260849608 ], [ -98.567791271122758, 21.23008848042501 ], [ -98.567756687351221, 21.230294591650789 ], [ -98.567787440138261, 21.230441014277137 ], [ -98.567818320822312, 21.230588050948285 ], [ -98.567807334466707, 21.230749475324977 ], [ -98.567838387553408, 21.230897772557011 ], [ -98.567869570798976, 21.231046696544077 ], [ -98.567900794717445, 21.23119631509687 ], [ -98.567929767206991, 21.231348200828606 ], [ -98.567875476325128, 21.231527396224529 ], [ -98.567845058453457, 21.23165889065308 ], [ -98.567790423832832, 21.231839279560766 ], [ -98.567623073328477, 21.231893033719313 ], [ -98.567497524597286, 21.231933360390233 ], [ -98.567183749272388, 21.231994496413961 ], [ -98.567013819384385, 21.232049973300118 ], [ -98.566801492134005, 21.232119293807102 ], [ -98.566547092881621, 21.232202243908187 ], [ -98.566336281896199, 21.232270556392471 ], [ -98.566127826869035, 21.232337178011544 ], [ -98.565919132734621, 21.232403904348526 ], [ -98.565710106040441, 21.232470829299036 ], [ -98.565417273922748, 21.23256458450469 ], [ -98.565082327784069, 21.232671823017981 ], [ -98.564813990909201, 21.232717237228393 ], [ -98.56461282657979, 21.232700718931884 ], [ -98.564412014040101, 21.232684230943974 ], [ -98.56416957910325, 21.23268128602524 ], [ -98.563943617719801, 21.232713599602587 ], [ -98.563717521434185, 21.232746198070476 ], [ -98.56332328176056, 21.232833440706699 ], [ -98.563086793865097, 21.2329503875592 ], [ -98.562808005850471, 21.233081066780816 ], [ -98.562655214284646, 21.233170994563086 ], [ -98.562349182206887, 21.23335111363383 ], [ -98.562195942520262, 21.233441305509988 ], [ -98.561973397222971, 21.23359463402161 ], [ -98.561819664977037, 21.233685202261171 ], [ -98.56162353164099, 21.233789569793149 ], [ -98.561484285501791, 21.233916578557402 ], [ -98.56135959713788, 21.234080126311529 ], [ -98.561192284041439, 21.234257704482399 ], [ -98.561079788403518, 21.234335474096973 ], [ -98.560911499547245, 21.23451428117459 ], [ -98.560742845508869, 21.234693475261988 ], [ -98.560573824789401, 21.234873058024576 ], [ -98.56053233821406, 21.235011318914744 ], [ -98.560419917060884, 21.235214767601217 ], [ -98.560349901698075, 21.235404944211112 ], [ -98.56027965185072, 21.235595756553963 ], [ -98.560252075355876, 21.235773252236431 ], [ -98.5602673885749, 21.235937396748927 ], [ -98.560254294765386, 21.236153897060607 ], [ -98.560255037589087, 21.236281457144546 ], [ -98.560198850662943, 21.236513311550901 ], [ -98.560214297066366, 21.236680006009312 ], [ -98.560244464122547, 21.236885811406481 ], [ -98.560144309112417, 21.237134816748966 ], [ -98.560014305541188, 21.237307343009164 ], [ -98.559883931319717, 21.237480362977408 ], [ -98.559796871928825, 21.23763976446255 ], [ -98.559607505418029, 21.237788666164345 ], [ -98.559505325458829, 21.237909563891208 ], [ -98.559373600231766, 21.238084269188029 ], [ -98.559153751306013, 21.238287788460131 ], [ -98.558948701798428, 21.23839821662138 ], [ -98.558859690857631, 21.238560006248409 ], [ -98.558668294520132, 21.238710660058 ], [ -98.558520560937765, 21.238847394167095 ], [ -98.558358572551626, 21.238944220526651 ], [ -98.558254603482624, 21.239066852692588 ], [ -98.558062349449358, 21.239218052048443 ], [ -98.557856086975207, 21.239329030275595 ], [ -98.557676188375382, 21.239522191688266 ], [ -98.557513121584662, 21.239619822288763 ], [ -98.557305912330932, 21.239731576686282 ], [ -98.557200717676338, 21.239855289877106 ], [ -98.5570069195672, 21.2400076609288 ], [ -98.556838644436255, 21.240243259275907 ], [ -98.556803659053116, 21.240435992541961 ], [ -98.556273336901583, 21.240817630727832 ], [ -98.555772481714072, 21.241410871544655 ], [ -98.555364508109648, 21.241740586061873 ], [ -98.555254258145453, 21.241894533265619 ], [ -98.555125009085458, 21.242015348127044 ], [ -98.554972092402139, 21.24218379068569 ], [ -98.554757059656993, 21.242333330443753 ], [ -98.554643925695089, 21.242490013194505 ], [ -98.554509582774784, 21.242614815830905 ], [ -98.554379799482604, 21.24273637099445 ], [ -98.554241479759966, 21.24294248081867 ], [ -98.554058852842559, 21.243164129422311 ], [ -98.553985049863229, 21.243310231357931 ], [ -98.553942525624478, 21.24332408684166 ], [ -98.553758293540611, 21.243547442187335 ], [ -98.553640315782772, 21.243708987990555 ], [ -98.553454201925348, 21.243934188976901 ], [ -98.553403499687121, 21.244033255849619 ], [ -98.553233985148452, 21.244295294730389 ], [ -98.553089987671527, 21.244508081255713 ], [ -98.553056393932735, 21.24464397576125 ], [ -98.553014646984877, 21.24486654990012 ], [ -98.552955845707189, 21.245053405419707 ], [ -98.552879429594938, 21.245204408653795 ], [ -98.552802634093226, 21.245355909957624 ], [ -98.552621890617246, 21.245499087034077 ], [ -98.552414955048732, 21.245693327402876 ], [ -98.552120493082725, 21.2459163247125 ], [ -98.551938240387841, 21.246060605969067 ], [ -98.55166986114898, 21.246232821061106 ], [ -98.55153065481953, 21.246363408345896 ], [ -98.551304754052197, 21.246522188385075 ], [ -98.551121694233089, 21.246667272966889 ], [ -98.550954787138735, 21.246850365149047 ], [ -98.550797906421394, 21.246944224177991 ], [ -98.550684245062143, 21.247024144651103 ], [ -98.550526900696795, 21.247118244750311 ], [ -98.550342156109437, 21.247264515586686 ], [ -98.550184164161919, 21.247358943013687 ], [ -98.550096900991562, 21.247387181557997 ], [ -98.549895988286451, 21.24749552660294 ], [ -98.549694505732845, 21.247604098286295 ], [ -98.549564114044372, 21.247646292281839 ], [ -98.549287179580205, 21.247692511785669 ], [ -98.549053819659065, 21.247724664841996 ], [ -98.548923368719656, 21.247766870331848 ], [ -98.548631008736692, 21.247774872837642 ], [ -98.548410726211188, 21.247716528550281 ], [ -98.548324019201928, 21.247744564173878 ], [ -98.547989833959221, 21.247766387638631 ], [ -98.547903147710315, 21.247794409960886 ], [ -98.547627881083059, 21.247840324508346 ], [ -98.547324444727636, 21.247938380508518 ], [ -98.547194472604076, 21.24798034009746 ], [ -98.546949033525578, 21.248102735399755 ], [ -98.54671797013367, 21.248263739160851 ], [ -98.546514914269494, 21.248372733223288 ], [ -98.546224629791737, 21.248510023639891 ], [ -98.546094038271377, 21.24855232459511 ], [ -98.545861704277186, 21.248714064193479 ], [ -98.545600309648037, 21.248798609513138 ], [ -98.54539655388885, 21.248907887299641 ], [ -98.545178650595261, 21.248978391259289 ], [ -98.544932935193131, 21.248971209726637 ], [ -98.544701514662165, 21.24900281746471 ], [ -98.544413247595088, 21.249009682161741 ], [ -98.544212400708858, 21.248988439178717 ], [ -98.543925261171609, 21.248995305272331 ], [ -98.543768653546365, 21.248960103964279 ], [ -98.543469484477541, 21.248928432398547 ], [ -98.543184179688794, 21.248935335367705 ], [ -98.542886606444483, 21.248903791878597 ], [ -98.542675038974266, 21.248844479592215 ], [ -98.542575799305595, 21.24883403324603 ], [ -98.542210237867621, 21.248740184061781 ], [ -98.541913937672348, 21.248709057002614 ], [ -98.541661392327157, 21.248664115740365 ], [ -98.541507709102476, 21.248629593273922 ], [ -98.54115802457936, 21.248574549051067 ], [ -98.540950192744859, 21.248516095531137 ], [ -98.540688158046876, 21.248433776074041 ], [ -98.540469932204147, 21.248337951178062 ], [ -98.540209976218819, 21.248256221638368 ], [ -98.540004906620908, 21.248198535387701 ], [ -98.539746475391055, 21.248117271620771 ], [ -98.539488902120695, 21.248036278510529 ], [ -98.539328157708113, 21.247965462497508 ], [ -98.539104710980808, 21.247996520752807 ], [ -98.538967260719772, 21.248163113216918 ], [ -98.538882914980093, 21.248354007185629 ], [ -98.538841043023368, 21.248531875043344 ], [ -98.538767093183111, 21.248762034199764 ], [ -98.538692792533723, 21.248993270433022 ], [ -98.538639455577894, 21.249135302913757 ], [ -98.538510721105681, 21.249343807342488 ], [ -98.538424614811106, 21.249539205235106 ], [ -98.538370615423474, 21.249682757535499 ], [ -98.538337992909462, 21.249904295586372 ], [ -98.538294437370709, 21.250087873942736 ], [ -98.538294167907978, 21.250258115702756 ], [ -98.538239428559095, 21.25040381534842 ], [ -98.538096939093776, 21.250578190644095 ], [ -98.537920853061735, 21.250806823793241 ], [ -98.537800055010948, 21.250888893246241 ], [ -98.537547582330646, 21.251013552699259 ], [ -98.537447230272988, 21.251175544417187 ], [ -98.537444980027018, 21.251349617360287 ], [ -98.537344121967109, 21.251512685953347 ], [ -98.537198803887691, 21.251690538259378 ], [ -98.537108217415678, 21.251894900255827 ], [ -98.537009968281581, 21.252058303260497 ], [ -98.536933346240176, 21.252127020699451 ], [ -98.536757949852827, 21.25235983605231 ], [ -98.536647034075244, 21.252484028255243 ], [ -98.536600249751828, 21.252676327524259 ], [ -98.536553296979065, 21.252869327594489 ], [ -98.536338569011519, 21.253162041842529 ], [ -98.536235681336777, 21.253329810165852 ], [ -98.536063544973231, 21.253610495750859 ], [ -98.53591513046166, 21.253794050631864 ], [ -98.535811087569527, 21.253963616197058 ], [ -98.535572127592658, 21.254177313705291 ], [ -98.535345539140167, 21.254432375652151 ], [ -98.535163781656877, 21.254673356653289 ], [ -98.535064455962342, 21.254841660246878 ], [ -98.534998145780719, 21.254954021969738 ], [ -98.534807408414906, 21.255152587924705 ], [ -98.534623249467629, 21.255396169276359 ], [ -98.534483556059783, 21.255625994068165 ], [ -98.534331482263752, 21.255814583070915 ], [ -98.534213718440199, 21.255946129508771 ], [ -98.534013724103147, 21.256151443630316 ], [ -98.533810991151483, 21.256358713135764 ], [ -98.533662921331512, 21.256595667604898 ], [ -98.533465235010382, 21.256800385760997 ], [ -98.533305391280706, 21.256945301207406 ], [ -98.533151327945035, 21.257136855640312 ], [ -98.532987465217332, 21.257284560745269 ], [ -98.532832628518534, 21.257476994468249 ], [ -98.532713910624537, 21.257610513198816 ], [ -98.532529321309198, 21.257909301009846 ], [ -98.532371024170246, 21.258104924370169 ], [ -98.532147702256324, 21.258226086494961 ], [ -98.531988487531279, 21.258422605629576 ], [ -98.531875290575798, 21.258604532446441 ], [ -98.531863749347082, 21.258802174968434 ], [ -98.532178918584606, 21.259175117962439 ], [ -98.532414743071485, 21.259311281321008 ], [ -98.53279685783788, 21.259743837440105 ], [ -98.532961122833058, 21.259949432410711 ], [ -98.533100246078718, 21.260077654521169 ], [ -98.533283627214857, 21.260192146294926 ], [ -98.533423760081945, 21.260321207426646 ], [ -98.533564369276036, 21.260450705536037 ], [ -98.533705454899078, 21.260580642788561 ], [ -98.533860443802411, 21.260750824976334 ], [ -98.53403320199908, 21.260827537410595 ], [ -98.534220007248507, 21.26094444653155 ], [ -98.53434942903634, 21.261035997531966 ], [ -98.534550861094047, 21.261194146905989 ], [ -98.53479763004718, 21.261338612413496 ], [ -98.534986948546162, 21.261457538646191 ], [ -98.535192058558678, 21.261615779216537 ], [ -98.535369467709401, 21.261692346900865 ], [ -98.535561682084321, 21.261808864250501 ], [ -98.535650126615167, 21.261914717575348 ], [ -98.535797836741509, 21.26204689681828 ], [ -98.535975833094227, 21.262124177067459 ], [ -98.536153135028087, 21.26234154063954 ], [ -98.536301681326762, 21.262478621828066 ], [ -98.53646573218856, 21.262657884589849 ], [ -98.536615584312216, 21.262795685939853 ], [ -98.536766010849675, 21.262934015672219 ], [ -98.53688657393225, 21.262988225388 ], [ -98.537008037182829, 21.263184981806422 ], [ -98.537266307336751, 21.263338140030108 ], [ -98.537449100604178, 21.263421230745458 ], [ -98.53766331234192, 21.263588242912139 ], [ -98.537907653252503, 21.26369653444382 ], [ -98.538107450271838, 21.26382146725112 ], [ -98.538337644121739, 21.263889252108527 ], [ -98.538613836377962, 21.263941733146218 ], [ -98.538890546160218, 21.263994311459943 ], [ -98.538981537012774, 21.263963385117055 ], [ -98.539287562781169, 21.263957215230477 ], [ -98.539548321059442, 21.263966510102957 ], [ -98.539701858300063, 21.263963963965857 ], [ -98.539950638517041, 21.263936411977568 ], [ -98.540153534260554, 21.26392299467393 ], [ -98.540403443101013, 21.263895327747111 ], [ -98.540560649644007, 21.263896072006133 ], [ -98.540811602865332, 21.263868310968149 ], [ -98.541016350099767, 21.263854757906579 ], [ -98.541333256764602, 21.263856173081813 ], [ -98.541492163583129, 21.263856882270563 ], [ -98.541696324461626, 21.263841349218069 ], [ -98.541881667404724, 21.263781382544199 ], [ -98.542241703513724, 21.263762805078276 ], [ -98.542354268030238, 21.263777514586714 ], [ -98.542712805721919, 21.263757072521599 ], [ -98.543006800937718, 21.263708230179244 ], [ -98.543162842475397, 21.263705366763631 ], [ -98.543475116113299, 21.263699636302842 ], [ -98.543759999005204, 21.263752423837868 ], [ -98.543999346142272, 21.263820673946267 ], [ -98.544220569250925, 21.263845735783988 ], [ -98.544396473023127, 21.263886515265536 ], [ -98.544611822275158, 21.264015222240939 ], [ -98.544781471874472, 21.264159694030607 ], [ -98.544951719428781, 21.264304669555976 ], [ -98.54514962686612, 21.26439065496989 ], [ -98.545355403910719, 21.264373196165099 ], [ -98.545581009121847, 21.26439983725372 ], [ -98.545787128441575, 21.264382362401463 ], [ -98.545993370229056, 21.264364875924063 ], [ -98.546153130166672, 21.264362792254939 ], [ -98.546326622083441, 21.264508843395756 ], [ -98.54656773224319, 21.264684383145504 ], [ -98.54672226560092, 21.264786970373134 ], [ -98.546944568343264, 21.264918986553731 ], [ -98.547120665618337, 21.265067033934031 ], [ -98.547316260444518, 21.265259589503085 ], [ -98.54748576901433, 21.26540431214703 ], [ -98.547627646328067, 21.265609282005713 ], [ -98.547862406177032, 21.265782288701786 ], [ -98.548038664507018, 21.265931340006524 ], [ -98.548149055942758, 21.266052190753072 ], [ -98.54841506067028, 21.266277199206481 ], [ -98.548593081599137, 21.266427782159429 ], [ -98.54874978460127, 21.266643374283522 ], [ -98.549009213203078, 21.266832174778081 ], [ -98.549303161027694, 21.266963806954799 ], [ -98.54956992900955, 21.267078742089218 ], [ -98.549841832190026, 21.267085155517204 ], [ -98.55013620368301, 21.267138401772666 ], [ -98.550299181783672, 21.267135403144461 ], [ -98.550579904694501, 21.267146829671837 ], [ -98.550860888187827, 21.267158265361381 ], [ -98.551142127104654, 21.267169712177665 ], [ -98.551333118217855, 21.267216103574533 ], [ -98.551536400673086, 21.267380141410218 ], [ -98.551680617832105, 21.267631905324158 ], [ -98.551806378359473, 21.267952848551658 ], [ -98.551965405089021, 21.268250875876845 ], [ -98.552242594418445, 21.268450208618791 ], [ -98.552510686818522, 21.268530400443137 ], [ -98.552796792408017, 21.268541544845267 ], [ -98.553111874230183, 21.268603774515345 ], [ -98.553261241097431, 21.268669653916401 ], [ -98.553606728030218, 21.268783506453026 ], [ -98.553818844951223, 21.268761482023802 ], [ -98.554012410366823, 21.268807891645288 ], [ -98.554261008717802, 21.268954897864806 ], [ -98.554465534309884, 21.269121361286096 ], [ -98.554761020879141, 21.26925056968447 ], [ -98.554991630581455, 21.269467126268651 ], [ -98.555145000360213, 21.269649923782232 ], [ -98.555295865612393, 21.269831678941699 ], [ -98.555447277306982, 21.270014091794387 ], [ -98.555474292980776, 21.270064857064806 ] ] } },
{ "type": "Feature", "properties": { "ID_OBRA": "102_Atlapexco", "No.": 102.0, "Municipio": "Atlapexco", "Rubro": "Infraestructura Carretera", "Ejercicio": 2023.0, "Obra": "Rehabilitación del tramo: E.C. (Huejutla-Atlapexco) -Ixtacuayo, del km 0+000 al km 2+000; en el municipio de Atlapexco.", "Localidad": "Ixtacuayo", "Inversión": 1394633.97, "Habitantes.beneficiados": 165.0, "Ejecutora": "DGCCE", "Trabajos": "Se consideran trabajos de revestimiento, cunetas y limpieza de cunetas.", "Geometria_tipo": "Línea", "extract": -0.031539374741352641 }, "geometry": { "type": "LineString", "coordinates": [ [ -98.381076146921899, 21.063849495325901 ], [ -98.381227380515611, 21.063485292973699 ], [ -98.381349343091202, 21.063284981299997 ], [ -98.381422520636605, 21.063143852458801 ], [ -98.381459109409306, 21.063048248974198 ], [ -98.38147374491831, 21.062433653677601 ], [ -98.38147374491831, 21.062121802500496 ], [ -98.381488380427413, 21.061973843684296 ], [ -98.381522529948597, 21.0618759631557 ], [ -98.381581071984897, 21.061864581694699 ], [ -98.381722548572498, 21.061948804485404 ], [ -98.381893296178404, 21.062101315903991 ], [ -98.382154296090206, 21.062196919997092 ], [ -98.382339679205003, 21.062237893161097 ], [ -98.382498230553296, 21.062274313741796 ], [ -98.382788501483205, 21.062385851714794 ], [ -98.383071454658619, 21.062517876146099 ], [ -98.383212931246291, 21.062538362685302 ], [ -98.3833031835523, 21.062517876146099 ], [ -98.383381239600595, 21.062390404283295 ], [ -98.383425146127905, 21.062206025145599 ], [ -98.383473931158107, 21.061937423029999 ], [ -98.383554426458005, 21.061803121790302 ], [ -98.384032519754399, 21.0612203895835 ], [ -98.384117893557303, 21.061124784862894 ], [ -98.384208145863198, 21.061056495739098 ], [ -98.384317912181203, 21.060988206583993 ], [ -98.384400846732689, 21.060944956769603 ], [ -98.384478902780998, 21.060894878021404 ], [ -98.384659407392903, 21.060671799756296 ], [ -98.384800883980603, 21.060542049999299 ], [ -98.385010659610614, 21.060407747500104 ], [ -98.385093594162001, 21.060330352784504 ], [ -98.385196042725482, 21.060216536953099 ], [ -98.38527409877392, 21.060134589500599 ], [ -98.385513145422109, 21.059975247102599 ], [ -98.385869276142813, 21.059706640959796 ], [ -98.3860351452456, 21.059597377305298 ], [ -98.386171743330294, 21.059606482612889 ], [ -98.386220528360496, 21.059692983007391 ], [ -98.386205892851507, 21.059834115121898 ], [ -98.386064416263679, 21.059975247102596 ], [ -98.385991238718404, 21.060130036863004 ], [ -98.385966846203289, 21.060271168562995 ], [ -98.385922939676107, 21.0603667738322 ], [ -98.38584000512472, 21.0604578264123 ], [ -98.385810734106514, 21.060517010559501 ], [ -98.385805855603508, 21.060635378783303 ], [ -98.385859519136801, 21.0609449567696 ], [ -98.385869276142813, 21.061095192913104 ], [ -98.385805855603508, 21.061231771093805 ], [ -98.385722921052121, 21.061350138748999 ], [ -98.385615593985605, 21.0614912692917 ], [ -98.385674136021805, 21.0617097937388 ], [ -98.385757070573305, 21.061987501427293 ], [ -98.385805855603508, 21.062206025145599 ], [ -98.385879033148882, 21.062342602306597 ], [ -98.386040023748592, 21.062429101110293 ], [ -98.386201014348416, 21.062424548543 ], [ -98.386274191893818, 21.0624199959755 ], [ -98.386479089020796, 21.062488284473396 ], [ -98.386542509560101, 21.062515599863797 ], [ -98.386698621656905, 21.0624017857041 ], [ -98.386815705729504, 21.062306181742599 ], [ -98.386971817826193, 21.062310734313595 ], [ -98.387127929922997, 21.062369917723704 ], [ -98.387230378486521, 21.0624017857041 ], [ -98.387391369086302, 21.062301629171497 ], [ -98.387469425134697, 21.062133183941892 ], [ -98.387537724176994, 21.061992054008005 ], [ -98.387630415734407, 21.061878239447793 ], [ -98.387806041843305, 21.061860029110097 ], [ -98.387913368909807, 21.061901002366792 ], [ -98.388093873521697, 21.061846371355294 ], [ -98.388191443582201, 21.061846371355301 ], [ -98.388332920169901, 21.061923765282305 ], [ -98.388410976218196, 21.062023922069304 ], [ -98.388542695799899, 21.0621058684813 ], [ -98.388732957417801, 21.062101315903995 ], [ -98.388806134963204, 21.0619875014273 ], [ -98.388913462029706, 21.061914660116599 ], [ -98.388996396581092, 21.061887344615801 ], [ -98.3890500601144, 21.061878239447797 ], [ -98.389111041402202, 21.061951080776392 ], [ -98.389245200235294, 21.062042132386996 ], [ -98.389411069338209, 21.062117249923809 ], [ -98.389503760895593, 21.0621149736353 ], [ -98.389630601974204, 21.062062618991696 ], [ -98.389752564549809, 21.061989777717695 ], [ -98.389898919640501, 21.061923765282401 ], [ -98.390076985000903, 21.0618053980835 ], [ -98.390140405540208, 21.061748490742897 ], [ -98.390191629821999, 21.061707517444205 ] ] } },
{ "type": "Feature", "properties": { "ID_OBRA": "1021_San Felipe Orizatlán", "No.": 1021.0, "Municipio": "San Felipe Orizatlán", "Rubro": "Infraestructura Carretera", "Ejercicio": 2023.0, "Obra": "Modernización del camino rural de Talapiz a Talol, tramo: del Km. 8+400 al Km. 10+600; en el municipio de San Felipe Orizatlán", "Localidad": "Talol", "Inversión": 20636843.8, "Habitantes.beneficiados": 1437.0, "Ejecutora": "DGCCE", "Trabajos": "Considera los trabajos de modernización del camino rural en la localidad de Talol municipio de San Felipe Orizatlán.", "Geometria_tipo": "Línea", "extract": 0.5228885644929967 }, "geometry": { "type": "LineString", "coordinates": [ [ -98.624383170193482, 21.129371572303295 ], [ -98.624488838114715, 21.129512913860552 ], [ -98.624534429827449, 21.129571030690428 ], [ -98.624564475180506, 21.129626801437272 ], [ -98.624564372974021, 21.12968254562595 ], [ -98.624579191662434, 21.129737485179806 ], [ -98.624624061004212, 21.12980594110444 ], [ -98.62463925168197, 21.129862802883842 ], [ -98.62466983346232, 21.129935466430801 ], [ -98.624685173166, 21.129979150096069 ], [ -98.624730616910355, 21.130050964159711 ], [ -98.624746147319428, 21.13012401722829 ], [ -98.624776456024222, 21.130181585641999 ], [ -98.62480673378947, 21.13023909642261 ], [ -98.624837173655408, 21.130325864298825 ], [ -98.62486737625558, 21.130383216719878 ], [ -98.624912704951726, 21.130483757851589 ], [ -98.624957748011965, 21.130540469643734 ], [ -98.624987842639385, 21.130597681817857 ], [ -98.625002877636433, 21.130626265380151 ], [ -98.625033075581328, 21.130726947353274 ], [ -98.625048169252437, 21.130784437939631 ], [ -98.625063240323882, 21.130841842302395 ], [ -98.625108094648198, 21.130912661702034 ], [ -98.625137960579053, 21.130968919890126 ], [ -98.625167809275482, 21.131025133129473 ], [ -98.625197651578134, 21.131095659132622 ], [ -98.625242359239422, 21.13113687156287 ], [ -98.625272156731597, 21.131207324742071 ], [ -98.625301938830802, 21.131263409405104 ], [ -98.625331686479228, 21.131333700698942 ], [ -98.625361405976975, 21.131403925836278 ], [ -98.625376211659756, 21.131460359460274 ], [ -98.625376095562956, 21.131517213703397 ], [ -98.62540577320533, 21.131573036675096 ], [ -98.625420490173767, 21.131643441806517 ], [ -98.625435226346653, 21.131699602246218 ], [ -98.625435017392761, 21.131770219239051 ], [ -98.625464600814738, 21.131825829353861 ], [ -98.625464410057972, 21.131882137792342 ], [ -98.625494028491332, 21.131923506253511 ], [ -98.62550867291732, 21.131993203658535 ], [ -98.625538224308414, 21.132048539626677 ], [ -98.625567710177364, 21.132117829930483 ], [ -98.625597244601821, 21.132173108524313 ], [ -98.625612142026327, 21.132241825146853 ], [ -98.625642079298174, 21.132296312099985 ], [ -98.625657130308639, 21.13233729483855 ], [ -98.62568724021915, 21.132405642194303 ], [ -98.625702390847692, 21.132460534801289 ], [ -98.625747604658628, 21.13252897953091 ], [ -98.62576277526118, 21.132570255222511 ], [ -98.625763098157293, 21.132653202045219 ], [ -98.62576331367822, 21.132708557259601 ], [ -98.625703389561309, 21.132750487407534 ], [ -98.625643524605309, 21.13277851845297 ], [ -98.625583775279253, 21.132806495596199 ], [ -98.625509019103362, 21.132820870593616 ], [ -98.625449426480358, 21.132821297964412 ], [ -98.625390023439692, 21.132807957763955 ], [ -98.62533082032229, 21.132822148393359 ], [ -98.62525709431381, 21.13283616234828 ], [ -98.625183515996767, 21.132850105253336 ], [ -98.625110067363138, 21.132864023408001 ], [ -98.625051590830978, 21.132850707153068 ], [ -98.624978592849033, 21.132851040376881 ], [ -98.624920344045876, 21.132851306141561 ], [ -98.624876745433497, 21.132851505139794 ], [ -98.624789523552593, 21.132865400682434 ], [ -98.624716124719541, 21.132865251230033 ], [ -98.624657228356256, 21.132865092928231 ], [ -98.624568766543163, 21.1328648686384 ], [ -98.624494710482338, 21.132864623139209 ], [ -98.624405623064618, 21.132864327612786 ], [ -98.624331803996085, 21.132850527375155 ], [ -98.624272198387686, 21.132836609329441 ], [ -98.624212991060645, 21.132850230654437 ], [ -98.624152951685815, 21.132891163113108 ], [ -98.624123279702587, 21.132918592650906 ], [ -98.624078563277749, 21.132973479500698 ], [ -98.624034225643044, 21.133014693540623 ], [ -98.623990154147165, 21.133069665063555 ], [ -98.62394551697561, 21.133138390799502 ], [ -98.623930651257879, 21.133179637988526 ], [ -98.623900934278112, 21.133234654105014 ], [ -98.623871195159808, 21.133303443601161 ], [ -98.623856291538331, 21.133372238759708 ], [ -98.623826558599959, 21.133413556657846 ], [ -98.623811645752326, 21.133482383429655 ], [ -98.623810906714709, 21.13356517726444 ], [ -98.623796213386512, 21.13362021166369 ], [ -98.6238116789049, 21.133674975371697 ], [ -98.623798356604084, 21.133729367292901 ], [ -98.623784198709401, 21.133784064542798 ], [ -98.623783947573671, 21.133852889082394 ], [ -98.623783746493146, 21.133907965592901 ], [ -98.623783545063532, 21.13396305743353 ], [ -98.623812108031743, 21.134018629769166 ], [ -98.62384126195272, 21.134060124077539 ], [ -98.623870605774712, 21.134115265877846 ], [ -98.623885211368901, 21.134129135467607 ], [ -98.623961149879108, 21.13422351222124 ], [ -98.624020839109534, 21.134250237004348 ], [ -98.62406623191724, 21.1342901459746 ], [ -98.624125726126636, 21.134330516562585 ], [ -98.624184214025064, 21.134358266704577 ], [ -98.624257188172507, 21.134372641182491 ], [ -98.624316138558129, 21.134399882142514 ], [ -98.624360646023149, 21.134440408369031 ], [ -98.624391035394012, 21.134493582651206 ], [ -98.624391447792419, 21.134520268257422 ], [ -98.624406669476897, 21.134615050198544 ], [ -98.6244217035063, 21.134696369764665 ], [ -98.624422336430371, 21.13477707695488 ], [ -98.624422652563652, 21.134817384103783 ], [ -98.624466202644115, 21.13488649067283 ], [ -98.62450942251661, 21.13494294250928 ], [ -98.624553376246283, 21.135011385248223 ], [ -98.624597572579461, 21.135065412096235 ], [ -98.624641549498762, 21.135106377675456 ], [ -98.62470002644578, 21.135147912426351 ], [ -98.624743783230372, 21.135162493544499 ], [ -98.624817296968729, 21.135188907180499 ], [ -98.624890815925284, 21.135201201950917 ], [ -98.624949470563152, 21.135214427861637 ], [ -98.625008043063232, 21.135228178126798 ], [ -98.625110454268565, 21.135257345610182 ], [ -98.625169012383552, 21.135273302739417 ], [ -98.625227679466889, 21.135263876181948 ], [ -98.625301311205789, 21.13525452156939 ], [ -98.625345588976543, 21.13524247409644 ], [ -98.625434176950009, 21.135271404699935 ], [ -98.625508161463458, 21.135286966695361 ], [ -98.625567409619705, 21.135302007076447 ], [ -98.625626545636479, 21.13532980074589 ], [ -98.625700548370205, 21.1353579834119 ], [ -98.625774424117139, 21.135399244615829 ], [ -98.625818215752275, 21.135452139210908 ], [ -98.625832705214734, 21.13550609386111 ], [ -98.625802818346529, 21.135559512392138 ], [ -98.625787856322304, 21.135627293219848 ], [ -98.625743365511354, 21.135680928368291 ], [ -98.625713877180914, 21.13574953573465 ], [ -98.625699209850666, 21.135804902792362 ], [ -98.62566972013424, 21.135873512058055 ], [ -98.62565499902081, 21.13591484326864 ], [ -98.625640321081164, 21.135970242316759 ], [ -98.625625638919217, 21.136025656893651 ], [ -98.625596104605265, 21.136080197242887 ], [ -98.625551653292533, 21.136146582659649 ], [ -98.625536844405985, 21.136173194625911 ], [ -98.625478029315147, 21.136256610688125 ], [ -98.625448666113243, 21.136312992399112 ], [ -98.625433927493106, 21.136367881040101 ], [ -98.625478190583124, 21.136423720863753 ], [ -98.625522498124155, 21.13646609565772 ], [ -98.625581829432818, 21.136510989267595 ], [ -98.625596673128172, 21.136539350305828 ], [ -98.625671065491048, 21.136612990725887 ], [ -98.625700884789211, 21.136656339993856 ], [ -98.625745681012774, 21.136714588200203 ], [ -98.625745640199071, 21.13676951341213 ], [ -98.625730648145975, 21.136823273109894 ], [ -98.625700727136945, 21.136889531768499 ], [ -98.625700708604555, 21.136916955425836 ], [ -98.625655905152314, 21.137009203820416 ], [ -98.625625923092343, 21.137059679175195 ], [ -98.625610773944103, 21.137124104333669 ], [ -98.625610386893058, 21.137188499447639 ], [ -98.625684049951332, 21.13723028647625 ], [ -98.625743436017856, 21.137234415980945 ], [ -98.625802821304632, 21.137251424712289 ], [ -98.625877217725403, 21.137269504110112 ], [ -98.625951986597741, 21.137275126132664 ], [ -98.626071903516888, 21.137297302073925 ], [ -98.62616232241507, 21.137304379171251 ], [ -98.626237422424538, 21.137335953981641 ], [ -98.626312660436881, 21.137367587221672 ], [ -98.62637311483364, 21.137385235575469 ], [ -98.626433386947809, 21.137415753972768 ], [ -98.626508989160072, 21.13744753761322 ], [ -98.626569086053479, 21.137490866298442 ], [ -98.626583343439449, 21.137530421935459 ], [ -98.626581325178847, 21.137606981131377 ], [ -98.626565096818766, 21.137643948039276 ], [ -98.62657872010827, 21.137708966787809 ], [ -98.626608360404873, 21.137750320689811 ], [ -98.626668473200894, 21.137794252161356 ], [ -98.626728939313551, 21.137825297956478 ], [ -98.626805001967597, 21.137830569413737 ], [ -98.626865351838561, 21.137846860451273 ], [ -98.626972022872891, 21.137853601005187 ], [ -98.627047865382636, 21.137857009213359 ], [ -98.627122569015341, 21.137871172977409 ], [ -98.627182222427436, 21.137885003744486 ], [ -98.627257534229599, 21.137886678513745 ], [ -98.627332277466067, 21.137900849138159 ], [ -98.627377507617211, 21.137901857408352 ], [ -98.627453936314055, 21.137891788978727 ], [ -98.627529987054643, 21.137894598351288 ], [ -98.627577441042419, 21.137872037761152 ], [ -98.62765461446142, 21.137862696645477 ], [ -98.627732889695409, 21.137841168764371 ], [ -98.627780733819421, 21.137818470659187 ], [ -98.627858418235363, 21.137781086189591 ], [ -98.627950604785696, 21.137728388405051 ], [ -98.628011688832572, 21.137701825083429 ], [ -98.628087830559195, 21.137675183785539 ], [ -98.62814834468476, 21.137661602432019 ], [ -98.628209642858323, 21.137635158748328 ], [ -98.628270985616808, 21.137608695341559 ], [ -98.628331112977563, 21.137594431530136 ], [ -98.628407878126708, 21.137554292320029 ], [ -98.628470968535353, 21.137530022864546 ], [ -98.628516523229919, 21.137544494101672 ], [ -98.628593717616823, 21.137546827489345 ], [ -98.628654000635123, 21.137574852693206 ], [ -98.628701149457058, 21.137563183353251 ], [ -98.628749923344685, 21.137525306299651 ] ] } },
{ "type": "Feature", "properties": { "ID_OBRA": "1023_San Felipe Orizatlán", "No.": 1023.0, "Municipio": "San Felipe Orizatlán", "Rubro": "Infraestructura Carretera", "Ejercicio": 2024.0, "Obra": "Rehabilitación de camino Texcatla a límites del estado S.L.P., del km 0.000 al km 2.000, en el municipio de San Felipe Orizatlán.", "Localidad": "Texcatla", "Inversión": 1806697.76, "Habitantes.beneficiados": 410.0, "Ejecutora": "DGOPI", "Trabajos": "Considera los trabajos de preliminares, revestimiento de camino en la localidad de Texcatla municipio de San Felipe Orizatlán", "Geometria_tipo": "Línea", "extract": 0.67126145171805351 }, "geometry": { "type": "LineString", "coordinates": [ [ -98.68153925021754, 21.191653862307341 ], [ -98.681370713786066, 21.191472780069446 ], [ -98.681205132162489, 21.19142021333839 ], [ -98.681020571816987, 21.191218194138536 ], [ -98.680869426341516, 21.191091433318597 ], [ -98.680666467857094, 21.190875699884476 ], [ -98.680380298170263, 21.190603377432637 ], [ -98.680216956098562, 21.190394777874381 ], [ -98.68002130520118, 21.190215332993144 ], [ -98.679836066886011, 21.189896298082822 ], [ -98.679597468032071, 21.189553705970777 ], [ -98.679519968664067, 21.189324264477953 ], [ -98.679475792774269, 21.189148400944905 ], [ -98.679450574957386, 21.188939065944233 ], [ -98.679309336185597, 21.188912255585734 ], [ -98.679211609405741, 21.188784777168351 ], [ -98.67910998409441, 21.188571375489197 ], [ -98.678928424385347, 21.188443437909022 ], [ -98.678744930459033, 21.188261225133765 ], [ -98.678688874039054, 21.188180122820597 ], [ -98.67855891044232, 21.188121500932269 ], [ -98.67847065649957, 21.187982784689741 ], [ -98.678312039095914, 21.187830646940228 ], [ -98.678137902758593, 21.187710547184206 ], [ -98.677912001726412, 21.18759037529454 ], [ -98.677727885197768, 21.187510793654802 ], [ -98.677468006708239, 21.187396950025953 ], [ -98.677227007478081, 21.187340208165853 ], [ -98.677061833380506, 21.187319795527561 ], [ -98.676861765259915, 21.187231941419878 ], [ -98.676649430988945, 21.18714967269494 ], [ -98.676476669501852, 21.18717594763347 ], [ -98.676362570710722, 21.187228216723469 ], [ -98.676249733327282, 21.187325133147755 ], [ -98.67617377317795, 21.187381765296891 ], [ -98.676020599737669, 21.187487169834689 ], [ -98.675904798200349, 21.187560249535849 ], [ -98.675760405879544, 21.187508910058192 ], [ -98.675685514449057, 21.187406518006764 ], [ -98.675686988981397, 21.187304527608461 ], [ -98.675650902161436, 21.187218197638032 ], [ -98.675652067707532, 21.187137399451718 ], [ -98.675523697308392, 21.187096749032705 ], [ -98.67533890305468, 21.187143496884499 ], [ -98.675264054818115, 21.187195197466398 ], [ -98.675125151412928, 21.18725116148455 ], [ -98.675068131797261, 21.187304119343647 ], [ -98.674922269800447, 21.187326556126681 ], [ -98.674930360702774, 21.187197125587257 ], [ -98.674903951552068, 21.187066046460231 ], [ -98.674861138474157, 21.186935948933975 ], [ -98.674729504854781, 21.186864251024435 ], [ -98.674586154396977, 21.186847893713175 ], [ -98.674366940412582, 21.186933615821793 ], [ -98.67417535582284, 21.186887353874521 ], [ -98.674018736319852, 21.186785709409648 ], [ -98.673912833446352, 21.186683662433087 ], [ -98.67383926094395, 21.186473532089433 ], [ -98.673850125816344, 21.186306363207077 ], [ -98.673825077859533, 21.186204597095024 ], [ -98.673716679905965, 21.186155017012251 ], [ -98.673526239748796, 21.186138338847236 ], [ -98.673321027192969, 21.186088697192414 ], [ -98.673186277019269, 21.186042809345935 ], [ -98.67301103243139, 21.185992239425691 ], [ -98.672937641341406, 21.185862947961187 ], [ -98.673023977527365, 21.185719820932253 ], [ -98.672931242199724, 21.185564008328846 ], [ -98.672762732786452, 21.185515842209842 ], [ -98.672611485383058, 21.185505097250321 ], [ -98.672426632673407, 21.185511510742057 ], [ -98.67240863108519, 21.185401231449152 ], [ -98.672398022525954, 21.185260694098439 ], [ -98.67240535565945, 21.185108332927559 ], [ -98.672327487168999, 21.185070266377558 ], [ -98.672219337063851, 21.185111235788352 ], [ -98.672101991656817, 21.18515162738252 ], [ -98.672026207787752, 21.185113668845279 ], [ -98.672020841838375, 21.185010698676475 ], [ -98.672058902529074, 21.184867094022071 ], [ -98.672087758899906, 21.1847328549973 ], [ -98.671960779879186, 21.184675222578527 ], [ -98.671725720507425, 21.184732211911285 ], [ -98.671544746350605, 21.184818625164141 ], [ -98.671292350583158, 21.18492644882836 ], [ -98.671071131322918, 21.185043011639163 ], [ -98.670781526004475, 21.185108778000593 ], [ -98.67046196668295, 21.18517304690911 ], [ -98.670271972402489, 21.18497667440019 ], [ -98.670300797647656, 21.184744806297701 ], [ -98.670341257022329, 21.184486465588954 ], [ -98.670406813878671, 21.184263181659766 ], [ -98.670480951382757, 21.184086562644701 ], [ -98.670527074572476, 21.18393650728753 ], [ -98.670566768579206, 21.183843937612441 ], [ -98.670663644252855, 21.1836966097671 ], [ -98.67077322199826, 21.183564899039897 ], [ -98.670760811070963, 21.183356678247836 ], [ -98.670761477216345, 21.183191711034823 ], [ -98.670818472166502, 21.182945837808557 ], [ -98.670861347104335, 21.182688664101004 ], [ -98.670808064873398, 21.182643495193361 ], [ -98.670747324242015, 21.182629534957641 ], [ -98.67071550251498, 21.182596516340304 ], [ -98.670665188391638, 21.18258303023201 ], [ -98.670634862142037, 21.182570691249836 ], [ -98.670397464698056, 21.182524598880164 ], [ -98.670163657856207, 21.18238408572952 ], [ -98.670125421512125, 21.182343147423509 ], [ -98.670078036335354, 21.182312790056155 ], [ -98.670049821701411, 21.182283495603009 ], [ -98.670030954309141, 21.182283135752709 ], [ -98.669901207766472, 21.182176730713188 ], [ -98.669706205794697, 21.181943563496809 ], [ -98.669627390354933, 21.181888383201919 ], [ -98.66958170073994, 21.181739306271385 ], [ -98.66950770153197, 21.181519418899477 ], [ -98.669420776663429, 21.181308742845296 ], [ -98.669429549391793, 21.181100667198553 ], [ -98.669393485331796, 21.180871910888978 ], [ -98.669433773438129, 21.180654979418829 ], [ -98.669446660444024, 21.180485776420461 ], [ -98.669431088606714, 21.180315392384315 ], [ -98.669399068686872, 21.180176078810238 ], [ -98.66926213776371, 21.179955427164327 ], [ -98.669194973665213, 21.179811317117121 ], [ -98.6691945403619, 21.179650226176715 ], [ -98.669211368692828, 21.179551579881128 ], [ -98.669286078074961, 21.179454124873271 ], [ -98.669178318915527, 21.179347734369415 ], [ -98.669062305423765, 21.179304224444753 ], [ -98.668970410500961, 21.179198818832745 ], [ -98.668904512987226, 21.179058087181645 ], [ -98.668958602926949, 21.178960071298466 ], [ -98.668964489743061, 21.178829569293029 ], [ -98.668894937127718, 21.178696336108494 ], [ -98.66879867532279, 21.178663970732199 ], [ -98.668650347126842, 21.178587480469815 ], [ -98.668410293803504, 21.178381347448141 ], [ -98.66814826239019, 21.178223505183411 ], [ -98.667964947447317, 21.178128564333591 ], [ -98.667817358028401, 21.178016173307007 ], [ -98.667612212269802, 21.177894377809306 ], [ -98.667457282610556, 21.177776635861886 ], [ -98.667295185737814, 21.177795653758512 ], [ -98.667161435853416, 21.177827300032401 ], [ -98.667010467342777, 21.177859564661194 ], [ -98.666874383147189, 21.177885743911574 ], [ -98.666708181001084, 21.17795659439388 ], [ -98.666533142496547, 21.177958034806878 ], [ -98.666369329981762, 21.177927914926542 ], [ -98.666308813952071, 21.177791179157527 ], [ -98.666438190563952, 21.177613650547247 ], [ -98.666485722141161, 21.177500829197182 ], [ -98.666418285854036, 21.177275359386606 ], [ -98.666264264504193, 21.17715852009119 ], [ -98.666112592812098, 21.176973150976895 ], [ -98.665951164881747, 21.176779565740166 ], [ -98.665779850877584, 21.176629657816587 ], [ -98.665672510724661, 21.17648369124484 ], [ -98.665557623004659, 21.176214047748108 ], [ -98.665528503989847, 21.176011060153616 ], [ -98.665553670798118, 21.175826960013481 ], [ -98.665565230287712, 21.175697524454979 ], [ -98.665559524476436, 21.175522984375259 ], [ -98.66548459036153, 21.175417776356756 ], [ -98.665326592101096, 21.175274738280592 ], [ -98.665194548334952, 21.175081743852289 ], [ -98.665056607004715, 21.174928975105608 ], [ -98.664981570858998, 21.174821514359053 ], [ -98.664841318303871, 21.174705252650373 ], [ -98.664626491705505, 21.174519757473266 ], [ -98.664414268784554, 21.17441785233472 ], [ -98.664368884964944, 21.174395304648055 ], [ -98.66432365546288, 21.174372833384869 ], [ -98.664110384281614, 21.174345071721088 ], [ -98.663844182241206, 21.174281130140422 ], [ -98.663587701161148, 21.17423946771963 ], [ -98.663418559038547, 21.174241970807131 ], [ -98.663364536325687, 21.174243706866168 ], [ -98.66331019547502, 21.174245727611115 ], [ -98.663292037410898, 21.174246402815964 ], [ -98.663085140626762, 21.174249337861895 ], [ -98.662879618640105, 21.174314452696969 ], [ -98.662664027690241, 21.17429322817916 ] ] } },
{ "type": "Feature", "properties": { "ID_OBRA": "1024_San Felipe Orizatlán", "No.": 1024.0, "Municipio": "San Felipe Orizatlán", "Rubro": "Infraestructura Carretera", "Ejercicio": 2024.0, "Obra": "Rehabilitación del C.R. Tultitlán - E.C. (San Felipe-Tamazunchale), municipio de San Felipe Orizatlán.", "Localidad": "Tultitlán", "Inversión": 3261982.73, "Habitantes.beneficiados": 318.0, "Ejecutora": "DGOPI", "Trabajos": "Considera los trabajos de preliminares, revestimiento de camino en la localidad de Tultitlán municipio de San Felipe Orizatlán", "Geometria_tipo": "Línea", "extract": 0.62635799085406607 }, "geometry": { "type": "LineString", "coordinates": [ [ -98.647598601549745, 21.128533562061858 ], [ -98.647395138311509, 21.128603714214488 ], [ -98.647401344612021, 21.128668961194499 ], [ -98.647392619018675, 21.12874801625442 ], [ -98.647376270715952, 21.128991945254697 ], [ -98.647330004341512, 21.129251543861827 ], [ -98.647316174685429, 21.129441745905385 ], [ -98.647330783428487, 21.129621960712196 ], [ -98.64723120782736, 21.129804478154998 ], [ -98.647240774170868, 21.129975881595389 ], [ -98.647093684135342, 21.130160870655772 ], [ -98.64704868310298, 21.130203705138637 ], [ -98.64701959951357, 21.130246815969066 ], [ -98.646990422487107, 21.130290065321532 ], [ -98.646871772886371, 21.13046471063884 ], [ -98.646880522239968, 21.130597318571915 ], [ -98.647137905182788, 21.130776286430081 ], [ -98.647377870387672, 21.130941350612883 ], [ -98.647455707617397, 21.131092202311763 ], [ -98.647635177097769, 21.131259383726071 ], [ -98.647726143036678, 21.131381547785022 ], [ -98.64785371462726, 21.131365497886804 ], [ -98.648073627192417, 21.131318545944971 ], [ -98.648181251902741, 21.131409894454865 ], [ -98.64820314823929, 21.131455902701383 ], [ -98.648127147828589, 21.131642207769183 ], [ -98.648058262616772, 21.131767802936995 ], [ -98.647999133351902, 21.131846707853256 ], [ -98.648066620903847, 21.132051462152642 ], [ -98.648237814126688, 21.132304560114367 ], [ -98.648342498512449, 21.132529356888131 ], [ -98.648683133152147, 21.13298844902263 ], [ -98.648828413460365, 21.13331016922022 ], [ -98.6491299750043, 21.133789347860116 ], [ -98.649311419262261, 21.134153501708241 ], [ -98.649427530699512, 21.1343829515849 ], [ -98.649509526357534, 21.13459933117888 ], [ -98.649541137370477, 21.134821161357909 ], [ -98.649602004180366, 21.135058102259926 ], [ -98.649671002307869, 21.135399786599269 ], [ -98.649687576148807, 21.135715533167122 ], [ -98.649685870104364, 21.136020236434668 ], [ -98.649724033771733, 21.13607143886184 ], [ -98.649747303384061, 21.136174454847371 ], [ -98.649784782063406, 21.136208836505489 ], [ -98.649913490472187, 21.136277625142124 ], [ -98.650153289827642, 21.13638242215924 ], [ -98.650401947923015, 21.136576966037559 ], [ -98.650649024832987, 21.13652254942922 ], [ -98.650863200462055, 21.136488244465987 ], [ -98.651067441886909, 21.136542138429284 ], [ -98.651259233815267, 21.136649113491739 ], [ -98.65136752257915, 21.136892881405487 ], [ -98.651451234178367, 21.137132223807399 ], [ -98.651460102098326, 21.137354467422863 ], [ -98.651409927161893, 21.137408692555042 ], [ -98.651393723700735, 21.137427372588839 ], [ -98.651244930052798, 21.137561032995791 ], [ -98.651093686688029, 21.137678146695766 ], [ -98.650970996955948, 21.137736892818943 ], [ -98.650704449394894, 21.137887411078658 ], [ -98.650526545964567, 21.13801812138227 ], [ -98.650419137406672, 21.138093377844221 ], [ -98.650238409075129, 21.138223516779785 ], [ -98.649981792886763, 21.138270659505743 ], [ -98.649763800904395, 21.138408912692388 ], [ -98.649577120735287, 21.138466704666897 ], [ -98.649579376710108, 21.138592341507767 ], [ -98.649828021988355, 21.13880242411652 ], [ -98.649832872883408, 21.139037477312641 ], [ -98.649967154461649, 21.139177115320951 ], [ -98.650140126566484, 21.139318002685293 ], [ -98.650394120374983, 21.139520846241346 ], [ -98.650563578146119, 21.139729837367774 ], [ -98.650564745281315, 21.13981724000439 ], [ -98.65056763302735, 21.140037042164231 ], [ -98.650618717947751, 21.140199383278855 ], [ -98.650652575550112, 21.14024381901427 ], [ -98.650719679711784, 21.140288379143463 ], [ -98.650786976345245, 21.140333067126331 ], [ -98.650837820570771, 21.140377866021463 ], [ -98.65092215043137, 21.140422828840478 ], [ -98.65095615569048, 21.140482645117697 ], [ -98.651007522023178, 21.140527840683603 ], [ -98.651042541152236, 21.140588162487933 ], [ -98.651092866108996, 21.140618216349633 ], [ -98.651143809704863, 21.140678440486546 ], [ -98.651195191197345, 21.140753895126821 ], [ -98.651262502773079, 21.14079913104548 ], [ -98.651313317502726, 21.140844465183356 ], [ -98.651382084890272, 21.140875373690825 ], [ -98.651450656709443, 21.140891156295709 ], [ -98.651502387223289, 21.14090686675009 ], [ -98.651587407201205, 21.140907403387772 ], [ -98.651640234929218, 21.140938601581418 ], [ -98.65171121573097, 21.140985510063111 ], [ -98.651765267099563, 21.141047598240739 ], [ -98.651802185948114, 21.141109708317657 ], [ -98.651820613663162, 21.141155988885906 ], [ -98.651839123988196, 21.141232765853687 ], [ -98.651840625536323, 21.141294390617389 ], [ -98.651842129063397, 21.141356109346738 ], [ -98.651843258199392, 21.141402459836009 ], [ -98.651828440502598, 21.141479992142752 ], [ -98.651779401725136, 21.141527000297799 ], [ -98.651712177282434, 21.141542743462839 ], [ -98.651625953339561, 21.14154172339806 ], [ -98.651539861398788, 21.141540704671002 ], [ -98.651487950548443, 21.14152459802628 ], [ -98.651384541686369, 21.141523054800434 ], [ -98.65133277907114, 21.141522150051749 ], [ -98.651229467203621, 21.141520344199289 ], [ -98.651160750044454, 21.141519143075111 ], [ -98.651075029561085, 21.141517644273417 ], [ -98.651006739153701, 21.141531755687677 ], [ -98.650904307126709, 21.14152994385379 ], [ -98.650818933215618, 21.141528118753129 ], [ -98.650750852114157, 21.141496572820618 ], [ -98.650733545217321, 21.141435482578196 ], [ -98.650732993511937, 21.141359377775597 ], [ -98.650732554295942, 21.141298563361115 ], [ -98.65066465772054, 21.141267216466073 ], [ -98.650580052669483, 21.141235708845382 ], [ -98.650512668326428, 21.141234777497598 ], [ -98.650428609763054, 21.141233616258955 ], [ -98.650361499246571, 21.141232688614739 ], [ -98.650277781062968, 21.141231531931751 ], [ -98.650194335171264, 21.141260526232813 ], [ -98.650111004229288, 21.14127440287772 ], [ -98.650027763099246, 21.141272822833443 ], [ -98.649977951663161, 21.141227388987136 ], [ -98.649944744355608, 21.141166883163088 ], [ -98.64989504818648, 21.141090989482326 ], [ -98.649878507265726, 21.141015529888943 ], [ -98.649845514633355, 21.14095584775788 ], [ -98.649796072185396, 21.140911009317918 ], [ -98.64971375207567, 21.140880928329199 ], [ -98.649647918528018, 21.140851124757592 ], [ -98.649565334044482, 21.140985079216431 ], [ -98.649499430640589, 21.141029505946562 ], [ -98.649450109214314, 21.141088550279335 ], [ -98.649400916344405, 21.141147355912448 ], [ -98.649352008658283, 21.141205645507181 ], [ -98.649287023676209, 21.141292894887332 ], [ -98.64925472734005, 21.141350956271854 ], [ -98.649206117599149, 21.14140886352531 ], [ -98.649108384925441, 21.14145203143875 ], [ -98.649059666094828, 21.141480820240911 ], [ -98.648977805689853, 21.14148079334981 ], [ -98.648911571729471, 21.1415112543554 ], [ -98.648845667930729, 21.141570687823407 ], [ -98.648762757333415, 21.141616130329599 ], [ -98.648696227938004, 21.141646755055 ], [ -98.648629596913281, 21.141677426466451 ], [ -98.648579692319487, 21.141707696425968 ], [ -98.648495762518678, 21.141739208141043 ], [ -98.64842852552151, 21.141770337605621 ], [ -98.64837835039225, 21.141815604038744 ], [ -98.64832812547651, 21.141860915525371 ], [ -98.648224815938065, 21.141909942648216 ], [ -98.648190785668618, 21.141970444194421 ], [ -98.648103615397645, 21.142019663640124 ], [ -98.64808651742328, 21.142050032132165 ], [ -98.648034593785994, 21.142111963876609 ], [ -98.648000591517018, 21.142187499756165 ], [ -98.647948484401766, 21.142249691404849 ], [ -98.647878401991264, 21.142313296301804 ], [ -98.64784390227895, 21.142374513088686 ], [ -98.647809039703986, 21.142421138973859 ], [ -98.647737822655188, 21.1424558770853 ], [ -98.647684450480142, 21.142504378755277 ], [ -98.647572876872857, 21.14260636939666 ], [ -98.647518786838845, 21.142655541081599 ], [ -98.647499942449329, 21.142687949987319 ], [ -98.647391929953599, 21.142770861703077 ], [ -98.647354688971546, 21.142820056615388 ], [ -98.647334776988743, 21.142868894391981 ], [ -98.64726071226319, 21.142951729323041 ], [ -98.647222232425449, 21.14301765830038 ], [ -98.647218719845014, 21.143082743684637 ], [ -98.647251188063848, 21.143130585119547 ], [ -98.647338846057849, 21.143127873722069 ], [ -98.647408039812746, 21.143142003982028 ], [ -98.647495436491681, 21.143139285830767 ], [ -98.647582671674954, 21.14313657226932 ], [ -98.647688246736678, 21.14313183962161 ], [ -98.647741844530373, 21.143112933756122 ], [ -98.647831105964727, 21.143076133842992 ], [ -98.647884343472498, 21.143057361484757 ], [ -98.64795554658258, 21.143021659379567 ], [ -98.648025257373476, 21.143018255510842 ], [ -98.648112159525652, 21.143014012437288 ], [ -98.648161341591774, 21.143091866954631 ], [ -98.648194356900888, 21.1431384596691 ], [ -98.648243652312047, 21.143201347271713 ], [ -98.648309645153503, 21.143249644262696 ], [ -98.648378259267488, 21.143277683791009 ], [ -98.648446770910454, 21.143305681510686 ], [ -98.648516274404003, 21.14331597590451 ], [ -98.648586597129892, 21.14330862475169 ], [ -98.64865463475013, 21.143336469138191 ], [ -98.648722571769241, 21.143364271893944 ], [ -98.648789740874335, 21.143394002549901 ], [ -98.648857647020805, 21.143406269532164 ], [ -98.64892543469503, 21.143418515110799 ], [ -98.648994011301014, 21.143412381611242 ], [ -98.649061056580791, 21.143441339941791 ], [ -98.649109427507042, 21.143508767323553 ], [ -98.649176563016269, 21.143537749210662 ], [ -98.649225926988038, 21.143587075050739 ], [ -98.649383412979716, 21.143607102433077 ], [ -98.649433927040349, 21.143678419396949 ], [ -98.649496148305687, 21.143703903401999 ], [ -98.649531153312338, 21.143762024837983 ], [ -98.649567777074708, 21.143835928774283 ], [ -98.649588125481742, 21.143895975871608 ], [ -98.649622145290195, 21.143939157042158 ], [ -98.649642333854615, 21.143998859300677 ], [ -98.64967786076646, 21.144057628538228 ], [ -98.649698446946815, 21.144118301743848 ], [ -98.649703895731449, 21.144180876252001 ], [ -98.64971077518463, 21.144259878078948 ], [ -98.649717731510393, 21.144339764556783 ], [ -98.64972476619829, 21.144420550079978 ], [ -98.649777244119534, 21.144481000355928 ], [ -98.64984406149334, 21.144523712684567 ], [ -98.64989388757904, 21.144551700609643 ], [ -98.649945457518641, 21.144596268611707 ], [ -98.650012759319054, 21.144639300868462 ], [ -98.650080240721024, 21.14468244767421 ], [ -98.650145992309277, 21.144708956138114 ], [ -98.650209797470225, 21.144718742091875 ], [ -98.650264340419852, 21.144780901378571 ], [ -98.650317082318196, 21.14482644186063 ], [ -98.650389826155504, 21.144904330401676 ], [ -98.650429712607703, 21.144969163371844 ], [ -98.650454372290042, 21.145036479257609 ], [ -98.65047688884583, 21.145086815198511 ], [ -98.65050430379074, 21.145172781683296 ], [ -98.650558426383583, 21.145219643479429 ], [ -98.650615278183238, 21.145284584833778 ], [ -98.650693229963281, 21.145273670797302 ], [ -98.650786201459013, 21.145260653917823 ], [ -98.650849585795214, 21.145268080122662 ], [ -98.65091730913089, 21.145309144711582 ], [ -98.650970076991683, 21.145352969300365 ], [ -98.651010588525949, 21.145417104750418 ], [ -98.651036275670123, 21.145484441071982 ], [ -98.651094739439159, 21.14555035521882 ], [ -98.651135006732716, 21.145600716037396 ], [ -98.651163516994401, 21.145672750651059 ], [ -98.651187921741766, 21.145724934457782 ], [ -98.651203216201665, 21.145817204359126 ], [ -98.651218683921286, 21.145910517519116 ], [ -98.651236983216364, 21.146023063960612 ], [ -98.651249225928396, 21.146098772709372 ], [ -98.65126092735197, 21.146174033233027 ], [ -98.651300714626586, 21.146223738138062 ], [ -98.651372268238816, 21.146267711702468 ], [ -98.651409490239288, 21.146299028835788 ], [ -98.651468322666375, 21.146364811122556 ], [ -98.651511609501085, 21.146433926361055 ], [ -98.65152345862424, 21.14650964478696 ], [ -98.651519483252812, 21.146589136609599 ], [ -98.651518467360503, 21.146688701684109 ], [ -98.651536396567877, 21.146791095292649 ], [ -98.651530716950404, 21.146855828094317 ], [ -98.651514148312842, 21.146963156370159 ], [ -98.651523386473684, 21.147023373833719 ], [ -98.651525880996402, 21.147149061673463 ], [ -98.651535246689804, 21.147210445168028 ], [ -98.651552900869049, 21.147331924971727 ], [ -98.651563785556846, 21.147426429024716 ], [ -98.65157474752057, 21.147521602103858 ], [ -98.651618250085534, 21.147592824383061 ], [ -98.651670779556738, 21.147726318749566 ], [ -98.651681496321473, 21.147807169833051 ], [ -98.651697707475307, 21.147929466526332 ], [ -98.651719767797118, 21.148079788977931 ], [ -98.651646925652031, 21.148188321175407 ], [ -98.651601308961517, 21.148244989395877 ], [ -98.65151644010912, 21.14828633769012 ], [ -98.651427569823412, 21.14830477803844 ], [ -98.651355453045412, 21.148317966056958 ], [ -98.651284628878585, 21.148365874305963 ], [ -98.65120128865037, 21.148479496678295 ], [ -98.651133992916542, 21.148571244436503 ], [ -98.651080960061222, 21.148618877581402 ], [ -98.651051915777543, 21.148710686450737 ], [ -98.650985932955393, 21.148827935124306 ], [ -98.650933974711762, 21.148898690973088 ], [ -98.65086163790626, 21.148969785679846 ], [ -98.650808959632201, 21.149041435146806 ], [ -98.650731778460326, 21.149083889844317 ], [ -98.650733471814576, 21.149105569345522 ], [ -98.6505950881795, 21.149162374176921 ], [ -98.65049438173692, 21.149178405411675 ], [ -98.650414877112823, 21.14919869146355 ], [ -98.650355438276122, 21.149218934680921 ], [ -98.650216187484531, 21.149259554847504 ], [ -98.650115296298395, 21.149259880084589 ], [ -98.650035400950586, 21.149280257039031 ], [ -98.649935213942001, 21.149300722306432 ], [ -98.649852451649252, 21.149289829792021 ], [ -98.649748844097374, 21.149273325101099 ], [ -98.649707521962583, 21.149266742671973 ], [ -98.649525140510789, 21.149273468123031 ], [ -98.649443980277283, 21.149267475891715 ], [ -98.649383191268399, 21.149262987952561 ], [ -98.64916020175535, 21.149175537288176 ], [ -98.649079370599765, 21.149134208343089 ], [ -98.649018539150276, 21.149059091923146 ], [ -98.648938112616122, 21.149002345591636 ], [ -98.648857948734189, 21.148946991578878 ], [ -98.64877803202225, 21.148909318613349 ], [ -98.648678318906761, 21.14887014410527 ], [ -98.648598715785624, 21.148849337647839 ], [ -98.648499375350696, 21.148845427032132 ], [ -98.648459668331952, 21.148843863686022 ], [ -98.648320824612057, 21.148838397333755 ], [ -98.648241411450385, 21.148809255397719 ], [ -98.648162108737139, 21.148760611942279 ], [ -98.648122870848809, 21.148704233969681 ], [ -98.648043976104432, 21.148651126828721 ], [ -98.647984789254039, 21.148616812487049 ], [ -98.64790582410707, 21.14858315011519 ], [ -98.647807079503494, 21.148550130725731 ], [ -98.647727788537168, 21.14855194863253 ], [ -98.647629400670922, 21.148531898535779 ], [ -98.647530325481156, 21.148533673005286 ], [ -98.647450389300644, 21.148539605296349 ], [ -98.647349505127877, 21.148552034474051 ], [ -98.64722798214909, 21.148567006040857 ], [ -98.647148473892074, 21.148535847198271 ], [ -98.647084625943236, 21.148605208159587 ], [ -98.647081802474105, 21.148667345676387 ], [ -98.647096251904856, 21.148776079795741 ], [ -98.647091211233061, 21.148866945199796 ], [ -98.647083580441205, 21.14900450223211 ], [ -98.647079733287043, 21.149073854302699 ], [ -98.647071973940186, 21.149213721626889 ], [ -98.647068143243146, 21.149316146659771 ], [ -98.64706337963058, 21.14942437043808 ], [ -98.647059760156395, 21.149493952199485 ], [ -98.64705113898934, 21.149641957783267 ], [ -98.647023460875701, 21.149731428431721 ], [ -98.647011420423482, 21.149900656367169 ], [ -98.647003094328966, 21.150032869479396 ], [ -98.64699355426869, 21.15019005226608 ], [ -98.646943387027349, 21.150268519439123 ], [ -98.646841228976484, 21.150429458129452 ], [ -98.646881765648104, 21.150512685180964 ], [ -98.64692061810868, 21.150624162042138 ], [ -98.646961466735789, 21.150708083557152 ], [ -98.646977472452463, 21.150812776978036 ], [ -98.646986604114431, 21.151015749995079 ], [ -98.646975985030082, 21.151154896019211 ], [ -98.646989256798591, 21.151284293248082 ], [ -98.646972572847105, 21.151502960718762 ], [ -98.647007469237181, 21.151681307893949 ], [ -98.64702260010742, 21.151807475229965 ], [ -98.647014915539984, 21.151935453416293 ], [ -98.647032315295888, 21.15204892075338 ], [ -98.647050886238219, 21.152155416651045 ], [ -98.647094514139724, 21.152266625640141 ], [ -98.647164005994, 21.15233851425209 ], [ -98.647160243196439, 21.152425137073106 ], [ -98.64710219703025, 21.152514431377401 ], [ -98.647001803509937, 21.152610649210327 ], [ -98.646901261506869, 21.152721483541431 ], [ -98.646828534160761, 21.152882224255695 ], [ -98.646717233705928, 21.152969678706814 ], [ -98.646651820373478, 21.15298880626252 ], [ -98.646616369189971, 21.153044306832605 ], [ -98.646564808160434, 21.153075521267152 ], [ -98.6465429046617, 21.153142949659482 ], [ -98.646532929152102, 21.153195951318491 ], [ -98.646537761549922, 21.15326090195288 ], [ -98.646498937306816, 21.153303857083561 ], [ -98.646446842715079, 21.153361494204947 ], [ -98.64640752246774, 21.153404997996482 ], [ -98.64635384185209, 21.153450131459611 ], [ -98.646285645437615, 21.153497064822176 ], [ -98.646246892618436, 21.153555245815429 ], [ -98.646190151154315, 21.153599393704635 ], [ -98.646132792330832, 21.153643431582495 ], [ -98.646120689438447, 21.15368522221652 ], [ -98.646125772842709, 21.153753752672827 ], [ -98.646131900553726, 21.153836360981817 ], [ -98.646120743193165, 21.153892550469536 ], [ -98.646094240245091, 21.153949870104608 ], [ -98.646050267374932, 21.153980469721503 ], [ -98.645971893493311, 21.153983162048757 ], [ -98.645893292882718, 21.153985749888292 ], [ -98.645828979024841, 21.153960523981276 ], [ -98.64577975816492, 21.153921155857699 ], [ -98.645761422104016, 21.153867221741649 ], [ -98.645727398767733, 21.153813887130575 ], [ -98.645664442548807, 21.153815835807784 ], [ -98.6455856233719, 21.153818275736235 ], [ -98.645536174978929, 21.15377847196217 ], [ -98.64548670275029, 21.153751318423982 ], [ -98.645420651673277, 21.153710651427104 ], [ -98.645354723240899, 21.153670060027562 ], [ -98.645304970886301, 21.153629543337011 ], [ -98.64523927270956, 21.15358910274928 ], [ -98.645175118964616, 21.153589104999249 ], [ -98.645110510828474, 21.153575643064929 ], [ -98.645045942589618, 21.153562189422107 ], [ -98.644981828673437, 21.153562191695666 ], [ -98.64491778839627, 21.153562339712593 ], [ -98.644854036639842, 21.153563106688381 ], [ -98.644790887105941, 21.153565289041218 ], [ -98.644711797137433, 21.153568022077174 ], [ -98.644632536679907, 21.153570761105179 ], [ -98.644553105082608, 21.153573506251877 ], [ -98.644490011008585, 21.153602921948575 ], [ -98.644442970425814, 21.153645514165405 ], [ -98.644411784652277, 21.153687672097991 ], [ -98.644396765205144, 21.15374296320773 ], [ -98.644284249863944, 21.153746713161457 ], [ -98.644171491138678, 21.153750822943103 ], [ -98.644091223227093, 21.153756705099656 ], [ -98.644010487596844, 21.153748834847843 ], [ -98.643945763966542, 21.15375355371819 ], [ -98.64386447023162, 21.153758578176685 ], [ -98.643782843787207, 21.153762995147069 ], [ -98.643700952767603, 21.15376742621228 ], [ -98.643618795644286, 21.153771871686718 ], [ -98.643569310633083, 21.153802962877123 ], [ -98.643552646972992, 21.153860866514886 ], [ -98.643535960296248, 21.1539046852754 ], [ -98.643535684429764, 21.153990810803148 ], [ -98.643535545869483, 21.15403404168665 ], [ -98.643535314298063, 21.154106344287886 ], [ -98.643535112397757, 21.154178059149949 ], [ -98.643534873617867, 21.154237900812422 ], [ -98.643534612398653, 21.154298651764741 ], [ -98.643483815633559, 21.154349724420801 ], [ -98.643415914137591, 21.154386154375914 ], [ -98.643347611862666, 21.154422799591956 ], [ -98.643261780944755, 21.154461150864869 ], [ -98.643261078365995, 21.154507787806999 ], [ -98.643242676881854, 21.154587451885121 ], [ -98.643224404637834, 21.154651905659801 ], [ -98.643222583959428, 21.154762734676961 ], [ -98.643221536218178, 21.154826500224775 ], [ -98.643220219722224, 21.154906656120318 ], [ -98.64321916033029, 21.154971142572609 ], [ -98.643183452513853, 21.155007749803246 ], [ -98.643112179165797, 21.155049034641941 ], [ -98.643040411655775, 21.155090605751909 ], [ -98.642968598233466, 21.155115848811711 ], [ -98.642896884567008, 21.15512457542367 ], [ -98.64282486381623, 21.155133339232901 ], [ -98.64271499446852, 21.155180104262637 ], [ -98.64267792837893, 21.155201400573677 ], [ -98.642619642447016, 21.155292803780547 ], [ -98.642579241496946, 21.155382765632506 ], [ -98.642539234837585, 21.155456289133269 ], [ -98.642517561252461, 21.155527916701431 ], [ -98.642475749037104, 21.15560754117179 ], [ -98.642451945174642, 21.155687060594989 ], [ -98.642426626947568, 21.155786819959065 ], [ -98.64236399022468, 21.155873974002972 ], [ -98.642340628460758, 21.155936278305809 ], [ -98.642332231239706, 21.156056118237132 ], [ -98.642325286802134, 21.156156643037011 ], [ -98.64238131469024, 21.156186489658168 ], [ -98.642434544961858, 21.156258029218357 ], [ -98.642509748017957, 21.156286625037026 ], [ -98.642580780266726, 21.156380499455846 ], [ -98.64263538993481, 21.15643487901238 ], [ -98.642670634149269, 21.156493303664419 ], [ -98.642724249075968, 21.15657150902527 ], [ -98.642797826686177, 21.156646356134534 ], [ -98.642811422316939, 21.156758733143576 ], [ -98.642826405714018, 21.156848765346222 ], [ -98.642840965044485, 21.156959283746776 ], [ -98.642897463515311, 21.157032713775475 ], [ -98.642935756343618, 21.157067354479768 ], [ -98.642973392630154, 21.157123820276308 ], [ -98.643050313829505, 21.157193434675868 ], [ -98.643068358416173, 21.157254822131936 ], [ -98.643083042771408, 21.157433200522082 ], [ -98.643080205442971, 21.15752814820187 ], [ -98.643037157369236, 21.157628870070255 ], [ -98.642895208361537, 21.15765326575265 ], [ -98.642812964529199, 21.157688375463181 ], [ -98.642711866298541, 21.157695653371956 ], [ -98.642610645672434, 21.157702304258038 ], [ -98.642509222945705, 21.157708968852749 ], [ -98.642407597434243, 21.157715646560025 ], [ -98.642285378395158, 21.157723677154284 ], [ -98.642185600894379, 21.157688052263484 ], [ -98.642127933815459, 21.157628754656049 ], [ -98.642051084667543, 21.157551137810877 ], [ -98.6419719127653, 21.157515756614266 ], [ -98.64189145598101, 21.157501314646385 ], [ -98.641768495244136, 21.157511034674094 ], [ -98.641727425793121, 21.157514281192096 ], [ -98.641603971389429, 21.157524040075661 ], [ -98.641521461307875, 21.157530562155209 ], [ -98.641447491191926, 21.157683143167098 ], [ -98.641419935062999, 21.157769309689705 ], [ -98.641411356271803, 21.1578758834656 ], [ -98.641400372284366, 21.158006721832937 ], [ -98.64139261927636, 21.158095831403255 ], [ -98.641340289373531, 21.15821205057529 ], [ -98.641250860330004, 21.158265260388053 ], [ -98.64116307632969, 21.158296044987765 ], [ -98.641074642018935, 21.158327798499105 ], [ -98.640985834571467, 21.158359685658848 ], [ -98.640899307047093, 21.158368093869772 ], [ -98.640790867987306, 21.158378630831805 ], [ -98.640677879000918, 21.158416293309479 ], [ -98.640583409132915, 21.158475290608681 ], [ -98.640491561314136, 21.158510228803809 ], [ -98.640402641279124, 21.1585208203165 ], [ -98.640321928427397, 21.158627301827341 ], [ -98.640221403348619, 21.158712704731759 ], [ -98.640165292340484, 21.158793318383044 ], [ -98.640124036164565, 21.158922423775508 ], [ -98.640101461244612, 21.1590757896737 ], [ -98.640074754486605, 21.159257221096901 ], [ -98.640082543975268, 21.159359068604843 ], [ -98.640113699048896, 21.159458617373854 ], [ -98.640196571455945, 21.159523343786994 ], [ -98.640200828203888, 21.159637393753499 ], [ -98.640174842666028, 21.159790526132408 ], [ -98.640161948164589, 21.159876184134276 ], [ -98.640095322793627, 21.160020013974389 ], [ -98.640045921212504, 21.160048704970961 ], [ -98.639898144263029, 21.160114524195702 ], [ -98.639798551331836, 21.160153920538971 ], [ -98.639760342412373, 21.160244544120648 ], [ -98.639731146013474, 21.160422646949431 ], [ -98.639706476988351, 21.1605731262935 ], [ -98.639686516589236, 21.160694881845231 ], [ -98.639656194653469, 21.160879847737316 ], [ -98.639655269696178, 21.161033248805797 ], [ -98.639634456903494, 21.161160237894421 ], [ -98.639565707145962, 21.161288949737031 ], [ -98.639441139825422, 21.161321638252712 ], [ -98.639364540925726, 21.161352917129168 ], [ -98.639239381165211, 21.161385777059682 ], [ -98.639166788594238, 21.16138803388796 ], [ -98.638983402072455, 21.161481078354097 ], [ -98.638901035879044, 21.161542191197469 ], [ -98.638789024974486, 21.161633979976568 ], [ -98.638700808923986, 21.161725589012175 ], [ -98.638622142469202, 21.161757836782577 ], [ -98.638453763472924, 21.161882805085479 ], [ -98.638374341194876, 21.161915431438747 ], [ -98.638272963707848, 21.162069907160635 ], [ -98.638181673569349, 21.162164379186311 ], [ -98.638134226246706, 21.16228877898137 ], [ -98.63804179343586, 21.162384683972839 ], [ -98.637910323528629, 21.16252812376327 ], [ -98.637827579147483, 21.162672810208736 ], [ -98.637705739361635, 21.162755351054916 ], [ -98.637605705386079, 21.162863304983002 ], [ -98.63742635317341, 21.162977041739666 ], [ -98.637316942546036, 21.163120992550962 ] ] } },
{ "type": "Feature", "properties": { "ID_OBRA": "103_Atlapexco", "No.": 103.0, "Municipio": "Atlapexco", "Rubro": "Infraestructura Carretera", "Ejercicio": 2023.0, "Obra": "Rehabilitación del tramo E.C. (Acceso a Yahualica)-Pahactla -Santo Tomas-Xancaltitla, del km 0+000 al km 4+700; en el municipio de Atlapexco.", "Localidad": "Pahactla", "Inversión": 3314831.05, "Habitantes.beneficiados": 1508.0, "Ejecutora": "DGCCE", "Trabajos": "Se consideran trabajos de revestimiento, cunetas y limpieza de cunetas.", "Geometria_tipo": "Línea", "extract": 0.33324988168873049 }, "geometry": { "type": "LineString", "coordinates": [ [ -98.378230553348502, 20.960216646422499 ], [ -98.3780071700467, 20.960481933275599 ], [ -98.377849344887807, 20.960733615239697 ], [ -98.377669667014601, 20.961100934102902 ], [ -98.377222900410885, 20.961842371282195 ], [ -98.376980092474199, 20.962128061691295 ], [ -98.376980092474199, 20.962128061691295 ], [ -98.376795558442197, 20.962391077776001 ], [ -98.376426490378293, 20.962699440872402 ], [ -98.375897169076197, 20.963039546491402 ], [ -98.375154176789707, 20.963461276384702 ], [ -98.374284924376099, 20.963896609220704 ], [ -98.373731322280307, 20.964291128508702 ], [ -98.373731322280307, 20.964291128508702 ], [ -98.3734593773911, 20.964513328568998 ], [ -98.372900919136598, 20.965075629287401 ], [ -98.3722987554534, 20.965987096121598 ], [ -98.372051091357889, 20.966485906464701 ], [ -98.3717937149449, 20.966993784376992 ], [ -98.371434359198503, 20.967374691679105 ], [ -98.371210975896702, 20.967755598010896 ], [ -98.371084715769598, 20.968154641698504 ], [ -98.371036154182306, 20.968453923765299 ], [ -98.370948743325002, 20.968689721335299 ], [ -98.370599099896083, 20.969306420914094 ], [ -98.370366004276804, 20.9697417367322 ], [ -98.370230031832193, 20.969914048893401 ], [ -98.370074634752697, 20.9700568864553 ], [ -98.36994594654621, 20.970131706076199 ], [ -98.369768696752402, 20.970351630199495 ], [ -98.369292793196294, 20.970823218981295 ], [ -98.368991711354795, 20.971158771631799 ], [ -98.368544944751093, 20.971861615958495 ], [ -98.368302136814293, 20.972215304111597 ], [ -98.367821377099588, 20.972623404786905 ], [ -98.367175507987795, 20.972986160007302 ], [ -98.366767590654007, 20.9731176585573 ], [ -98.366301399415491, 20.973598307445396 ], [ -98.365762365795902, 20.974146970796401 ], [ -98.365383585414506, 20.9745233254841 ], [ -98.365267037604895, 20.9747273728102 ], [ -98.365179626747604, 20.974967694859096 ], [ -98.365024229668109, 20.975439269077402 ], [ -98.3646988670328, 20.975806551812791 ], [ -98.3644366344611, 20.976065009493002 ], [ -98.364227819635488, 20.976328001059603 ], [ -98.364052997920993, 20.976550183229303 ], [ -98.363951018587585, 20.9768358455336 ], [ -98.363921881635207, 20.977044424013997 ], [ -98.363960730905106, 20.977348222584297 ], [ -98.363941306270107, 20.977611211892604 ], [ -98.36384903925412, 20.977801652137295 ], [ -98.363747059920698, 20.977973955006799 ], [ -98.363649936746, 20.978119052005901 ], [ -98.363455690396606, 20.978150791955596 ], [ -98.363310005634588, 20.978087312049301 ] ] } },
{ "type": "Feature", "properties": { "ID_OBRA": "1035_San Salvador", "No.": 1035.0, "Municipio": "San Salvador", "Rubro": "Infraestructura Carretera", "Ejercicio": 2022.0, "Obra": "Reconstrucción de carretera Demacú - San Salvador, Demacú municipio de San Salvador", "Localidad": "Demacu", "Inversión": 4837670.76, "Habitantes.beneficiados": 976.0, "Ejecutora": "DGCCE", "Trabajos": "Considera trabajos para la reconstrucción y/o conservación de Infraestructura Carretera en la localidad de Demacú municipio de San Salvador", "Geometria_tipo": "Línea", "extract": 0.18923434693557431 }, "geometry": { "type": "LineString", "coordinates": [ [ -99.027497806226179, 20.305606357629411 ], [ -99.027409766330948, 20.305561148001395 ], [ -99.027326485142069, 20.305511179934712 ], [ -99.027219408569138, 20.305439795708526 ], [ -99.027133747827378, 20.305387447738301 ], [ -99.02701239570203, 20.305304167402511 ], [ -99.02691959744827, 20.305230403316326 ], [ -99.026829177456307, 20.305128085678458 ], [ -99.026731619852683, 20.3049758006402 ], [ -99.026600411308536, 20.30475850665395 ], [ -99.026104232333623, 20.303969775349145 ], [ -99.025751281717433, 20.303419633401955 ], [ -99.025380085966717, 20.302827147985202 ], [ -99.024689681862597, 20.301716826799627 ], [ -99.024281964201847, 20.301080623366051 ], [ -99.02386555925527, 20.300397718299916 ], [ -99.022975640422032, 20.299000973769179 ], [ -99.022368878339279, 20.29802777528759 ], [ -99.022228253051296, 20.297815721049552 ], [ -99.022218971993112, 20.29780172577469 ], [ -99.02199054401629, 20.297428150790967 ], [ -99.021733562438172, 20.297004606935324 ], [ -99.021528928213584, 20.296659585138325 ], [ -99.021024481906466, 20.295810116979371 ], [ -99.02091287696112, 20.295617525224834 ], [ -99.020408949073925, 20.294747913020217 ], [ -99.020334639371583, 20.294614823834287 ], [ -99.0199123157429, 20.293858446407135 ], [ -99.019243776061984, 20.292721263791126 ], [ -99.019160532588543, 20.292597112947863 ], [ -99.01873472742237, 20.291962052725353 ], [ -99.0181577082096, 20.29109355023148 ], [ -99.017344653082034, 20.289889663757847 ], [ -99.017117031047576, 20.289552615209011 ], [ -99.016259785872293, 20.28827401037757 ], [ -99.016160985875516, 20.288102883797702 ], [ -99.016092392244389, 20.287972233811921 ] ] } },
{ "type": "Feature", "properties": { "ID_OBRA": "1051_San Salvador", "No.": 1051.0, "Municipio": "San Salvador", "Rubro": "Infraestructura Carretera", "Ejercicio": 2023.0, "Obra": "Reconstrucción de carpeta asfáltica de la Carretera San Salvador-San Miguel Acambay, municipio de San Salvador", "Localidad": "San Salvador", "Inversión": 8315203.22, "Habitantes.beneficiados": 1107.0, "Ejecutora": "DGOPI", "Trabajos": "Considera trabajos para la reconstrucción y/o conservación de Infraestructura Carretera en la localidad de San Salvador municipio de San Salvador", "Geometria_tipo": "Línea", "extract": 0.21703543998033265 }, "geometry": { "type": "LineString", "coordinates": [ [ -99.021481804824205, 20.283714591009122 ], [ -99.022052875101423, 20.283605136261695 ], [ -99.022736971450115, 20.283475455114299 ], [ -99.023570972321465, 20.283318410662432 ], [ -99.024339537265661, 20.28316493620175 ], [ -99.024381325068745, 20.283180455825079 ], [ -99.024529869070051, 20.283150277916636 ], [ -99.024686592276765, 20.283117294735479 ], [ -99.024848560319825, 20.283081717223961 ], [ -99.025023779992139, 20.283046318397979 ], [ -99.025212484596651, 20.283008828241091 ], [ -99.025256923966523, 20.282998564624087 ], [ -99.025311973270902, 20.282985850599186 ], [ -99.025404938813324, 20.282961514772701 ], [ -99.025502854188488, 20.282940109583691 ], [ -99.025606599681012, 20.282916757951316 ], [ -99.025696950273485, 20.282896120949598 ], [ -99.02580006174145, 20.282872948216266 ], [ -99.025892510911959, 20.28285420392989 ], [ -99.025996292744921, 20.282831234300851 ], [ -99.026046800643542, 20.282819200255922 ], [ -99.026114614702223, 20.282804922590561 ], [ -99.026222598203148, 20.282783839904464 ], [ -99.0263232876502, 20.28276153743067 ], [ -99.026424061672117, 20.282741161446239 ], [ -99.02652287303799, 20.282718965770442 ], [ -99.026621253440553, 20.282696935470472 ], [ -99.026735012009482, 20.28266644831486 ], [ -99.026835097839992, 20.282643456161665 ], [ -99.026899799380388, 20.282630004595784 ], [ -99.027004534230272, 20.282603858832449 ], [ -99.02708418195347, 20.282587279203572 ], [ -99.027151230663165, 20.282573266021522 ], [ -99.027253175936963, 20.282548672091373 ], [ -99.027361577167682, 20.282525018686229 ], [ -99.02746372023951, 20.282498266710704 ], [ -99.027569233970297, 20.282474713030059 ], [ -99.027673545970401, 20.282452333303805 ], [ -99.027777053408855, 20.282429571403359 ], [ -99.027865591429659, 20.282435494255129 ], [ -99.027962983183201, 20.282413804934361 ], [ -99.028060876575978, 20.282391195573744 ], [ -99.028158768971508, 20.282368524711046 ], [ -99.028256234401894, 20.282346930097511 ], [ -99.028260612804061, 20.282345959785658 ], [ -99.028361084953858, 20.282322101010898 ], [ -99.028461187895772, 20.282300942314269 ], [ -99.028559588393676, 20.28227653525278 ], [ -99.028656819719728, 20.282253232575133 ], [ -99.028749853710551, 20.282231364608819 ], [ -99.02892539537531, 20.282191541219579 ], [ -99.028962826187865, 20.282182999252971 ], [ -99.029092763344295, 20.282153347370997 ], [ -99.029252927935161, 20.282117654936947 ], [ -99.029370192535254, 20.282091719828262 ], [ -99.029486301141489, 20.282070744914726 ], [ -99.029624969865779, 20.28203857995274 ], [ -99.029759004175375, 20.282005968366555 ], [ -99.029916651600587, 20.2819700317702 ], [ -99.030072697969914, 20.281935533901429 ], [ -99.030211092762926, 20.281904453793718 ], [ -99.03032317092466, 20.281877390294998 ], [ -99.030426346549575, 20.281851347576826 ], [ -99.03056726334124, 20.281818155846786 ], [ -99.030696151586383, 20.281790386143449 ], [ -99.030851712465704, 20.281757971459022 ], [ -99.031021256895443, 20.281722641729388 ], [ -99.031115376749199, 20.281703238347077 ], [ -99.031212308786692, 20.281681193073787 ], [ -99.031308649082902, 20.281659838233459 ], [ -99.031406424669669, 20.281637191781439 ], [ -99.031504039052265, 20.28161314014379 ], [ -99.03160117762782, 20.281590050010372 ], [ -99.031698671315993, 20.281566166363 ], [ -99.031800290915911, 20.281543343689258 ], [ -99.031898970073385, 20.281523702304423 ], [ -99.0319989537971, 20.281505126920759 ], [ -99.032103090136289, 20.281482385842782 ], [ -99.032208503962011, 20.28145945199276 ], [ -99.03229965505632, 20.281437271634335 ], [ -99.032312190568433, 20.281434222248869 ], [ -99.032412207358163, 20.281409372651378 ], [ -99.032512681011227, 20.281384897018881 ], [ -99.032612429798817, 20.28136107208439 ], [ -99.032712838475646, 20.281337593967589 ], [ -99.032815269877446, 20.281314679285611 ], [ -99.032827292177302, 20.281312239916318 ], [ -99.032921024732175, 20.281293217875767 ], [ -99.033024165150124, 20.281272131905524 ], [ -99.033123832008386, 20.281251049242275 ], [ -99.033195879351737, 20.281226475575441 ], [ -99.034098171257, 20.28101232485885 ], [ -99.03499903501644, 20.280812450000028 ], [ -99.035818520582552, 20.280626852024845 ], [ -99.036486266725987, 20.280472539693466 ], [ -99.037514362880799, 20.280241140726783 ], [ -99.038433430297431, 20.280026990284995 ], [ -99.03926412460703, 20.279847763365655 ], [ -99.039468496326165, 20.279806890083172 ], [ -99.0401882829063, 20.27964032746274 ], [ -99.041190629659795, 20.279420227297258 ], [ -99.041934212106241, 20.279247715893849 ], [ -99.042624255995918, 20.279096026101438 ], [ -99.043451117942027, 20.278911616857638 ], [ -99.044215957008078, 20.278743489414214 ], [ -99.045123959217833, 20.278537902984787 ], [ -99.045723583263793, 20.278396086575661 ], [ -99.046013425551834, 20.27833658732078 ], [ -99.04676531061186, 20.278172418224298 ], [ -99.047529080301999, 20.278000815658896 ], [ -99.047540538965038, 20.277998240790271 ], [ -99.048388579367284, 20.27780407661357 ], [ -99.049132398671034, 20.27763989506677 ], [ -99.04989049526354, 20.277470000713087 ], [ -99.050521527665907, 20.277324378103994 ], [ -99.051124007522475, 20.277191604089566 ], [ -99.051662242037352, 20.277074535055373 ], [ -99.051852123476849, 20.277034559756185 ], [ -99.05194777665983, 20.277014571818189 ], [ -99.052073352899882, 20.27696302976236 ], [ -99.053372597984634, 20.276654798416281 ], [ -99.05355079839336, 20.276613450397189 ], [ -99.054229577040644, 20.276463755139421 ], [ -99.054337708159551, 20.276474909608488 ] ] } },
{ "type": "Feature", "properties": { "ID_OBRA": "106_Atlapexco", "No.": 106.0, "Municipio": "Atlapexco", "Rubro": "Infraestructura Carretera", "Ejercicio": 2023.0, "Obra": "Rehabilitación del tramo: E.C. Cuatapa - Tenexco - Tlahica, del km 0+000 al km 0+500", "Localidad": "Tlahica", "Inversión": 353612.73, "Habitantes.beneficiados": 150.0, "Ejecutora": "DGCCE", "Trabajos": "Se consideran trabajos de revestimiento, cunetas y limpieza de cunetas.", "Geometria_tipo": "Línea", "extract": 0.25855126321992178 }, "geometry": { "type": "LineString", "coordinates": [ [ -98.350932905070096, 21.050059974434593 ], [ -98.350964786735915, 21.050298007087296 ], [ -98.350924934653619, 21.050684809336197 ], [ -98.350518443413904, 21.050945156437905 ], [ -98.349864869263811, 21.051160872262905 ], [ -98.349506200522896, 21.051354272392004 ], [ -98.348693218043508, 21.051480726186696 ], [ -98.347880235564105, 21.051577426074893 ], [ -98.347537507656085, 21.051733633453892 ], [ -98.347322306411513, 21.052053486146995 ], [ -98.347242602246894, 21.052343584506897 ] ] } },
{ "type": "Feature", "properties": { "ID_OBRA": "109_Atotonilco de Tula", "No.": 109.0, "Municipio": "Atotonilco de Tula", "Rubro": "Vialidades Urbanas", "Ejercicio": 2024.0, "Obra": "Reconstrucción de calle República de El Salvador, en el municipio de Atotonilco de Tula.", "Localidad": "Atotonilco de Tula", "Inversión": 598134.36, "Habitantes.beneficiados": null, "Ejecutora": "DGOPI", "Trabajos": "Considera los trabajos de preliminares, piso para pavimento de concreto hidráulico.", "Geometria_tipo": "Línea", "extract": 0.23955495288555345 }, "geometry": { "type": "LineString", "coordinates": [ [ -99.221884492768893, 20.012792020508297 ], [ -99.220947337702199, 20.0057177735608 ] ] } },
{ "type": "Feature", "properties": { "ID_OBRA": "110_Atotonilco de Tula", "No.": 110.0, "Municipio": "Atotonilco de Tula", "Rubro": "Infraestructura Carretera", "Ejercicio": 2025.0, "Obra": "Modernización de carretera Refugio - Texas, en el municipio de Atotonilco de Tula", "Localidad": "Atotonilco de Tula", "Inversión": 40000000.0, "Habitantes.beneficiados": null, "Ejecutora": "SIPDUS", "Trabajos": null, "Geometria_tipo": "Línea", "extract": 0.081669928361343486 }, "geometry": { "type": "LineString", "coordinates": [ [ -99.202041992382206, 20.026163212961198 ], [ -99.200313872035196, 20.022743871562998 ], [ -99.194088060983702, 20.010442229739496 ] ] } },
{ "type": "Feature", "properties": { "ID_OBRA": "1102_Tecozautla", "No.": 1102.0, "Municipio": "Tecozautla", "Rubro": "Infraestructura Carretera", "Ejercicio": 2024.0, "Obra": "Reconstrucción del camino Gandhó - Al Crucero (Carretera Tecozautla - Huichapan), en el municipio de Tecozautla", "Localidad": "Gandho", "Inversión": 5181262.53, "Habitantes.beneficiados": 2382.0, "Ejecutora": "DGOPI", "Trabajos": "Considera trabajos para la reconstrucción y/o conservación de Infraestructura Carretera en la localidad de Gandho municipio de Tecozautla", "Geometria_tipo": "Línea", "extract": -0.12940957272996631 }, "geometry": { "type": "LineString", "coordinates": [ [ -99.68760008393329, 20.545153989539671 ], [ -99.688078644277169, 20.54390918615649 ], [ -99.688157554294449, 20.543671913438889 ], [ -99.688298154069187, 20.541899458543305 ], [ -99.6883329596088, 20.540878942405591 ], [ -99.688485875739715, 20.539758110814969 ], [ -99.688555289432571, 20.539079065946098 ], [ -99.68845054997972, 20.538059271449573 ], [ -99.688377469974256, 20.537505683511164 ], [ -99.688011543109226, 20.536458949441545 ], [ -99.687817212400077, 20.535894559169293 ], [ -99.687688435621467, 20.535124731526025 ], [ -99.687664546804214, 20.531736352611524 ] ] } },
{ "type": "Feature", "properties": { "ID_OBRA": "1118_Tenango de Doria", "No.": 1118.0, "Municipio": "Tenango de Doria", "Rubro": "Infraestructura Carretera", "Ejercicio": 2023.0, "Obra": "Reconstrucción de la C.E. Desdavi a Santa María Temaxcalapa.", "Localidad": "Santa María Temaxcalapa", "Inversión": 67788759.23, "Habitantes.beneficiados": null, "Ejecutora": "DGCCE", "Trabajos": "Considera trabajos para la reconstrucción y/o conservación de Infraestructura Carretera en la localidad de Santa María Temaxcalapa municipio de Tenango de Doria", "Geometria_tipo": "Línea", "extract": 0.76344049272694436 }, "geometry": { "type": "LineString", "coordinates": [ [ -98.23796030248549, 20.348293070095789 ], [ -98.237981835739831, 20.348759281917339 ], [ -98.237937200221808, 20.348905809211647 ], [ -98.237819085873966, 20.349018854553155 ], [ -98.237627772951114, 20.349053694249498 ], [ -98.237420715242365, 20.348907964684297 ], [ -98.23728386657703, 20.348755613500298 ], [ -98.237096157302673, 20.348593018426527 ], [ -98.236917195535057, 20.348565288127787 ], [ -98.236753284311476, 20.348653219130135 ], [ -98.236663949536222, 20.348778030921643 ], [ -98.236664710372679, 20.349034479655355 ], [ -98.236808704490272, 20.349826230978234 ], [ -98.236849288540682, 20.350096565016759 ], [ -98.236815778601255, 20.350301010055695 ], [ -98.236660268394047, 20.350420970099812 ], [ -98.236427258077654, 20.350485763093442 ], [ -98.236206983721218, 20.350426368923337 ], [ -98.2360812074579, 20.350321153438941 ], [ -98.235911974640132, 20.35015467914177 ], [ -98.235713799489943, 20.349955729229642 ], [ -98.23548152262434, 20.349718178948045 ], [ -98.2352700053343, 20.349545844373228 ], [ -98.235080760887769, 20.349476492090155 ], [ -98.234827845391067, 20.349516987113589 ], [ -98.234585689459095, 20.349650683332591 ], [ -98.234421037753947, 20.349835935731399 ], [ -98.234098759971573, 20.350238750077626 ], [ -98.233953282101155, 20.350352705555647 ], [ -98.233626351525302, 20.350431022551668 ], [ -98.233255825070742, 20.350282032879292 ], [ -98.232757402009099, 20.34990231620867 ], [ -98.232228714329011, 20.349513760481074 ], [ -98.231937039802176, 20.349250728876278 ], [ -98.231722082509421, 20.348810045650001 ], [ -98.231561641492618, 20.348544203338207 ] ] } },
{ "type": "Feature", "properties": { "ID_OBRA": "1119_Tenango de Doria", "No.": 1119.0, "Municipio": "Tenango de Doria", "Rubro": "Vialidades Urbanas", "Ejercicio": 2025.0, "Obra": "Rehabilitación de pavimentación hidráulica en calle de acceso a la localidad de Santa María Temaxcalapa, en el municipio de Tenango de Doria", "Localidad": "Santa María Temaxcalapa", "Inversión": 8461596.23, "Habitantes.beneficiados": null, "Ejecutora": "SIPDUS", "Trabajos": null, "Geometria_tipo": "Línea", "extract": 0.77260887311497617 }, "geometry": { "type": "LineString", "coordinates": [ [ -98.2026969644959, 20.380590770127696 ], [ -98.202609182870702, 20.380509083560103 ], [ -98.202484342236502, 20.380452683253299 ], [ -98.202300611706406, 20.380419074259898 ], [ -98.202163607859006, 20.380426530844101 ], [ -98.202028739792098, 20.380465807743303 ], [ -98.201244504852596, 20.3809158070585 ], [ -98.201149487314893, 20.380905787823004 ], [ -98.2005408654814, 20.380634907027098 ], [ -98.200401757519998, 20.3805965375001 ], [ -98.200258541403301, 20.380631063181095 ], [ -98.2001299129644, 20.380731810852694 ], [ -98.199976178673495, 20.381086817839702 ], [ -98.199856912512701, 20.381271005677295 ], [ -98.199798470788096, 20.381310848513088 ], [ -98.199737958350198, 20.3812215289236 ], [ -98.199280656111497, 20.380484925697203 ] ] } },
{ "type": "Feature", "properties": { "ID_OBRA": "1122_Tenango de Doria", "No.": 1122.0, "Municipio": "Tenango de Doria", "Rubro": "Infraestructura Carretera", "Ejercicio": 2023.0, "Obra": "Rehabilitación de la C.E. Metepec-Tenango de Doria.", "Localidad": "Tenango de Doria", "Inversión": 39261818.68, "Habitantes.beneficiados": null, "Ejecutora": "DGCCE", "Trabajos": "Considera trabajos para la reconstrucción y/o conservación de Infraestructura Carretera en la localidad de Tenango de Doria municipio de Tenango de Doria", "Geometria_tipo": "Línea", "extract": 0.68110179711140917 }, "geometry": { "type": "LineString", "coordinates": [ [ -98.216210006520896, 20.367424729258524 ], [ -98.215806911044098, 20.367535659864565 ], [ -98.215429901433325, 20.367786643726738 ], [ -98.215139254959084, 20.368075141773964 ], [ -98.214788903750957, 20.368650747021775 ], [ -98.214392205534423, 20.368839067286462 ], [ -98.21389348013858, 20.368639207531583 ], [ -98.213460706054633, 20.368628961578857 ], [ -98.212854804812721, 20.368546058136094 ], [ -98.212300611080806, 20.368464998611387 ], [ -98.212037753802505, 20.368663922483929 ], [ -98.211944304103383, 20.369039482435085 ], [ -98.212043740733392, 20.369289805143751 ], [ -98.212364723860176, 20.369577023526126 ], [ -98.212475357589739, 20.369836018453295 ], [ -98.212618915340286, 20.369957350517847 ], [ -98.212988409725995, 20.370213095765877 ], [ -98.213187315327033, 20.370466204757431 ], [ -98.213149318039655, 20.37068128975357 ], [ -98.2128275273528, 20.370888535830858 ], [ -98.212799834109362, 20.370898920589539 ], [ -98.21211558922829, 20.370915542736775 ], [ -98.212001712576196, 20.370699851873784 ], [ -98.211651740992608, 20.370182804826634 ], [ -98.211392931128429, 20.370305387897979 ], [ -98.211241758904038, 20.370385406521194 ], [ -98.211309983357964, 20.370721884391919 ], [ -98.21131510472479, 20.371076346533851 ], [ -98.211167339957242, 20.37138735773739 ], [ -98.211039386715697, 20.371585340426197 ], [ -98.210989655172881, 20.371666873526252 ], [ -98.211151236633768, 20.372118664344651 ], [ -98.211195044665558, 20.372299635363778 ], [ -98.211155344828995, 20.372538277631413 ], [ -98.21124416121414, 20.373013049749925 ], [ -98.211349660717232, 20.373391538516572 ], [ -98.211287202132027, 20.373922479913059 ], [ -98.211265494805019, 20.375362915954039 ], [ -98.21126348092109, 20.376189128488853 ], [ -98.211342270710631, 20.37646757268735 ], [ -98.211523548443736, 20.37661997222002 ], [ -98.211831675544744, 20.376929861312949 ], [ -98.211910324442556, 20.377149034878805 ], [ -98.21183526096425, 20.377353595475231 ], [ -98.211640412659179, 20.377426882780497 ], [ -98.211407365636504, 20.377391403197716 ], [ -98.211150680301515, 20.377313920321352 ], [ -98.210855981727832, 20.377211079579229 ], [ -98.210424577847874, 20.37715846412058 ], [ -98.210186383470145, 20.377073156743563 ], [ -98.209912264559861, 20.377136536143979 ], [ -98.209477275966876, 20.377227646775808 ], [ -98.209121519989537, 20.377241077083553 ], [ -98.208865797034065, 20.377087803467607 ], [ -98.208448751257066, 20.377100958465121 ], [ -98.208069703221611, 20.376875585662805 ], [ -98.207936114558663, 20.376764815490308 ], [ -98.207561654699475, 20.37689519179078 ], [ -98.207328949266341, 20.376930830270055 ], [ -98.206966217125554, 20.376826205285521 ], [ -98.206728907531556, 20.376671532132715 ], [ -98.206542552339258, 20.37685059764447 ], [ -98.206401678034794, 20.377336904279524 ], [ -98.206476613635516, 20.377879124963052 ], [ -98.206427874129375, 20.378428494399117 ], [ -98.206110124047299, 20.378894248270012 ], [ -98.20588917307856, 20.379260014530871 ], [ -98.205743816996247, 20.379810518986059 ], [ -98.205500075922913, 20.379970900256509 ], [ -98.205242865282685, 20.380108786059186 ], [ -98.20501944025203, 20.380294354733731 ], [ -98.204806958387778, 20.380579032988653 ], [ -98.204595617989099, 20.380820994207525 ], [ -98.20436574590957, 20.380984936687909 ], [ -98.204095664181651, 20.381158426257805 ], [ -98.203822786429598, 20.381102504399006 ], [ -98.203586098022569, 20.381044064894979 ], [ -98.203390321280921, 20.380907246339568 ], [ -98.202968300704441, 20.380697637118871 ], [ -98.202694561794075, 20.380619331382935 ], [ -98.202535641692194, 20.380704273642092 ], [ -98.202457818653897, 20.380879213316135 ], [ -98.202485848020487, 20.381037043097223 ], [ -98.202623213198621, 20.381292504492603 ], [ -98.202685797052126, 20.381396301839789 ], [ -98.202705582388234, 20.381532235897023 ], [ -98.202579615702675, 20.381692712408292 ], [ -98.202395830715901, 20.381816110754656 ], [ -98.20202702029647, 20.381958589243336 ], [ -98.201948084165238, 20.382090112409131 ], [ -98.20192323657146, 20.382323438747338 ], [ -98.202110024028102, 20.382442881048956 ], [ -98.202357646792123, 20.382475759941599 ] ] } },
{ "type": "Feature", "properties": { "ID_OBRA": "1132_Tepeapulco", "No.": 1132.0, "Municipio": "Tepeapulco", "Rubro": "Vialidades Urbanas", "Ejercicio": 2023.0, "Obra": "Reconstrucción de la avenida Diesel Nacional; en el municipio de Tepeapulco.", "Localidad": "Fray Bernardino de Sahagún (Ciudad Sahagún)", "Inversión": 3500098.67, "Habitantes.beneficiados": null, "Ejecutora": "DGOPI", "Trabajos": "Considera trabajos en la rehabilitación y/o mejoramiento de las vialidades urbanas en la localidad de Fray Bernardino de Sahagún (Ciudad Sahagún) muncipio de Tepeapulco", "Geometria_tipo": "Línea", "extract": 0.54871489720673072 }, "geometry": { "type": "LineString", "coordinates": [ [ -98.587555135054998, 19.7614637829112 ], [ -98.582292256423102, 19.760875702217398 ], [ -98.576055699333494, 19.760097240731298 ], [ -98.573498997954104, 19.759733926237299 ], [ -98.570262024577602, 19.759439778883198 ] ] } },
{ "type": "Feature", "properties": { "ID_OBRA": "1139_Tepeapulco", "No.": 1139.0, "Municipio": "Tepeapulco", "Rubro": "Vialidades Urbanas", "Ejercicio": 2024.0, "Obra": "Reconstrucción de la Avenida Corredor Industrial 2a. etapa en el Parque industrial Sahagún, en el municipio de Tepeapulco.", "Localidad": "Fray Bernardino de Sahagún (Ciudad Sahagún)", "Inversión": 23046447.56, "Habitantes.beneficiados": null, "Ejecutora": "DGEP", "Trabajos": "Considera trabajos en la rehabilitación y/o mejoramiento de las vialidades urbanas en la localidad de Fray Bernardino de Sahagún (Ciudad Sahagún) muncipio de Tepeapulco", "Geometria_tipo": "Línea", "extract": 0.46496619214990881 }, "geometry": { "type": "LineString", "coordinates": [ [ -98.594434531275198, 19.765158726302097 ], [ -98.592440506443594, 19.758808000423098 ] ] } },
{ "type": "Feature", "properties": { "ID_OBRA": "1150_Tepehuacán de Guerrero", "No.": 1150.0, "Municipio": "Tepehuacán de Guerrero", "Rubro": "Infraestructura Carretera", "Ejercicio": 2024.0, "Obra": "Rehabilitación de camino puente Cahuazas, sobre el camino Cahuazas a Ixtlapalaco, en el municipio de Tepehuacán de Guerrero.", "Localidad": "Cahuazaz de Morelos (Rancho Alegre)", "Inversión": 2988496.83, "Habitantes.beneficiados": 667.0, "Ejecutora": "DGOPI", "Trabajos": "Considera los trabajos de demoliciones, zampeados, pavimentación en accesos", "Geometria_tipo": "Línea", "extract": 0.98521164588074917 }, "geometry": { "type": "LineString", "coordinates": [ [ -98.858804599970227, 21.136068953517469 ], [ -98.855817176032431, 21.135112036499866 ], [ -98.855511146083742, 21.135214232453645 ], [ -98.854767655490505, 21.137214089508852 ], [ -98.854578698602523, 21.137443886980535 ], [ -98.852608057446631, 21.137482794174254 ] ] } },
{ "type": "Feature", "properties": { "ID_OBRA": "1152_Tepehuacán de Guerrero", "No.": 1152.0, "Municipio": "Tepehuacán de Guerrero", "Rubro": "Infraestructura Carretera", "Ejercicio": 2024.0, "Obra": "Rehabilitación de camino E.C. de Tepehuacán a San Juan Ahuehueco, a Choquintla, en el municipio de Tepehuacán de Guerrero.", "Localidad": "Choquintla (San Nicolás Choquintla)", "Inversión": 7849174.97, "Habitantes.beneficiados": 3400.0, "Ejecutora": "DGOPI", "Trabajos": "Considera los trabajos de preliminares, revestimiento de camino en la localidad de Choquintla (San Nicolás Choquintla) municipio de Tepehuacán de Guerrero", "Geometria_tipo": "Línea", "extract": 0.7113817766107644 }, "geometry": { "type": "LineString", "coordinates": [ [ -98.843343081057682, 21.013201677200712 ], [ -98.843527774931232, 21.015158344110176 ], [ -98.843220720258884, 21.01628967529015 ], [ -98.843970345973631, 21.017576400736523 ], [ -98.844469381861657, 21.018859520768068 ], [ -98.84493956598422, 21.019305601066922 ], [ -98.844977739104678, 21.019681898812145 ], [ -98.844826138910463, 21.019980269113312 ], [ -98.845121106924182, 21.021191591091213 ], [ -98.844796384005747, 21.022844760505251 ], [ -98.84388407147641, 21.023077335431047 ], [ -98.842846937860713, 21.025015182726726 ], [ -98.844557423401938, 21.026001684801422 ], [ -98.844939287468748, 21.0268534053398 ], [ -98.845983504278095, 21.027113959387684 ], [ -98.847224538949561, 21.028259841616293 ], [ -98.848217962040749, 21.027923930430141 ], [ -98.848691340730369, 21.027167442905121 ], [ -98.850750220874886, 21.026752519713028 ], [ -98.851192611104054, 21.026448498458535 ], [ -98.84967596569922, 21.025858139499036 ], [ -98.847742690473453, 21.025291273508671 ], [ -98.847539761410957, 21.024971262612347 ], [ -98.848636271018421, 21.024267310933276 ], [ -98.84903470901952, 21.02280770403209 ], [ -98.848745679074739, 21.021672583890808 ], [ -98.847893760561291, 21.02047577349968 ], [ -98.847939385953069, 21.019771512750545 ], [ -98.848211650577682, 21.019653507344369 ], [ -98.848477133220243, 21.019683000312739 ], [ -98.848930326379005, 21.020319245080628 ], [ -98.849686444857895, 21.020571535737229 ], [ -98.849751288062805, 21.020927346337597 ], [ -98.849518130974644, 21.021637928924054 ], [ -98.850274781763162, 21.022064010980049 ], [ -98.851792249729186, 21.020796795638141 ], [ -98.85228389194269, 21.020797003610191 ], [ -98.853108545572468, 21.020274893937923 ], [ -98.853537673366688, 21.020514342104526 ], [ -98.85251344350489, 21.021251198044723 ], [ -98.851597650343749, 21.021975284039314 ], [ -98.851684866458541, 21.022414921263536 ], [ -98.852476972305212, 21.022549145249208 ], [ -98.853320967200801, 21.021760000835037 ], [ -98.854215332504054, 21.020797834742311 ], [ -98.85704179398185, 21.01949469571235 ], [ -98.85795185568746, 21.019241723762686 ], [ -98.859088764374007, 21.019278215900961 ], [ -98.859967733361287, 21.018886941085501 ], [ -98.862057447516051, 21.0186779433315 ], [ -98.862472243743227, 21.018678136384406 ], [ -98.862854809163338, 21.01813375344182 ], [ -98.863529870917219, 21.018170016159413 ], [ -98.864467637389993, 21.018378374996125 ], [ -98.865553243906731, 21.018080449007098 ], [ -98.866029641760463, 21.01730833130215 ], [ -98.868543111748636, 21.016218399354948 ], [ -98.869705884183219, 21.014554723914635 ], [ -98.870468374123675, 21.014096287069087 ], [ -98.870453871927694, 21.013245262349031 ] ] } },
{ "type": "Feature", "properties": { "ID_OBRA": "1153_Tepehuacán de Guerrero", "No.": 1153.0, "Municipio": "Tepehuacán de Guerrero", "Rubro": "Infraestructura Carretera", "Ejercicio": 2023.0, "Obra": "Rehabilitación del tramo Ixtlapalaco - Cahuazas, del Km 0+000 al Km 7+000; en el municipio de Tepehuacán de Guerrero.", "Localidad": "Ixtlapalaco", "Inversión": 5518495.4, "Habitantes.beneficiados": 515.0, "Ejecutora": "DGOPI", "Trabajos": "Se consideran trabajos de revestimiento, cunetas y limpieza de cunetas.", "Geometria_tipo": "Línea", "extract": 0.90846596225660237 }, "geometry": { "type": "LineString", "coordinates": [ [ -98.855563021361448, 21.135025550626903 ], [ -98.854395348155506, 21.133964877101626 ], [ -98.851811747237235, 21.133827469811351 ], [ -98.850164210246987, 21.133081740867286 ], [ -98.849610773601171, 21.131902249238642 ], [ -98.849221919135147, 21.131715274703289 ], [ -98.847030322366479, 21.131539892723698 ], [ -98.845526055833332, 21.131638662567941 ], [ -98.844938124145074, 21.131520164770727 ], [ -98.844355407723469, 21.13152014051574 ], [ -98.843672575318777, 21.131154596769822 ], [ -98.842806444303903, 21.131738430508527 ], [ -98.841881469109126, 21.132086068275381 ], [ -98.840841568651285, 21.132533569886299 ], [ -98.839793936741827, 21.13328043348541 ], [ -98.839859170703534, 21.133566267734231 ], [ -98.83968724739546, 21.134010311960672 ], [ -98.839533664746639, 21.134659555237363 ], [ -98.83919422145901, 21.135180231563059 ], [ -98.839055331626909, 21.135844747840046 ], [ -98.839142363085116, 21.1362073850554 ], [ -98.838737903878368, 21.136940626617989 ], [ -98.838698650399195, 21.137896564339982 ], [ -98.839093806960435, 21.13833420487072 ], [ -98.83969815315622, 21.13957912132226 ], [ -98.839809378838964, 21.140310432063252 ], [ -98.839795125708704, 21.143126868619039 ], [ -98.839535250822834, 21.143335689468106 ], [ -98.839517097765679, 21.143813455668393 ], [ -98.839386505916764, 21.144056546691061 ], [ -98.840440289987185, 21.144803242740213 ], [ -98.840459092943917, 21.1452872816946 ], [ -98.840102545752984, 21.145431759188529 ], [ -98.84049334526398, 21.14616898759953 ], [ -98.840357642257771, 21.147150345188599 ], [ -98.840017706752249, 21.14743433787314 ], [ -98.840208610904114, 21.147948210757239 ], [ -98.839987515933146, 21.149702468169274 ], [ -98.840454894411636, 21.151222477360019 ], [ -98.84028414502724, 21.152455813342868 ], [ -98.839751220936947, 21.152763038095557 ] ] } },
{ "type": "Feature", "properties": { "ID_OBRA": "1154_Tepehuacán de Guerrero", "No.": 1154.0, "Municipio": "Tepehuacán de Guerrero", "Rubro": "Infraestructura Carretera", "Ejercicio": 2024.0, "Obra": "Rehabilitación de camino de San Andrés a La Palma, en el municipio de Tepehuacan de Guerrero.", "Localidad": "La Palma", "Inversión": 1570068.0, "Habitantes.beneficiados": 762.0, "Ejecutora": "DGOPI", "Trabajos": "Considera los trabajos de preliminares, revestimiento de camino en la localidad de La Palma municipio de Tepehuacán de Guerrero", "Geometria_tipo": "Línea", "extract": 0.73585984842389418 }, "geometry": { "type": "LineString", "coordinates": [ [ -98.912808672357016, 21.088489416924762 ], [ -98.912501404031289, 21.088355605784521 ], [ -98.910884628521657, 21.088658937499471 ], [ -98.909323572620906, 21.089290246409011 ], [ -98.908335081257064, 21.089147043307673 ], [ -98.907093143912221, 21.089275942830433 ], [ -98.906387030913351, 21.088293079319161 ], [ -98.906095057694188, 21.087692588129215 ], [ -98.905983551578672, 21.087596349211879 ], [ -98.905763891531834, 21.08768292467072 ], [ -98.905765467555142, 21.087799695789567 ], [ -98.905966618782202, 21.088231198235043 ], [ -98.905984653146703, 21.088449691175281 ], [ -98.905966128015308, 21.088598310100515 ], [ -98.905217636184176, 21.088913994045061 ], [ -98.905004460040956, 21.088760276039515 ], [ -98.905280869822661, 21.088355428654907 ], [ -98.905311318496004, 21.088139164870615 ], [ -98.90520156854987, 21.087937924226242 ], [ -98.905078074216192, 21.087799713676855 ], [ -98.904627341080086, 21.087576827756052 ], [ -98.904286381924649, 21.087204753711859 ], [ -98.904098385918346, 21.08701824547385 ], [ -98.903925637698578, 21.086824044425978 ], [ -98.903802450834149, 21.086835361579286 ], [ -98.903370456451853, 21.087287552358813 ], [ -98.900437662135587, 21.0878042695429 ], [ -98.899092050127464, 21.087729941774867 ], [ -98.898025922724187, 21.087825525757047 ], [ -98.897703534535907, 21.087804559564599 ], [ -98.897445030059743, 21.087752240458659 ], [ -98.896535573087178, 21.087783658528494 ], [ -98.896266369695908, 21.08790980387095 ], [ -98.895544210723415, 21.087962688190625 ], [ -98.895323151062911, 21.088100935054847 ], [ -98.895217284912007, 21.088294329522512 ], [ -98.894986013734979, 21.088348474301306 ], [ -98.894744227568225, 21.088197367570423 ], [ -98.894929222950225, 21.087783729806965 ], [ -98.895258664293422, 21.087117440662929 ], [ -98.89526196027407, 21.086809411443927 ], [ -98.894807550333184, 21.086088804091055 ], [ -98.895096599721285, 21.085222961032084 ], [ -98.895044283735473, 21.085099555348052 ], [ -98.894933335219321, 21.08515231830706 ], [ -98.894796722873565, 21.085293955453192 ], [ -98.894687343528247, 21.085454948737969 ], [ -98.894564865360579, 21.085645022677578 ], [ -98.894382284924006, 21.085681508524509 ], [ -98.894173010294125, 21.085672383424541 ], [ -98.89406907265419, 21.085718086571632 ], [ -98.893922524927902, 21.08632075780956 ], [ -98.893635699305477, 21.086540264368438 ], [ -98.893493414979162, 21.086792688232389 ], [ -98.893440672098677, 21.087245057055316 ], [ -98.892964971270231, 21.087603043820405 ] ] } },
{ "type": "Feature", "properties": { "ID_OBRA": "1156_Tepehuacán de Guerrero", "No.": 1156.0, "Municipio": "Tepehuacán de Guerrero", "Rubro": "Infraestructura Carretera", "Ejercicio": 2023.0, "Obra": "Rehabilitación del acceso a La Reforma, del Km 0+000 al Km 4+000; en el municipio de Tepehuacán de Guerrero", "Localidad": "La Reforma", "Inversión": 3146507.74, "Habitantes.beneficiados": null, "Ejecutora": "DGOPI", "Trabajos": "Se consideran trabajos de revestimiento, cunetas y limpieza de cunetas.", "Geometria_tipo": "Línea", "extract": 0.79532133882686007 }, "geometry": { "type": "LineString", "coordinates": [ [ -98.883175863320901, 21.07707376333277 ], [ -98.882807705993486, 21.076913114849837 ], [ -98.882667634056531, 21.075835589112984 ], [ -98.882568423004244, 21.075709121835082 ], [ -98.88240711317502, 21.074913983700821 ], [ -98.882240787048815, 21.074370497765354 ], [ -98.881930717926977, 21.074238080697658 ], [ -98.88083382109339, 21.074835373481083 ], [ -98.879724586790417, 21.076179281683817 ], [ -98.879440268341796, 21.076891096384092 ], [ -98.878835819211176, 21.076982728231258 ], [ -98.878487146765778, 21.077121124638065 ], [ -98.877693662673622, 21.076420481444725 ], [ -98.877745383624898, 21.075752339729718 ], [ -98.877553634916978, 21.07546076542145 ], [ -98.877498679575837, 21.074276911535858 ], [ -98.877306060461706, 21.074220418677932 ], [ -98.876702737234751, 21.075337848275577 ], [ -98.876740517635241, 21.076136685750726 ], [ -98.876551998391335, 21.076620759315052 ], [ -98.876120176433716, 21.07666569057977 ], [ -98.875792730665026, 21.076158569823239 ], [ -98.875665050755174, 21.075648000705829 ], [ -98.87582386232765, 21.074660528796656 ], [ -98.875496030116807, 21.074429365659061 ], [ -98.875337004454693, 21.074015632722627 ], [ -98.875040333640072, 21.073795381385551 ], [ -98.874579022437501, 21.07401581519402 ], [ -98.874282265490478, 21.07367330706262 ], [ -98.873917149418688, 21.072600800847077 ], [ -98.873957304272309, 21.072177709887935 ], [ -98.873691882825682, 21.071823323132609 ], [ -98.87388163451746, 21.070968577949799 ], [ -98.87384280181162, 21.070665963237992 ], [ -98.873633272315743, 21.070857953682737 ], [ -98.873398080283167, 21.071220535833667 ], [ -98.873152315132486, 21.07127709094587 ], [ -98.872985208432027, 21.071080277930381 ], [ -98.872981249958571, 21.070748187687169 ], [ -98.872896355343372, 21.0703423909478 ], [ -98.872864037591938, 21.069688008492861 ], [ -98.873267530011418, 21.069010361252047 ], [ -98.873233717878833, 21.068645126264727 ], [ -98.87295519085022, 21.068083198197325 ], [ -98.872543699208904, 21.067921224389917 ], [ -98.871130338553698, 21.067693130876822 ], [ -98.870210640721893, 21.070245869201219 ], [ -98.86969859270215, 21.07060983048105 ], [ -98.869612194846283, 21.070844942608506 ], [ -98.869753933527122, 21.071031166012624 ], [ -98.870202047324071, 21.071202878230608 ], [ -98.870280559925661, 21.07172308320887 ], [ -98.870224959634896, 21.072215166219227 ], [ -98.869918617130239, 21.073226561806326 ] ] } },
{ "type": "Feature", "properties": { "ID_OBRA": "1158_Tepehuacán de Guerrero", "No.": 1158.0, "Municipio": "Tepehuacán de Guerrero", "Rubro": "Infraestructura Carretera", "Ejercicio": 2024.0, "Obra": "Rehabilitación de camino E.C. de Tamala a Tepehuacan, a San Miguel, del km 0.000 al km 9.400, en el municipio de Tepehuacan de Guerrero.", "Localidad": "San Miguel Ayotempa", "Inversión": 7375860.74, "Habitantes.beneficiados": 2783.0, "Ejecutora": "DGCCE", "Trabajos": "Considera los trabajos de preliminares, revestimiento de camino en la localidad de San Miguel Ayotempa municipio de Tepehuacán de Guerrero", "Geometria_tipo": "Línea", "extract": 0.55265237363183439 }, "geometry": { "type": "LineString", "coordinates": [ [ -98.800236653303926, 20.997337337527696 ], [ -98.798964951094135, 20.998661000585834 ], [ -98.799097088904873, 20.999239151484883 ], [ -98.798636931315158, 20.999795114579396 ], [ -98.798653484914823, 21.000489054004419 ], [ -98.801530046079492, 21.005613231919909 ], [ -98.800313234148135, 21.007769336406891 ], [ -98.799167969585127, 21.008568943170761 ], [ -98.799603001295168, 21.011404503963018 ], [ -98.800694314368968, 21.01181561717274 ], [ -98.801455170540919, 21.011372900824597 ], [ -98.802116933791496, 21.011467680062523 ], [ -98.802479092184029, 21.011057296353293 ], [ -98.806746636695294, 21.009205707937333 ], [ -98.807058336976866, 21.00814673649872 ], [ -98.807448696431791, 21.007960462236216 ], [ -98.808226630695899, 21.009205708247794 ], [ -98.808791573596181, 21.009487010276377 ], [ -98.809301260035639, 21.010145065861341 ], [ -98.809429045493786, 21.010744064746429 ], [ -98.809748861101482, 21.010923910252018 ], [ -98.809845078573261, 21.011554007472032 ], [ -98.810613451250461, 21.011734163053699 ], [ -98.812024558039283, 21.012606090575805 ], [ -98.812540356138811, 21.013479816045887 ], [ -98.813630550864787, 21.013389291939578 ], [ -98.814618969473742, 21.012395308128951 ], [ -98.815768209254941, 21.011824001486463 ], [ -98.816499277656362, 21.011163448529061 ], [ -98.818860629621028, 21.010686791189787 ], [ -98.819526427984599, 21.009816202442128 ], [ -98.820644453362419, 21.00975401345222 ], [ -98.821100981696503, 21.010499717779521 ], [ -98.822089265951405, 21.010250749655413 ], [ -98.822812422293865, 21.010810932228441 ], [ -98.822811022598856, 21.011935459123766 ], [ -98.823405379999059, 21.012625221822805 ], [ -98.82333942668977, 21.01124754967999 ], [ -98.823603041711635, 21.010873166544226 ], [ -98.823668617362387, 21.010312738572821 ], [ -98.823208304673003, 21.009381697652355 ], [ -98.822158338130848, 21.009010410911809 ], [ -98.821897187999085, 21.008577857911792 ], [ -98.822357970290327, 21.00777652310455 ], [ -98.82314350142002, 21.00777642529485 ], [ -98.823143771130248, 21.00728467874659 ], [ -98.82458102400868, 21.006732500915067 ], [ -98.825303216546587, 21.007653111817632 ], [ -98.826482820079349, 21.007899081084297 ], [ -98.827257483138126, 21.006548421030747 ], [ -98.827844525664901, 21.00648713055671 ], [ -98.827336098221494, 21.008145349055606 ], [ -98.828262816386228, 21.009071464875305 ], [ -98.828268555515393, 21.00962895812669 ], [ -98.827150342209762, 21.009505112642486 ], [ -98.826557370246121, 21.009257387274921 ], [ -98.826230888013612, 21.009567230122013 ], [ -98.829465837415853, 21.010747729749898 ], [ -98.830716525392546, 21.010685250068555 ], [ -98.831750657965429, 21.009566442751058 ], [ -98.832130056296776, 21.00876173697986 ], [ -98.831861004599332, 21.008391323685636 ], [ -98.830943308867475, 21.008391465194119 ], [ -98.830799631433962, 21.007590824263318 ], [ -98.831771372483331, 21.007037950767852 ], [ -98.83290824189001, 21.005082957003264 ], [ -98.83302095038826, 21.004232790232713 ], [ -98.834002424736454, 21.004535883277523 ], [ -98.835154952685514, 21.006424752432896 ], [ -98.835936687706464, 21.006363435629627 ], [ -98.83605241275707, 21.005813546124166 ], [ -98.836704380568108, 21.005813423527563 ], [ -98.835961216096962, 21.007282738872696 ], [ -98.835047138116153, 21.007344313260045 ], [ -98.834277773687745, 21.010871684512857 ], [ -98.833436963533515, 21.011621118891206 ], [ -98.834639802194701, 21.012247181377681 ], [ -98.834603650711912, 21.012956898897684 ] ] } },
{ "type": "Feature", "properties": { "ID_OBRA": "1159_Tepehuacán de Guerrero", "No.": 1159.0, "Municipio": "Tepehuacán de Guerrero", "Rubro": "Infraestructura Carretera", "Ejercicio": 2023.0, "Obra": "Rehabilitación del tramo Tenango - Ahuatetla, del km 0+000 al km 7+300; en el municipio de Tepehuacán de Guerrero", "Localidad": "Tenango", "Inversión": 5680135.54, "Habitantes.beneficiados": 150.0, "Ejecutora": "DGOPI", "Trabajos": "Se consideran trabajos de revestimiento, cunetas y limpieza de cunetas.", "Geometria_tipo": "Línea", "extract": 0.53107356786528026 }, "geometry": { "type": "LineString", "coordinates": [ [ -98.916637817368553, 21.041015166335487 ], [ -98.916782011123189, 21.041212637462586 ], [ -98.916784281205381, 21.041570395116612 ], [ -98.917198747748884, 21.041347052322145 ], [ -98.917412461215406, 21.041015152944379 ], [ -98.917317103332891, 21.040696676915907 ], [ -98.917403913859047, 21.040542216618295 ], [ -98.918726629341563, 21.040759314758066 ], [ -98.91948336494103, 21.040696640695735 ], [ -98.920066979805611, 21.040557478146336 ], [ -98.920472558452772, 21.04064995913588 ], [ -98.921320571707085, 21.040557455746267 ], [ -98.921997206872135, 21.040759259987553 ], [ -98.922061133433033, 21.040450933322248 ], [ -98.922046278334165, 21.040154635165841 ], [ -98.921999032747152, 21.039744968515269 ], [ -98.921561786051925, 21.039528458002078 ], [ -98.921077380816911, 21.039663029928033 ], [ -98.920978267150431, 21.039608904989461 ], [ -98.921312940477506, 21.039139457188341 ], [ -98.921530984967404, 21.039065358904608 ], [ -98.92187783668939, 21.03924679412545 ], [ -98.922373465067167, 21.039311998747987 ], [ -98.922747755061934, 21.039857436139293 ], [ -98.923022183582489, 21.040735598987826 ], [ -98.923004146981583, 21.041067886910021 ], [ -98.922701805117072, 21.041562846542661 ], [ -98.922678244610864, 21.042262501137824 ], [ -98.922075177860378, 21.04232727878712 ], [ -98.921893662734618, 21.042492268401897 ], [ -98.921841292969134, 21.042748090738435 ], [ -98.922003922699787, 21.042871051479004 ], [ -98.922173466960089, 21.042800513568455 ], [ -98.9222599940328, 21.04257642453809 ], [ -98.922519885220268, 21.042525816236896 ], [ -98.922808955377491, 21.042610418381877 ], [ -98.92319586052642, 21.043124170857038 ], [ -98.923773491546243, 21.042906696528313 ], [ -98.923818309010201, 21.042800592266843 ], [ -98.92373744673138, 21.042425830114553 ], [ -98.923740066586774, 21.042072110901355 ], [ -98.923649042025929, 21.041577255208399 ], [ -98.923703284190651, 21.040950621428319 ], [ -98.924115341093071, 21.040318143392344 ], [ -98.92426593460867, 21.039733185991693 ], [ -98.924411253899706, 21.039662100411384 ], [ -98.924510766966065, 21.039733191277829 ], [ -98.924618090745142, 21.040137760016492 ], [ -98.924541407730501, 21.040306696177776 ], [ -98.924480540499715, 21.040399077286018 ], [ -98.924243961871611, 21.040823154644968 ], [ -98.924335022070252, 21.041449187921341 ], [ -98.92446644634677, 21.042009955952761 ], [ -98.92462528723091, 21.042166640251086 ], [ -98.924756146084889, 21.042087808785748 ], [ -98.924808699911708, 21.04169356376984 ], [ -98.924997222316193, 21.040707480714225 ], [ -98.925479021878587, 21.040503483970284 ], [ -98.926295669636048, 21.039602832266777 ], [ -98.926414020554589, 21.039602839721766 ], [ -98.926440812081694, 21.039776978253773 ], [ -98.926365642087873, 21.040048748979089 ], [ -98.926453407953446, 21.041011488572938 ], [ -98.926635869869827, 21.041719424013113 ], [ -98.927374555536673, 21.041754390737815 ], [ -98.927623593974914, 21.041807107953581 ], [ -98.92771999431956, 21.042132344267927 ], [ -98.928438865813149, 21.043320477374021 ], [ -98.928649363524812, 21.043342442201876 ], [ -98.928584642568737, 21.043041162145776 ], [ -98.928389702598508, 21.042772195798332 ], [ -98.928375010420552, 21.041931793255504 ], [ -98.928779012739597, 21.041556178594735 ], [ -98.929078368065063, 21.040947015912238 ], [ -98.929044838601015, 21.04062896662645 ], [ -98.929142097939803, 21.040517802420531 ], [ -98.929310215611721, 21.04060413389238 ], [ -98.929410103463454, 21.040716660691039 ], [ -98.929434293395701, 21.040999236397418 ], [ -98.929341650485341, 21.041375144454793 ], [ -98.929100878820535, 21.041916857662859 ], [ -98.929197916221014, 21.042080964649472 ], [ -98.929480907814053, 21.042310355298017 ], [ -98.929987196164532, 21.043479289607422 ], [ -98.928966849185542, 21.045380713271779 ], [ -98.927904008376728, 21.045437126789562 ], [ -98.927526220802875, 21.04557936612548 ], [ -98.927159581741051, 21.045622296283099 ], [ -98.926907147331917, 21.045985433830129 ], [ -98.926297584557375, 21.046088738708406 ], [ -98.926630442542034, 21.046479279792806 ], [ -98.927379218634584, 21.046944641450384 ], [ -98.927788251428481, 21.04774492848339 ], [ -98.928074431670908, 21.04802428183978 ], [ -98.92828666999921, 21.048797446293179 ], [ -98.92802356231536, 21.049243060126546 ], [ -98.926983968615033, 21.049640803605087 ], [ -98.926243555653386, 21.049375048819609 ], [ -98.925948369747545, 21.049481072920745 ], [ -98.925951577687201, 21.050340758643305 ], [ -98.925204299152426, 21.050888436979559 ], [ -98.925112335180572, 21.051165377277677 ], [ -98.926429353509988, 21.052008924390535 ], [ -98.926590677991584, 21.052810976083233 ], [ -98.926767621130026, 21.052906940343206 ], [ -98.927015409451982, 21.05264730160734 ], [ -98.927098495270869, 21.052228840807896 ], [ -98.9269388045944, 21.051777111124682 ], [ -98.9263647474056, 21.05159322808322 ], [ -98.926382391327905, 21.051332754203028 ], [ -98.926610572117909, 21.051177687077899 ], [ -98.926916767850358, 21.05103633191252 ], [ -98.927221048728285, 21.051281021792477 ], [ -98.927635545916459, 21.051606415769797 ], [ -98.92831162202981, 21.051975587354285 ], [ -98.92854281106527, 21.05206867549435 ], [ -98.928796951536214, 21.051988904587791 ], [ -98.928895988597773, 21.051698325385495 ], [ -98.928730065534765, 21.051023645251462 ], [ -98.928954259692887, 21.050998047810943 ], [ -98.929211679597415, 21.051164993193559 ], [ -98.929398495041823, 21.051190780636468 ], [ -98.929398945232734, 21.050870378503969 ], [ -98.929359534762241, 21.050541191178741 ], [ -98.929569379490502, 21.05024092573505 ], [ -98.929871197823445, 21.050278292062696 ], [ -98.930100445883923, 21.05041570573524 ], [ -98.930168595630121, 21.050946979260697 ], [ -98.930483904877221, 21.051580468410016 ], [ -98.930285069668145, 21.052095479087434 ], [ -98.930041440948486, 21.052349939218285 ], [ -98.93002824274005, 21.053353012930767 ], [ -98.930484154684152, 21.053855687384736 ], [ -98.930267032503096, 21.054114124167238 ], [ -98.930356045964615, 21.0546591575247 ], [ -98.930356581573946, 21.05499005517105 ] ] } },
{ "type": "Feature", "properties": { "ID_OBRA": "1161_Tepehuacán de Guerrero", "No.": 1161.0, "Municipio": "Tepehuacán de Guerrero", "Rubro": "Infraestructura Carretera", "Ejercicio": 2023.0, "Obra": "Rehabilitación del tramo Teyahuala - Coyutla, del Km 0+000 al Km 3+000; en el municipio de Tepehuacán de Guerrero.", "Localidad": "Teyahuala", "Inversión": 2373699.64, "Habitantes.beneficiados": 720.0, "Ejecutora": "DGOPI", "Trabajos": "Se consideran trabajos de revestimiento, cunetas y limpieza de cunetas.", "Geometria_tipo": "Línea", "extract": 0.77959089168174656 }, "geometry": { "type": "LineString", "coordinates": [ [ -98.847821440796082, 21.057567981989006 ], [ -98.84551147654139, 21.056502831742808 ], [ -98.845055808434424, 21.056633681230569 ], [ -98.843210263892971, 21.055987124602428 ], [ -98.842233665001544, 21.057142582139605 ], [ -98.84155398672678, 21.05678542034396 ], [ -98.840996006399337, 21.056570070852889 ], [ -98.840443430922136, 21.056349175208993 ], [ -98.8395804501383, 21.056365074986022 ], [ -98.838587569383947, 21.056097405561719 ], [ -98.838093439145752, 21.056614736810339 ], [ -98.837694711558399, 21.05654563813918 ], [ -98.837587848937375, 21.055852914282731 ], [ -98.838004479815766, 21.055569109631151 ], [ -98.838094049256711, 21.054927810193906 ], [ -98.838014220975623, 21.054461054327657 ], [ -98.837086356904308, 21.054022802584253 ], [ -98.837233404391199, 21.053713039365409 ], [ -98.838343642284528, 21.053030595146499 ], [ -98.838709152287279, 21.052676080866043 ], [ -98.83969661517763, 21.052318884420341 ], [ -98.839746562155156, 21.05163822347377 ], [ -98.840235659328513, 21.051098165618601 ], [ -98.8412113701078, 21.050811341508176 ], [ -98.841425012414945, 21.050760206671939 ], [ -98.841444724973826, 21.050262192164784 ], [ -98.841362843115661, 21.049842279290818 ], [ -98.841566493997291, 21.0488901380992 ], [ -98.841797057080527, 21.0487749118872 ], [ -98.842699191431379, 21.048928438972915 ], [ -98.842897427885717, 21.048997608860009 ], [ -98.843661586148869, 21.048361429482295 ], [ -98.843904664418076, 21.048317436940884 ], [ -98.845235694277065, 21.04938277842124 ], [ -98.845460880561603, 21.049618670605852 ], [ -98.844434674742743, 21.050412852471997 ] ] } },
{ "type": "Feature", "properties": { "ID_OBRA": "1162_Tepehuacán de Guerrero", "No.": 1162.0, "Municipio": "Tepehuacán de Guerrero", "Rubro": "Infraestructura Carretera", "Ejercicio": 2023.0, "Obra": "Rehabilitación del acceso a Tizapa, del km 0+000 al km 5+500; en el municipio de Tepehuacán de Guerrero", "Localidad": "Tizapa", "Inversión": 4308733.97, "Habitantes.beneficiados": 289.0, "Ejecutora": "DGOPI", "Trabajos": "Se consideran trabajos de revestimiento, cunetas y limpieza de cunetas.", "Geometria_tipo": "Línea", "extract": 0.37948572155287003 }, "geometry": { "type": "LineString", "coordinates": [ [ -98.938860479963665, 21.02913897613216 ], [ -98.938386448714212, 21.029033546623289 ], [ -98.937708612268537, 21.029062055969856 ], [ -98.93752393021181, 21.028951128586094 ], [ -98.938281629389834, 21.028350685539792 ], [ -98.938596151813613, 21.028232031860071 ], [ -98.938786319154644, 21.027686263055831 ], [ -98.9391316505574, 21.02737087743531 ], [ -98.939084291830781, 21.027223144603312 ], [ -98.938881360096261, 21.027167733493275 ], [ -98.938653381899911, 21.027450994137361 ], [ -98.938400147782929, 21.027433562790488 ], [ -98.938653805091121, 21.026939991694597 ], [ -98.939471128684119, 21.026466396606416 ], [ -98.939784266908347, 21.026255971023197 ], [ -98.939783637733711, 21.026064857081355 ], [ -98.939591944481236, 21.026101838669359 ], [ -98.939267413031573, 21.026336694560296 ], [ -98.938354817352305, 21.026484858155936 ], [ -98.937706429170561, 21.026512008945033 ], [ -98.93702266451001, 21.026606000128677 ], [ -98.936992690450893, 21.026624746845066 ], [ -98.936261953931734, 21.026878971146047 ], [ -98.935726313809312, 21.027206094157602 ], [ -98.935558543081314, 21.028092045584938 ], [ -98.935391381211844, 21.028633296725577 ], [ -98.935459350093765, 21.029293448398828 ], [ -98.934993980578056, 21.029559791704333 ], [ -98.935095956171736, 21.028861749163596 ], [ -98.935077862136893, 21.027754295942032 ], [ -98.934474916521523, 21.027232741951035 ], [ -98.934327624447036, 21.026838294870519 ], [ -98.934480134725391, 21.026177937650044 ], [ -98.935218009157168, 21.025680793576807 ], [ -98.935218603754308, 21.025667562619272 ], [ -98.937681794265558, 21.024355206440578 ], [ -98.937890197069649, 21.023764618152153 ], [ -98.9380012248604, 21.023338781395505 ], [ -98.93761607880478, 21.023040237489408 ], [ -98.937016028751245, 21.023725563400969 ], [ -98.936317583972908, 21.023529284366838 ], [ -98.933918832247699, 21.024742960359866 ], [ -98.93342663254252, 21.024751903854956 ], [ -98.933028748302902, 21.024438741896564 ], [ -98.933197917748501, 21.023692876764549 ], [ -98.933344460328073, 21.023188930078962 ], [ -98.933058259427753, 21.023438919737075 ], [ -98.932853725863509, 21.02369201758594 ], [ -98.932568839765906, 21.024815763949565 ], [ -98.932583724524903, 21.02552753367954 ], [ -98.932298388231004, 21.025694444849599 ], [ -98.931027902071406, 21.025255235085368 ], [ -98.930848778083629, 21.025463087193508 ], [ -98.931169049409363, 21.026755998197178 ], [ -98.931411627761989, 21.027268294070357 ], [ -98.930865781804812, 21.027448409286617 ], [ -98.930804183136146, 21.027985619144765 ], [ -98.929803078243353, 21.028474271411955 ], [ -98.93025037757107, 21.029054213796172 ], [ -98.930387121556578, 21.029949054595708 ], [ -98.93020002092625, 21.030775166522552 ], [ -98.930074033285052, 21.03163099454132 ], [ -98.929795676948956, 21.030983146983179 ], [ -98.929310911774891, 21.03017788600415 ], [ -98.928984298224179, 21.029737497644508 ], [ -98.928726196590674, 21.029180472115407 ], [ -98.928416182839669, 21.029856341900206 ], [ -98.927920147050003, 21.031270839428281 ] ] } },
{ "type": "Feature", "properties": { "ID_OBRA": "1166_Tepehuacán de Guerrero", "No.": 1166.0, "Municipio": "Tepehuacán de Guerrero", "Rubro": "Infraestructura Carretera", "Ejercicio": 2023.0, "Obra": "Rehabilitación del tramo Xiliapa - Acoyotla, del km 0+000 al km 6+000; en el municipio de Tepehuacán de Guerrero", "Localidad": "Xiliapa", "Inversión": 4696870.95, "Habitantes.beneficiados": 153.0, "Ejecutora": "DGOPI", "Trabajos": "Se consideran trabajos de revestimiento, cunetas y limpieza de cunetas.", "Geometria_tipo": "Línea", "extract": 0.48881478102886639 }, "geometry": { "type": "LineString", "coordinates": [ [ -98.790307462533491, 21.09301322772205 ], [ -98.790188594236042, 21.092946794809539 ], [ -98.78909712133084, 21.092984515079053 ], [ -98.788734365663174, 21.092733099984997 ], [ -98.78890739371576, 21.092456349436269 ], [ -98.788898753269009, 21.092335289489199 ], [ -98.788792805420272, 21.092284115423485 ], [ -98.787956108191409, 21.092224848776333 ], [ -98.787337866071908, 21.092597446160234 ], [ -98.78655417840946, 21.092808708464368 ], [ -98.786275489455591, 21.092961352574704 ], [ -98.785663079115551, 21.093173990088733 ], [ -98.784937940241491, 21.093903121311204 ], [ -98.785068784083663, 21.094559560724175 ], [ -98.785264678698312, 21.095291791376745 ], [ -98.785739119231323, 21.09535221218211 ], [ -98.786064889123708, 21.09559827061214 ], [ -98.786051823563469, 21.096556008138247 ], [ -98.785905402600207, 21.096912502192229 ], [ -98.785526809841357, 21.097077677347166 ], [ -98.784902588631581, 21.097222498914569 ], [ -98.784691748838938, 21.097191430651637 ], [ -98.784229838731861, 21.097172194573062 ], [ -98.783911397350977, 21.097433597863077 ], [ -98.783918976155775, 21.097595103837321 ], [ -98.785400028147862, 21.098929524075512 ], [ -98.785639352175522, 21.099307099696105 ], [ -98.785589292552274, 21.09959024331765 ], [ -98.785207905760899, 21.100213881564521 ], [ -98.784978472354851, 21.100130987258375 ], [ -98.784593635729379, 21.099875440237913 ], [ -98.784379017715523, 21.09972349573334 ], [ -98.783513049169841, 21.099695758524163 ], [ -98.782691763873757, 21.099805560019639 ], [ -98.782547260772361, 21.10001520277952 ], [ -98.782555212166017, 21.100292272011369 ], [ -98.782555210169704, 21.100299760487687 ], [ -98.78225904352243, 21.100935545208792 ], [ -98.781786628936104, 21.101115183634089 ], [ -98.781492967942299, 21.100988260383723 ], [ -98.781312424170409, 21.100924833026475 ], [ -98.781064067009197, 21.100745306544535 ], [ -98.780331994756992, 21.10022902487195 ], [ -98.780140912752117, 21.100144888227057 ], [ -98.780028498206278, 21.100165892305814 ], [ -98.779532993525649, 21.100534171919239 ], [ -98.779453834467787, 21.100671205898841 ], [ -98.779486908000422, 21.100935109796048 ], [ -98.779485835485204, 21.101337112964625 ], [ -98.779484759720702, 21.101740179031349 ], [ -98.77942741613775, 21.102037849327932 ], [ -98.779256496792868, 21.102410740630173 ], [ -98.779041083951782, 21.102474728537317 ], [ -98.77879148918025, 21.102560093593219 ], [ -98.778645067027227, 21.102750952692997 ], [ -98.778332687785479, 21.104222817952738 ], [ -98.778388031081931, 21.105299603317345 ], [ -98.778154936434973, 21.10604728348677 ], [ -98.777824246217278, 21.106648240383148 ], [ -98.777556301667261, 21.107524184660647 ], [ -98.777356494336956, 21.108711143277567 ], [ -98.778197196389968, 21.112723003587366 ], [ -98.778011670588739, 21.113816453637263 ], [ -98.778105416737588, 21.114341853741035 ], [ -98.780112206460629, 21.11464884396538 ], [ -98.780673239367317, 21.115087183927169 ], [ -98.78100170945072, 21.115745034813028 ], [ -98.781423234330788, 21.116183930801871 ], [ -98.781387471045576, 21.116399518997763 ], [ -98.781211840985719, 21.116454102494565 ], [ -98.781014276985999, 21.116399461871048 ], [ -98.780897226624489, 21.116228786973615 ], [ -98.780172984210637, 21.115197919329169 ], [ -98.779997367639623, 21.115184239376582 ], [ -98.779543670693542, 21.115245603260338 ], [ -98.779404622612333, 21.115320669362266 ], [ -98.778605275256723, 21.11531068899955 ], [ -98.777897692826485, 21.115410794515331 ], [ -98.777469560725308, 21.115351831722258 ], [ -98.777146145065089, 21.115263502926616 ], [ -98.777031083319059, 21.115332134298459 ], [ -98.776988865773006, 21.115449918635285 ], [ -98.777050703999265, 21.115685906447283 ], [ -98.777280759691365, 21.115695789165365 ], [ -98.778588415433006, 21.115784645177843 ], [ -98.778985623983488, 21.115715767196125 ], [ -98.779624169304199, 21.115774968313858 ], [ -98.780034808566768, 21.116021615112054 ], [ -98.780177840553563, 21.116287530308565 ], [ -98.780149581157232, 21.117450991329711 ], [ -98.780150485685112, 21.117703453171362 ], [ -98.780285333554048, 21.118039075144466 ], [ -98.780495146854449, 21.11829780153748 ], [ -98.780869857839619, 21.118528588196465 ], [ -98.781267071368319, 21.118675478258485 ], [ -98.781978091537837, 21.118229185578368 ], [ -98.782227717928379, 21.118041278115186 ], [ -98.782392541744443, 21.118082120875528 ], [ -98.782645364560437, 21.118237470252225 ], [ -98.782975771725987, 21.119364298393485 ], [ -98.782531438041417, 21.120659550656725 ], [ -98.782311550691304, 21.121603472181292 ], [ -98.781707140239519, 21.121787935252399 ] ] } },
{ "type": "Feature", "properties": { "ID_OBRA": "1167_Tepehuacán de Guerrero", "No.": 1167.0, "Municipio": "Tepehuacán de Guerrero", "Rubro": "Infraestructura Carretera", "Ejercicio": 2023.0, "Obra": "Rehabilitación del acceso a Zacualtipanito, del Km 0+000 al Km 4+000; en el municipio de Tepehuacán de Guerrero", "Localidad": "Zacualtipanito", "Inversión": 3138083.62, "Habitantes.beneficiados": 1640.0, "Ejecutora": "DGOPI", "Trabajos": "Se consideran trabajos de revestimiento, cunetas y limpieza de cunetas.", "Geometria_tipo": "Línea", "extract": 0.91601587988867217 }, "geometry": { "type": "LineString", "coordinates": [ [ -98.823519890414687, 21.117756778176119 ], [ -98.823061383661937, 21.117160883195517 ], [ -98.822389299545037, 21.116950937924383 ], [ -98.821093145265579, 21.115497425162172 ], [ -98.820994208829433, 21.115356229969802 ], [ -98.820871643721702, 21.115348438122545 ], [ -98.820756975543972, 21.115497414293234 ], [ -98.820762790075435, 21.117087360162252 ], [ -98.821407392679745, 21.117883651081709 ], [ -98.821588843675428, 21.118707135947812 ], [ -98.822646337302686, 21.120746086865363 ], [ -98.822850442165773, 21.121379167801869 ], [ -98.823182467948754, 21.121608709461665 ], [ -98.823264158841255, 21.122183374981109 ], [ -98.822580740374448, 21.122509725181224 ], [ -98.822291728202217, 21.12284131889945 ], [ -98.822180024722414, 21.123405962594902 ], [ -98.821835387697675, 21.123752144479969 ], [ -98.82181022591034, 21.124056798210127 ], [ -98.821435290141551, 21.124317997943361 ], [ -98.820960336414601, 21.125546541115781 ], [ -98.820665957166597, 21.125749625400545 ], [ -98.820657632125105, 21.126006117706925 ], [ -98.821368034961438, 21.125546550546328 ], [ -98.821614105276581, 21.124997481193677 ], [ -98.821970587445975, 21.12463084533222 ], [ -98.82267615057377, 21.12470370189066 ], [ -98.822689685590035, 21.125749676039579 ], [ -98.822406290208932, 21.126633951824701 ], [ -98.822627684428852, 21.128098817393109 ], [ -98.821121008428776, 21.1307858271919 ], [ -98.818436545671005, 21.132439797507931 ], [ -98.817318117380509, 21.13413646178309 ], [ -98.815547267541433, 21.134619387260052 ], [ -98.814585549671804, 21.135385411657587 ], [ -98.812370717706173, 21.136018718365822 ], [ -98.811215330546602, 21.137664659014117 ], [ -98.809603454611135, 21.139425530371561 ], [ -98.808591729999506, 21.141308715356942 ], [ -98.80798515884041, 21.141922223108086 ], [ -98.808077737194935, 21.14293067566415 ], [ -98.80743995857577, 21.143953707370887 ], [ -98.807629101928171, 21.147531008921725 ], [ -98.807463469777872, 21.147917096530861 ], [ -98.806328187018039, 21.148405184770425 ], [ -98.80580263133136, 21.149148984747203 ], [ -98.805097933358638, 21.149299455445515 ], [ -98.803940071215521, 21.15024025198122 ], [ -98.803453042449746, 21.151492540795861 ], [ -98.802423171227488, 21.151934974146673 ], [ -98.801372015611577, 21.15193496107911 ] ] } },
{ "type": "Feature", "properties": { "ID_OBRA": "1176_Tepeji del Río de Ocampo", "No.": 1176.0, "Municipio": "Tepeji del Río de Ocampo", "Rubro": "Infraestructura Carretera", "Ejercicio": 2023.0, "Obra": "Reconstrucción de la carretera estatal acceso a Tepeji del Río, municipio de Tepeji del Río", "Localidad": "Tepeji del Río de Ocampo", "Inversión": 12414377.06, "Habitantes.beneficiados": 36618.0, "Ejecutora": "DGOPI", "Trabajos": "Considera trabajos para la reconstrucción y/o conservación de Infraestructura Carretera en la localidad de Tepeji del Río de Ocampo municipio de Tepeji del Río de Ocampo", "Geometria_tipo": "Línea", "extract": 0.25533404575952195 }, "geometry": { "type": "LineString", "coordinates": [ [ -99.343092279329611, 19.95336141475893 ], [ -99.340535446086506, 19.950307089315018 ], [ -99.33913357852164, 19.939901269185395 ], [ -99.339409871005643, 19.938321733279039 ], [ -99.339424389942963, 19.929834447626824 ], [ -99.339245992075803, 19.920876049888495 ], [ -99.337727028277442, 19.912883419743846 ] ] } },
{ "type": "Feature", "properties": { "ID_OBRA": "1180_Tepetitlán", "No.": 1180.0, "Municipio": "Tepetitlán", "Rubro": "Infraestructura Carretera", "Ejercicio": 2023.0, "Obra": "Rehabilitación de la C.E. Tula de Allende - Tepetitlán, en el municipio de Tepetitlán.", "Localidad": "General Pedro María Anaya", "Inversión": 35437298.97, "Habitantes.beneficiados": null, "Ejecutora": "DGOPI", "Trabajos": "Considera trabajos para la reconstrucción y/o conservación de Infraestructura Carretera en la localidad de General Pedro María Anaya municipio de Tepetitlán", "Geometria_tipo": "Línea", "extract": 0.26101536806084896 }, "geometry": { "type": "LineString", "coordinates": [ [ -99.383654634210103, 20.180013788381547 ], [ -99.382818717974786, 20.177516454937031 ], [ -99.381991011287184, 20.17519247842591 ], [ -99.380536438449496, 20.173191713341652 ], [ -99.378920465264301, 20.169530240314785 ], [ -99.376073467792267, 20.169075369109066 ], [ -99.37244203614074, 20.168318693847851 ], [ -99.372923930747135, 20.164562603559663 ], [ -99.365251811576826, 20.163518288080159 ], [ -99.364328480188931, 20.162477741419618 ], [ -99.363891130089925, 20.160554342710441 ], [ -99.357929420791834, 20.156013651231628 ], [ -99.354266961801258, 20.155353358250061 ], [ -99.353871792691521, 20.15423463835328 ], [ -99.356585590129896, 20.143706098609723 ], [ -99.349696033179868, 20.127432053421106 ], [ -99.340650652432615, 20.12084236452413 ], [ -99.337330711883297, 20.1182470772244 ], [ -99.336616871769607, 20.117042626809411 ], [ -99.342320485008045, 20.097460410977753 ], [ -99.336891733904864, 20.08199601839398 ], [ -99.335620635920975, 20.077279824803412 ], [ -99.333143087918501, 20.073690747472611 ], [ -99.33230493022802, 20.073043780515178 ], [ -99.331975645384645, 20.069420891633658 ], [ -99.330104117860074, 20.066507770002868 ] ] } },
{ "type": "Feature", "properties": { "ID_OBRA": "1186_Tetepango", "No.": 1186.0, "Municipio": "Tetepango", "Rubro": "Infraestructura Carretera", "Ejercicio": 2024.0, "Obra": "Reconstrucción de la C.E. Juandhó - Ulapa- Tetepango, en el municipio de Tetepango", "Localidad": "La Hormiga", "Inversión": 10970281.75, "Habitantes.beneficiados": 24.0, "Ejecutora": "DGCCE", "Trabajos": "Considera trabajos para la reconstrucción y/o conservación de Infraestructura Carretera en la localidad de La Hormiga municipio de Tetepango", "Geometria_tipo": "Línea", "extract": 0.32683601658048328 }, "geometry": { "type": "LineString", "coordinates": [ [ -99.183409462967418, 20.153782926012568 ], [ -99.178670297325255, 20.149845307539579 ], [ -99.172353952012969, 20.145818829085599 ] ] } },
{ "type": "Feature", "properties": { "ID_OBRA": "1200_Tianguistengo", "No.": 1200.0, "Municipio": "Tianguistengo", "Rubro": "Infraestructura Carretera", "Ejercicio": 2024.0, "Obra": "Rehabilitacion C.R. crucero de Otlamalacatla a Xochimilco, subtramo Otlamalacatla El Hormiguero, en el municipio de Tianguistengo.", "Localidad": "Otlamalacatla", "Inversión": 7673215.76, "Habitantes.beneficiados": 926.0, "Ejecutora": "DGCCE", "Trabajos": "Considera los trabajos de terracerías, pavimento de concreto hidráulico, reafinamiento , obras complementarias.", "Geometria_tipo": "Línea", "extract": 0.12180362121544298 }, "geometry": { "type": "LineString", "coordinates": [ [ -98.546981724138647, 20.794758491075786 ], [ -98.547796586071982, 20.79408395937909 ], [ -98.549578600879258, 20.793672362756794 ], [ -98.550093459699511, 20.792332687716506 ], [ -98.552682217257541, 20.791300928224246 ], [ -98.553346773730382, 20.790669168347392 ], [ -98.553279568617128, 20.789182290559737 ], [ -98.553727023601837, 20.787955277132081 ], [ -98.553976631651651, 20.786355947404811 ], [ -98.555150382357496, 20.785410762476261 ], [ -98.553387068208437, 20.784402115226726 ], [ -98.553947109944488, 20.782829838469613 ], [ -98.553274513975154, 20.782081068672703 ], [ -98.553548789966911, 20.781281332321154 ], [ -98.552726609711954, 20.780376228350757 ], [ -98.551411330095007, 20.780513252373197 ], [ -98.551002376191349, 20.779718985161999 ], [ -98.551984103189469, 20.779147939527125 ], [ -98.552105629934871, 20.778308398082586 ], [ -98.552615628099375, 20.777824864423422 ], [ -98.551981064120014, 20.776987451728946 ], [ -98.552099798519677, 20.776186783065018 ], [ -98.552664714830769, 20.775570493032994 ], [ -98.552566804047203, 20.775021038038204 ], [ -98.553892842515538, 20.773987640887949 ], [ -98.553923889138673, 20.773312587886583 ], [ -98.553571601015776, 20.77274921122784 ], [ -98.553206534797795, 20.772531857215789 ], [ -98.55314155780691, 20.772456860143865 ], [ -98.553416905250856, 20.771381938695363 ], [ -98.553230796929, 20.77131153236369 ], [ -98.552786955540284, 20.771268981513618 ], [ -98.552513208420635, 20.771183085422834 ], [ -98.551726274107182, 20.770934002784777 ], [ -98.550964749093453, 20.769600444891459 ], [ -98.551324168002679, 20.769266028857238 ], [ -98.551327395544575, 20.76915234686167 ], [ -98.550873148563127, 20.768745281039838 ], [ -98.550994853936302, 20.768016184382677 ], [ -98.552255245404183, 20.767483922414851 ], [ -98.552088888275179, 20.767160333164149 ], [ -98.551820205197458, 20.766607021262097 ], [ -98.55182009546516, 20.766583846382762 ], [ -98.551567461292521, 20.765175651354379 ], [ -98.550558713764417, 20.764606751957654 ], [ -98.549785813249116, 20.764803476961845 ], [ -98.549446408656465, 20.764718905689463 ], [ -98.548534933993011, 20.764690580443371 ], [ -98.548410586513171, 20.7645398652854 ], [ -98.548956776470632, 20.763133436142457 ], [ -98.549759021450569, 20.762154257709057 ] ] } },
{ "type": "Feature", "properties": { "ID_OBRA": "1201_Tianguistengo", "No.": 1201.0, "Municipio": "Tianguistengo", "Rubro": "Infraestructura Carretera", "Ejercicio": 2024.0, "Obra": "Rehabilitación de la C.E. Zacualtipán a Soyatla, tramo Oxpantla a Soyatla, en el municipio de Tianguistengo", "Localidad": "Soyatla", "Inversión": 14382050.49, "Habitantes.beneficiados": 732.0, "Ejecutora": "DGCCE", "Trabajos": "Considera trabajos para la reconstrucción y/o conservación de Infraestructura Carretera en la localidad de Soyatla municipio de Tianguistengo", "Geometria_tipo": "Línea", "extract": 0.24063328828692676 }, "geometry": { "type": "LineString", "coordinates": [ [ -98.637946689016346, 20.683500419949379 ], [ -98.637537623095355, 20.684369526751329 ], [ -98.637929762044777, 20.684630593063471 ], [ -98.638017327879339, 20.685046723466446 ], [ -98.637858610953842, 20.68541499585789 ], [ -98.637139033666884, 20.685797480104732 ], [ -98.637527206935403, 20.686411765662108 ], [ -98.637670101197287, 20.687168606440501 ], [ -98.637633160043748, 20.68706453483242 ], [ -98.638079437806923, 20.68754092186634 ], [ -98.638513282731367, 20.687540910842483 ], [ -98.638626923559841, 20.6877871161545 ], [ -98.63805216421072, 20.688209968279487 ], [ -98.637247487092083, 20.688354532340533 ], [ -98.636967261911906, 20.688296501018971 ], [ -98.636788666253324, 20.688860106104343 ], [ -98.636314341763779, 20.689043950703969 ], [ -98.635979475809791, 20.689613288944649 ], [ -98.63473815963664, 20.689875326709505 ], [ -98.634394292176296, 20.689743633388154 ], [ -98.633739332994111, 20.689044048698758 ], [ -98.6332040053409, 20.68861956897663 ], [ -98.631829903808722, 20.688078585580335 ], [ -98.630698293541428, 20.688117018375632 ], [ -98.628451607111941, 20.687072724243738 ], [ -98.627658637107473, 20.687015448506699 ], [ -98.627100172274893, 20.686609520202371 ], [ -98.626151347227889, 20.686251253853445 ], [ -98.625867521344503, 20.686325102818717 ], [ -98.625352595182747, 20.68739898211599 ], [ -98.624897217292499, 20.688076363961923 ], [ -98.623867197442834, 20.688530253203307 ], [ -98.623287136352872, 20.689617876688899 ], [ -98.622324923206335, 20.690173015710823 ], [ -98.621649796000668, 20.691107084163818 ], [ -98.621121426608084, 20.691518182772999 ], [ -98.620913504528218, 20.693692698993484 ], [ -98.620851595267524, 20.694515637840365 ], [ -98.620417586266598, 20.694654586476609 ], [ -98.619249799392577, 20.693806135914457 ], [ -98.61935885783484, 20.693489908678782 ], [ -98.619853223522611, 20.693220898747906 ], [ -98.619892785820568, 20.692976033201202 ], [ -98.619048719944587, 20.692338159215272 ], [ -98.618847708242626, 20.692403677234687 ], [ -98.618693416326565, 20.692754953695218 ], [ -98.617903410405262, 20.693243475419173 ], [ -98.61730602752624, 20.693965482319474 ] ] } },
{ "type": "Feature", "properties": { "ID_OBRA": "1202_Tianguistengo", "No.": 1202.0, "Municipio": "Tianguistengo", "Rubro": "Infraestructura Carretera", "Ejercicio": 2023.0, "Obra": "Reconstrucción de la C.E. Ramal - Tianguistengo (Acceso a Tianguistengo)", "Localidad": "Tianguistengo", "Inversión": 25485576.07, "Habitantes.beneficiados": 1731.0, "Ejecutora": "DGCCE", "Trabajos": "Considera trabajos para la reconstrucción y/o conservación de Infraestructura Carretera en la localidad de Tianguistengo municipio de Tianguistengo", "Geometria_tipo": "Línea", "extract": -0.065970078696897402 }, "geometry": { "type": "LineString", "coordinates": [ [ -98.67130011232112, 20.689593991427046 ], [ -98.67029822606861, 20.68819939476214 ], [ -98.669732575464934, 20.687808080787075 ], [ -98.669380801949117, 20.68764014178787 ], [ -98.669079784131682, 20.687757625757179 ], [ -98.6683928595087, 20.688044335034569 ], [ -98.667843446078109, 20.688090982995138 ], [ -98.666952434066147, 20.68791702449516 ], [ -98.665875055050037, 20.688556869103852 ], [ -98.665288662066487, 20.689639388851461 ], [ -98.66580931300075, 20.690348586757995 ], [ -98.665728419622255, 20.690790395139118 ], [ -98.665939961606426, 20.691247705181006 ], [ -98.665484133924764, 20.691463809971765 ], [ -98.665308198613047, 20.691876909030249 ], [ -98.665424917816807, 20.692436781671216 ], [ -98.665122233044244, 20.692808883715095 ], [ -98.664057446177296, 20.692873118622042 ], [ -98.66395523165869, 20.693543100715715 ], [ -98.663411232804521, 20.694354873567637 ], [ -98.663054335956119, 20.694582784923156 ], [ -98.663292300604795, 20.69650279964668 ], [ -98.662722845058482, 20.696849891498164 ], [ -98.663147117507179, 20.699722940491252 ], [ -98.664631422235757, 20.701523606697627 ], [ -98.665352269901447, 20.701527130308381 ], [ -98.66566753969181, 20.701423016999367 ], [ -98.666079558444508, 20.701441231117936 ], [ -98.666698838020309, 20.701215581528867 ], [ -98.667045295984906, 20.701249407642983 ], [ -98.667005637288597, 20.701880985807808 ], [ -98.66704375497271, 20.702315291361199 ], [ -98.667197324376701, 20.702601967227665 ], [ -98.66705270619191, 20.702986786833034 ], [ -98.66688711058805, 20.70347987507666 ], [ -98.666904471722191, 20.703499326715381 ], [ -98.667135075971828, 20.703913952462525 ], [ -98.667188666322403, 20.70397435041447 ], [ -98.667260083848504, 20.704035103592002 ], [ -98.667295693261607, 20.704055469915911 ], [ -98.667905357045797, 20.704721354472809 ], [ -98.667923393116311, 20.704721438587175 ], [ -98.668214939997654, 20.705110464031719 ], [ -98.668697444393175, 20.705851032127608 ], [ -98.668279010899198, 20.706649637563533 ], [ -98.667925230393735, 20.70778198371201 ], [ -98.668134508253502, 20.708687742426751 ], [ -98.667893120891804, 20.708936273127236 ], [ -98.667462085602509, 20.708934373819275 ], [ -98.667025276001283, 20.708795953700911 ], [ -98.666981375959494, 20.708773097442709 ], [ -98.666700722833554, 20.708726613036543 ], [ -98.666465768899172, 20.708036435977924 ], [ -98.666079892268002, 20.707730909768795 ], [ -98.665618955186517, 20.70768588743109 ], [ -98.665557913540752, 20.707901742942848 ], [ -98.665918518317739, 20.708099768626855 ], [ -98.666009985675657, 20.708476442400077 ], [ -98.665951787046183, 20.708813927538749 ], [ -98.665562916519747, 20.70854160451556 ] ] } },
{ "type": "Feature", "properties": { "ID_OBRA": "1216_Tlahuelilpan", "No.": 1216.0, "Municipio": "Tlahuelilpan", "Rubro": "Infraestructura Carretera", "Ejercicio": 2023.0, "Obra": "Reconstrucción de la C.E. Mixquiahuala - Tula (paso por Tlahuelilpan).", "Localidad": "Tlahuelilpan", "Inversión": 14508854.98, "Habitantes.beneficiados": 8657.0, "Ejecutora": "DGIVC", "Trabajos": "Considera trabajos para la reconstrucción y/o conservación de Infraestructura Carretera en la localidad de Tlahuelilpan municipio de Tlahuelilpan", "Geometria_tipo": "Línea", "extract": 0.30759035976087185 }, "geometry": { "type": "LineString", "coordinates": [ [ -99.228251859573703, 20.174887678965913 ], [ -99.235180540080236, 20.145704932754832 ], [ -99.23461273915909, 20.13358366317102 ], [ -99.234172336565081, 20.131961846390741 ], [ -99.235472150226386, 20.131030861285058 ], [ -99.247008465081876, 20.125826562160658 ], [ -99.250527898608368, 20.124027106553889 ], [ -99.270971784968594, 20.106408549908018 ], [ -99.28012224671609, 20.10122541819009 ] ] } },
{ "type": "Feature", "properties": { "ID_OBRA": "1217_Tlahuelilpan", "No.": 1217.0, "Municipio": "Tlahuelilpan", "Rubro": "Infraestructura Carretera", "Ejercicio": 2024.0, "Obra": "Rehabilitación de pavimento libramiento Tlahuelilpan.", "Localidad": "Tlahuelilpan", "Inversión": 8113365.41, "Habitantes.beneficiados": 8657.0, "Ejecutora": "DGIVC", "Trabajos": "Considera trabajos para la reconstrucción y/o conservación de Infraestructura Carretera en la localidad de Tlahuelilpan municipio de Tlahuelilpan", "Geometria_tipo": "Línea", "extract": 0.30195776313811984 }, "geometry": { "type": "LineString", "coordinates": [ [ -99.232699072407868, 20.155019020921415 ], [ -99.234846483355412, 20.145206055060505 ], [ -99.234283051217886, 20.131466284705766 ], [ -99.249563510480584, 20.124280808891871 ], [ -99.274754869072098, 20.103911234312395 ] ] } },
{ "type": "Feature", "properties": { "ID_OBRA": "1218_Tlahuelilpan", "No.": 1218.0, "Municipio": "Tlahuelilpan", "Rubro": "Infraestructura Carretera", "Ejercicio": 2025.0, "Obra": "Rehabilitación de pavimento libramiento Tlahuelilpan, segunda etapa, en el municipio de Tlahuelilpan", "Localidad": "Tlahuelilpan", "Inversión": 22779719.81, "Habitantes.beneficiados": null, "Ejecutora": "SIPDUS", "Trabajos": null, "Geometria_tipo": "Línea", "extract": 0.29957420779167293 }, "geometry": { "type": "LineString", "coordinates": [ [ -99.275128973964343, 20.103878270633501 ], [ -99.268330599007058, 20.108816858847099 ], [ -99.25070246268892, 20.124319192192782 ], [ -99.234403272433042, 20.131199588507496 ], [ -99.235189187396571, 20.144991109062577 ], [ -99.232996610688659, 20.155265169935031 ] ] } },
{ "type": "Feature", "properties": { "ID_OBRA": "1239_Tlanchinol", "No.": 1239.0, "Municipio": "Tlanchinol", "Rubro": "Infraestructura Carretera", "Ejercicio": 2023.0, "Obra": "Rehabilitación del acceso a Chipoco del km 0+000 al km 1+500, en el municipio de Tlanchinol.", "Localidad": "Chipoco", "Inversión": 3869036.17, "Habitantes.beneficiados": 1002.0, "Ejecutora": "DGIVC", "Trabajos": "Considera los trabajos acamellonamiento, tendido y compactación en la reconstrucción de sub-bases y bases, re compactaciones de la superficie descubierta al escarificar, agua empleada para compactación.", "Geometria_tipo": "Línea", "extract": 0.24800379152706301 }, "geometry": { "type": "LineString", "coordinates": [ [ -98.701206448527657, 20.97628752806531 ], [ -98.701058012814002, 20.975670837915324 ], [ -98.700913210367546, 20.975451200665898 ], [ -98.70072850025754, 20.975229312909885 ], [ -98.700452972610748, 20.975040095088691 ], [ -98.700009138470335, 20.974767413771779 ], [ -98.69967978191184, 20.974418876416721 ], [ -98.699419608480014, 20.97425141292635 ], [ -98.699121027562583, 20.974216754920388 ], [ -98.698591339055895, 20.974159457511806 ], [ -98.698143620995339, 20.97403514998318 ], [ -98.697690157778723, 20.973839906627781 ], [ -98.697266738913115, 20.973672557035275 ], [ -98.696761394612139, 20.973571848082855 ], [ -98.696456390946807, 20.973545377092876 ], [ -98.696168110859688, 20.97341248477381 ], [ -98.695915350268194, 20.973215112880855 ], [ -98.695701223572669, 20.97308531320299 ], [ -98.695439493541485, 20.97304925770699 ], [ -98.695229632936289, 20.973089761056826 ], [ -98.694947858194155, 20.9730741081516 ], [ -98.694533530054713, 20.972838449757639 ], [ -98.694061738317274, 20.972628934033111 ], [ -98.69371713483271, 20.972436139422559 ], [ -98.693413990646363, 20.972203959804311 ], [ -98.692787953921055, 20.971860183077915 ], [ -98.692454453348248, 20.971678563666135 ], [ -98.692098581874049, 20.971381989241433 ], [ -98.691763508257253, 20.97111210751504 ], [ -98.691658613248677, 20.970897379947367 ], [ -98.691631766821047, 20.970694411182883 ], [ -98.691585730915207, 20.970365466688321 ], [ -98.691498438166761, 20.970047943335967 ], [ -98.691319017572084, 20.969567336242015 ] ] } },
{ "type": "Feature", "properties": { "ID_OBRA": "1244_Tlanchinol", "No.": 1244.0, "Municipio": "Tlanchinol", "Rubro": "Infraestructura Carretera", "Ejercicio": 2024.0, "Obra": "Modernización y ampliación del camino rural Huazalingo - Tlanchinol del Km 0+000 al 26+000 subtramo del Km 12+380 al Km 13+330, en la localidad de Olotla, municipio de Tlanchinol .", "Localidad": "Olotla", "Inversión": 14195502.92, "Habitantes.beneficiados": 1393.0, "Ejecutora": "DGCCE", "Trabajos": "Considera los trabajos  de modernización y ampliación del camino en la localidad de Olotla municipio de Tlanchinol", "Geometria_tipo": "Línea", "extract": 0.22836414407637662 }, "geometry": { "type": "LineString", "coordinates": [ [ -98.506516566257432, 20.977334620109662 ], [ -98.506420623986955, 20.976275172123511 ], [ -98.506537658340719, 20.975749700993649 ], [ -98.507244440846065, 20.975189244683431 ], [ -98.507246145027082, 20.975169821690908 ], [ -98.508019544958458, 20.974813084118697 ], [ -98.508409898745924, 20.97376762728393 ], [ -98.508661108793135, 20.972989672899448 ], [ -98.508974262780228, 20.972276355553184 ], [ -98.508859612268807, 20.971766804372621 ], [ -98.509213739526288, 20.971098667011152 ], [ -98.509504024974476, 20.97114041734887 ], [ -98.509841158486353, 20.970629848729775 ], [ -98.510041812787705, 20.970129399103445 ], [ -98.510477246199869, 20.97024368383974 ], [ -98.510684553758537, 20.969899770531093 ], [ -98.510371866138584, 20.969164343020328 ], [ -98.510600472048964, 20.968078350625373 ], [ -98.510572213464712, 20.967386388782735 ], [ -98.510345558560161, 20.966919221998335 ], [ -98.510084909015788, 20.967081087683656 ], [ -98.51003315085012, 20.967671636214053 ], [ -98.509667268261282, 20.96824863258146 ], [ -98.509385246187563, 20.968625008448235 ], [ -98.509179070742022, 20.968642977006372 ], [ -98.509112248800207, 20.968365110174187 ], [ -98.509364076936635, 20.967830200402268 ], [ -98.509400360507755, 20.967156864014051 ], [ -98.509461500569444, 20.96671864155633 ], [ -98.509493505232243, 20.966487597899537 ], [ -98.509765357739468, 20.96609771930909 ], [ -98.509654203913158, 20.965038132840959 ], [ -98.510026074635689, 20.965184551298417 ], [ -98.51036485972709, 20.965422146982871 ], [ -98.510692702086047, 20.965503581098705 ], [ -98.511049338232581, 20.965989939073737 ], [ -98.512118148322529, 20.966768343402048 ], [ -98.512505336789204, 20.966532628306467 ], [ -98.513216758175588, 20.966452047764808 ], [ -98.513998038231648, 20.966661177320919 ], [ -98.514453746388583, 20.966680691770211 ], [ -98.514718490943721, 20.966252365829096 ], [ -98.514384366335378, 20.965579427123799 ], [ -98.513928776345509, 20.965371880487865 ], [ -98.513375418557928, 20.965125030594042 ], [ -98.51354926266562, 20.964831093999472 ], [ -98.51420174294239, 20.964691919887038 ], [ -98.514863344318456, 20.965228578773807 ], [ -98.515599146927499, 20.965999699263225 ], [ -98.515669908318287, 20.966474075139153 ], [ -98.515518247759019, 20.967001920617019 ], [ -98.516426094696897, 20.969416218131542 ], [ -98.516782950769965, 20.969315329052694 ], [ -98.517018812924661, 20.96860633855821 ], [ -98.517213127719927, 20.968368413690815 ], [ -98.518532773953964, 20.970225052065807 ], [ -98.519010599691342, 20.96985091250297 ], [ -98.51925433588849, 20.9682404154408 ], [ -98.520657592361431, 20.967350426319463 ], [ -98.52124975321847, 20.967522302471238 ], [ -98.521975160745185, 20.966525202800572 ], [ -98.522483808161368, 20.966443848056986 ], [ -98.523187074744271, 20.96715173072652 ], [ -98.524019388481648, 20.967465977144695 ], [ -98.5246120986601, 20.967083795687181 ], [ -98.525030642017981, 20.967915517716609 ], [ -98.525657645015883, 20.968576753545889 ], [ -98.526061762834047, 20.969523226602323 ], [ -98.525939211857235, 20.970551459224968 ], [ -98.525845510726924, 20.970880493323882 ], [ -98.526496478633007, 20.970468435830675 ], [ -98.527221465524633, 20.969912033117755 ], [ -98.527815555241929, 20.968985324894589 ], [ -98.528243834027279, 20.968836301929521 ], [ -98.528415358482661, 20.969423992801541 ], [ -98.52870232862368, 20.969777519584639 ], [ -98.528644474925159, 20.970075245175071 ], [ -98.528555049207668, 20.970733130875352 ], [ -98.528318105130637, 20.97162292897308 ], [ -98.528386650285128, 20.971929329446446 ], [ -98.528930779403652, 20.971512677926739 ], [ -98.52937853296919, 20.971813138042151 ], [ -98.529814061227384, 20.972591998104818 ], [ -98.530339251993581, 20.972325357941948 ], [ -98.530486770607553, 20.972783694080608 ], [ -98.531040215397624, 20.972519345179688 ], [ -98.531639695045271, 20.97276573472946 ], [ -98.532346791647498, 20.972453226027419 ], [ -98.533075452441906, 20.972203292062005 ], [ -98.53383296072262, 20.971927350022966 ], [ -98.534280118734287, 20.971337234670035 ], [ -98.535077289430419, 20.971568434879426 ], [ -98.535965375583245, 20.971466038877747 ], [ -98.536398794020656, 20.971402276905401 ], [ -98.536743934622947, 20.97126867580138 ], [ -98.537025141172833, 20.97111405944063 ], [ -98.53761973137749, 20.970988375770553 ], [ -98.538141746131785, 20.970978566893184 ], [ -98.538747563398758, 20.970871020492666 ], [ -98.538795335326839, 20.97083099396605 ], [ -98.53929225572557, 20.970394495008211 ], [ -98.53970862289583, 20.970151475342085 ], [ -98.539940064583348, 20.969788574682404 ], [ -98.54004502857066, 20.969542559956295 ], [ -98.540497028482847, 20.969430565329407 ], [ -98.541277565697598, 20.969376764543451 ], [ -98.541635088245414, 20.969476074637381 ], [ -98.54204565302345, 20.9694180394292 ], [ -98.542606483471829, 20.96909418324201 ], [ -98.542901679620414, 20.969203177523429 ], [ -98.543040235687513, 20.969438851839296 ], [ -98.543237036788156, 20.969688457901661 ], [ -98.543550376474585, 20.969747258222664 ], [ -98.543905428464939, 20.969548230091245 ], [ -98.543923261396444, 20.969535324641516 ], [ -98.544329312631405, 20.969326426620245 ], [ -98.5443791504361, 20.969593913214474 ], [ -98.544053000930276, 20.969762321254315 ], [ -98.543797466036622, 20.969920855993347 ], [ -98.543378733731473, 20.970241861778238 ], [ -98.543142137509321, 20.970276214114062 ], [ -98.542974789474769, 20.970287881898656 ], [ -98.542742059641455, 20.970316096411079 ], [ -98.542576901755126, 20.970360893773059 ], [ -98.542392954021508, 20.970291278976944 ], [ -98.542218179948151, 20.970197893604535 ], [ -98.542153648737937, 20.970303923023685 ], [ -98.54229840211832, 20.970433829076164 ], [ -98.542619057898889, 20.970597911260924 ], [ -98.542809230402867, 20.970666297688105 ], [ -98.542844326067723, 20.970670060398444 ], [ -98.543152859892515, 20.970750374368375 ], [ -98.543178655473184, 20.970753103685222 ], [ -98.543232169293461, 20.970735205176819 ], [ -98.543266394678085, 20.970738850434831 ], [ -98.543456096443606, 20.970727845958478 ], [ -98.543751723011667, 20.970635830217734 ], [ -98.544041960580202, 20.970361025545891 ], [ -98.544325737629563, 20.970204729539816 ], [ -98.545752641295195, 20.96933261697691 ], [ -98.545984586758749, 20.969470400218682 ], [ -98.546148108224855, 20.969775482813581 ], [ -98.546280229053153, 20.970228858538729 ], [ -98.546420699430726, 20.970379951208134 ], [ -98.546710492355686, 20.970358990327611 ], [ -98.547179763314531, 20.970341298507876 ], [ -98.547475839965585, 20.97034556532417 ], [ -98.547759374104203, 20.970363503514346 ], [ -98.547910677270508, 20.970572770751527 ], [ -98.548543409679937, 20.971600843999585 ], [ -98.549021491565611, 20.972163572731702 ], [ -98.549392525312371, 20.972277582036913 ], [ -98.549626682480181, 20.972440549331157 ], [ -98.549851632240006, 20.972766313130933 ], [ -98.550032826953554, 20.973227712650054 ], [ -98.549960374016877, 20.9736353578996 ], [ -98.550694566975224, 20.974266366084681 ], [ -98.551119949322512, 20.974335808204486 ], [ -98.551350944768231, 20.974473189094084 ], [ -98.55203889447705, 20.97462133115253 ], [ -98.552432128571112, 20.974777702787108 ], [ -98.552720010040403, 20.974916330645637 ], [ -98.553407912194501, 20.975404109894367 ], [ -98.553915570742618, 20.975733309501472 ], [ -98.553921976211257, 20.975969587343101 ], [ -98.553902044593258, 20.976918755196564 ], [ -98.554132250509966, 20.977262084498047 ], [ -98.554317392325103, 20.977286869942979 ], [ -98.554528623970242, 20.977103727018619 ], [ -98.555095644101527, 20.976348826461155 ], [ -98.555714049430165, 20.975322323544027 ], [ -98.55588917478299, 20.975184752742095 ], [ -98.556107628650608, 20.975225260577755 ], [ -98.556175826416563, 20.975514740730386 ], [ -98.556112509789969, 20.97614169759435 ], [ -98.556345456870389, 20.976187990027448 ], [ -98.556648940732728, 20.976175877674031 ], [ -98.556902264682748, 20.976043766727475 ], [ -98.557079965229946, 20.975907527633936 ], [ -98.557234393593035, 20.975840302771328 ], [ -98.557197748061824, 20.976070983487585 ], [ -98.55728432745984, 20.976255218505884 ], [ -98.557636478508485, 20.976312700933935 ], [ -98.557938101438694, 20.97627676882335 ], [ -98.557988473701513, 20.97639662243472 ], [ -98.557939962807751, 20.976690675923965 ], [ -98.557987101847985, 20.977193631520901 ], [ -98.557790425681347, 20.97770457450418 ], [ -98.557472169713151, 20.978104095450366 ], [ -98.557393953722681, 20.978415600467045 ], [ -98.557743164147965, 20.978593642619707 ], [ -98.558189921302926, 20.978639424039191 ], [ -98.558339908486403, 20.978922797230435 ], [ -98.558364717589285, 20.979305409032506 ], [ -98.558360593398305, 20.979685816109704 ], [ -98.558700710628358, 20.979793314880517 ], [ -98.559343725486173, 20.9794343941786 ], [ -98.559623612712542, 20.979564496491165 ], [ -98.560134963304577, 20.979712232975739 ], [ -98.560578401036864, 20.979637240372067 ], [ -98.561017115225653, 20.979616275337879 ], [ -98.561687894156734, 20.979939317181984 ], [ -98.562043923312345, 20.979531333848197 ], [ -98.562210977551359, 20.978619462172951 ], [ -98.562248744376078, 20.978187234407706 ], [ -98.562852477999968, 20.977899067367037 ], [ -98.563283016978218, 20.977968866330212 ], [ -98.56377682018524, 20.978031697093904 ], [ -98.563949694184231, 20.978027136119461 ], [ -98.564033006730554, 20.977756308116085 ], [ -98.563885013990316, 20.977627271318024 ], [ -98.563325789242924, 20.977594864049983 ], [ -98.563144344926656, 20.977469992498779 ], [ -98.562557484604156, 20.9769870211069 ], [ -98.56218372771302, 20.976931353123511 ], [ -98.561433244994873, 20.97652065161639 ], [ -98.56052926326845, 20.976533357204623 ], [ -98.559743970040017, 20.976854239729601 ], [ -98.559317062234541, 20.976740125559029 ], [ -98.559608145459521, 20.976408779921474 ], [ -98.56022517076741, 20.976347020344914 ], [ -98.561357642891807, 20.976052589390367 ], [ -98.562266337344781, 20.975985850763792 ], [ -98.563320685518704, 20.976263520542034 ], [ -98.564378971731642, 20.976473117830828 ], [ -98.565475276879923, 20.976918197841229 ], [ -98.566576553296727, 20.977571300938084 ], [ -98.56684770807496, 20.977884868086509 ], [ -98.567041545876165, 20.978817552861891 ], [ -98.567126214302604, 20.979062840208549 ], [ -98.567312795505785, 20.979234634557383 ], [ -98.567590140610548, 20.979331837857146 ], [ -98.56781845378498, 20.979423170411852 ], [ -98.568376129505154, 20.979557398698411 ], [ -98.568872474141671, 20.979863573094779 ], [ -98.569105756517345, 20.980099003726885 ], [ -98.569226886572494, 20.980362552733954 ], [ -98.569216616865987, 20.980685930675961 ], [ -98.569004545244781, 20.981154472817025 ], [ -98.568924082555057, 20.981351099008766 ], [ -98.568903811286035, 20.981479556046452 ], [ -98.569028560263277, 20.98160269810117 ], [ -98.569161203212502, 20.981628852490424 ], [ -98.569325981403466, 20.981689613899345 ], [ -98.569699812742257, 20.981677225196254 ], [ -98.569984957882696, 20.981730488195826 ], [ -98.570127410480751, 20.981796824637502 ], [ -98.57019406635925, 20.981928988546628 ], [ -98.570128460903945, 20.982083507271785 ], [ -98.570071400844441, 20.982238857898622 ], [ -98.569961513098988, 20.98239904403491 ], [ -98.569949048971566, 20.982541753569755 ], [ -98.569949799813656, 20.982733041631956 ], [ -98.570049337969536, 20.982889906076036 ], [ -98.570170584030407, 20.982991852595635 ], [ -98.570338016350661, 20.982953439012633 ], [ -98.570500840829013, 20.982859770966364 ], [ -98.570616421397077, 20.982614099481868 ], [ -98.570751319453294, 20.982338957614168 ], [ -98.570760466663529, 20.982331682456095 ], [ -98.570960836558712, 20.98207790428463 ], [ -98.571177440886103, 20.981819049491811 ], [ -98.571439372699118, 20.981791716619306 ], [ -98.571688313667423, 20.981888045553742 ], [ -98.571939339682075, 20.982132416948495 ], [ -98.572101098589144, 20.982380919744987 ], [ -98.572229145241948, 20.982725673586362 ], [ -98.572307110792394, 20.982942934545324 ], [ -98.572328693861508, 20.983111167106976 ], [ -98.572512605931408, 20.983212811316736 ], [ -98.573002540154448, 20.983334787615547 ], [ -98.57330789806899, 20.983475826648792 ], [ -98.573592067538385, 20.983690397017956 ], [ -98.573788741274299, 20.983951978949136 ], [ -98.573918375780437, 20.984046087007609 ], [ -98.574264322499516, 20.984130511555925 ], [ -98.574578468268882, 20.984148313121576 ], [ -98.575133472657754, 20.984031462112064 ], [ -98.575538259416675, 20.984034336378716 ], [ -98.575746561843872, 20.984130620494792 ], [ -98.575981737550578, 20.984269594264095 ], [ -98.576097574356481, 20.984411527261422 ], [ -98.576358427248465, 20.9843425495717 ], [ -98.576388778328962, 20.98411602743786 ], [ -98.576122532370377, 20.983881400662654 ], [ -98.575826828574009, 20.983705649310501 ], [ -98.575346932673511, 20.983600365168627 ], [ -98.574950364030229, 20.983595300884371 ], [ -98.574434703821694, 20.98360414060831 ], [ -98.57417436458762, 20.983339227084201 ], [ -98.573838154135188, 20.98299053400018 ], [ -98.573646459004735, 20.982802041993498 ], [ -98.573309230195534, 20.982655475080961 ], [ -98.573102308406234, 20.982463201588477 ], [ -98.572909219859966, 20.982094297749651 ], [ -98.572811287140965, 20.98157681935561 ], [ -98.573074545808637, 20.981425623936428 ], [ -98.573405885484007, 20.981414426047369 ], [ -98.573910887324615, 20.981497253611913 ], [ -98.574331598428174, 20.981538832448365 ], [ -98.574827341963498, 20.981426956914518 ], [ -98.575719319962829, 20.981337711557064 ], [ -98.576229989508704, 20.981181260201673 ], [ -98.576512286836561, 20.981002815110745 ], [ -98.576680625912118, 20.980531510175592 ], [ -98.576820958438873, 20.980442505702271 ], [ -98.577111272939476, 20.980532316623552 ], [ -98.577542767536045, 20.98085106674213 ], [ -98.577807109940792, 20.980961471084598 ], [ -98.578292984499456, 20.981118828545416 ], [ -98.578609448826739, 20.981278341171187 ], [ -98.578754069144594, 20.981560208434161 ], [ -98.579031392281536, 20.982168178771687 ], [ -98.579164394215283, 20.982306206074558 ], [ -98.579409645521906, 20.982543061667808 ], [ -98.57969278998759, 20.982715084654181 ], [ -98.579930691010645, 20.982943856659066 ], [ -98.580041814355894, 20.983147934706246 ], [ -98.580232693618484, 20.983546180730489 ], [ -98.580343426816498, 20.98365994021583 ], [ -98.581891462855509, 20.984296862536535 ], [ -98.582983208473962, 20.9848990668205 ], [ -98.583634786341406, 20.98518939906911 ], [ -98.583743128332173, 20.98533307268487 ], [ -98.583769460657948, 20.98549308059907 ], [ -98.583517268332727, 20.985797431795728 ], [ -98.58334346541784, 20.985942216705237 ], [ -98.583259989268967, 20.986274063642991 ], [ -98.583329430363278, 20.986675037920921 ], [ -98.583421373047287, 20.987110072825178 ], [ -98.583575929169115, 20.987704119982851 ], [ -98.584124870208498, 20.988245517361879 ], [ -98.584529023141641, 20.988732424923619 ], [ -98.585212008176242, 20.989087301088468 ], [ -98.586002399530472, 20.989417150188611 ], [ -98.586662354220465, 20.989637756227619 ], [ -98.587012784039672, 20.989552238249544 ], [ -98.587455968924871, 20.989209242445494 ], [ -98.588552200279707, 20.988341441687034 ], [ -98.588825387827058, 20.988247790588726 ], [ -98.590343193712414, 20.988315186962964 ], [ -98.590829307858598, 20.988596632486153 ], [ -98.591169646126971, 20.98873721433327 ], [ -98.591565742845532, 20.988485311431202 ], [ -98.591355134521535, 20.987843442898669 ], [ -98.59129541276549, 20.987450497618966 ], [ -98.591436298477291, 20.98706700587331 ], [ -98.591603929761334, 20.986677122662666 ], [ -98.591612873757157, 20.986269087169536 ], [ -98.591207819087742, 20.985976052364038 ], [ -98.591023963300245, 20.985582542369688 ], [ -98.591254804588132, 20.985281946696656 ], [ -98.591507807400546, 20.985170705528599 ], [ -98.591688176830687, 20.984947080028157 ], [ -98.591683417669657, 20.98469519129695 ], [ -98.591455690486455, 20.984532122698404 ], [ -98.59103228701683, 20.984543622340329 ], [ -98.59072861268416, 20.984377711213696 ], [ -98.591054597700804, 20.984130324534242 ], [ -98.592117844960256, 20.983824482628677 ], [ -98.592664097578364, 20.983687783237148 ], [ -98.592866129083646, 20.983725462394379 ], [ -98.593046308616067, 20.983848198335984 ], [ -98.593265932216568, 20.984077152625876 ], [ -98.593640748632396, 20.98448527418666 ], [ -98.593900014439299, 20.984464661033176 ], [ -98.594109113895072, 20.984294610583632 ], [ -98.59434128492947, 20.98397890057559 ], [ -98.594669813538474, 20.983760530621907 ], [ -98.595042927764851, 20.983918018560527 ], [ -98.595200477341734, 20.984235172299844 ], [ -98.595327483529616, 20.984491605800088 ], [ -98.59541422128089, 20.984676141139762 ], [ -98.595573867853744, 20.984798841292974 ], [ -98.595907268278154, 20.98471057203637 ], [ -98.596241052595005, 20.984437839966336 ], [ -98.596822236643774, 20.98413540026689 ], [ -98.597086880970465, 20.983866881291007 ], [ -98.597251645214186, 20.983522108308001 ], [ -98.597355006504841, 20.983191416907037 ], [ -98.597519520096753, 20.983006759205935 ], [ -98.597688269555292, 20.98293240253847 ], [ -98.597935756880105, 20.983113976412525 ], [ -98.598231285451263, 20.983208626060335 ], [ -98.598463490718814, 20.98317204331811 ], [ -98.598735441121121, 20.982979491462451 ], [ -98.599083101743702, 20.98268840957294 ], [ -98.599694015720814, 20.982309644106252 ], [ -98.60059362948644, 20.981497898513176 ], [ -98.602641400108169, 20.981672544981926 ], [ -98.603713172109849, 20.982049678341909 ], [ -98.603888695007356, 20.982263334575581 ], [ -98.603948411608457, 20.982489804965109 ], [ -98.604010860878702, 20.98281119379952 ], [ -98.604134178092508, 20.982945328642192 ], [ -98.604322235241597, 20.983093678481552 ], [ -98.604808955134231, 20.983308881196436 ], [ -98.605223921996242, 20.983362081322458 ], [ -98.605551453233389, 20.98319215091141 ], [ -98.605910448343238, 20.982847425967005 ], [ -98.607069251293751, 20.982321479941387 ], [ -98.607496079329664, 20.98231425901044 ], [ -98.607668516479066, 20.982567006639194 ], [ -98.607667438989452, 20.982579380819516 ], [ -98.607753384524401, 20.982887490699397 ], [ -98.607818232392177, 20.983064501194981 ], [ -98.608106006998312, 20.983237051167027 ], [ -98.608554569650721, 20.983317560276667 ], [ -98.609010496627093, 20.983399811363242 ], [ -98.609711315131037, 20.983496871961282 ], [ -98.610351602066146, 20.98340336330034 ], [ -98.611198028717212, 20.983195730512666 ], [ -98.61221044209212, 20.983108230533407 ], [ -98.612742396416863, 20.983126577841805 ], [ -98.613409382706379, 20.983234753444581 ], [ -98.613841679519837, 20.983028471930897 ], [ -98.614087315798614, 20.982606054279945 ], [ -98.615191797778692, 20.982642511340611 ], [ -98.616268413299323, 20.982494742768363 ], [ -98.616701224677598, 20.982225498835902 ], [ -98.616737128038892, 20.982984667827381 ], [ -98.616989930036098, 20.983592903094298 ], [ -98.61724256560376, 20.983417867900283 ], [ -98.617741207603146, 20.983128113394599 ], [ -98.61811539962342, 20.982701822577187 ], [ -98.618432205581371, 20.982538036805252 ], [ -98.618746084166915, 20.982015245295759 ], [ -98.619317790214552, 20.981592198363384 ], [ -98.619899256331962, 20.981411288894897 ], [ -98.620602635738251, 20.9816959404721 ], [ -98.621216649510927, 20.982203174993963 ], [ -98.621678806145496, 20.982538020718401 ], [ -98.622753430633665, 20.982902661825172 ], [ -98.623692892355123, 20.983597319259808 ], [ -98.6241250251407, 20.984156804191709 ], [ -98.624237647038214, 20.984698709020769 ], [ -98.624311034385016, 20.985322068185734 ], [ -98.624881237327116, 20.985720712756628 ], [ -98.625428645057525, 20.985620957058959 ], [ -98.626710643577582, 20.984987264049515 ], [ -98.627617736355518, 20.984596112644333 ], [ -98.628125794367435, 20.984812217592111 ], [ -98.629257984854036, 20.984887039766004 ], [ -98.630239095777199, 20.984570009974952 ], [ -98.631035806519833, 20.984057227706955 ], [ -98.631873364284004, 20.983429314113277 ], [ -98.632319629312008, 20.98318378841957 ], [ -98.633866564147169, 20.982361830074442 ], [ -98.634500929399394, 20.982274511334069 ], [ -98.635176669415713, 20.98207111198586 ], [ -98.635660134741826, 20.982455372986632 ], [ -98.636222834725871, 20.982297203287008 ], [ -98.636788208860636, 20.982079232975369 ], [ -98.637264926855323, 20.982460869428994 ], [ -98.638027691886066, 20.982245005608306 ], [ -98.639400799601802, 20.983402724788778 ], [ -98.640043258941432, 20.984408523342903 ], [ -98.640240467935598, 20.984800349481183 ], [ -98.640517636932259, 20.98426883709466 ], [ -98.640689093443768, 20.983812621520674 ], [ -98.640800644381628, 20.983287354065489 ], [ -98.641201081305539, 20.983590416652248 ], [ -98.641239895736064, 20.983897143802437 ], [ -98.641863905226614, 20.984232765103091 ], [ -98.64226342117945, 20.984432667994877 ], [ -98.642537634233292, 20.98486304753553 ], [ -98.642851947381459, 20.985361814955674 ], [ -98.643214843543603, 20.985550871058006 ], [ -98.643499296041824, 20.985263992329894 ], [ -98.643771800796003, 20.985102119944521 ], [ -98.644312740802974, 20.985322793287335 ], [ -98.644530062186817, 20.985756466413161 ], [ -98.644875110130414, 20.985504557594087 ], [ -98.645319308401042, 20.985933808199054 ], [ -98.645743035557544, 20.986295073430465 ], [ -98.646193577701894, 20.986309913243126 ], [ -98.646482996503096, 20.986338665531409 ], [ -98.646912394194899, 20.986534159508707 ], [ -98.64797160889465, 20.986774049873269 ], [ -98.648517214420863, 20.98650378528394 ], [ -98.649136326571238, 20.986570057186665 ], [ -98.650101951151612, 20.986954713180332 ], [ -98.650517634657817, 20.98700567424466 ], [ -98.650855180653409, 20.986964510791765 ], [ -98.651316424025097, 20.986905864530794 ], [ -98.651905219880774, 20.9869878072608 ], [ -98.652649053214859, 20.987077285424085 ], [ -98.653232770308335, 20.987062161375917 ], [ -98.653750910955665, 20.987248695881046 ], [ -98.654505808843595, 20.98720238260513 ], [ -98.655370884571539, 20.987155299734368 ], [ -98.655851676617033, 20.987340218842277 ], [ -98.65648503898457, 20.987069030204687 ], [ -98.656790490500654, 20.987037127471464 ] ] } },
{ "type": "Feature", "properties": { "ID_OBRA": "1246_Tlanchinol", "No.": 1246.0, "Municipio": "Tlanchinol", "Rubro": "Infraestructura Carretera", "Ejercicio": 2023.0, "Obra": "Rehabilitación del tramo San Miguel - Xaltipa - Lontla, del Km 0+000 al Km 7+000; en el municipio de Tlanchinol", "Localidad": "San Miguel", "Inversión": 5463278.17, "Habitantes.beneficiados": 589.0, "Ejecutora": "DGIVC", "Trabajos": "Se consideran trabajos de revestimiento, cunetas y limpieza de cunetas.", "Geometria_tipo": "Línea", "extract": 0.38393610053410659 }, "geometry": { "type": "LineString", "coordinates": [ [ -98.657382036434186, 21.04381537858054 ], [ -98.657150486038091, 21.044398740469589 ], [ -98.657243740150108, 21.044798508429828 ], [ -98.65702743505787, 21.045397012291097 ], [ -98.656818114323684, 21.045663971415998 ], [ -98.656600096671227, 21.045842936978985 ], [ -98.656572171335128, 21.046221567016964 ], [ -98.656109928586446, 21.046567162546882 ], [ -98.655871857016407, 21.047082148512459 ], [ -98.65564392263947, 21.047211890370971 ], [ -98.655268544055303, 21.047211774874565 ], [ -98.655128633720778, 21.047510035291285 ], [ -98.654965562384248, 21.047772832619916 ], [ -98.654510960310517, 21.047829239806354 ], [ -98.654023834986461, 21.048056078675966 ], [ -98.653713338008814, 21.048265183269525 ], [ -98.653375110947735, 21.048841173255475 ], [ -98.653408756671141, 21.049190792538557 ], [ -98.653623269758697, 21.049484498888983 ], [ -98.653934154079508, 21.050078236356981 ], [ -98.65379773104975, 21.050237947623675 ], [ -98.653366377115717, 21.050217807384271 ], [ -98.6530725703782, 21.050018212951336 ], [ -98.652665885640673, 21.050097768331611 ], [ -98.652277440642052, 21.050117589703206 ], [ -98.651182798902141, 21.051106464121816 ], [ -98.651248609810452, 21.051414050395412 ], [ -98.651252288699311, 21.051723882327661 ], [ -98.651026890905399, 21.052182379168961 ], [ -98.651232010438378, 21.053610201143911 ], [ -98.650979977390591, 21.054089468792508 ], [ -98.650878563232624, 21.054907736145324 ], [ -98.650881298849768, 21.055288909665013 ], [ -98.651300813355618, 21.055810061886092 ], [ -98.651237963525901, 21.056061411062419 ], [ -98.650929679217725, 21.05592402349577 ], [ -98.650558383109129, 21.056267921308127 ], [ -98.650382860517524, 21.056568181670599 ], [ -98.650316944424333, 21.056963956910117 ], [ -98.650294857844358, 21.057127946624625 ], [ -98.650161395530517, 21.057339641308342 ], [ -98.649647331854624, 21.057647087152578 ], [ -98.64937698712744, 21.057885059667075 ], [ -98.64989096607718, 21.058172557577137 ], [ -98.65011539057889, 21.058341084556101 ], [ -98.650092296240658, 21.058679867590396 ], [ -98.64955099699678, 21.058558407234138 ], [ -98.649192238816596, 21.058364903449906 ], [ -98.648575009394023, 21.058874110630267 ], [ -98.648136378173888, 21.059241336526963 ], [ -98.647437253625071, 21.060563098086611 ], [ -98.646853404145276, 21.061405427638455 ], [ -98.64665148994996, 21.061819362593553 ], [ -98.645970223848906, 21.061897185485805 ], [ -98.645587002905359, 21.062079643625822 ], [ -98.644970542506158, 21.062631438044107 ], [ -98.644642324821106, 21.063002915663649 ], [ -98.644276081405593, 21.063565637241961 ], [ -98.643804272290652, 21.06421690364202 ], [ -98.6439176784734, 21.064683710533469 ], [ -98.644146205421478, 21.065266628063778 ], [ -98.643482695488046, 21.066111307618016 ], [ -98.64294701971626, 21.067086486425502 ], [ -98.64119361556449, 21.06802456798701 ], [ -98.640863286546775, 21.06798787006786 ], [ -98.640586496943655, 21.067932931905972 ], [ -98.640351335159949, 21.067951155344694 ], [ -98.639965463067355, 21.06760491678402 ], [ -98.63969297515446, 21.067297316843 ], [ -98.639636122384772, 21.066955994018411 ], [ -98.639444636212573, 21.066759495785718 ], [ -98.639031663814606, 21.066759393202389 ], [ -98.63848697156574, 21.066634679423849 ], [ -98.638189635117897, 21.066404139104385 ], [ -98.637835149101221, 21.066051737702008 ], [ -98.637522214450271, 21.065789198510334 ], [ -98.637385664631338, 21.065458873076899 ], [ -98.637121950031698, 21.064993549838388 ], [ -98.636919479952752, 21.06472003777888 ], [ -98.636842879449873, 21.064516008088777 ], [ -98.637138912257484, 21.064465223744691 ], [ -98.637337097966807, 21.064618020475155 ], [ -98.637546878167797, 21.064601074952144 ], [ -98.637591414426637, 21.06439761495561 ], [ -98.637303501196499, 21.064178154410513 ], [ -98.636992929816572, 21.063759180462736 ], [ -98.636787448760955, 21.063294601679164 ], [ -98.6367019563056, 21.062753290314269 ], [ -98.636860617520213, 21.062347648961932 ], [ -98.637177871448912, 21.062138248747157 ], [ -98.637358733536288, 21.061961823412421 ], [ -98.637268306625003, 21.06181794536867 ], [ -98.637104719990774, 21.061515763686266 ], [ -98.637090231431927, 21.061105686681774 ], [ -98.637122847318324, 21.060606280166173 ], [ -98.637190667940558, 21.060174025026377 ], [ -98.636918784354066, 21.060020627532392 ], [ -98.636635917814132, 21.060020556928301 ], [ -98.636176540010311, 21.060281430935571 ], [ -98.635878102940922, 21.06037385106384 ], [ -98.635628338527425, 21.060420110819937 ], [ -98.635394296823733, 21.060420051223009 ], [ -98.635141354352356, 21.060250380379024 ], [ -98.634756716960965, 21.060142699398085 ], [ -98.63435714206237, 21.060234792412864 ], [ -98.634090367021955, 21.06045062498518 ], [ -98.634056957156417, 21.060652075673133 ], [ -98.634208426147765, 21.060963908656181 ], [ -98.634242621758759, 21.061199252555685 ], [ -98.634090986318981, 21.061530849675801 ], [ -98.633802667394406, 21.061689593188401 ], [ -98.633515028102508, 21.061562417379001 ], [ -98.633244853761923, 21.061467264904159 ], [ -98.632771038548285, 21.061467140630235 ], [ -98.632310666615354, 21.061641496303611 ], [ -98.632031643766979, 21.061976473424114 ], [ -98.631786713125877, 21.062233425540711 ], [ -98.631402867044969, 21.062508069959652 ], [ -98.631275830557442, 21.062735597511924 ], [ -98.631036468619229, 21.063210686883167 ], [ -98.630770211143741, 21.063408737057429 ], [ -98.630441481932493, 21.06340865050532 ], [ -98.630163123737859, 21.063840898658867 ], [ -98.629984566379775, 21.064328060485941 ], [ -98.629884607797351, 21.064599128234391 ], [ -98.6298104660749, 21.06468416281913 ], [ -98.629371694137291, 21.064684048676941 ], [ -98.628896843420819, 21.064700954953981 ], [ -98.628635713976152, 21.064957116194559 ], [ -98.628368765509563, 21.065283708614629 ], [ -98.628187615379204, 21.065352734532958 ], [ -98.628225115313754, 21.065595331850488 ], [ -98.628674804188719, 21.067006982156833 ], [ -98.628763336561974, 21.067348717694298 ], [ -98.628751982518267, 21.067547709247965 ], [ -98.628487574293487, 21.06772929199861 ], [ -98.628363120712947, 21.067984768083555 ], [ -98.628438688027956, 21.068241702380128 ], [ -98.628726881654686, 21.068629814057093 ], [ -98.628736807119083, 21.06877849096205 ], [ -98.628296518124742, 21.069077152541936 ], [ -98.628167376268593, 21.069377796055594 ], [ -98.628127677583592, 21.069718347225969 ], [ -98.627991405567442, 21.070406850144828 ], [ -98.627954585726386, 21.070988301628383 ] ] } },
{ "type": "Feature", "properties": { "ID_OBRA": "1247_Tlanchinol", "No.": 1247.0, "Municipio": "Tlanchinol", "Rubro": "Infraestructura Carretera", "Ejercicio": 2023.0, "Obra": "Rehabilitación del acceso a Toctitlán, del km 0+000 al km 4+300 .", "Localidad": "San Salvador", "Inversión": 6673990.49, "Habitantes.beneficiados": 538.0, "Ejecutora": "DGIVC", "Trabajos": "Se consideran trabajos de revestimiento, cunetas y limpieza de cunetas.", "Geometria_tipo": "Línea", "extract": 0.38887256038310081 }, "geometry": { "type": "LineString", "coordinates": [ [ -98.598654289148939, 21.026920468780421 ], [ -98.598464758122162, 21.02666647242863 ], [ -98.598353002524462, 21.026448382653815 ], [ -98.598211104036181, 21.026217392073665 ], [ -98.598011591601889, 21.026160814823136 ], [ -98.59759824997613, 21.026156784184206 ], [ -98.597430714578508, 21.02613222783015 ], [ -98.5969877282391, 21.026034307023647 ], [ -98.596630342816596, 21.025967783742061 ], [ -98.596080280009218, 21.026002148454836 ], [ -98.595831308923437, 21.025903444477919 ], [ -98.59560148783055, 21.025702922521955 ], [ -98.59529822669127, 21.02555478690542 ], [ -98.595004625203018, 21.0254212626464 ], [ -98.594396771463067, 21.025024881448793 ], [ -98.594134311296969, 21.024742282070726 ], [ -98.593724299355102, 21.024040287500871 ], [ -98.593706645642456, 21.023899141861115 ], [ -98.593764264594029, 21.023724730255637 ], [ -98.59389365975214, 21.02360985461198 ], [ -98.594199080477452, 21.023565084555294 ], [ -98.594483518532698, 21.023603011714862 ], [ -98.594677528789532, 21.023602232887683 ], [ -98.594910673505225, 21.023578913516175 ], [ -98.595045563633036, 21.023521396805961 ], [ -98.595227415095053, 21.023436831518858 ], [ -98.595415261047947, 21.023328637989465 ], [ -98.595597610067728, 21.023163084266407 ], [ -98.59556962888179, 21.022957272741955 ], [ -98.595444727668365, 21.022817371982967 ], [ -98.595287184976073, 21.022595394991988 ], [ -98.595162115175839, 21.022324450939134 ], [ -98.595172770351951, 21.022177085809954 ], [ -98.595267858064076, 21.022092054509315 ], [ -98.595432889370599, 21.022047438660891 ], [ -98.595863535681872, 21.021930534542534 ], [ -98.596050214968187, 21.02185327331523 ], [ -98.59609034494045, 21.021668754613888 ], [ -98.595942461504407, 21.021461388083242 ], [ -98.595646366109733, 21.021258686564678 ], [ -98.595319461559512, 21.020993026649041 ], [ -98.59513826978251, 21.020653523649667 ] ] } },
{ "type": "Feature", "properties": { "ID_OBRA": "1248_Tlanchinol", "No.": 1248.0, "Municipio": "Tlanchinol", "Rubro": "Infraestructura Carretera", "Ejercicio": 2023.0, "Obra": "Rehabilitación del tramo: San Salvador-Toctitlán, del km 0+000 al km 5+000.", "Localidad": "San Salvador", "Inversión": 3919130.81, "Habitantes.beneficiados": null, "Ejecutora": "DGIVC", "Trabajos": "Se consideran trabajos de revestimiento, cunetas y limpieza de cunetas.", "Geometria_tipo": "Línea", "extract": 0.56031583646011351 }, "geometry": { "type": "LineString", "coordinates": [ [ -98.597023230796268, 21.012263881454466 ], [ -98.59682873024579, 21.012227992082011 ], [ -98.596596969140705, 21.012156812416666 ], [ -98.596408171584287, 21.012039441080688 ], [ -98.596338990745309, 21.011837167750866 ], [ -98.596226745161985, 21.011412353438399 ], [ -98.596122203574723, 21.011290638438453 ], [ -98.59596583721482, 21.011299692107766 ], [ -98.595900163996873, 21.011552326734023 ], [ -98.595807425869637, 21.011862717592443 ], [ -98.595409384351228, 21.011994296497257 ], [ -98.595135606162117, 21.011823758768717 ], [ -98.594941000299627, 21.011644502040685 ], [ -98.594781451387689, 21.011344250888492 ], [ -98.594650679501783, 21.011259952106126 ], [ -98.594507870758861, 21.011371801933262 ], [ -98.594352916722755, 21.011427663465657 ], [ -98.594039418737793, 21.011445820003601 ], [ -98.59364724990985, 21.011463839538084 ], [ -98.593303312590336, 21.011453844008638 ], [ -98.592997834523445, 21.01140646999453 ], [ -98.592809343745529, 21.011312615717916 ], [ -98.592582534978831, 21.011246841473778 ], [ -98.59231095183037, 21.011414575212893 ], [ -98.592077556764764, 21.011564135481805 ], [ -98.591831812237615, 21.011563686794727 ], [ -98.591586065651356, 21.011563237965202 ], [ -98.591350656059745, 21.01162856105443 ], [ -98.59108552594769, 21.011712736404686 ], [ -98.590730959422245, 21.011618030693811 ], [ -98.590445815013751, 21.011504857354087 ], [ -98.590170990993329, 21.011420020704669 ], [ -98.589888189879701, 21.011102108919751 ], [ -98.589762548316301, 21.010878972051419 ], [ -98.589616827137618, 21.010786101701513 ], [ -98.589383003578561, 21.010748674333747 ], [ -98.58910231966621, 21.010581994493943 ], [ -98.588901308462894, 21.010351706024679 ], [ -98.588711498416373, 21.010085900469505 ], [ -98.588609512580447, 21.009830676135429 ], [ -98.588456020813339, 21.009766823488732 ], [ -98.58828028372595, 21.009848236053038 ], [ -98.587995363189904, 21.010029809158247 ], [ -98.587756780055301, 21.010257888530901 ], [ -98.587536879855463, 21.010477800896009 ], [ -98.587338902346161, 21.01058794034682 ], [ -98.5870697357621, 21.010476931651937 ], [ -98.586824765096225, 21.01024698932644 ], [ -98.586335457080025, 21.00985368030382 ], [ -98.58586661565522, 21.009734741802315 ], [ -98.585662394830393, 21.009761577592126 ], [ -98.585598842433981, 21.0098795772698 ], [ -98.585725593329386, 21.010071186653668 ], [ -98.586047462897511, 21.010254696935299 ], [ -98.586225260602845, 21.010420189768841 ], [ -98.586711974762906, 21.01149800660907 ], [ -98.587096886324346, 21.011752534943991 ], [ -98.58736178936654, 21.012121790839249 ], [ -98.58740401803459, 21.012369133254111 ], [ -98.587184999273035, 21.012722588764589 ], [ -98.58675375735065, 21.013116653921387 ], [ -98.586193827544733, 21.01339668265117 ], [ -98.585777766158088, 21.013532133838339 ], [ -98.585361298967896, 21.013443791224216 ], [ -98.585025983373285, 21.013346025146365 ], [ -98.584634982067087, 21.013364741458901 ], [ -98.584555879253614, 21.01352994354388 ], [ -98.584650761541809, 21.013627610316316 ], [ -98.584609520908259, 21.013832851538261 ], [ -98.583855723456153, 21.01433338434753 ], [ -98.583671613075509, 21.014372617076457 ], [ -98.582945399541359, 21.013927927546646 ], [ -98.582608350353226, 21.01389722491901 ], [ -98.582164699152642, 21.014014223735554 ], [ -98.581644108907227, 21.013875855729285 ], [ -98.581254624767098, 21.013767414571589 ], [ -98.581118355110291, 21.01358158626304 ], [ -98.581161279777959, 21.013455054291541 ], [ -98.581323036271954, 21.013377583399336 ], [ -98.581333036633339, 21.013377601753582 ], [ -98.5815530454379, 21.013378005537898 ], [ -98.5818616728926, 21.013362963387696 ], [ -98.582158240628786, 21.013472365326173 ], [ -98.582595422974478, 21.013574126082034 ], [ -98.582789974392767, 21.013675928700074 ], [ -98.582962649228122, 21.01365928991499 ], [ -98.58313234664584, 21.013474086748332 ], [ -98.583139703270589, 21.013381940149266 ], [ -98.583134864106412, 21.013240271000537 ], [ -98.583001528590714, 21.013000506594974 ], [ -98.58298711203318, 21.01288579652903 ], [ -98.583117141339102, 21.012666575919162 ], [ -98.583189720149392, 21.012457499675609 ], [ -98.583254677999847, 21.01233785387744 ], [ -98.583452287639517, 21.012338210067877 ], [ -98.583645325517054, 21.012290842986165 ], [ -98.583730209678976, 21.012203798382 ], [ -98.583807898705444, 21.011983599653121 ], [ -98.583890060801195, 21.011804474736298 ], [ -98.584078913315238, 21.011650171951771 ], [ -98.584230692349749, 21.011443487993922 ], [ -98.584261216010603, 21.011314290181986 ], [ -98.584238597423379, 21.011170742102706 ], [ -98.58405554923857, 21.011147838212541 ], [ -98.583717888566142, 21.011252747667626 ], [ -98.58339634310579, 21.011426713298906 ], [ -98.583200718950977, 21.011548662236709 ] ] } },
{ "type": "Feature", "properties": { "ID_OBRA": "1257_Tlanchinol", "No.": 1257.0, "Municipio": "Tlanchinol", "Rubro": "Infraestructura Carretera", "Ejercicio": 2023.0, "Obra": "Rehabilitación del tramo Toctitlán - Tianguis, del Km 0+000 al Km 7+000.", "Localidad": "Toctitlán", "Inversión": 5512853.14, "Habitantes.beneficiados": 1007.0, "Ejecutora": "DGIVC", "Trabajos": "Se consideran trabajos de revestimiento, cunetas y limpieza de cunetas.", "Geometria_tipo": "Línea", "extract": 0.45179958285051619 }, "geometry": { "type": "LineString", "coordinates": [ [ -98.580627651397251, 21.012057894502377 ], [ -98.580205882847523, 21.012154883363849 ], [ -98.579937440792534, 21.01242257238156 ], [ -98.579619403517725, 21.01254427510321 ], [ -98.579389534532396, 21.012276004427015 ], [ -98.579233878634625, 21.012202860050255 ], [ -98.578937578943169, 21.012495004780899 ], [ -98.578726773986489, 21.01251924423881 ], [ -98.578225532445245, 21.012592079110608 ], [ -98.577582826885802, 21.012982617158123 ], [ -98.577441307520715, 21.013300985669989 ], [ -98.577300253454794, 21.013595481916141 ], [ -98.576750555770047, 21.014260133962637 ], [ -98.576458965515442, 21.014284613877493 ], [ -98.5762103696309, 21.013840652645101 ], [ -98.575987104583959, 21.013447157465816 ], [ -98.575979462682596, 21.012932521863185 ], [ -98.575946473899023, 21.012395323521741 ], [ -98.575664009466706, 21.012224616692922 ], [ -98.575490510124666, 21.011956968284956 ], [ -98.575400593350992, 21.0115686662893 ], [ -98.57511351459398, 21.011544224429134 ], [ -98.57474596063885, 21.011568182227425 ], [ -98.574466025326117, 21.011374248853851 ], [ -98.574161354694155, 21.011156392561919 ], [ -98.573918914012566, 21.010721940655181 ], [ -98.573640356485384, 21.010529143834123 ], [ -98.573496809584299, 21.010818014502807 ], [ -98.573746612704909, 21.011664400014439 ], [ -98.573868666409339, 21.012466926074598 ], [ -98.573700559058935, 21.013298255967644 ], [ -98.573047779481385, 21.01373990222789 ], [ -98.572873275354297, 21.014084589060136 ], [ -98.572710090230572, 21.014183138322167 ], [ -98.572352166503222, 21.01393632368714 ], [ -98.571855489114739, 21.013837451646616 ], [ -98.572026722527809, 21.014108622607342 ], [ -98.571826820367761, 21.014404737599566 ], [ -98.571441905368516, 21.01422350573683 ], [ -98.571306908202672, 21.01433934632912 ], [ -98.571519835274984, 21.014699665960421 ], [ -98.571978329668568, 21.015202425725089 ], [ -98.572348035563465, 21.015721345476532 ], [ -98.572410024533866, 21.016366704478081 ], [ -98.572819213985497, 21.016943007375065 ], [ -98.572851319801131, 21.017188808407049 ], [ -98.572859247718782, 21.017447101605068 ], [ -98.573055016079124, 21.017740875214862 ], [ -98.57295915919839, 21.017956512150015 ], [ -98.572888083190492, 21.018150270351011 ], [ -98.572856203264152, 21.018482639244709 ], [ -98.572774011381981, 21.01885198451987 ], [ -98.572653094073985, 21.019060911597947 ], [ -98.572461580380761, 21.019235632391279 ], [ -98.571523775524085, 21.019539534102041 ], [ -98.571392471166817, 21.019680636859881 ], [ -98.571233497472235, 21.020023406696762 ], [ -98.570905632110652, 21.020332605701448 ], [ -98.570693417197774, 21.02054780307806 ], [ -98.570621682584601, 21.020679808525781 ], [ -98.570672157465708, 21.020812245123448 ], [ -98.571011331388902, 21.021017784774905 ], [ -98.571164389900446, 21.021102671145169 ], [ -98.571201684643327, 21.021260527970892 ], [ -98.57116063508947, 21.021479852825525 ], [ -98.570944090921145, 21.021776343307991 ], [ -98.57077400867756, 21.021975251463431 ], [ -98.570637750326441, 21.02238087798743 ], [ -98.570448176481875, 21.022605906267909 ], [ -98.570252619679124, 21.022890154215606 ], [ -98.570253507835787, 21.023103601755651 ], [ -98.570337775540366, 21.023281557189669 ], [ -98.570655016181419, 21.023591287959601 ], [ -98.570805865108326, 21.02374177079313 ], [ -98.570822708759465, 21.024006567689515 ], [ -98.570804175107511, 21.024295922399229 ], [ -98.57058335394666, 21.02454876653902 ], [ -98.570123238632064, 21.024728488159237 ], [ -98.569816762526273, 21.024875085886812 ], [ -98.569587810291964, 21.024903027842555 ], [ -98.569456156142806, 21.025044162510028 ], [ -98.569471978395555, 21.025208023094223 ], [ -98.569626836842829, 21.025243959642527 ], [ -98.56986274931873, 21.025144007365725 ], [ -98.570080503115037, 21.025087209620121 ], [ -98.571132744438842, 21.025202070157128 ], [ -98.571446522174227, 21.024911410222472 ], [ -98.571598670192657, 21.024722598528111 ], [ -98.571728812349363, 21.024480847202799 ], [ -98.571918921504789, 21.024357928051199 ], [ -98.572149322896692, 21.024399015373721 ], [ -98.572205418797452, 21.024549943485177 ], [ -98.572191516934467, 21.02475088628044 ], [ -98.571964053656799, 21.024996419087241 ], [ -98.571789547944078, 21.025346226936115 ], [ -98.571564309683296, 21.025490934612062 ], [ -98.571157115211832, 21.025600082831005 ], [ -98.570617977849295, 21.025680385404712 ], [ -98.570177327674699, 21.025775908793037 ], [ -98.570011520401479, 21.025991476359028 ], [ -98.57002130634892, 21.026194670979649 ], [ -98.570070443405271, 21.026361988037142 ], [ -98.570357003810642, 21.02654647382198 ], [ -98.570788316399586, 21.02713501489642 ], [ -98.570941309445161, 21.02776752303355 ], [ -98.570886170676303, 21.028033266708416 ], [ -98.570482944046219, 21.02822635501694 ], [ -98.569939516172639, 21.02820907269048 ], [ -98.569478473556913, 21.028132906416211 ], [ -98.569084033542254, 21.028122254815315 ], [ -98.568599592317497, 21.028156575407593 ], [ -98.568237727451404, 21.028309740259971 ], [ -98.567503566849823, 21.028779156763992 ], [ -98.56665372322739, 21.029513731702718 ] ] } },
{ "type": "Feature", "properties": { "ID_OBRA": "127_Calnali", "No.": 127.0, "Municipio": "Calnali", "Rubro": "Infraestructura Carretera", "Ejercicio": 2023.0, "Obra": "Rehabilitación del tramo acceso a Tecueyaca, del Km 0+000 al km 6+000; en el Municipio de Calnali.", "Localidad": "Tecueyaca", "Inversión": 4692901.03, "Habitantes.beneficiados": 312.0, "Ejecutora": "DGCCE", "Trabajos": "Se consideran trabajos de revestimiento, cunetas y limpieza de cunetas.", "Geometria_tipo": "Línea", "extract": 0.5545186248293601 }, "geometry": { "type": "LineString", "coordinates": [ [ -98.610870880558295, 20.928595684206403 ], [ -98.610707637474604, 20.928873723560599 ], [ -98.610417640937698, 20.929081804288092 ], [ -98.610018175509396, 20.929365224124499 ], [ -98.609918309152306, 20.929428006927097 ], [ -98.609466990038598, 20.9296163551771 ], [ -98.609336395571702, 20.929716807480204 ], [ -98.609198119077206, 20.929781383925203 ], [ -98.608925407102106, 20.929906949155303 ], [ -98.608679582223218, 20.930007401263602 ], [ -98.608510577618901, 20.9301365538753 ], [ -98.608214819561397, 20.930287231781499 ], [ -98.608057337998304, 20.930355395546496 ], [ -98.607746215885797, 20.930391271199799 ], [ -98.607219997004279, 20.930430734408503 ], [ -98.606728347246403, 20.930441497099995 ], [ -98.606551660614699, 20.930437909536192 ], [ -98.606444112230093, 20.930366158243405 ], [ -98.6064057020928, 20.930258531239701 ], [ -98.60634040485931, 20.930043277000301 ], [ -98.606186764309911, 20.929415450368698 ], [ -98.606109944035296, 20.929153556196201 ], [ -98.606036964774304, 20.929067453902398 ], [ -98.605948621458509, 20.929031577932093 ], [ -98.605875642197518, 20.929045928321298 ], [ -98.605783457867901, 20.929078216691899 ], [ -98.605660545428407, 20.929275534360901 ], [ -98.605602930222403, 20.929512315220698 ], [ -98.60554147400272, 20.929688106829001 ], [ -98.605441607645616, 20.929885423694792 ], [ -98.605337900274719, 20.929960762793097 ], [ -98.605126644519416, 20.9300791527283 ], [ -98.604961480928779, 20.930125791161895 ], [ -98.604811681393215, 20.930104265732798 ], [ -98.604650358816386, 20.930036101853595 ], [ -98.604369964813799, 20.929924887036691 ], [ -98.604239370346903, 20.929874660963296 ], [ -98.604070365742601, 20.929763446026605 ], [ -98.604016591550305, 20.929602004842501 ], [ -98.604035796619002, 20.929483614530302 ], [ -98.604043478646489, 20.929132030627404 ], [ -98.604012750536612, 20.928977763960496 ], [ -98.603832222891114, 20.9287338070469 ], [ -98.603663218286798, 20.928601065618096 ], [ -98.603563351929793, 20.928482674514903 ], [ -98.603444280503993, 20.928299706262298 ], [ -98.603317527050791, 20.928073686347599 ], [ -98.603248388803607, 20.927940944334004 ], [ -98.6031331583916, 20.927836903214097 ], [ -98.602998722910897, 20.927790264067905 ], [ -98.602683759784696, 20.927826140335505 ], [ -98.602437934905794, 20.9278835423458 ], [ -98.602184427999305, 20.927915830966796 ], [ -98.602007741367601, 20.927926593839 ], [ -98.601804167639685, 20.927811789829505 ], [ -98.601669732158996, 20.927582181546597 ], [ -98.601546819719502, 20.927341809998502 ], [ -98.601450794376206, 20.927119376282 ], [ -98.601324040923004, 20.926975870483297 ], [ -98.601185764428493, 20.926904117532398 ], [ -98.600901529412184, 20.926853890446299 ], [ -98.600671068588198, 20.926846715146901 ], [ -98.600302331269702, 20.926911292828997 ], [ -98.599968163074919, 20.927047623399808 ], [ -98.599645517921189, 20.927198304412801 ], [ -98.599311349726406, 20.9272844077807 ], [ -98.599019432682596, 20.9273059336149 ], [ -98.598861951119616, 20.927287995419995 ], [ -98.5986161262406, 20.927320284169401 ], [ -98.598439439608896, 20.927388449284198 ], [ -98.598312686155694, 20.927517604153699 ], [ -98.598197455743602, 20.927757975419805 ], [ -98.598162886620003, 20.927919418590996 ], [ -98.598124476482695, 20.928062923485996 ], [ -98.598132158510083, 20.928206428243602 ], [ -98.598182091688699, 20.928378633771203 ], [ -98.598247388922204, 20.928540076273599 ] ] } },
{ "type": "Feature", "properties": { "ID_OBRA": "1273_Tula de Allende", "No.": 1273.0, "Municipio": "Tula de Allende", "Rubro": "Vialidades Urbanas", "Ejercicio": 2023.0, "Obra": "Reconstrucción de pavimento asfaltico de avenida Liberación Nacional, en la localidad de El Llano Primera Sección, municipio de Tula de Allende", "Localidad": "El Llano", "Inversión": 3229129.64, "Habitantes.beneficiados": 17332.0, "Ejecutora": "DGIVC", "Trabajos": "Considera los trabajos de la operación de escarificación, disgregado, construcción de base hidráulica, suministro y aplicación de riego de liga con emulsión asfáltica.", "Geometria_tipo": "Línea", "extract": 0.46096039865844135 }, "geometry": { "type": "LineString", "coordinates": [ [ -99.319154277365598, 20.066099153681101 ], [ -99.31924277678452, 20.066654464226499 ], [ -99.319434495730903, 20.067286388386005 ], [ -99.319614927877595, 20.067901541420497 ], [ -99.320037386001303, 20.068771116970098 ], [ -99.320126695401896, 20.068936722333095 ], [ -99.320164861882006, 20.069175741178796 ], [ -99.320186699837095, 20.069491121514591 ], [ -99.3202883999503, 20.071004735618299 ], [ -99.320341547433699, 20.072264322523004 ], [ -99.3204080286134, 20.072883509572197 ] ] } },
{ "type": "Feature", "properties": { "ID_OBRA": "128_Calnali", "No.": 128.0, "Municipio": "Calnali", "Rubro": "Infraestructura Carretera", "Ejercicio": 2022.0, "Obra": "Rehabilitación de Pavimentación en la Carretera Estatal Calnali - San Andrés - Santa Lucia, municipio de Calnali", "Localidad": "Tochintlán", "Inversión": 35528050.09, "Habitantes.beneficiados": 226.0, "Ejecutora": "DGCCE", "Trabajos": "Considera trabajos para la reconstrucción y/o conservación de Infraestructura Carretera en la localidad de Tochintlán municipio de Calnali", "Geometria_tipo": "Línea", "extract": 0.30588889686991588 }, "geometry": { "type": "LineString", "coordinates": [ [ -98.575319683554198, 20.906459019880295 ], [ -98.575283791714284, 20.906626664155699 ], [ -98.575373521314006, 20.906844601433502 ], [ -98.575445304993806, 20.907381061075899 ], [ -98.575337629474106, 20.908009722277495 ], [ -98.575131251394694, 20.908210893305494 ], [ -98.574915900355293, 20.908386917733598 ], [ -98.574942819235304, 20.908873079366597 ], [ -98.574709522275896, 20.909174834070299 ], [ -98.574404441636815, 20.9096777572272 ], [ -98.5741890905974, 20.9097531955553 ], [ -98.573982712518003, 20.909702903340804 ], [ -98.573803253318403, 20.909593936818201 ], [ -98.573668658918805, 20.909585554774701 ], [ -98.573489199719305, 20.909627464987398 ], [ -98.573399470119597, 20.909803487752903 ], [ -98.573381524199604, 20.9099040720976 ], [ -98.573552010439201, 20.910189060707797 ], [ -98.573650712998912, 20.910583014659501 ], [ -98.573749415558595, 20.9109015298638 ], [ -98.573928874758096, 20.911169752668997 ], [ -98.573884009958206, 20.911421211113101 ], [ -98.573892982918196, 20.9116475233523 ], [ -98.574018604357803, 20.912452186325503 ], [ -98.574000658437896, 20.912846134331499 ], [ -98.573982712517903, 20.913055680721598 ], [ -98.573785307398495, 20.913156262884801 ], [ -98.573596875239005, 20.9130808262687 ], [ -98.573327686439796, 20.912955098490894 ], [ -98.573094389480502, 20.9129802440549 ], [ -98.572825200681194, 20.913139499195601 ], [ -98.572529093002117, 20.9129886259086 ], [ -98.572340660842599, 20.912854516192692 ], [ -98.572026607243515, 20.912837752469798 ], [ -98.571712553644403, 20.912862898053493 ], [ -98.571362608205391, 20.912762315693499 ], [ -98.571156230125993, 20.912946716635304 ], [ -98.570931906126589, 20.913307136003098 ], [ -98.570662717327409, 20.913575354505198 ], [ -98.570375582608207, 20.9138016634931 ], [ -98.570205096368596, 20.913910626958103 ], [ -98.570151258608803, 20.914044735729295 ], [ -98.570205096368596, 20.914178844380601 ], [ -98.570393528528086, 20.9142961893521 ], [ -98.570671690287298, 20.914396770683098 ], [ -98.57091396020661, 20.914530879019498 ], [ -98.571039581646289, 20.914664987235998 ], [ -98.571201094925812, 20.914841004088004 ], [ -98.571317743405501, 20.915134365048889 ], [ -98.571488229645013, 20.915360671683601 ], [ -98.571703580684414, 20.915553451140106 ], [ -98.571847148044014, 20.915637268217704 ], [ -98.571972769483594, 20.915922245931203 ], [ -98.572179147563105, 20.9163245664869 ], [ -98.572313741962716, 20.916408383133401 ], [ -98.572609849641793, 20.916425146457097 ], [ -98.573094389480502, 20.916483818075196 ], [ -98.573237956840003, 20.9165843979386 ], [ -98.5733007675599, 20.916684977734501 ] ] } },
{ "type": "Feature", "properties": { "ID_OBRA": "129_Calnali", "No.": 129.0, "Municipio": "Calnali", "Rubro": "Infraestructura Carretera", "Ejercicio": 2024.0, "Obra": "Rehabilitación de Camino Calnali a Tostlamantla, del Km 0.000 al Km 5.000, en el municipio de Calnali.", "Localidad": "Tostlamantla", "Inversión": 3976924.16, "Habitantes.beneficiados": 199.0, "Ejecutora": "DGIyVC", "Trabajos": "Considera los trabajos de preliminares, revestimiento de camino en la localidad de Tostlamantla municipio de Calnali", "Geometria_tipo": "Línea", "extract": 0.48260052065294323 }, "geometry": { "type": "LineString", "coordinates": [ [ -98.592314469746015, 20.902896534735095 ], [ -98.592637496305102, 20.903307272631395 ], [ -98.593166900943601, 20.904413744634297 ], [ -98.593705278542103, 20.905000506778798 ], [ -98.594728195979201, 20.906324904325192 ], [ -98.595131979178092, 20.907221799819798 ], [ -98.595526789416894, 20.907724729525899 ], [ -98.595634464936595, 20.908261186020297 ], [ -98.595490897576994, 20.908831168943095 ], [ -98.595167871017992, 20.908965282257199 ], [ -98.59466538525939, 20.908730583878796 ], [ -98.594485926059889, 20.908831168943095 ], [ -98.594485926059889, 20.909199980268195 ], [ -98.594521817899789, 20.9096023188612 ], [ -98.594306466860388, 20.910071712522097 ], [ -98.594198791340688, 20.910608160621202 ], [ -98.594270575020488, 20.911077551133797 ], [ -98.594019332141187, 20.911513412436996 ], [ -98.593409170862884, 20.912049855378601 ], [ -98.59294257694431, 20.912183965814197 ], [ -98.592763117744795, 20.912351603689999 ], [ -98.59294257694431, 20.912586296401194 ], [ -98.59294257694431, 20.912586296401194 ], [ -98.593265603503284, 20.912686878879299 ], [ -98.593409170862884, 20.913558590862902 ], [ -98.593480954542684, 20.913793281684899 ], [ -98.593732197421986, 20.913692699949003 ], [ -98.594019332141187, 20.913357427008794 ], [ -98.594306466860388, 20.913156262884794 ], [ -98.594557709739689, 20.913156262884797 ], [ -98.594880736298691, 20.913458008969599 ], [ -98.595060195498291, 20.913692699948999 ], [ -98.595131979178092, 20.913893863353191 ], [ -98.595239654697792, 20.914095026487601 ], [ -98.595526789416894, 20.913927390561099 ], [ -98.595634464936595, 20.913558590862902 ], [ -98.595706248616395, 20.913424481656797 ], [ -98.596172842535097, 20.913357427008798 ], [ -98.596675328293699, 20.913424481656801 ], [ -98.596495869094198, 20.913592118145598 ], [ -98.596172842535097, 20.913659172688696 ], [ -98.595993383335596, 20.913793281684899 ], [ -98.595885707815896, 20.914061499317299 ], [ -98.596136950695197, 20.914061499317295 ], [ -98.596280518054797, 20.913860336138001 ], [ -98.596639436453799, 20.913826808915196 ], [ -98.596926571173, 20.913893863353305 ], [ -98.597393165091617, 20.913793281684899 ], [ -98.597787975330505, 20.913793281684899 ], [ -98.598075110049706, 20.913726227201799 ], [ -98.598326352929007, 20.913424481656801 ], [ -98.598828838687595, 20.913256844980495 ], [ -98.599367216286112, 20.913223317622805 ], [ -98.5998338102047, 20.913223317622798 ], [ -98.600336295963302, 20.913156262884797 ], [ -98.600802889882004, 20.913223317622798 ], [ -98.601161808281006, 20.913424481656801 ], [ -98.601269483800621, 20.9136256454209 ], [ -98.601341267480393, 20.913860336138001 ], [ -98.602310347157697, 20.913726227201796 ], [ -98.603243534995116, 20.9136256454209 ], [ -98.604140830992506, 20.913525063572596 ], [ -98.60493045147031, 20.9133238996735 ], [ -98.605504720908613, 20.913256844980499 ], [ -98.606150774026815, 20.913290372330799 ], [ -98.606473800585917, 20.913390954336496 ], [ -98.606832718984919, 20.913558590862898 ], [ -98.606976286344519, 20.913525063572596 ], [ -98.60726342106372, 20.913793281684899 ], [ -98.607514663942993, 20.914027972139497 ], [ -98.607765906822195, 20.914262662226793 ], [ -98.607765906822195, 20.914530879019498 ], [ -98.607550555782893, 20.9144973519467 ], [ -98.60719163738392, 20.914162080805802 ], [ -98.606832718984919, 20.913960917761408 ], [ -98.606366125066216, 20.913860336138001 ], [ -98.60618666586673, 20.913927390561103 ], [ -98.606258449546516, 20.914095026487601 ], [ -98.606545584265717, 20.914363243580301 ], [ -98.606940394504633, 20.914564406084903 ], [ -98.607406988423321, 20.914866149335698 ], [ -98.607765906822195, 20.915033784212696 ], [ -98.607945366021696, 20.915268472725501 ], [ -98.608340176260597, 20.914933203308998 ], [ -98.608627310979799, 20.914664987236002 ], [ -98.6089862293788, 20.914732041299196 ], [ -98.609632282496918, 20.915000257252292 ], [ -98.610170660095406, 20.915234945817591 ], [ -98.610457794814593, 20.915369053404302 ], [ -98.610744929533794, 20.915402580282198 ], [ -98.611390982651997, 20.915234945817591 ], [ -98.612108819449901, 20.915301999625903 ], [ -98.612790764408004, 20.915369053404302 ], [ -98.612826656247904, 20.915000257252295 ], [ -98.612934331767619, 20.914463824866299 ], [ -98.613185574646806, 20.914631460193096 ], [ -98.613257358326706, 20.914966730284398 ], [ -98.613365033846407, 20.915335526518891 ], [ -98.613077899127205, 20.915570214559295 ], [ -98.612790764408004, 20.915771375444503 ], [ -98.612647197048403, 20.915972536059702 ], [ -98.612754872568104, 20.916039589538098 ], [ -98.613113790967105, 20.916006062802705 ], [ -98.613365033846407, 20.9157713754445 ], [ -98.613580384885807, 20.915704321846096 ], [ -98.613831627765009, 20.9157043218461 ], [ -98.613867519605009, 20.915201418902203 ], [ -98.613723952245408, 20.914799095332498 ], [ -98.61393930328471, 20.914732041299189 ], [ -98.614370005363511, 20.915000257252299 ], [ -98.614334113523611, 20.9153019996259 ], [ -98.614226438003911, 20.915737848649002 ], [ -98.614405897203426, 20.916073116266102 ], [ -98.614621248242813, 20.916408383133401 ], [ -98.614513572723112, 20.916911282028501 ], [ -98.614441789043312, 20.917145967602192 ], [ -98.614657140082713, 20.9172800734794 ], [ -98.614872491122114, 20.917347126373002 ], [ -98.615087842161515, 20.917548284873796 ], [ -98.615410868720616, 20.917682390391001 ], [ -98.615698003439718, 20.917648864022897 ], [ -98.615985138158919, 20.917514758475704 ], [ -98.61616459735842, 20.917548284873803 ], [ -98.616344056557935, 20.9178835484419 ], [ -98.616595299437193, 20.917950601065595 ], [ -98.617026001515995, 20.917950601065598 ], [ -98.617205460715496, 20.917682390391001 ], [ -98.617241352555396, 20.9172800734794 ], [ -98.617241352555396, 20.9172800734794 ], [ -98.617743838313999, 20.917514758475701 ], [ -98.6179591893533, 20.9178835484419 ], [ -98.618138648552801, 20.918185285012196 ], [ -98.618425783272002, 20.918352916177696 ], [ -98.618748809831104, 20.918453494786895 ], [ -98.618964160870505, 20.918688177946198 ], [ -98.619251295589706, 20.918922860737993 ], [ -98.619502538469021, 20.918956386821097 ], [ -98.619646105828508, 20.9187552302099 ], [ -98.619861456867994, 20.918587599494401 ], [ -98.620220375266896, 20.918621125652503 ], [ -98.620543401825998, 20.918721704081801 ], [ -98.620830536545199, 20.918822282443696 ], [ -98.6210099957447, 20.918956386821097 ], [ -98.621153563104315, 20.919056965025497 ], [ -98.621297130463901, 20.919124017124297 ], [ -98.621584265183103, 20.919157543162395 ], [ -98.621727832542703, 20.919056965025501 ], [ -98.621763724382603, 20.918688177946198 ], [ -98.621835508062304, 20.918319389959496 ], [ -98.621907291742104, 20.918151758756597 ], [ -98.622050859101705, 20.918218811260296 ], [ -98.622266210141106, 20.918554073328799 ], [ -98.622409777500707, 20.918822282443699 ], [ -98.622625128540122, 20.918855808549303 ], [ -98.622768695899708, 20.918721704081801 ], [ -98.622984046939109, 20.9186211256525 ], [ -98.623378857178025, 20.918621125652496 ], [ -98.623630100057213, 20.918621125652496 ], [ -98.623809559256813, 20.918621125652496 ], [ -98.623953126616414, 20.918688177946198 ] ] } },
{ "type": "Feature", "properties": { "ID_OBRA": "1293_Tulancingo de Bravo", "No.": 1293.0, "Municipio": "Tulancingo de Bravo", "Rubro": "Infraestructura Carretera", "Ejercicio": 2023.0, "Obra": "Rehabilitación de la Carretera Estatal paso por Tulancingo.", "Localidad": "Tulancingo", "Inversión": 31504589.26, "Habitantes.beneficiados": 106163.0, "Ejecutora": "DGIVC", "Trabajos": "Considera trabajos para la reconstrucción y/o conservación de Infraestructura Carretera en la localidad de Tulancingo municipio de Tulancingo de Bravo", "Geometria_tipo": "Línea", "extract": 0.49397573568324582 }, "geometry": { "type": "LineString", "coordinates": [ [ -98.388959656464365, 20.073564183626079 ], [ -98.379509882169472, 20.088068853088721 ], [ -98.378721006930192, 20.088780558604807 ], [ -98.377053640788461, 20.089433758768433 ], [ -98.367098734845314, 20.092047791697272 ], [ -98.366206692101088, 20.092430131182521 ], [ -98.351546551086216, 20.101920664817065 ], [ -98.350139097011194, 20.102126416223982 ], [ -98.347061520708294, 20.102023429957026 ], [ -98.345513078597008, 20.102573300724853 ], [ -98.344338666558428, 20.103714526415679 ], [ -98.343588884115206, 20.105602833303887 ] ] } },
{ "type": "Feature", "properties": { "ID_OBRA": "1304_Tulancingo de Bravo", "No.": 1304.0, "Municipio": "Tulancingo de Bravo", "Rubro": "Infraestructura Carretera", "Ejercicio": 2024.0, "Obra": "Reconstrucción del libramiento Tulancingo - Metepec, en el municipio de Tulancingo de Bravo", "Localidad": "Zototlán", "Inversión": 31323293.11, "Habitantes.beneficiados": 2248.0, "Ejecutora": "DGIVC", "Trabajos": "Considera trabajos para la reconstrucción y/o conservación de Infraestructura Carretera en la localidad de Zototlán municipio de Tulancingo de Bravo", "Geometria_tipo": "Línea", "extract": 0.25011817528641955 }, "geometry": { "type": "LineString", "coordinates": [ [ -98.28382963850818, 20.154125623898199 ], [ -98.294806154352088, 20.154353231211864 ], [ -98.296098245140342, 20.15508675627596 ], [ -98.30979031033327, 20.170374842658997 ], [ -98.310323617165395, 20.170895618471921 ], [ -98.310455129091764, 20.171390594938742 ], [ -98.310451012204325, 20.17815985371179 ], [ -98.310777060478983, 20.18356935996696 ], [ -98.322794008019571, 20.230449402565679 ], [ -98.322555207247945, 20.232666209297619 ], [ -98.320116953384471, 20.235738861698362 ] ] } },
{ "type": "Feature", "properties": { "ID_OBRA": "1355_Villa de Tezontepec", "No.": 1355.0, "Municipio": "Villa de Tezontepec", "Rubro": "Infraestructura Carretera", "Ejercicio": 2023.0, "Obra": "Reconstrucción del Boulevard de Acceso a Villa de Tezontepec (tramo Platah - Av Juárez); en el municipio de Villa de Tezontepec", "Localidad": "Tezontepec", "Inversión": 17207991.13, "Habitantes.beneficiados": null, "Ejecutora": "DGOPI", "Trabajos": "Considera trabajos para la reconstrucción y/o conservación de Infraestructura Carretera en la localidad de Tezontepec municipio de Villa de Tezontepec", "Geometria_tipo": "Línea", "extract": 0.23111081966670413 }, "geometry": { "type": "LineString", "coordinates": [ [ -98.849506334804204, 19.907539217636323 ], [ -98.83561215808912, 19.891630214327854 ], [ -98.828644660403924, 19.886103546649661 ], [ -98.82650604916978, 19.884214305666195 ] ] } },
{ "type": "Feature", "properties": { "ID_OBRA": "1356_Villa de Tezontepec", "No.": 1356.0, "Municipio": "Villa de Tezontepec", "Rubro": "Infraestructura Carretera", "Ejercicio": 2023.0, "Obra": "Reconstrucción de carretera Villa de Tezontepec - Téllez (camino a Comunidades); en el municipio de Villa de Tezontepec", "Localidad": "Tezontepec", "Inversión": 4689534.61, "Habitantes.beneficiados": null, "Ejecutora": "DGCCE", "Trabajos": "Considera trabajos para la reconstrucción y/o conservación de Infraestructura Carretera en la localidad de Tezontepec municipio de Villa de Tezontepec", "Geometria_tipo": "Línea", "extract": 0.27058479403173974 }, "geometry": { "type": "LineString", "coordinates": [ [ -98.816297644165516, 19.889499915776721 ], [ -98.814112807077208, 19.896248623584071 ], [ -98.812060236076761, 19.902408294000583 ], [ -98.811693192598668, 19.903214167660728 ], [ -98.807652023926394, 19.910335422623934 ], [ -98.796376764017282, 19.930189985129381 ], [ -98.796206395267546, 19.93076128108877 ], [ -98.79575939195, 19.93203375636746 ], [ -98.795432861187223, 19.932799919258631 ], [ -98.793781438655628, 19.935691116126318 ], [ -98.792924439620194, 19.939203382389191 ], [ -98.792300519751322, 19.940305752934002 ], [ -98.791779237937988, 19.94093545098124 ], [ -98.790138502968105, 19.942315733234885 ], [ -98.78971720416169, 19.942853027738344 ], [ -98.789209983251823, 19.943552849428833 ], [ -98.78806841403167, 19.944629044647993 ], [ -98.785142004080413, 19.948060828348741 ], [ -98.783914543373697, 19.949445155337141 ], [ -98.782422203952734, 19.950996719454324 ], [ -98.780585256019535, 19.950494772209481 ], [ -98.77835722573343, 19.94990037412828 ], [ -98.777127588135926, 19.949797402650908 ], [ -98.776948943598299, 19.949843274600727 ], [ -98.77705724493778, 19.950039155277292 ], [ -98.778284937326887, 19.952065764493035 ], [ -98.779491495058338, 19.954186010682829 ], [ -98.77961970107205, 19.954881314026245 ], [ -98.779516119538897, 19.95531750173247 ], [ -98.779498072848469, 19.95580677357551 ], [ -98.7794749753415, 19.956536813234059 ], [ -98.779151423889601, 19.957594063073664 ], [ -98.778316687448253, 19.960154783388049 ], [ -98.776094021453801, 19.966710698064514 ], [ -98.776068040143485, 19.96789721379325 ], [ -98.781830682142143, 19.975052128920364 ] ] } },
{ "type": "Feature", "properties": { "ID_OBRA": "1361_Xochiatipan", "No.": 1361.0, "Municipio": "Xochiatipan", "Rubro": "Infraestructura Carretera", "Ejercicio": 2024.0, "Obra": "Rehabilitación del C.R. Atlalco - Acanoa, municipio de Xochiatipan", "Localidad": "Atlalco", "Inversión": 3716093.63, "Habitantes.beneficiados": 419.0, "Ejecutora": "DGIVC", "Trabajos": "Considera los trabajos de preliminares, revestimiento de camino en la localidad de Atlalco municipio de Xochiatipan", "Geometria_tipo": "Línea", "extract": 0.33431994978034318 }, "geometry": { "type": "LineString", "coordinates": [ [ -98.284462178981855, 20.818277305986854 ], [ -98.283521023932352, 20.817738931744859 ], [ -98.282847280702782, 20.817488175531643 ], [ -98.282464316881459, 20.816808980896866 ], [ -98.28208596874191, 20.81634554084874 ], [ -98.281783036118981, 20.815918657427776 ], [ -98.281735900864405, 20.815244511628215 ], [ -98.281723176223537, 20.814396057276692 ], [ -98.28164261041951, 20.813937920329657 ], [ -98.28208702148136, 20.814078753062429 ], [ -98.282388925945384, 20.81450188563208 ], [ -98.282728382531829, 20.814925877741985 ], [ -98.283331348883536, 20.815563480352115 ], [ -98.283815793476421, 20.815740919640366 ], [ -98.284262880591243, 20.815882975509066 ], [ -98.284817400952988, 20.815847411603517 ], [ -98.285033006510801, 20.815563375647166 ], [ -98.284760644458629, 20.814961124699032 ], [ -98.28414681090436, 20.813867369112639 ], [ -98.283905077257828, 20.812849335706179 ], [ -98.284042685746556, 20.812394573972895 ], [ -98.284621590411092, 20.812010519423147 ], [ -98.284500157188759, 20.811488016585205 ], [ -98.284693587359314, 20.810308504486557 ], [ -98.284894583164174, 20.809514395067819 ], [ -98.285686373392437, 20.809101231528459 ], [ -98.285671882391838, 20.808517422841526 ], [ -98.286007433536767, 20.807422933973058 ], [ -98.286031403247293, 20.806945934403412 ], [ -98.286635238271018, 20.806503943739681 ], [ -98.286729789345387, 20.805995192055708 ], [ -98.286288872183235, 20.80572442148517 ], [ -98.285993801903629, 20.805487782448537 ], [ -98.285979012020377, 20.804914160475647 ], [ -98.285436627399392, 20.804846833033448 ], [ -98.28544899848923, 20.805352718311358 ], [ -98.285937200105806, 20.806096914009469 ], [ -98.286196504823266, 20.806334263590866 ], [ -98.28572963406954, 20.806470072072646 ], [ -98.285124072315298, 20.806877962956587 ], [ -98.285388344529892, 20.807320681361293 ], [ -98.285029698380981, 20.807491251954051 ], [ -98.284865511246565, 20.80824332849415 ], [ -98.2845103634005, 20.808620423064799 ], [ -98.284108774140591, 20.80855184605803 ], [ -98.284281808164877, 20.808140659640713 ], [ -98.284163387889691, 20.807696158571499 ], [ -98.284154713722302, 20.807286694274403 ], [ -98.284034544021637, 20.806742019602449 ], [ -98.283806207387116, 20.806198798426646 ], [ -98.283684100910008, 20.805521781223831 ], [ -98.283496946444444, 20.805184122502325 ], [ -98.282886782619158, 20.805352940085676 ], [ -98.282807932642768, 20.804981842845685 ], [ -98.282614085768699, 20.804208089838376 ], [ -98.282138025551305, 20.803705075567812 ], [ -98.281528024561283, 20.803772125236396 ], [ -98.280702969404075, 20.803906257027847 ], [ -98.280233155555024, 20.803705219233581 ], [ -98.279516336610655, 20.803906339705531 ], [ -98.278941857272926, 20.804006986953141 ], [ -98.278440023125171, 20.804241968416001 ], [ -98.277900800958491, 20.804342776511497 ], [ -98.277285727544253, 20.80363842556218 ], [ -98.276997751897198, 20.803504548977113 ], [ -98.276674840247523, 20.803638458579787 ], [ -98.276099229412822, 20.803203659191986 ], [ -98.275811631050487, 20.802669772538991 ], [ -98.275130505222549, 20.802669804148426 ], [ -98.27487936465522, 20.802803158966221 ], [ -98.273841573975233, 20.802270351768492 ], [ -98.273483275318824, 20.802303626888445 ], [ -98.272983902919279, 20.80197126821411 ], [ -98.272664369379427, 20.80160629296045 ], [ -98.272164621365519, 20.80150688040591 ], [ -98.271695881875516, 20.801938098015018 ], [ -98.270843924339218, 20.801341307723195 ], [ -98.270241650888536, 20.800944421160452 ], [ -98.269491535096023, 20.800977476532246 ], [ -98.269386435801323, 20.800845329303247 ], [ -98.269995374405681, 20.800680258416612 ], [ -98.270493161188952, 20.800812290348173 ], [ -98.270918757859178, 20.801043560173675 ], [ -98.271988474116128, 20.801208895862437 ], [ -98.272383169243412, 20.800977418522244 ], [ -98.272671988668648, 20.800515270754509 ], [ -98.273134004219301, 20.800779206335022 ], [ -98.273525215549213, 20.801043488197383 ], [ -98.274168333349593, 20.800911273931039 ], [ -98.274453370543284, 20.80110958064877 ], [ -98.274882243887774, 20.800878209965926 ], [ -98.275596119019795, 20.801142602371211 ], [ -98.276239333583277, 20.801341116560739 ], [ -98.276847097799461, 20.801440430871491 ], [ -98.27734593055844, 20.80110943890196 ], [ -98.276345821091027, 20.801010310056842 ], [ -98.275203731746544, 20.80048220660634 ], [ -98.274206226826777, 20.800218686081575 ], [ -98.27377864558126, 20.800218702176338 ], [ -98.27335593950292, 20.799298950107399 ], [ -98.272249123554644, 20.799889780741378 ], [ -98.27168010052263, 20.79982406484249 ] ] } },
{ "type": "Feature", "properties": { "ID_OBRA": "1370_Xochiatipan", "No.": 1370.0, "Municipio": "Xochiatipan", "Rubro": "Infraestructura Carretera", "Ejercicio": 2024.0, "Obra": "Rehabilitación de la C.E Xochiatipan - Pezmayo, municipio de Xochiatipan.", "Localidad": "Pesmayo", "Inversión": 6278793.17, "Habitantes.beneficiados": 501.0, "Ejecutora": "DGIVC", "Trabajos": "Considera trabajos para la reconstrucción y/o conservación de Infraestructura Carretera en la localidad de Pesmayo municipio de Xochiatipan", "Geometria_tipo": "Línea", "extract": 0.31178544326108015 }, "geometry": { "type": "LineString", "coordinates": [ [ -98.287147424591254, 20.826037542718229 ], [ -98.286841883953898, 20.826027409002261 ], [ -98.286376496381976, 20.826057407806225 ], [ -98.286105505813239, 20.826225927103827 ], [ -98.285808466787955, 20.826279300463195 ], [ -98.285560930698963, 20.826132980681763 ], [ -98.285281770362943, 20.825736794001205 ], [ -98.28498153673354, 20.825509695315656 ], [ -98.284747263005272, 20.82560520458965 ], [ -98.284585294125407, 20.825821975526701 ], [ -98.284681361581235, 20.826138125103938 ], [ -98.284969072759665, 20.826338887008845 ], [ -98.285496708389374, 20.826547432083046 ], [ -98.28595697122374, 20.826919535070203 ], [ -98.286159992779119, 20.827128566823323 ], [ -98.286391843105307, 20.827279678878281 ], [ -98.286648816326377, 20.827350048925219 ], [ -98.286817614824997, 20.82760348335627 ], [ -98.28662726441901, 20.82784453605116 ], [ -98.286362436299115, 20.827880071781067 ], [ -98.28601891046236, 20.82779800876153 ], [ -98.285763533083752, 20.827656678639251 ], [ -98.285520094597302, 20.82729717178935 ], [ -98.285279965404058, 20.827057349881986 ], [ -98.284938065549667, 20.827057976827788 ], [ -98.284443968027389, 20.826804091649755 ], [ -98.283955239577182, 20.826529258610485 ], [ -98.283609987225475, 20.826368844651356 ], [ -98.283232110280466, 20.826415427658532 ], [ -98.282655839240249, 20.826689851629101 ], [ -98.281996344830574, 20.82706336693996 ], [ -98.281756267031341, 20.827284082231074 ], [ -98.281698206122513, 20.827562956781314 ], [ -98.282117120359402, 20.828061628153005 ], [ -98.283012655507576, 20.828925288476263 ], [ -98.283683216334978, 20.829892250031467 ], [ -98.283805024034407, 20.830222932437387 ], [ -98.283341630717004, 20.83046794551332 ] ] } },
{ "type": "Feature", "properties": { "ID_OBRA": "1374_Xochiatipan", "No.": 1374.0, "Municipio": "Xochiatipan", "Rubro": "Infraestructura Carretera", "Ejercicio": 2023.0, "Obra": "Rehabilitación del acceso a Xilico, del Km 0+000 al Km 2+640; en el municipio de Xochiatipan", "Localidad": "Xilico", "Inversión": 2106549.17, "Habitantes.beneficiados": 341.0, "Ejecutora": "DGCCE", "Trabajos": "Se consideran trabajos de revestimiento, cunetas y limpieza de cunetas.", "Geometria_tipo": "Línea", "extract": 0.37537474238999402 }, "geometry": { "type": "LineString", "coordinates": [ [ -98.257850434972042, 20.790644063109106 ], [ -98.257671056526249, 20.790707380006431 ], [ -98.25724178634141, 20.790762955439348 ], [ -98.256604621130748, 20.790922702168736 ], [ -98.25601967564252, 20.791262807810917 ], [ -98.255909650892434, 20.791352934190215 ], [ -98.255865055993382, 20.791642666542074 ], [ -98.255769456191388, 20.791835547208933 ], [ -98.255639357864609, 20.791970905929521 ], [ -98.255457330817961, 20.792073066382688 ], [ -98.2553213087796, 20.792004888780859 ], [ -98.255100591755635, 20.791920011277856 ], [ -98.254864667614171, 20.791810243456414 ], [ -98.254689380359594, 20.791709489396872 ], [ -98.254548748675802, 20.791810232254782 ], [ -98.254461865652246, 20.79203039447675 ], [ -98.254506969305311, 20.792175757338185 ], [ -98.254605839677509, 20.792496051673986 ], [ -98.254522274604582, 20.792618661382665 ], [ -98.25427409290279, 20.792697893078309 ], [ -98.253817381361685, 20.792733201073499 ], [ -98.253378631443823, 20.79275087248184 ], [ -98.253190678116582, 20.792804023003143 ], [ -98.253163396657541, 20.792928629870531 ], [ -98.253796477568827, 20.793216528633479 ], [ -98.253958070529364, 20.793334717288712 ], [ -98.253943427358209, 20.793435281947353 ], [ -98.253847217779864, 20.79355480064639 ], [ -98.253539015653075, 20.793619452626068 ], [ -98.253529643015554, 20.793758735335189 ], [ -98.253667432826532, 20.79385214604503 ] ] } },
{ "type": "Feature", "properties": { "ID_OBRA": "1376_Xochiatipan", "No.": 1376.0, "Municipio": "Xochiatipan", "Rubro": "Infraestructura Carretera", "Ejercicio": 2024.0, "Obra": "Rehabilitación de la C.E. Ramal a Xochiatipan, municipio de Xochiatipan", "Localidad": "Xochiatipan", "Inversión": 9895149.36, "Habitantes.beneficiados": 1593.0, "Ejecutora": "DGIVC", "Trabajos": "Considera trabajos para la reconstrucción y/o conservación de Infraestructura Carretera en la localidad de Xochiatipan municipio de Xochiatipan", "Geometria_tipo": "Línea", "extract": 0.24913172298889971 }, "geometry": { "type": "LineString", "coordinates": [ [ -98.285427757934727, 20.864339141759984 ], [ -98.283919085553407, 20.863530628182108 ], [ -98.283765705564974, 20.863087700368592 ], [ -98.283562638912045, 20.86210447516105 ], [ -98.283526118907261, 20.861191643163789 ], [ -98.283676491649047, 20.860577847574383 ], [ -98.283472930865074, 20.859929301258475 ], [ -98.282815531795634, 20.858825574309446 ], [ -98.28288470538088, 20.857507628476746 ], [ -98.282301908949677, 20.856655441798665 ], [ -98.281487993729144, 20.855118063963545 ], [ -98.280912282078106, 20.854982498972031 ], [ -98.280415499842135, 20.853943543565869 ], [ -98.280342366940332, 20.852743287196546 ], [ -98.280135883864844, 20.851974403294708 ], [ -98.280417225933306, 20.851463750801486 ], [ -98.280830476907056, 20.851223263920204 ], [ -98.281207667767617, 20.850926738228868 ], [ -98.280785208099502, 20.850711005805262 ], [ -98.280568469562013, 20.850184856770468 ], [ -98.280900723782651, 20.848008052302287 ], [ -98.28288928697414, 20.847459220888396 ], [ -98.282956923981715, 20.847191507249587 ], [ -98.282582560089466, 20.846991334812682 ], [ -98.282053939202228, 20.846616599185975 ], [ -98.28169389252227, 20.84588185762707 ], [ -98.281048939546807, 20.845204356445954 ], [ -98.280987728715559, 20.844865176941166 ], [ -98.281160802930671, 20.844577293047493 ], [ -98.281412976308317, 20.844655154431365 ], [ -98.281821228653612, 20.845092785034367 ], [ -98.282336741900949, 20.84501830808771 ], [ -98.283311534774967, 20.845393202985161 ], [ -98.284035249573307, 20.845690772767167 ], [ -98.284203899310484, 20.845516855762817 ], [ -98.283691490092551, 20.84517208056003 ], [ -98.283308483402493, 20.844716198038139 ], [ -98.282850434632493, 20.844268524518451 ], [ -98.282463254285148, 20.843744498256921 ], [ -98.282651298069851, 20.843298681058069 ], [ -98.283141396531633, 20.843611825397122 ], [ -98.284671081468588, 20.844450962049216 ], [ -98.284907970125644, 20.844501888396589 ], [ -98.284595525821388, 20.844155512815604 ], [ -98.283960465203776, 20.84302282879063 ], [ -98.285027045276877, 20.84352784944074 ], [ -98.285431167428328, 20.843706870242659 ], [ -98.28586541768378, 20.843567242499493 ], [ -98.28616477720567, 20.84346845051866 ], [ -98.286311137596272, 20.843987663469509 ], [ -98.286523571901427, 20.844242610499169 ], [ -98.287043680884622, 20.84416736884323 ], [ -98.287115842547252, 20.843670683242696 ], [ -98.28597897828476, 20.841810646068026 ], [ -98.286055381047191, 20.841205534837133 ], [ -98.286570709831324, 20.84053263475138 ], [ -98.287785672285878, 20.839639251709016 ], [ -98.288243816816333, 20.839596121983622 ], [ -98.288668651956542, 20.83938613062605 ], [ -98.289255021064506, 20.838821280545332 ], [ -98.290181115788997, 20.838394005352615 ], [ -98.290407887027442, 20.838075788278775 ], [ -98.290353904853376, 20.83666002966762 ] ] } },
{ "type": "Feature", "properties": { "ID_OBRA": "1379_Xochicoatlán", "No.": 1379.0, "Municipio": "Xochicoatlán", "Rubro": "Infraestructura Carretera", "Ejercicio": 2025.0, "Obra": "Modernización y ampliación del camino rural Xochicoatlán - Tianguistengo, en el municipio de Xochicoatlán", "Localidad": "Xochicoatlán", "Inversión": 25000000.0, "Habitantes.beneficiados": null, "Ejecutora": "DGIVC", "Trabajos": "Considerando las siguientes partidas: cortes, estabilización de sub base, construcción de base hidráulico, riego de impregnación, riego de liga, carpeta de concreto hidráulico de 15 cm de espesor, señalamiento horizontal y obras complementarias", "Geometria_tipo": "Línea", "extract": 0.30124405099278107 }, "geometry": { "type": "LineString", "coordinates": [ [ -98.672827210577694, 20.77168973990478 ], [ -98.672354016989559, 20.771265440268415 ], [ -98.671936746112252, 20.771096188267403 ], [ -98.671501596092128, 20.77080194056596 ], [ -98.671050664112329, 20.770420298375438 ], [ -98.670394355459493, 20.769746169869109 ], [ -98.670059617388688, 20.769678793871766 ], [ -98.669918960415217, 20.769631198677082 ], [ -98.669790702672529, 20.769471885712605 ], [ -98.669625779012605, 20.769394627005219 ], [ -98.669419944715685, 20.769354528190942 ], [ -98.669183908662802, 20.769363679658262 ], [ -98.669035727242019, 20.769400849805095 ], [ -98.668535407908934, 20.769810306971991 ], [ -98.668167572525448, 20.769965234127071 ], [ -98.667914210946648, 20.769982034260821 ], [ -98.667841387517228, 20.77003063025138 ], [ -98.667520559160138, 20.769972160824082 ], [ -98.666863598101088, 20.769644772457582 ], [ -98.666763411160304, 20.769617683720977 ], [ -98.666588295591666, 20.769690044262635 ], [ -98.666422022280713, 20.769864397446522 ], [ -98.666239920284639, 20.770012527792435 ], [ -98.66584712086059, 20.769958984513764 ], [ -98.665449633530642, 20.770142117015759 ], [ -98.665173128530895, 20.770141979467326 ], [ -98.66504481272267, 20.770098284411162 ], [ -98.665023026597623, 20.76984285187925 ], [ -98.665000368929185, 20.769449746694917 ], [ -98.664874529638638, 20.769087722218149 ], [ -98.664997397527159, 20.768602528560471 ], [ -98.665200957023387, 20.768014402693446 ], [ -98.665296379815118, 20.767823400773498 ], [ -98.665436640437008, 20.767563591229123 ], [ -98.665510858241305, 20.767347633348741 ], [ -98.665486811715752, 20.767206963438419 ], [ -98.665388106512395, 20.767080256364363 ], [ -98.665196740029074, 20.767057389297147 ], [ -98.664925297299831, 20.767218392975426 ], [ -98.664413459248806, 20.767148753538624 ], [ -98.664210336300144, 20.767068449185775 ], [ -98.664123807013965, 20.766888208627083 ], [ -98.66408860029037, 20.76672315502551 ], [ -98.664030877217854, 20.766498185620751 ], [ -98.663888673887655, 20.766362330586894 ], [ -98.663732763985067, 20.766341616795707 ], [ -98.663397336093979, 20.766422449613955 ], [ -98.663083414438134, 20.766422338646869 ], [ -98.66281355252444, 20.766366279895283 ], [ -98.662629490678512, 20.766267013974513 ], [ -98.662399155349988, 20.766332850343371 ], [ -98.662323047531444, 20.766512902036776 ], [ -98.662160251515516, 20.766843898123856 ], [ -98.661997982728238, 20.767119268785372 ], [ -98.661527564376215, 20.767183682889616 ], [ -98.661231843477623, 20.767157634451447 ], [ -98.661052503135551, 20.767004517577696 ], [ -98.660996704269678, 20.766843456081887 ], [ -98.661024370832351, 20.766616563543693 ], [ -98.661112233796999, 20.766421635195886 ], [ -98.661553939159091, 20.76625573667549 ], [ -98.661957213761383, 20.76609513394035 ], [ -98.662114724271518, 20.7656218825413 ], [ -98.662586244874262, 20.765303122756588 ], [ -98.662621194336808, 20.765071213789213 ], [ -98.6624652070211, 20.76503309524665 ], [ -98.662216874203907, 20.765128490722731 ], [ -98.661828308373117, 20.765147581199361 ], [ -98.661661464711244, 20.764957189983441 ], [ -98.661539333792092, 20.764752469282026 ], [ -98.66154322643068, 20.764516680090903 ], [ -98.661516929689057, 20.764157463896986 ], [ -98.661137353672345, 20.763734056046513 ], [ -98.661046354259454, 20.763189265621492 ], [ -98.661099890576111, 20.76273004686637 ], [ -98.660933277034317, 20.76213122779798 ], [ -98.660615727201645, 20.761736815959701 ], [ -98.660395882458758, 20.761325337933858 ], [ -98.660412612870303, 20.760843302864917 ], [ -98.660525320811601, 20.760246376801135 ], [ -98.660435233287714, 20.759702958640041 ], [ -98.66029620184878, 20.759454227464989 ], [ -98.660160169633116, 20.759409298021705 ], [ -98.660082316680416, 20.759499434192751 ], [ -98.659988993209694, 20.759900547054791 ], [ -98.659855588273842, 20.760036882434239 ], [ -98.659642932349456, 20.760576450514961 ], [ -98.659250599343423, 20.760744309690512 ], [ -98.659139232067304, 20.760858988084806 ], [ -98.658444373561736, 20.761201300306958 ], [ -98.658430721104395, 20.762106165064417 ], [ -98.657887795727731, 20.763196153318702 ], [ -98.657367116650136, 20.763535129841635 ], [ -98.656840161010379, 20.763732869635973 ], [ -98.656303689946981, 20.764145147061026 ], [ -98.655801998841724, 20.764432935765207 ], [ -98.655530148794952, 20.764457293807649 ], [ -98.655681542315264, 20.764168429066505 ], [ -98.656057229279199, 20.763732486498711 ], [ -98.656804115437012, 20.763299939145384 ], [ -98.657105227713188, 20.762657733916633 ], [ -98.657324268986059, 20.762487390135149 ], [ -98.657261943825475, 20.762123348696139 ], [ -98.657102062782499, 20.761828897177086 ], [ -98.656455266377137, 20.761500531261468 ], [ -98.655849384395381, 20.762256253844516 ], [ -98.654710474231422, 20.762516108013209 ], [ -98.654084766174179, 20.763217523757564 ], [ -98.653948387541291, 20.763282046348692 ], [ -98.653747754734198, 20.763238529069568 ], [ -98.653651731726754, 20.763141848149235 ], [ -98.653639898106434, 20.762984046638465 ], [ -98.653739302178124, 20.762749766892437 ], [ -98.653939618205399, 20.762524307162558 ], [ -98.653982220596646, 20.762344293470811 ], [ -98.653939969496449, 20.762187793541351 ], [ -98.653826243906565, 20.762026594467375 ], [ -98.653768410011153, 20.761895695722941 ], [ -98.653853378169146, 20.761793179646642 ], [ -98.654023887578617, 20.761751058963974 ], [ -98.654687063130353, 20.761895984354037 ], [ -98.654813161220218, 20.761896023834939 ], [ -98.654826081210174, 20.76179347870454 ], [ -98.65474925802728, 20.761667885963195 ], [ -98.654630538078848, 20.761545098254615 ], [ -98.654342008396483, 20.761440836072765 ], [ -98.654187412830595, 20.761330820763419 ], [ -98.654081583170139, 20.760961467145265 ], [ -98.65404506716736, 20.760737728845406 ], [ -98.653700297567312, 20.760607559510927 ], [ -98.653459259191735, 20.760522447831111 ], [ -98.653310645980909, 20.760607447490141 ], [ -98.65319756655407, 20.760759456189579 ], [ -98.653101808552961, 20.760759427881329 ], [ -98.652672607527862, 20.76063949395704 ], [ -98.652395618791374, 20.760759218302873 ], [ -98.6522531261528, 20.7607372009026 ], [ -98.65204274588865, 20.760671728238549 ], [ -98.651846169504026, 20.760670843436095 ], [ -98.65168662250322, 20.760415783721029 ], [ -98.651643208884437, 20.760131817946682 ], [ -98.651439668768489, 20.759873985382679 ], [ -98.65116484615875, 20.759555896723398 ], [ -98.651097354430718, 20.75921099527055 ], [ -98.651196851473202, 20.759036010056573 ], [ -98.651384579921768, 20.7590253172148 ], [ -98.651527912412462, 20.759144781805741 ], [ -98.651644528131243, 20.759415359936135 ], [ -98.651714009186193, 20.75970051920357 ], [ -98.651833195454216, 20.759874101731654 ], [ -98.652149079115773, 20.759912108564631 ], [ -98.652581751704275, 20.75998885233053 ], [ -98.652910841241038, 20.759988950530403 ], [ -98.652938265810675, 20.759988958706 ], [ -98.65322108076181, 20.759824358129137 ], [ -98.65337872213324, 20.759616248263896 ], [ -98.653468109303375, 20.759427443084 ], [ -98.653629519623436, 20.759290150496756 ], [ -98.653864601345433, 20.759256433283248 ], [ -98.654333239321858, 20.759412695964013 ], [ -98.654291880993995, 20.758996616983531 ], [ -98.654441228504155, 20.758235271826312 ], [ -98.654568631471946, 20.757758975237845 ], [ -98.65491200786829, 20.757294986579353 ], [ -98.65532778226094, 20.756802242269448 ], [ -98.655927151273914, 20.75648133713149 ], [ -98.656296898975214, 20.756127166790478 ], [ -98.656750085215918, 20.755818374577018 ], [ -98.656785169848533, 20.755780158163127 ], [ -98.657165981898629, 20.755365350201 ], [ -98.657570997959809, 20.754924176998621 ], [ -98.657617043541762, 20.754565185366303 ], [ -98.657267028592017, 20.754636278799339 ], [ -98.656984913221066, 20.755069831434209 ], [ -98.656416614620412, 20.755590207130997 ], [ -98.655716489807105, 20.755933285992995 ], [ -98.65481180249779, 20.755779623428321 ], [ -98.654051463205178, 20.75532730805611 ], [ -98.653610428833787, 20.755032382646707 ], [ -98.653590664394471, 20.75481463827478 ], [ -98.653777269935844, 20.754635395016692 ], [ -98.654161820090522, 20.754814787736827 ], [ -98.654641499813096, 20.755069223745618 ], [ -98.654929276623278, 20.755069299302384 ], [ -98.655196825516271, 20.754923571433636 ], [ -98.655456756322025, 20.754743170410759 ], [ -98.655898805374278, 20.754707423518902 ], [ -98.656124782757715, 20.754600366878467 ], [ -98.655581618253052, 20.754493809362192 ], [ -98.655268506733009, 20.754282938896104 ], [ -98.655001572993385, 20.753801394241627 ], [ -98.654996918142658, 20.753767544846646 ], [ -98.654746733196959, 20.753366796541549 ], [ -98.654484225267879, 20.753137583716537 ], [ -98.654143219798186, 20.752531895686921 ], [ -98.653573396515682, 20.752531765607575 ], [ -98.651360000779007, 20.753117644361531 ], [ -98.650714163155925, 20.752032587582292 ], [ -98.651101160267217, 20.75187414878345 ], [ -98.651099332048844, 20.751353353705007 ], [ -98.651254714428049, 20.750743513078348 ], [ -98.65194567930358, 20.750444702846625 ], [ -98.652058858542503, 20.750052141912171 ], [ -98.651221896230822, 20.750003370943187 ], [ -98.6507054214551, 20.750345653038117 ], [ -98.650657157236708, 20.750944881786605 ], [ -98.650213093310484, 20.750444330599297 ], [ -98.650165610440055, 20.749954656437559 ], [ -98.649996349338025, 20.749333619588906 ], [ -98.649876950972882, 20.748638045404295 ], [ -98.64972860026127, 20.748186317763192 ], [ -98.650298864521446, 20.748052737741119 ], [ -98.650130508487749, 20.747439601498765 ], [ -98.650231169201817, 20.746545516050393 ], [ -98.65133043380024, 20.746192417090946 ], [ -98.651278658326873, 20.745470490236492 ], [ -98.652176374621277, 20.745396570963909 ], [ -98.652717938052021, 20.74488707811259 ], [ -98.653001140245976, 20.744532931010141 ], [ -98.652981582250689, 20.74442820670637 ], [ -98.65294927599723, 20.744255220118671 ], [ -98.6529046468399, 20.744016247294859 ], [ -98.652892022142254, 20.74394864619121 ], [ -98.652496912154191, 20.743418309685225 ], [ -98.651675861523501, 20.743127858909958 ], [ -98.651281499588066, 20.743191789483056 ], [ -98.651460442680161, 20.742905892838085 ], [ -98.652042625993076, 20.742687379791395 ], [ -98.65239572736364, 20.742441504887381 ], [ -98.652139282963162, 20.74219958877654 ], [ -98.651589464192014, 20.742319901345031 ], [ -98.651151609140726, 20.741991030343208 ], [ -98.650808112837339, 20.741785592667647 ], [ -98.651136743989227, 20.741341828398365 ], [ -98.651952092144029, 20.741053979921482 ], [ -98.652558079624882, 20.740770110602686 ], [ -98.652664330228674, 20.740168203001943 ], [ -98.652616577897618, 20.739539781329523 ], [ -98.653071292953669, 20.739103089657121 ], [ -98.652818059652944, 20.738424146381981 ], [ -98.65257359508054, 20.737768699319702 ], [ -98.653741169870656, 20.737648577500931 ], [ -98.654001012581276, 20.736903988115834 ], [ -98.653805428141638, 20.736374109254051 ], [ -98.654374171615316, 20.736151837898188 ], [ -98.653774587252542, 20.735787167024501 ], [ -98.653028471951686, 20.735500714282377 ], [ -98.652436496546954, 20.735823036367229 ], [ -98.651448199810645, 20.735895305372399 ], [ -98.650224000695488, 20.736261863922717 ], [ -98.648951684894129, 20.736979901204194 ], [ -98.648685829523501, 20.73784851000817 ], [ -98.647828258077652, 20.738298358682727 ], [ -98.647178095222685, 20.73829820324362 ], [ -98.646574922782122, 20.737929041709478 ], [ -98.646126551671685, 20.737095324456519 ], [ -98.643681640588397, 20.734506437718608 ], [ -98.642047014105088, 20.734072149679704 ], [ -98.642556435741426, 20.733278248388107 ], [ -98.642668469467722, 20.733122481256288 ], [ -98.643459882800613, 20.732408441634348 ], [ -98.644340368207494, 20.73079183882307 ], [ -98.643831179775134, 20.72903588357547 ] ] } },
{ "type": "Feature", "properties": { "ID_OBRA": "1380_Xochicoatlán", "No.": 1380.0, "Municipio": "Xochicoatlán", "Rubro": "Infraestructura Carretera", "Ejercicio": 2022.0, "Obra": "Reconstrucción de la carretera estatal Molango - Xochicoatlán, municipio de Xochicoatlán", "Localidad": "Xoxhicoatlán", "Inversión": 24898081.15, "Habitantes.beneficiados": 1301.0, "Ejecutora": "DGCCE", "Trabajos": "Considera trabajos para la reconstrucción y/o conservación de Infraestructura Carretera en la localidad de Xoxhicoatlán municipio de Xochicoatlán", "Geometria_tipo": "Línea", "extract": 0.30286781258613038 }, "geometry": { "type": "LineString", "coordinates": [ [ -98.724991572210939, 20.790096706884245 ], [ -98.724392449381924, 20.789833103358056 ], [ -98.72421741967203, 20.78915663548818 ], [ -98.723881086868175, 20.788974141495164 ], [ -98.723668863511591, 20.789179819954811 ], [ -98.723854617668209, 20.7906361960226 ], [ -98.72368230047401, 20.790869801958827 ], [ -98.723387260550254, 20.790869797209442 ], [ -98.723185709213254, 20.790334452759435 ], [ -98.722926993142451, 20.790242358475226 ], [ -98.722749325977546, 20.790427579977628 ], [ -98.722828714810333, 20.79073274168616 ], [ -98.724102834514142, 20.791697421427248 ], [ -98.724214508696917, 20.79193923001203 ], [ -98.723467482169411, 20.792827047948585 ], [ -98.723203106934463, 20.793459955277918 ], [ -98.723502853187455, 20.793969819064337 ], [ -98.725085276769676, 20.795415298947031 ], [ -98.725793694991751, 20.796722324890059 ], [ -98.725767957943916, 20.796757905670379 ], [ -98.726029410172103, 20.797918591023777 ], [ -98.726823576997631, 20.798943728869212 ], [ -98.726848015972138, 20.79946721772367 ], [ -98.726293160667538, 20.799646393831939 ], [ -98.725846845382819, 20.799646247347095 ], [ -98.725547523519197, 20.799422346151527 ], [ -98.725250982914162, 20.799873794271669 ], [ -98.724741899737921, 20.800105407419245 ], [ -98.723177496093541, 20.799421642463635 ], [ -98.72288716447845, 20.798899940163118 ], [ -98.721674458750215, 20.797454705065928 ], [ -98.721992863714689, 20.796545278158629 ], [ -98.721631908455564, 20.795768021426316 ], [ -98.721558595987162, 20.794192234867371 ], [ -98.720815329346863, 20.793412528130705 ], [ -98.720860486429345, 20.792385425456551 ], [ -98.720066460425599, 20.792121533910283 ], [ -98.719431214174151, 20.791234598283225 ], [ -98.717975456693836, 20.792208522436511 ], [ -98.717267780246814, 20.79158547870616 ], [ -98.716847222665507, 20.791421924447047 ], [ -98.716439916123448, 20.79105038223695 ], [ -98.71585950966832, 20.791207885903209 ], [ -98.714725694965253, 20.790763162753887 ], [ -98.714033585996134, 20.789780785294298 ], [ -98.713584766135796, 20.789580715169411 ], [ -98.712914207569668, 20.788550249186159 ], [ -98.710250344989205, 20.787302541524742 ], [ -98.709634072842434, 20.786613070706139 ], [ -98.708597390792193, 20.786794542705444 ], [ -98.708492997151879, 20.786536324554078 ], [ -98.708974718581146, 20.785241240336951 ], [ -98.709981366762406, 20.784821744000762 ], [ -98.709874869213394, 20.784214091799033 ], [ -98.710090087234548, 20.783528516608271 ], [ -98.709556742920881, 20.783140242872104 ], [ -98.70957095943632, 20.781303309379208 ], [ -98.708375116744236, 20.78028000091491 ], [ -98.707365642161321, 20.779814427110686 ], [ -98.707373554892939, 20.778397284289209 ], [ -98.706643535901705, 20.777167470167136 ], [ -98.705488532537359, 20.77669047324606 ], [ -98.706309259772453, 20.775702690088124 ], [ -98.704831588255388, 20.775646053854427 ], [ -98.703735933451583, 20.774468776028236 ], [ -98.703415650373458, 20.773093897739319 ], [ -98.700253577504753, 20.772407055751142 ], [ -98.699129152084467, 20.771667125419011 ], [ -98.698221662138792, 20.771936682807418 ], [ -98.698124604068354, 20.773095205332169 ], [ -98.697652852519909, 20.773302312779457 ], [ -98.696742228766439, 20.772728426967355 ], [ -98.695615012017086, 20.772527733140677 ], [ -98.694806530332528, 20.77272886946178 ] ] } },
{ "type": "Feature", "properties": { "ID_OBRA": "1381_Yahualica", "No.": 1381.0, "Municipio": "Yahualica", "Rubro": "Infraestructura Carretera", "Ejercicio": 2023.0, "Obra": "Rehabilitación de tramo E.C. (Naranjos - Yatipan) - Aguacatitla, del Km 0+000 al Km 3+000.", "Localidad": "Aguacatitla", "Inversión": 2347846.23, "Habitantes.beneficiados": 1718.0, "Ejecutora": "DGIVC", "Trabajos": "Se consideran trabajos de revestimiento, cunetas y limpieza de cunetas.", "Geometria_tipo": "Línea", "extract": 0.030476696928280492 }, "geometry": { "type": "LineString", "coordinates": [ [ -98.448755976, 20.871493911000101 ], [ -98.448700502, 20.871486399000101 ], [ -98.448597185, 20.871499241 ], [ -98.448486082, 20.871482013000101 ], [ -98.44837065, 20.871574968000097 ], [ -98.448271438999896, 20.871626211 ], [ -98.448164046, 20.871647938 ], [ -98.447996485, 20.871671496 ], [ -98.447937334999907, 20.871671032000101 ], [ -98.447818393, 20.871670100000099 ], [ -98.447742032, 20.871615867000092 ], [ -98.447588072, 20.8715084510001 ], [ -98.4475709069999, 20.871456288000097 ], [ -98.447481575, 20.8713853510001 ], [ -98.447418959999894, 20.871298596 ], [ -98.447348715, 20.8711821220001 ], [ -98.44731782799991, 20.870978208000103 ], [ -98.447285202, 20.870869091 ], [ -98.447236351999905, 20.870705711 ], [ -98.447183825, 20.870639995 ], [ -98.447086563, 20.870535394000097 ], [ -98.447025563999901, 20.870441994 ], [ -98.446935746999898, 20.870363909000105 ], [ -98.446845476, 20.870285428 ], [ -98.446747444, 20.870177697 ], [ -98.446665696, 20.870123772000102 ], [ -98.446575773999896, 20.870041533000098 ], [ -98.446485486, 20.869958961000098 ], [ -98.446357131999903, 20.869862617 ], [ -98.446303806999893, 20.869792806000099 ], [ -98.446212411, 20.8697092190001 ], [ -98.446128379, 20.869653518000089 ], [ -98.446005456999899, 20.869583631000094 ], [ -98.445867968, 20.869582128000101 ], [ -98.445724092, 20.869548851000097 ], [ -98.445609373999901, 20.869502397000097 ], [ -98.445493933, 20.869455650000095 ], [ -98.445371034999894, 20.869378856 ], [ -98.445266333999896, 20.8693560510001 ], [ -98.445149105, 20.8692723230001 ], [ -98.445043473, 20.86924917 ], [ -98.444929466, 20.869197114 ], [ -98.444814629, 20.869145089 ], [ -98.444658174, 20.869077317000094 ], [ -98.444572101999896, 20.869014 ], [ -98.444445843, 20.868933594000097 ], [ -98.44435916, 20.868869797000102 ], [ -98.444198797, 20.868801007000101 ], [ -98.443949539999906, 20.868666794 ], [ -98.443895989, 20.868589247 ], [ -98.443814366, 20.868554078 ], [ -98.443668739, 20.868412908 ], [ -98.443569947, 20.868319208000099 ], [ -98.443462601, 20.868196200000099 ], [ -98.443404637, 20.868120090000101 ], [ -98.4433744359999, 20.868002845 ], [ -98.443336779, 20.867856659 ], [ -98.44329578, 20.867712287000096 ], [ -98.443254505999903, 20.867568295000105 ], [ -98.443248368999903, 20.867413848000105 ], [ -98.44325047, 20.867288683 ], [ -98.443246872, 20.867165843000098 ], [ -98.443243481, 20.867043231 ], [ -98.44330802, 20.8669015420001 ], [ -98.443338878, 20.866770226 ], [ -98.443402667, 20.866630422000103 ], [ -98.443433096, 20.866500597 ], [ -98.443486208, 20.866335074000105 ], [ -98.443482606, 20.866215513 ], [ -98.443502544, 20.866060169 ], [ -98.44353141000002, 20.865933127000094 ], [ -98.443518511, 20.865787212 ], [ -98.443425637, 20.86569208 ], [ -98.443332909, 20.865596732 ], [ -98.443189371000017, 20.865453608 ], [ -98.443020321, 20.865373349 ], [ -98.442866981, 20.865319975 ], [ -98.442561159, 20.865212025000101 ], [ -98.442314359, 20.865059661 ], [ -98.442206488, 20.865053577 ], [ -98.442053393, 20.864998231000097 ], [ -98.441904347, 20.864970917000097 ], [ -98.44175676, 20.864971842 ], [ -98.441601114, 20.864944152000099 ], [ -98.441245774, 20.864838050000092 ], [ -98.440943878, 20.864676066000097 ], [ -98.440850342, 20.864651973 ], [ -98.440756376, 20.864627781 ], [ -98.440654571, 20.864581530000095 ], [ -98.44050477, 20.864522793 ], [ -98.440484646, 20.864527645000102 ], [ -98.440396471000014, 20.864525037000099 ], [ -98.440307814, 20.864522636000096 ], [ -98.440226119, 20.864542626000102 ], [ -98.440138267, 20.864612388000101 ], [ -98.440113479, 20.864739559 ], [ -98.440135766, 20.8648068060001 ], [ -98.440152295, 20.864924295 ], [ -98.440140706, 20.865024931000097 ], [ -98.440108298, 20.865131355000091 ], [ -98.440068248, 20.865215627000097 ], [ -98.439999579, 20.865283098000091 ], [ -98.439930531, 20.865350939 ], [ -98.439861102999899, 20.865419155 ], [ -98.439762495, 20.865470496000103 ], [ -98.439634236, 20.865504794000096 ], [ -98.439490602, 20.865568063000097 ], [ -98.439417886, 20.865562247000099 ], [ -98.439286599, 20.865597111000092 ], [ -98.439146707, 20.865608878 ], [ -98.439079864, 20.865626424 ], [ -98.43896779, 20.865579398 ], [ -98.438855173, 20.865532143 ], [ -98.438742008, 20.86548466 ], [ -98.438659295, 20.865378324000101 ], [ -98.43850107, 20.865265681 ], [ -98.438462913, 20.865223968000102 ], [ -98.438370872999897, 20.865169648000105 ], [ -98.438301757, 20.865109593000096 ], [ -98.438193209000019, 20.865084117 ], [ -98.438083962, 20.865058461000096 ], [ -98.437966379, 20.865008680000098 ], [ -98.437871979, 20.864953144 ], [ -98.437753184, 20.864902805 ], [ -98.437665553, 20.864870887 ], [ -98.437562122, 20.864790483 ], [ -98.437482750999905, 20.864704496000101 ], [ -98.437427854, 20.864613191 ], [ -98.437348581, 20.864527077000101 ], [ -98.437270322999893, 20.864441462000105 ], [ -98.43721694, 20.864350917 ], [ -98.437299665999916, 20.864282625 ], [ -98.4373818239999, 20.864214803 ], [ -98.437463422, 20.864147441000096 ], [ -98.437544343, 20.864080445000099 ], [ -98.437617423999896, 20.863990407000099 ], [ -98.437673694, 20.86392913 ], [ -98.437715275999906, 20.863821697 ], [ -98.43768653, 20.863728898 ], [ -98.437611063, 20.863645575000096 ], [ -98.437510635, 20.863641634 ], [ -98.437410711, 20.863638538 ], [ -98.437316782, 20.863658046000104 ], [ -98.437215813999899, 20.863654726 ], [ -98.437090699, 20.863656301 ], [ -98.436954054000012, 20.863708933000094 ], [ -98.436864479999898, 20.863751956 ], [ -98.436683752, 20.863838721 ], [ -98.436442380999907, 20.863815418000101 ], [ -98.436370823999894, 20.863864087 ], [ -98.436272760999898, 20.863920596000092 ], [ -98.436121377999896, 20.863992814 ], [ -98.436048269, 20.864042433000098 ], [ -98.435954325999901, 20.864126766 ], [ -98.435853532, 20.864184923 ], [ -98.435718999, 20.864224492000105 ], [ -98.435584823, 20.864293074 ], [ -98.435499603, 20.864318414 ], [ -98.43533343, 20.864396974 ], [ -98.435275697999899, 20.864414194000105 ], [ -98.435160751, 20.864448412000097 ], [ -98.435018492, 20.864490602 ], [ -98.43489886, 20.864496549 ], [ -98.434783598, 20.864530639000098 ], [ -98.4346287609999, 20.86451708 ], [ -98.434507197, 20.864523139 ], [ -98.434350877, 20.864509495 ], [ -98.434228017999899, 20.864515567000097 ], [ -98.43410418, 20.864521791000101 ], [ -98.43397304699991, 20.864470323 ], [ -98.4338467379999, 20.864476855000099 ], [ -98.433701125, 20.864548589 ], [ -98.43354834, 20.864592564000098 ], [ -98.433425216, 20.864628003000099 ], [ -98.433301286, 20.864663672000091 ], [ -98.433176544, 20.864699575 ], [ -98.43298222, 20.864724996000096 ], [ -98.432849828, 20.864732418000102 ], [ -98.432716684999903, 20.864739881000101 ], [ -98.432571744, 20.864689199000104 ], [ -98.432437529, 20.864635404000097 ], [ -98.432264333, 20.86459218 ], [ -98.432144085, 20.864656489 ], [ -98.432097504999902, 20.864761954000102 ], [ -98.432087980999896, 20.864888389 ], [ -98.432078407, 20.865015463000098 ], [ -98.431998143, 20.865132369 ], [ -98.431884179999898, 20.865196637000093 ], [ -98.431769711999905, 20.865261190000098 ], [ -98.431651618, 20.865295319 ], [ -98.431536208, 20.865360331 ], [ -98.431420282, 20.865425632 ], [ -98.431303839999899, 20.865491224 ], [ -98.431154079, 20.865534684000096 ], [ -98.431069388, 20.865623292000098 ], [ -98.430986926, 20.865743806000097 ], [ -98.430985334, 20.865905202000093 ], [ -98.431017886999896, 20.866056983000096 ], [ -98.431049722999916, 20.8662095890001 ], [ -98.431070943, 20.866367101 ], [ -98.431054842, 20.866504099 ], [ -98.430930132999904, 20.866609374000099 ], [ -98.430779679, 20.866523313000098 ], [ -98.430662727, 20.866426867 ], [ -98.430534768, 20.866334723 ], [ -98.430407283, 20.866275438000098 ], [ -98.430313294999905, 20.866172553000098 ], [ -98.430119331, 20.866033285000096 ], [ -98.430007186999902, 20.865968061 ], [ -98.429890146, 20.865937180000095 ], [ -98.429723749, 20.865887959000105 ], [ -98.429516755999899, 20.86591589 ], [ -98.42935027, 20.865898523000098 ], [ -98.428874709999903, 20.865969934000102 ] ] } },
{ "type": "Feature", "properties": { "ID_OBRA": "1384_Yahualica", "No.": 1384.0, "Municipio": "Yahualica", "Rubro": "Infraestructura Carretera", "Ejercicio": 2023.0, "Obra": "Rehabilitación del tramo Atlalco - Tepehixpa - Xochitl, del Km 0+000 al Km 3+300; en el municipio de Yahualica.", "Localidad": "Atlalco", "Inversión": 2590102.35, "Habitantes.beneficiados": null, "Ejecutora": "DGIVC", "Trabajos": "Se consideran trabajos de revestimiento, cunetas y limpieza de cunetas.", "Geometria_tipo": "Línea", "extract": 0.33835569299670198 }, "geometry": { "type": "LineString", "coordinates": [ [ -98.355396695, 20.897678173 ], [ -98.355481369000017, 20.897710661000101 ], [ -98.355578607, 20.897742163 ], [ -98.3556517479999, 20.897762465 ], [ -98.355725982, 20.89780216 ], [ -98.355812591999893, 20.897828206 ], [ -98.355899726999894, 20.89785441 ], [ -98.356000815, 20.897895737000091 ], [ -98.356102936, 20.897937486 ], [ -98.356179811, 20.897965084000095 ], [ -98.356281858, 20.897991427 ], [ -98.356396833, 20.898017198000094 ], [ -98.35647536, 20.898045303000099 ], [ -98.35650229, 20.8980596530001 ], [ -98.356605265, 20.898083205 ], [ -98.356694115, 20.898093052 ], [ -98.356748056999905, 20.898119365000095 ], [ -98.356817056, 20.898159772 ], [ -98.356874139, 20.898201205000099 ], [ -98.356934286, 20.898257953 ], [ -98.3569482139999, 20.898336051000104 ], [ -98.356945595999903, 20.898466453 ], [ -98.356941299000013, 20.898516496000099 ], [ -98.356916278, 20.898601588000101 ], [ -98.356844757, 20.898654534000098 ], [ -98.356721549, 20.8986395310001 ], [ -98.356598708, 20.898624573000095 ], [ -98.356492747999894, 20.898630794 ], [ -98.356373204, 20.898638044000105 ], [ -98.356253099999904, 20.89864464 ], [ -98.356145624999897, 20.898648201000096 ], [ -98.356065881999896, 20.898666618 ], [ -98.355958715, 20.898686023 ], [ -98.355945182, 20.898686475 ], [ -98.355837424999905, 20.898705981 ], [ -98.355756368999906, 20.89872467 ], [ -98.355702252999905, 20.898742524000102 ], [ -98.355620729, 20.898776119000097 ], [ -98.355579743, 20.898793006000101 ], [ -98.355497317, 20.898826967000105 ], [ -98.355469708, 20.898843583 ], [ -98.355386304, 20.89889378 ], [ -98.355344365, 20.898911099 ], [ -98.355273726999897, 20.898961534 ], [ -98.355174141, 20.899013463000095 ], [ -98.355117134999901, 20.899031712000095 ], [ -98.355059456, 20.899064411 ], [ -98.3549731479999, 20.899096259 ], [ -98.35491562, 20.899112073 ], [ -98.354842752, 20.899144376 ], [ -98.354770548000019, 20.899160143000099 ], [ -98.354696941, 20.899192727000099 ], [ -98.354638525, 20.899208813 ], [ -98.354551624, 20.899223004000095 ], [ -98.354462902, 20.899254484 ], [ -98.354404081, 20.899269765 ], [ -98.354316538, 20.899284036 ], [ -98.354228822, 20.899298336000101 ], [ -98.354145301999907, 20.89927785200009 ], [ -98.3540735079999, 20.899277226 ], [ -98.353918136999894, 20.899258675000098 ], [ -98.353849136, 20.899240938000105 ], [ -98.353794647, 20.899223386000099 ], [ -98.353726046, 20.899205914 ], [ -98.35368547, 20.899190416000099 ], [ -98.353616068, 20.899176003 ], [ -98.353561274, 20.899161099 ], [ -98.353463251, 20.8991477860001 ], [ -98.353408746, 20.899132946000098 ], [ -98.353339932, 20.899118655 ], [ -98.353325491, 20.899119169000102 ], [ -98.3532712639999, 20.899104393000094 ], [ -98.353206428, 20.899073382 ], [ -98.353156794, 20.899041098000097 ], [ -98.353082899999904, 20.898993032000099 ], [ -98.353065748999896, 20.898945062 ], [ -98.35301617, 20.898915223000095 ], [ -98.352756458, 20.898820232 ], [ -98.352552974, 20.898843688000103 ], [ -98.352505907, 20.898828902000101 ], [ -98.352416383, 20.898817016000098 ], [ -98.352326862, 20.898805004 ], [ -98.352266058, 20.898791522000096 ], [ -98.352191427, 20.898779571 ], [ -98.352099002, 20.8987514730001 ], [ -98.352024571, 20.898739494 ], [ -98.351964265, 20.898726252000099 ], [ -98.351886346999905, 20.898696632 ], [ -98.351812163, 20.898684518 ], [ -98.351763015, 20.898652957 ], [ -98.351685056, 20.898621643000105 ], [ -98.351609853999904, 20.898605939 ], [ -98.35150302, 20.898573436 ], [ -98.351428351, 20.898557857000096 ], [ -98.351351021000013, 20.898524819 ], [ -98.351245644, 20.898492765000103 ], [ -98.35111502, 20.898479559000098 ], [ -98.351025047999897, 20.898447898 ], [ -98.350935563999897, 20.89841641 ], [ -98.350846562999905, 20.898385092000105 ], [ -98.350786264, 20.898353065 ], [ -98.35069816, 20.898322091000097 ], [ -98.350638622, 20.898290422000095 ], [ -98.350580920999903, 20.898275513 ], [ -98.350510726, 20.898277656000097 ], [ -98.350439192, 20.898263201000095 ], [ -98.35039707, 20.898264482000101 ], [ -98.350312752, 20.898267046000093 ], [ -98.350200177, 20.898270471 ], [ -98.350102973, 20.898306803 ], [ -98.35004696, 20.898324913000099 ], [ -98.349963757999902, 20.898394256000099 ], [ -98.349907649000016, 20.898444326000103 ], [ -98.349836270999901, 20.898477696 ], [ -98.34974998, 20.898511277000093 ], [ -98.349677616, 20.898511302 ], [ -98.349634236, 20.898494516 ], [ -98.349533257, 20.898478463000096 ], [ -98.349461076999901, 20.8984791140001 ], [ -98.349374435, 20.898479897000101 ], [ -98.349331607, 20.898463576 ], [ -98.349231668999906, 20.898443747 ], [ -98.349146466, 20.898424519000091 ], [ -98.34910288, 20.898438517 ], [ -98.349073513, 20.898453126 ], [ -98.349041583, 20.8985154420001 ], [ -98.349050189, 20.898628820000098 ], [ -98.34904430200001, 20.898743814000095 ], [ -98.349024985, 20.898828909 ], [ -98.349020249, 20.898915937 ], [ -98.348986506999907, 20.8989851010001 ], [ -98.348966359, 20.899073756000096 ], [ -98.348948078000021, 20.899127293 ], [ -98.348865298000021, 20.899233554 ], [ -98.348815730999902, 20.899286984000099 ], [ -98.348782455, 20.899322854000104 ], [ -98.348735054, 20.899339325 ], [ -98.348655299, 20.899373154 ], [ -98.348593865, 20.899370051000101 ], [ -98.348469367999897, 20.899382732 ], [ -98.348360096, 20.899396204 ], [ -98.348283495000018, 20.899392307 ], [ -98.348206687999905, 20.899389605000096 ], [ -98.348147236000017, 20.8993700300001 ], [ -98.348010852, 20.899350223000095 ], [ -98.347948875, 20.899350873000095 ], [ -98.347827708999915, 20.899333399000096 ], [ -98.347672874999901, 20.899335012000098 ], [ -98.347598605999906, 20.8993170920001 ], [ -98.347508328999893, 20.899301307 ], [ -98.347354207, 20.899291479000102 ], [ -98.347275267, 20.899295966000096 ], [ -98.347203913, 20.899262894000099 ], [ -98.347113153999899, 20.899249520000097 ], [ -98.3470065019999, 20.899175968000101 ], [ -98.346768608, 20.899230067000101 ], [ -98.346764862, 20.899219436000099 ], [ -98.346675348, 20.899230673 ], [ -98.346605371, 20.899231128000096 ], [ -98.346531904999921, 20.899220943 ], [ -98.346455227, 20.899200188000098 ], [ -98.346420328999898, 20.899200412 ], [ -98.346346118, 20.899189305 ], [ -98.346287044, 20.899188839 ], [ -98.346224695, 20.899177641000097 ], [ -98.346172200999902, 20.899198662000099 ], [ -98.346122631, 20.899230622000097 ], [ -98.34608774, 20.899273869000101 ], [ -98.34606761, 20.899328754000095 ], [ -98.346047217, 20.899384358000098 ], [ -98.346053511, 20.899406930000097 ], [ -98.346060391, 20.89947527 ], [ -98.346061157999898, 20.899567649000097 ], [ -98.346054829, 20.899637385000094 ], [ -98.346057695, 20.899696265 ], [ -98.34604515, 20.899744038000101 ], [ -98.346044926, 20.899792216 ], [ -98.346035075, 20.899853026000095 ], [ -98.346024337999907, 20.899913674000096 ], [ -98.346010619, 20.899962837 ], [ -98.346009401999893, 20.900012259000103 ], [ -98.345975707, 20.900087956 ], [ -98.345958765, 20.900126393000093 ], [ -98.345903426999897, 20.900166326 ], [ -98.345870565, 20.900193052000098 ], [ -98.345793188, 20.900194650000099 ], [ -98.345725982, 20.900182983 ], [ -98.345656326, 20.900158397 ], [ -98.345586979, 20.900133921000098 ], [ -98.345482445999906, 20.900058226000095 ], [ -98.345439096, 20.900032767 ], [ -98.34535533, 20.899994942 ], [ -98.345327553999908, 20.899982400000098 ], [ -98.345236099000019, 20.899970259 ], [ -98.345170337999903, 20.899958001000101 ], [ -98.345144860999895, 20.899958148 ], [ -98.345066566, 20.899945992 ], [ -98.34498846000001, 20.899933865 ], [ -98.34488716200002, 20.899935485000096 ], [ -98.344812576, 20.899949156000101 ], [ -98.344726352, 20.899975585 ], [ -98.344675381, 20.899976429 ], [ -98.344574501, 20.8999906650001 ], [ -98.34453726, 20.9000038850001 ], [ -98.344462439, 20.900030447000095 ], [ -98.344386254, 20.900044441 ], [ -98.344297696999902, 20.9000714740001 ], [ -98.344233797999905, 20.900085386000097 ], [ -98.344156714999897, 20.900099567 ], [ -98.344079404, 20.900114145 ], [ -98.343988774, 20.900128981 ], [ -98.343898033999906, 20.900156475000095 ], [ -98.343806724, 20.9001841410001 ], [ -98.343688485, 20.900212657000093 ], [ -98.343622464, 20.900227156 ], [ -98.343556386, 20.900228857000098 ], [ -98.343503236999894, 20.900243075 ], [ -98.343423355, 20.900258028 ], [ -98.343356910999901, 20.900259751000103 ], [ -98.343343614, 20.900260096000096 ], [ -98.343236571, 20.900275812000096 ], [ -98.343196548, 20.900276853 ], [ -98.343129787999899, 20.900278591000102 ], [ -98.343036206, 20.900281026000094 ], [ -98.342981789, 20.900295441 ], [ -98.342925285, 20.900336120000095 ], [ -98.342880825999899, 20.900390035 ], [ -98.342835893999904, 20.900444523 ], [ -98.342775623, 20.900513549 ], [ -98.342675931, 20.900556254 ], [ -98.342589321, 20.900598662 ], [ -98.342531183999895, 20.900627129 ], [ -98.342457273, 20.90066992 ], [ -98.342367096, 20.900727384 ], [ -98.342291799, 20.900770999 ], [ -98.342215876999916, 20.900814976 ], [ -98.342171602, 20.900830003000099 ], [ -98.34210097, 20.900831078000095 ], [ -98.342002021, 20.900832584000096 ], [ -98.341947708999896, 20.900819044000098 ], [ -98.341884079, 20.900777116 ], [ -98.341806868, 20.900735697000098 ], [ -98.341746682999897, 20.90068031 ], [ -98.341701005, 20.900625219000101 ], [ -98.341644675, 20.900556852 ], [ -98.341624969, 20.90051606 ], [ -98.341605409, 20.90047557 ], [ -98.34153678, 20.900409189000097 ], [ -98.341490562, 20.900369807000097 ], [ -98.341458212, 20.900330544 ], [ -98.3414395839999, 20.900291405000107 ], [ -98.341421092, 20.900252549000097 ], [ -98.341405561, 20.900201075 ], [ -98.341395827, 20.900124643 ], [ -98.341391379, 20.900086346 ], [ -98.341379500999906, 20.900023404 ], [ -98.341354388, 20.8999617710001 ], [ -98.34135299, 20.899912469000096 ], [ -98.3413516049999, 20.899863649000103 ], [ -98.341334144, 20.899827881000103 ], [ -98.341315609, 20.899744692000102 ], [ -98.341288461, 20.899698289000096 ], [ -98.341251639999896, 20.899640969000099 ], [ -98.341180263, 20.899619934 ], [ -98.341154436999901, 20.899620714 ], [ -98.3411029009999, 20.8996688410001 ], [ -98.341076942, 20.8997166720001 ], [ -98.341050716, 20.899764995000098 ], [ -98.341030728000021, 20.899837771 ], [ -98.341017234, 20.899886902 ], [ -98.340986778, 20.899949473 ], [ -98.340982894, 20.900011932 ], [ -98.340965392, 20.900075655 ], [ -98.340944448999906, 20.900152798 ], [ -98.340927083, 20.900217602000101 ], [ -98.340916287, 20.900309193000098 ], [ -98.340902056999894, 20.900362557000101 ], [ -98.340880436, 20.900443635 ], [ -98.340863640999899, 20.900665072 ], [ -98.340807668000011, 20.900804934000103 ], [ -98.340795509999893, 20.900827360000097 ], [ -98.340771037, 20.900872505 ], [ -98.340774498, 20.900928864 ], [ -98.340805600999914, 20.900985283000097 ], [ -98.340837009, 20.901042255 ], [ -98.340881832, 20.901087850000096 ], [ -98.340940943, 20.9011335050001 ], [ -98.340999537999906, 20.901167675000099 ], [ -98.341057530000015, 20.901190386 ], [ -98.341158922, 20.901224359 ], [ -98.341202186, 20.901235547000098 ], [ -98.341287623, 20.901245976 ], [ -98.341373135, 20.901256432 ], [ -98.341402686, 20.9012681 ], [ -98.341476058, 20.901291321 ], [ -98.341538665, 20.901339103000101 ], [ -98.341617629, 20.90139937 ], [ -98.341651126, 20.901436013 ], [ -98.341702657, 20.901497686 ], [ -98.341773003, 20.901585423 ], [ -98.34182792, 20.9016617720001 ], [ -98.341831828, 20.901687661 ], [ -98.34185647, 20.901752908 ], [ -98.341864647, 20.901805862000099 ], [ -98.341832515, 20.901886762000096 ], [ -98.341793916, 20.901927926 ], [ -98.341725096999895, 20.901969771 ], [ -98.341652063, 20.901984420000097 ], [ -98.341563785999895, 20.901999302 ], [ -98.341473739, 20.902000732 ], [ -98.341383637, 20.902002236 ], [ -98.341307285000013, 20.9019902840001 ], [ -98.341232379, 20.901992140000097 ], [ -98.341217386, 20.901992512 ], [ -98.341107673999915, 20.901940614000097 ], [ -98.341059470999895, 20.901901091000092 ], [ -98.340965964, 20.901849586 ], [ -98.340951111, 20.901849995000099 ], [ -98.340859232999904, 20.901812215000103 ], [ -98.34078343, 20.901787535 ], [ -98.340707865999903, 20.901762933 ], [ -98.340647331999904, 20.90173802 ], [ -98.34060061000001, 20.901686548 ], [ -98.3405684089999, 20.901622161 ], [ -98.340521994, 20.901558974000096 ], [ -98.340447180999902, 20.9014983110001 ], [ -98.340432295, 20.901486222000099 ], [ -98.3403588, 20.901450770000089 ], [ -98.340271371999904, 20.901428367000094 ], [ -98.340198738, 20.901418035000098 ], [ -98.340126094, 20.901395276000098 ], [ -98.340082606, 20.901371742 ], [ -98.34003926, 20.901348285 ], [ -98.339967429, 20.901301020000101 ], [ -98.339881514, 20.901266287000102 ], [ -98.339780621, 20.901268439 ], [ -98.339736936, 20.90128156 ], [ -98.339679084, 20.901282801 ], [ -98.339635156, 20.901295971 ], [ -98.339576005999902, 20.901321795000101 ], [ -98.339528667, 20.9013971490001 ], [ -98.339511465, 20.901447633 ], [ -98.339507606, 20.901523695 ], [ -98.339503038, 20.901613719000096 ], [ -98.3395141029999, 20.901691626000098 ], [ -98.339527232, 20.90173077 ], [ -98.339523384, 20.901810628000099 ], [ -98.339534134, 20.901904757000096 ], [ -98.339546970000015, 20.901958865 ], [ -98.339558797, 20.90204063 ], [ -98.339572427, 20.902082246000099 ], [ -98.339598753, 20.90219518 ], [ -98.339594743, 20.902295483 ], [ -98.339591253, 20.902382759 ], [ -98.339572268, 20.902457268 ], [ -98.339537387, 20.902519598 ], [ -98.339485881, 20.902583467000103 ], [ -98.339467253999899, 20.902630778000098 ], [ -98.339447650999901, 20.902694164 ], [ -98.33951097, 20.902737887000097 ], [ -98.339575318999906, 20.902765969 ], [ -98.339655762999897, 20.902809176000101 ], [ -98.339703629, 20.902854475 ], [ -98.339800647999894, 20.902929652000097 ], [ -98.339865993, 20.9029743080001 ], [ -98.33993119099992, 20.903054399 ], [ -98.33996354300001, 20.903140031000095 ], [ -98.340013252999896, 20.9032263880001 ], [ -98.340029860999906, 20.903278604 ], [ -98.340080655999898, 20.903330212000103 ], [ -98.340165906, 20.903363255 ], [ -98.340234471, 20.903396986000097 ], [ -98.340303064, 20.903412835 ], [ -98.340406432, 20.903445713 ], [ -98.340458821, 20.903480384 ], [ -98.34052995, 20.903551385000092 ], [ -98.340584533, 20.903623732 ], [ -98.340655459, 20.903658759 ], [ -98.340726737999901, 20.903693960000101 ], [ -98.340815796000015, 20.903728745 ], [ -98.340854042, 20.903784534000099 ], [ -98.340893821999899, 20.9038600710001 ], [ -98.340935346, 20.903956047000094 ], [ -98.340992563, 20.90401316 ], [ -98.341085944, 20.904069453 ], [ -98.341124771999901, 20.904108106 ], [ -98.341185112999895, 20.904186742 ], [ -98.341244392, 20.904245922 ], [ -98.341288114, 20.9043277910001 ], [ -98.341366823, 20.904388068000099 ], [ -98.341443947, 20.9044272890001 ], [ -98.341505494, 20.904488915000101 ], [ -98.341551587, 20.904573587000097 ], [ -98.341598259, 20.9046593250001 ], [ -98.341626882999904, 20.904747009000101 ], [ -98.341658491, 20.904858448 ], [ -98.341685214, 20.9049256710001 ], [ -98.341751732, 20.90501061 ], [ -98.341835448, 20.905073384000101 ], [ -98.341941719, 20.905158153000105 ], [ -98.342004865, 20.905200419 ], [ -98.342106751999907, 20.905241067000102 ], [ -98.342215988, 20.905328839 ], [ -98.342307032999898, 20.905418471000104 ], [ -98.342337014, 20.905488159000097 ], [ -98.342315535999901, 20.905609104000099 ], [ -98.342273126, 20.905730738 ], [ -98.342226717999921, 20.905830040000101 ], [ -98.342196837999893, 20.905906153 ], [ -98.342106203999904, 20.905986436 ], [ -98.342034991, 20.906067048000097 ], [ -98.341942417, 20.906149148000097 ], [ -98.341825039, 20.906205987000103 ], [ -98.341727463, 20.906262683 ], [ -98.341644443, 20.906265092000101 ], [ -98.341576894999903, 20.906213131000097 ], [ -98.341521853999893, 20.906062368000097 ], [ -98.341494805, 20.905988473 ], [ -98.341483909, 20.905865210000101 ], [ -98.341475314, 20.905767971 ], [ -98.34139103, 20.905723509 ], [ -98.341287189999903, 20.905680191 ], [ -98.341188886, 20.905708757000095 ], [ -98.341028367, 20.905716169000097 ], [ -98.340927861, 20.905720809000098 ], [ -98.340787887, 20.905750452000099 ], [ -98.340706903999902, 20.9057519260001 ], [ -98.340606002999905, 20.90577253 ], [ -98.34050504, 20.905795493 ], [ -98.340383453999905, 20.9058187330001 ], [ -98.340302305, 20.905842027000105 ], [ -98.340200664, 20.905888793 ], [ -98.340057453, 20.90593583 ], [ -98.33993439, 20.905938097 ], [ -98.339872793, 20.905940335 ], [ -98.339769527, 20.905968986000101 ], [ -98.339645669, 20.905976756 ], [ -98.339561498, 20.906028945000095 ], [ -98.339475895, 20.906105249000099 ], [ -98.339430508, 20.906203619 ], [ -98.339404761, 20.906326135 ], [ -98.339422194, 20.906422858 ], [ -98.339461189999895, 20.906519185 ], [ -98.339522001, 20.906615905 ], [ -98.339583279, 20.906716070000101 ], [ -98.339688517999903, 20.906815576 ], [ -98.339730714, 20.906866172 ], [ -98.339771713999895, 20.906996545 ], [ -98.339769831999902, 20.907102815 ], [ -98.339745039, 20.907259904000099 ], [ -98.339696607, 20.907454343 ], [ -98.339650531999894, 20.907511028 ], [ -98.339537500999896, 20.907540529000102 ], [ -98.339424091, 20.907570128 ], [ -98.33926342, 20.907633883000102 ], [ -98.339195178, 20.907638592000104 ], [ -98.339062648, 20.907567275000098 ], [ -98.338931037999899, 20.9074953410001 ], [ -98.3387555689999, 20.907423126 ], [ -98.338511809000011, 20.907445912000099 ], [ -98.338510045, 20.907437215000101 ], [ -98.338454033999895, 20.907438812000102 ], [ -98.338410618999902, 20.907457587000096 ], [ -98.338364275999893, 20.907459685 ], [ -98.338318481, 20.907462685 ], [ -98.338272557, 20.907465693000095 ], [ -98.338214122, 20.90745143 ], [ -98.338175313, 20.907444290000104 ], [ -98.338124632999893, 20.907420423000097 ], [ -98.338083497999904, 20.907396287 ], [ -98.338043388, 20.907380169000099 ], [ -98.338002003, 20.907355237000104 ], [ -98.337976966, 20.907312616000102 ], [ -98.3379631829999, 20.907279504 ], [ -98.3379393499999, 20.907238963000101 ], [ -98.33792698, 20.907214732000096 ], [ -98.337911539999894, 20.907166287 ], [ -98.337914374, 20.90711766 ], [ -98.337920288, 20.907093384000099 ], [ -98.337913048, 20.907038088 ], [ -98.337918911, 20.907014280000102 ], [ -98.337921133, 20.906966650000097 ], [ -98.337912947, 20.906911530000102 ], [ -98.337907173, 20.906872654 ], [ -98.337903738, 20.906849522000094 ], [ -98.337889216999898, 20.906811379 ], [ -98.337875945, 20.906781163000101 ], [ -98.337851862, 20.906736340000094 ], [ -98.3378388739999, 20.906706731 ], [ -98.337799924, 20.9066776 ], [ -98.3377449, 20.906656135 ], [ -98.337699724999894, 20.906641967 ], [ -98.337637413, 20.906628002000097 ], [ -98.337602805, 20.906628294 ], [ -98.337551261, 20.906635367 ], [ -98.337491643, 20.9066498 ], [ -98.337483640999906, 20.906657163 ], [ -98.337444082, 20.906701727 ], [ -98.337402670999907, 20.906731669000102 ], [ -98.337378037999898, 20.906754336000095 ], [ -98.337345548999906, 20.906792501 ], [ -98.337322258, 20.906838962000105 ], [ -98.337306556, 20.906870284 ], [ -98.337290713, 20.906901889 ], [ -98.337274725, 20.90693378 ], [ -98.337266676999903, 20.906949835 ], [ -98.337250938999901, 20.906990157 ], [ -98.337235809, 20.907046657 ], [ -98.337227928999894, 20.907071120000104 ], [ -98.337212017, 20.907120522000096 ], [ -98.337195896, 20.907170569000098 ], [ -98.337170516, 20.907229767000093 ], [ -98.337154273, 20.907289919 ], [ -98.337155815999907, 20.907324758000097 ], [ -98.337148521, 20.9073775630001 ], [ -98.337131791000019, 20.907440039000097 ], [ -98.337124585, 20.907503555000101 ], [ -98.337116553, 20.907549535 ], [ -98.3371183309999, 20.907596093 ], [ -98.337109123, 20.907614819000095 ], [ -98.337090578999906, 20.907652531 ], [ -98.337072813, 20.907712828000097 ], [ -98.337073592, 20.9077336020001 ], [ -98.337046147, 20.907817773 ], [ -98.337038252999903, 20.907892185 ], [ -98.337019246, 20.907954212 ], [ -98.336989328, 20.908007696 ], [ -98.336980142, 20.908070702 ], [ -98.336949353, 20.908115196 ], [ -98.33690795, 20.9081932 ], [ -98.336886898, 20.9082273500001 ], [ -98.336865665999895, 20.908261792000093 ], [ -98.336833519, 20.908330635 ], [ -98.336800833, 20.908400635000095 ], [ -98.3367786969999, 20.908459377 ], [ -98.336767435999903, 20.908506352000103 ], [ -98.336767172, 20.908564491 ], [ -98.336766957999899, 20.908611533000098 ], [ -98.336766742, 20.908659057 ], [ -98.336766358, 20.908743402 ], [ -98.336766191, 20.908780018000101 ], [ -98.336754323, 20.908854975000096 ], [ -98.336754093, 20.908901410000102 ], [ -98.336765503, 20.908946265000097 ], [ -98.336765178999897, 20.909029117 ], [ -98.33676485, 20.90910498 ], [ -98.336764563, 20.909169818000098 ], [ -98.336752299, 20.909237833000098 ], [ -98.336751926, 20.909304431000102 ], [ -98.336739307999906, 20.9093879710001 ], [ -98.336726473, 20.909472950000097 ], [ -98.336726363, 20.909486832 ], [ -98.336713165, 20.909587297 ], [ -98.336699928, 20.909672358 ], [ -98.336687073, 20.90970314 ], [ -98.336673526, 20.909779809 ], [ -98.336659923000013, 20.909844234000097 ], [ -98.336633507, 20.909897035 ], [ -98.336606478, 20.909966030000088 ], [ -98.336578701999898, 20.910051891 ], [ -98.336524557, 20.910124982000095 ], [ -98.336470221, 20.910180623 ], [ -98.33641641, 20.910204238000098 ], [ -98.336348862, 20.9102298570001 ], [ -98.336295836, 20.91022137 ], [ -98.336242709, 20.910213650000102 ], [ -98.336163439, 20.910193966000097 ], [ -98.336057281, 20.910177291 ], [ -98.33588743, 20.910361548 ], [ -98.335879593, 20.910383466 ], [ -98.335872391, 20.910420034 ], [ -98.335855964, 20.910456896 ], [ -98.335840011999906, 20.910509014000102 ], [ -98.335831795, 20.910531594000098 ], [ -98.33582506800002, 20.910592222000105 ], [ -98.335825999, 20.910615147 ], [ -98.335828192, 20.910669163 ], [ -98.335820384, 20.910708372 ], [ -98.335821939, 20.910747805 ], [ -98.335832994, 20.910787452 ], [ -98.335825094, 20.910827857000097 ], [ -98.335827018, 20.910876662000096 ], [ -98.335820267, 20.91095119 ], [ -98.335821869, 20.91099308 ], [ -98.335814337, 20.911052667 ], [ -98.335806393, 20.911104533000099 ], [ -98.335808853999893, 20.911167244000101 ], [ -98.335801193999913, 20.911230374000102 ], [ -98.335792768, 20.911276176000101 ], [ -98.335773821, 20.911313717 ], [ -98.3357642779999, 20.911332626 ], [ -98.33573511, 20.911380532000095 ], [ -98.335705123, 20.911410114 ], [ -98.335663871, 20.911402506000098 ], [ -98.335632056, 20.9113381760001 ], [ -98.335610762, 20.911273064000095 ], [ -98.335600189, 20.911236292000098 ], [ -98.335579504, 20.911181889 ], [ -98.335579164, 20.911145712000099 ], [ -98.335548913, 20.911084379 ], [ -98.335528951999905, 20.911024821000098 ], [ -98.335519069, 20.910991130000095 ], [ -98.335519044, 20.910974281000097 ], [ -98.335509252999898, 20.910916047000097 ], [ -98.335499620999897, 20.910834175000101 ], [ -98.335480543999907, 20.910793202 ], [ -98.335461738, 20.910750569000101 ], [ -98.335442940999897, 20.910733323 ], [ -98.335405932999905, 20.910682754 ], [ -98.335378178, 20.910665621000096 ], [ -98.335340674, 20.910672634 ], [ -98.335321327, 20.910696560000101 ], [ -98.335292196, 20.910728616 ], [ -98.335252735, 20.910777389 ], [ -98.335193735, 20.910826195 ], [ -98.335163724, 20.910858428 ], [ -98.33513207, 20.910916774 ], [ -98.335110525999895, 20.910959108 ], [ -98.335077473999903, 20.9110279870001 ], [ -98.335065551, 20.911063294 ], [ -98.335040019999894, 20.911153897000101 ], [ -98.335024978, 20.911228844 ], [ -98.335010467, 20.91129498 ], [ -98.334995544, 20.911369951 ], [ -98.3350033, 20.911408651 ], [ -98.335000252, 20.911456988000101 ], [ -98.335005066, 20.91154598 ], [ -98.335013046, 20.911586458 ], [ -98.33503924, 20.911679473 ], [ -98.335037487, 20.911710428 ], [ -98.335055918, 20.911763654 ], [ -98.335084953, 20.911820709 ], [ -98.335124032, 20.911903217 ], [ -98.335133915, 20.911926258000104 ], [ -98.335164441, 20.911984578 ], [ -98.335207237, 20.912030835 ], [ -98.335228077, 20.912076965 ], [ -98.335272277, 20.912110122000097 ], [ -98.335316206999906, 20.912167864 ], [ -98.335361183, 20.912201693 ], [ -98.335394998, 20.9122365220001 ], [ -98.335428955000012, 20.912284155000094 ], [ -98.335463354999902, 20.912319635000095 ], [ -98.335509642, 20.9123546010001 ], [ -98.335579655999908, 20.912401085000095 ], [ -98.335603092000014, 20.912412368000101 ], [ -98.335638652, 20.91244884 ], [ -98.335663459, 20.91252501 ], [ -98.335616586000015, 20.912554455000095 ], [ -98.335568953999896, 20.9125317150001 ], [ -98.335509687, 20.912522890000101 ], [ -98.33545027400001, 20.912540136000093 ], [ -98.33537877, 20.912545209 ], [ -98.335319014, 20.912549448 ], [ -98.335211343, 20.912554005000096 ], [ -98.335187859, 20.9125419440001 ], [ -98.335128149999903, 20.912542890000093 ], [ -98.335089564, 20.912606025000098 ], [ -98.3350752489999, 20.912656876 ], [ -98.335048617, 20.91270848 ], [ -98.33498288, 20.912800472000093 ], [ -98.334955327, 20.912853666 ], [ -98.334902614, 20.91290789 ], [ -98.334826162, 20.912936117000097 ], [ -98.334749234, 20.912964519000095 ], [ -98.334683247, 20.913006549 ], [ -98.334630519, 20.913034929000101 ], [ -98.334566124, 20.913049874 ], [ -98.334514175, 20.913064638 ], [ -98.334459139000018, 20.913107338 ], [ -98.334427706, 20.913163905 ], [ -98.334421819, 20.913228798 ], [ -98.33442998, 20.913280996 ], [ -98.334407423999906, 20.913387468 ], [ -98.334390688, 20.913428034 ], [ -98.334335763999903, 20.913456035 ], [ -98.334283299, 20.913457 ], [ -98.334230808999905, 20.913457965000099 ], [ -98.334179773, 20.913445381 ], [ -98.334128826, 20.913432819 ], [ -98.334061698, 20.913447442000095 ], [ -98.334007562999901, 20.913461789 ], [ -98.333923468, 20.913503797 ], [ -98.333868885, 20.913518288999988 ], [ -98.333753438, 20.9135887310001 ], [ -98.333586048, 20.913694138 ], [ -98.3334776, 20.913748264 ], [ -98.333353017, 20.913724232 ], [ -98.333257933, 20.913672843 ], [ -98.333142445, 20.913593599 ], [ -98.333032139999901, 20.913487238000094 ], [ -98.332915143, 20.913433421 ], [ -98.3327682729999, 20.913388886000099 ], [ -98.332639869, 20.913394005 ], [ -98.332515333999893, 20.913392638000094 ], [ -98.332415742, 20.913391545 ], [ -98.332327208, 20.913335251 ], [ -98.332227907999894, 20.913334169 ], [ -98.332122899, 20.9133606460001 ], [ -98.332011794, 20.913414859000099 ], [ -98.331906225, 20.913441503000101 ], [ -98.33176932, 20.913495790000098 ], [ -98.331633752999906, 20.913528371 ], [ -98.33149042, 20.913590162000098 ], [ -98.331372320999904, 20.913651322000096 ], [ -98.3312797359999, 20.913711817 ], [ -98.331092955000017, 20.913833860000096 ], [ -98.331025235999903, 20.913894347 ], [ -98.330889032, 20.914015863 ], [ -98.330733741, 20.914108318 ], [ -98.330638205999904, 20.914170311000099 ], [ -98.330524457, 20.914294635 ], [ -98.330194887999895, 20.914881693 ] ] } },
{ "type": "Feature", "properties": { "ID_OBRA": "1385_Yahualica", "No.": 1385.0, "Municipio": "Yahualica", "Rubro": "Infraestructura Carretera", "Ejercicio": 2023.0, "Obra": "Rehabilitación del tramo Atlalco- El Paraje, del km 0+000 al km 1+000", "Localidad": "Atlalco", "Inversión": 800025.93, "Habitantes.beneficiados": null, "Ejecutora": "DGIVC", "Trabajos": "Se consideran trabajos de revestimiento, cunetas y limpieza de cunetas.", "Geometria_tipo": "Línea", "extract": 0.040731428882259606 }, "geometry": { "type": "LineString", "coordinates": [ [ -98.328496252, 20.915793821 ], [ -98.328484459, 20.915815831 ], [ -98.328449282999912, 20.915848294000103 ], [ -98.328414095999904, 20.915880769000101 ], [ -98.32837877, 20.915924709 ], [ -98.328319956, 20.915968493 ], [ -98.328284459, 20.916002285000101 ], [ -98.328237176, 20.916047296 ], [ -98.328201824, 20.9160696870001 ], [ -98.328154625, 20.916114623000102 ], [ -98.328095812, 20.916148107 ], [ -98.328037093, 20.9161701670001 ], [ -98.328013646, 20.91616989 ], [ -98.327955000999907, 20.916169199 ], [ -98.327896295999906, 20.916179866 ], [ -98.32783759, 20.916167815000101 ], [ -98.327802336, 20.91615603 ], [ -98.327743534000021, 20.916155333000095 ], [ -98.327684692, 20.916154635000098 ], [ -98.327613971, 20.91615317 ], [ -98.327578499, 20.916151769000095 ], [ -98.327531128, 20.916149899000104 ], [ -98.327424385, 20.916168533000103 ], [ -98.327412485, 20.916168069 ], [ -98.327365013000019, 20.916189072000101 ], [ -98.327317606999898, 20.916210564 ], [ -98.327270268999897, 20.916243412 ], [ -98.327234784, 20.916276395000093 ], [ -98.327163884999905, 20.916364599000101 ], [ -98.327164942, 20.91646655 ], [ -98.327153534, 20.916511539000098 ], [ -98.3271540759999, 20.916556850000102 ], [ -98.327154524, 20.916612821000101 ], [ -98.327154471, 20.9166785 ], [ -98.327166346999903, 20.916733563 ], [ -98.327190139, 20.916777979000095 ], [ -98.327249583, 20.916823271000098 ], [ -98.327285178, 20.916867882000098 ], [ -98.327320737, 20.916901518 ], [ -98.327344393, 20.916967583 ], [ -98.327356208, 20.917011512 ], [ -98.327379851, 20.917055677000103 ], [ -98.327403461, 20.917099769000099 ], [ -98.327427036, 20.917143778 ], [ -98.327450595999906, 20.917187762 ], [ -98.327474143, 20.917231718 ], [ -98.327474119, 20.917264391000099 ], [ -98.327497638, 20.917330094000093 ], [ -98.327509386, 20.917373823000101 ], [ -98.327509327, 20.917439133000091 ], [ -98.327509262, 20.917493538 ], [ -98.3275209829999, 20.917537195 ], [ -98.327544471, 20.917580960000098 ], [ -98.327544414, 20.917635398000098 ], [ -98.327556113, 20.917700842 ], [ -98.327567836000014, 20.917744505 ], [ -98.327579548999907, 20.917799066 ], [ -98.327591281, 20.9178318300001 ], [ -98.327614752, 20.917886449 ], [ -98.327650005999899, 20.917941170000102 ], [ -98.327673599, 20.917985073000096 ], [ -98.327685366999901, 20.918028747000097 ], [ -98.32769712, 20.918083252 ], [ -98.327697117, 20.9181485390001 ], [ -98.327708857999909, 20.918192069 ], [ -98.327708856, 20.91823557 ], [ -98.327708853, 20.918300823 ], [ -98.327697107999896, 20.918333531 ], [ -98.327697106, 20.918387944000099 ], [ -98.327697103, 20.918442359 ], [ -98.327697101, 20.918485892 ], [ -98.327685340999906, 20.918540513 ], [ -98.327685337, 20.918605855000095 ], [ -98.327661749999905, 20.918660945000095 ], [ -98.327649957999895, 20.918715737000099 ], [ -98.327638151, 20.9188033390001 ], [ -98.327626406, 20.918847075 ], [ -98.327614671000021, 20.918868943000099 ], [ -98.327579461, 20.918912716 ], [ -98.327555977, 20.918989236000101 ], [ -98.32753249, 20.919054849000098 ], [ -98.327532483, 20.919120396 ], [ -98.327520737, 20.919153211 ], [ -98.327532476000016, 20.9191968690001 ], [ -98.327567693, 20.919262282 ], [ -98.327579431, 20.919284083 ], [ -98.327602903000013, 20.919327679000101 ], [ -98.3276616859999, 20.919326527000095 ], [ -98.327697015, 20.91928104300009 ], [ -98.327755584000016, 20.919257261 ], [ -98.327813925, 20.919200402000094 ], [ -98.327837173, 20.919166702 ], [ -98.327883534, 20.919121541 ], [ -98.327918159000021, 20.9190768130001 ], [ -98.327952648999897, 20.918999826000096 ], [ -98.327975607, 20.918945222000097 ], [ -98.327987068, 20.918912584000097 ], [ -98.328021384, 20.918857822000096 ], [ -98.328032799, 20.918814561 ], [ -98.328044201000012, 20.918749889 ], [ -98.328055593, 20.918717449 ], [ -98.328066972, 20.918663610000095 ], [ -98.328089623, 20.918620215 ], [ -98.328123515999906, 20.9185767180001 ], [ -98.328146003999905, 20.918533546 ], [ -98.328190835, 20.918458206 ], [ -98.328202031, 20.918447422 ], [ -98.328280401, 20.9184678 ], [ -98.328302756, 20.918488760000098 ], [ -98.328336212999901, 20.918530706000098 ], [ -98.328380511, 20.918572276000095 ], [ -98.328424357999907, 20.918613498000099 ], [ -98.32843526, 20.918644802000102 ], [ -98.328457529, 20.918697166000101 ], [ -98.328490750999904, 20.918749224000095 ], [ -98.328501997, 20.9187807160001 ], [ -98.328535142, 20.918832639000094 ], [ -98.328546522999915, 20.918874727000098 ], [ -98.328568682, 20.918916355000096 ], [ -98.328591449, 20.919000536000102 ], [ -98.328602998, 20.919053314 ], [ -98.328625602, 20.919105870000095 ], [ -98.328637692, 20.919169822000097 ], [ -98.328660366, 20.919222492000092 ], [ -98.328672275, 20.919275821 ], [ -98.328684433, 20.919340053 ], [ -98.328695959999905, 20.919371931000104 ], [ -98.328707495999893, 20.919403828 ], [ -98.328763356, 20.919487150000105 ], [ -98.328775455, 20.919540881 ], [ -98.328787167, 20.919573044000096 ], [ -98.328822471999899, 20.919627629000097 ], [ -98.328868246, 20.919670442 ], [ -98.328880242, 20.919692469 ], [ -98.32891462100001, 20.919724628 ], [ -98.328959904, 20.919756173 ], [ -98.3289943139999, 20.919788358000105 ], [ -98.329028474, 20.9198202040001 ], [ -98.329073081, 20.919850867 ], [ -98.329106334999906, 20.919870989000103 ], [ -98.329160795, 20.919889319 ], [ -98.329203198999906, 20.919885848 ], [ -98.329268004, 20.9199034180001 ], [ -98.329332547, 20.919920917000095 ], [ -98.329385585999901, 20.919927874 ], [ -98.329406408, 20.919926112 ], [ -98.329459994, 20.919944364000099 ], [ -98.329524617999894, 20.919972991000101 ], [ -98.329557311, 20.919992939 ], [ -98.329600233, 20.920011947 ], [ -98.329674459, 20.920060011 ], [ -98.329716742, 20.920078511 ], [ -98.329758866, 20.920117612000102 ], [ -98.32980038, 20.920145785 ], [ -98.329862162000012, 20.920182482 ], [ -98.329893473000013, 20.920211574000096 ], [ -98.3299258, 20.920262241 ], [ -98.329968496, 20.920322513 ], [ -98.329990374, 20.92036345 ], [ -98.330021541, 20.9203923540001 ], [ -98.330053924, 20.920422463 ], [ -98.330087944999903, 20.920474752000096 ], [ -98.330112039, 20.920528183 ], [ -98.330135325999905, 20.9205705460001 ], [ -98.330158637, 20.920612952000099 ], [ -98.330192777, 20.920665436 ], [ -98.330265696, 20.920763739000101 ] ] } },
{ "type": "Feature", "properties": { "ID_OBRA": "1387_Yahualica", "No.": 1387.0, "Municipio": "Yahualica", "Rubro": "Infraestructura Carretera", "Ejercicio": 2023.0, "Obra": "Rehabilitación del tramo E.C. (Atlalco - Xochitl) - Chiatitla, del Km 0+000 al Km 2+000, en el municipio de Yahualica.", "Localidad": "Chiatitla", "Inversión": 1570823.02, "Habitantes.beneficiados": 544.0, "Ejecutora": "DGIVC", "Trabajos": "Se consideran trabajos de revestimiento, cunetas y limpieza de cunetas.", "Geometria_tipo": "Línea", "extract": 0.3016912725776737 }, "geometry": { "type": "LineString", "coordinates": [ [ -98.338219164, 20.901262596 ], [ -98.338233512, 20.901205861000097 ], [ -98.33824747700001, 20.901149798000098 ], [ -98.338294563, 20.9010911670001 ], [ -98.338308248, 20.901035620000101 ], [ -98.338356033999901, 20.900990543 ], [ -98.338387122000015, 20.900947024000097 ], [ -98.338434962, 20.900901891 ], [ -98.338481998, 20.90084332 ], [ -98.338546859, 20.900796279000097 ], [ -98.338594745, 20.900736462000101 ], [ -98.338642874, 20.900691008 ], [ -98.338689506, 20.900633045000095 ], [ -98.338736882, 20.900588699 ], [ -98.338800868999897, 20.900543125000102 ], [ -98.338865762, 20.900511062000103 ], [ -98.338930786, 20.900478937000099 ], [ -98.339012552, 20.900460433 ], [ -98.339093574999893, 20.900428335000093 ], [ -98.339142387, 20.900411850000101 ], [ -98.339257383999893, 20.900392009 ], [ -98.339323839, 20.900403299000097 ], [ -98.339387955, 20.900402608 ], [ -98.339468147, 20.900401743 ], [ -98.339515585999905, 20.900387135000095 ], [ -98.339579064999896, 20.900372356000101 ], [ -98.339660072999905, 20.900385568000104 ], [ -98.339740319, 20.900384791 ], [ -98.339804818999895, 20.900398765 ], [ -98.339901036, 20.900457458000098 ], [ -98.339933828, 20.900516037 ], [ -98.339935666999907, 20.900573913000102 ], [ -98.339922004, 20.900631499 ], [ -98.339892797999894, 20.900688817000102 ], [ -98.339847993, 20.900745893000096 ], [ -98.33983378, 20.900789205 ], [ -98.339711724, 20.900874016 ] ] } },
{ "type": "Feature", "properties": { "ID_OBRA": "1388_Yahualica", "No.": 1388.0, "Municipio": "Yahualica", "Rubro": "Infraestructura Carretera", "Ejercicio": 2023.0, "Obra": "Rehabilitación del tramo Chompeletla - Zacayahual, del Km 0+000 al Km 2+600.", "Localidad": "Chompeletla", "Inversión": 2687040.41, "Habitantes.beneficiados": 304.0, "Ejecutora": "DGIVC", "Trabajos": "Se consideran trabajos de revestimiento, cunetas y limpieza de cunetas.", "Geometria_tipo": "Línea", "extract": 0.44557121222203722 }, "geometry": { "type": "LineString", "coordinates": [ [ -98.369734188386701, 20.901090040806587 ], [ -98.369374865445494, 20.900617202821607 ], [ -98.368934573222276, 20.900476025538893 ], [ -98.368349984826779, 20.900084948687724 ], [ -98.368362626734807, 20.899952552470893 ], [ -98.368755222794391, 20.899644473303553 ], [ -98.36914683360375, 20.899257121032587 ], [ -98.369386347051261, 20.899175416737975 ], [ -98.370612207285546, 20.898779877799559 ], [ -98.371063945947441, 20.898709301310888 ], [ -98.371302742579147, 20.898574754397995 ], [ -98.371612388370778, 20.898452728547593 ], [ -98.372617555849871, 20.898535257158677 ], [ -98.373127152402631, 20.898569843498887 ], [ -98.373605086586537, 20.898340410000159 ], [ -98.37423971241013, 20.898201943981519 ], [ -98.374365597951694, 20.898094975256651 ], [ -98.374209587888387, 20.896973668701591 ], [ -98.373979656046515, 20.896685448069778 ], [ -98.373708721856616, 20.896503300363985 ], [ -98.373382296973901, 20.896400933524387 ], [ -98.372931204165397, 20.896497840188889 ], [ -98.37267613772876, 20.896447570313388 ], [ -98.372475627345494, 20.896238345582745 ], [ -98.372207113177396, 20.896241018283263 ], [ -98.371827824893273, 20.896429608612266 ], [ -98.371404323039911, 20.896473427217007 ], [ -98.37124628657088, 20.896263778666349 ], [ -98.371032064234186, 20.896081111615764 ], [ -98.370778655126031, 20.896162828479177 ], [ -98.370539684277389, 20.8962708053044 ], [ -98.370130328179812, 20.896314476310426 ], [ -98.369606824196481, 20.896266876682233 ], [ -98.36904033287567, 20.896166905302128 ], [ -98.368530551942143, 20.896079574039547 ], [ -98.368021395598291, 20.896045033159222 ], [ -98.367821935436211, 20.895901835267878 ], [ -98.367933191165832, 20.89574236805754 ], [ -98.36839780872296, 20.895592600450275 ], [ -98.368565845680322, 20.89545898282687 ], [ -98.368819245949624, 20.895377300648072 ], [ -98.36915648411977, 20.895215629978807 ], [ -98.369338450813402, 20.895068706425519 ], [ -98.369925706427466, 20.894548459009336 ] ] } },
{ "type": "Feature", "properties": { "ID_OBRA": "1392_Yahualica", "No.": 1392.0, "Municipio": "Yahualica", "Rubro": "Infraestructura Carretera", "Ejercicio": 2023.0, "Obra": "Rehabilitación del tramo Tianguistengo - Lolotla - Atlapexco - Zoquitipan - Naranjos - Yatipan, del Km 0+000 al Km 10+000", "Localidad": "Los Naranjos", "Inversión": 14033362.62, "Habitantes.beneficiados": 627.0, "Ejecutora": "DGIVC", "Trabajos": "Se consideran trabajos de revestimiento, cunetas y limpieza de cunetas.", "Geometria_tipo": "Línea", "extract": 0.17388772972575833 }, "geometry": { "type": "LineString", "coordinates": [ [ -98.454110168403432, 20.86199172998306 ], [ -98.452971942216962, 20.862731295059227 ], [ -98.451833341970598, 20.863527556592764 ], [ -98.451659865209336, 20.864202268058321 ], [ -98.45094306546622, 20.864995518614361 ], [ -98.450336268457207, 20.864833424063885 ], [ -98.449312502909379, 20.865293372375014 ], [ -98.448049233273451, 20.866093350486288 ], [ -98.448179905528846, 20.867104691131004 ], [ -98.449281140882846, 20.868163529386901 ], [ -98.449792637898867, 20.870698837309149 ], [ -98.448828488423061, 20.871444359890518 ], [ -98.447928956522546, 20.872699878983909 ], [ -98.448301770491582, 20.873546713502162 ], [ -98.449107759680231, 20.875071850614628 ], [ -98.44747888805253, 20.876739247847809 ], [ -98.446943231709795, 20.878227349076713 ], [ -98.447509122291592, 20.880106985668256 ], [ -98.448807765330358, 20.881754027097205 ], [ -98.450098166633907, 20.882371310309424 ], [ -98.450958781815288, 20.882763965047239 ], [ -98.451025704843076, 20.883279970771696 ], [ -98.449861320319997, 20.883119877168031 ], [ -98.448638224008235, 20.883190083119011 ], [ -98.448040237483355, 20.884690674270082 ], [ -98.447298237616607, 20.883893439546011 ], [ -98.446741978615108, 20.883267317404499 ], [ -98.444843910216846, 20.883114871512291 ], [ -98.443868088176984, 20.883584494419235 ], [ -98.443199952245592, 20.884396113039916 ], [ -98.442829096827921, 20.88382514924729 ], [ -98.443374459069574, 20.882957976304944 ], [ -98.442156458264378, 20.883947096394415 ], [ -98.442223213248269, 20.884923994090215 ], [ -98.442468546243248, 20.884978978406494 ], [ -98.443696981929648, 20.885484226184762 ], [ -98.443089629774519, 20.886354730852755 ], [ -98.443093203643841, 20.886931315574277 ], [ -98.443040054563937, 20.888259652916233 ], [ -98.443041477717657, 20.888490778431152 ], [ -98.443042189409596, 20.888606365263822 ], [ -98.442552765485317, 20.888900530917756 ], [ -98.443478971734649, 20.889700772614081 ], [ -98.443480458481815, 20.88993230791241 ], [ -98.443481945567356, 20.890163909028963 ], [ -98.442011002775615, 20.890874505764181 ], [ -98.43986297808938, 20.891766810165578 ], [ -98.439679157318494, 20.891942817699448 ], [ -98.439562600068541, 20.893570674860651 ], [ -98.439130258537162, 20.89322634581514 ], [ -98.438210802302436, 20.894515748282991 ], [ -98.438584016097522, 20.895560468066204 ], [ -98.438647256556521, 20.896026292840229 ], [ -98.437350632116733, 20.89545675848349 ], [ -98.436858503227256, 20.895928311489612 ], [ -98.4367967032302, 20.895870639399089 ], [ -98.436984331527839, 20.896977417123306 ], [ -98.436553604016538, 20.897566064338303 ], [ -98.435503420623874, 20.897051266852262 ], [ -98.435195457450561, 20.897521801672006 ], [ -98.433652153664767, 20.897304206237539 ], [ -98.432109012662934, 20.89749556612059 ], [ -98.431429564571076, 20.897911753607417 ], [ -98.431551955731678, 20.899021934716984 ], [ -98.431551839778265, 20.899139019231299 ], [ -98.431797771608075, 20.90060141611152 ], [ -98.43093150869619, 20.900903766702367 ], [ -98.429568524476821, 20.9018572941944 ], [ -98.430372247545407, 20.902377735617677 ], [ -98.43185814626537, 20.902420997864294 ], [ -98.433034572522573, 20.902114854355464 ], [ -98.433282194645287, 20.902171031839597 ], [ -98.434211310903208, 20.902984448030612 ], [ -98.434459337557129, 20.903334875704182 ], [ -98.436501157895037, 20.902078642382509 ], [ -98.436996377122554, 20.902073468158086 ], [ -98.436751228932934, 20.903193235288587 ] ] } },
{ "type": "Feature", "properties": { "ID_OBRA": "1405_Yahualica", "No.": 1405.0, "Municipio": "Yahualica", "Rubro": "Infraestructura Carretera", "Ejercicio": 2024.0, "Obra": "Rehabilitación de camino Xoxolpa a Aguacatitla, del Km 0.000 al Km 2.539, en el municipio de Yahualica.", "Localidad": "Xoxolpa", "Inversión": 3135795.09, "Habitantes.beneficiados": 1198.0, "Ejecutora": "DGIyVC", "Trabajos": "Considera los trabajos de preliminares, revestimiento de camino en la localidad de Xoxolpa municipio de Yahualica", "Geometria_tipo": "Línea", "extract": 0.20199410165867263 }, "geometry": { "type": "LineString", "coordinates": [ [ -98.422170369, 20.868261915000101 ], [ -98.422115472, 20.868210764 ], [ -98.422078055, 20.8681445130001 ], [ -98.422041245, 20.868076923000096 ], [ -98.422004124, 20.867993210000101 ], [ -98.421967679, 20.867941839 ], [ -98.421913154, 20.867872829000099 ], [ -98.421858435, 20.867787286000098 ], [ -98.421804004, 20.86771771 ], [ -98.421767616, 20.867665899 ], [ -98.421731216, 20.867614070000101 ], [ -98.421640389999908, 20.867491837 ], [ -98.421622482, 20.867489951 ], [ -98.42156826, 20.867434966000104 ], [ -98.421495739, 20.867344652 ], [ -98.421423600999901, 20.867318662000098 ], [ -98.421351063, 20.867275766 ], [ -98.421278236, 20.867249488 ], [ -98.421168318999904, 20.867201397 ], [ -98.421113014999904, 20.867143433 ], [ -98.421039126, 20.867097252000104 ], [ -98.420946115, 20.867086399000105 ], [ -98.420852609999898, 20.867077086000098 ], [ -98.420739837, 20.867083891 ], [ -98.420664292, 20.867076401000102 ], [ -98.420531489, 20.867099487000097 ], [ -98.420436160999898, 20.8671264430001 ], [ -98.420340424, 20.867153514000098 ], [ -98.420244910999898, 20.867166646 ], [ -98.420187679, 20.867200358000105 ], [ -98.420168817, 20.867271850000098 ], [ -98.420188106, 20.86737982 ], [ -98.42020729, 20.867434108000101 ], [ -98.42028365, 20.867472515 ], [ -98.420360070999919, 20.86749438 ], [ -98.420455739000019, 20.867502642 ], [ -98.420588922, 20.867514144 ], [ -98.420683433, 20.867538534000097 ], [ -98.420796272, 20.867561449 ], [ -98.420871306, 20.867565295000098 ], [ -98.420946182, 20.867603273 ], [ -98.421002259000019, 20.8676402470001 ], [ -98.421076768, 20.867715841000102 ], [ -98.421151034, 20.86779098 ], [ -98.421206742, 20.8678453580001 ], [ -98.421244069999901, 20.867914217000102 ], [ -98.421299977, 20.868001081 ], [ -98.421356165, 20.868120996000098 ], [ -98.421412118, 20.8682079340001 ], [ -98.421468085, 20.86829485 ], [ -98.421542414, 20.868382986 ], [ -98.421561399, 20.868433853000099 ], [ -98.421598930999906, 20.868502681 ], [ -98.421636750999895, 20.868588115 ], [ -98.421638088, 20.868705981000094 ], [ -98.421601977, 20.868736692 ], [ -98.421548039, 20.868833995 ], [ -98.421456588999902, 20.868912008 ], [ -98.42140168, 20.86901075 ], [ -98.421346152999917, 20.869075634000104 ], [ -98.421309078, 20.869142219 ], [ -98.42127193, 20.8692264690001 ], [ -98.421253377, 20.8692772210001 ], [ -98.421215895, 20.869344376000104 ], [ -98.421216378, 20.869431577000096 ], [ -98.42123579, 20.869502587000099 ], [ -98.421255332, 20.869591216000096 ], [ -98.421274782999902, 20.869662459 ], [ -98.4213132739999, 20.869752590000104 ], [ -98.421351513, 20.8698073740001 ], [ -98.421370931999903, 20.869878911000097 ], [ -98.421408851, 20.869970131000098 ], [ -98.421408799999895, 20.870060093000092 ], [ -98.4214276, 20.870132712 ], [ -98.421446686, 20.870204733 ], [ -98.421522822, 20.870259466 ], [ -98.421561214, 20.8703311790001 ], [ -98.421581215999893, 20.870456028 ], [ -98.4215817, 20.870509525 ], [ -98.42156341, 20.870580771 ], [ -98.421543957, 20.870652850000095 ], [ -98.421524351999906, 20.870724962000097 ], [ -98.421466994999903, 20.870778739000098 ], [ -98.421390531, 20.870832500000095 ], [ -98.421332987, 20.870886441 ], [ -98.421256145, 20.870958471000097 ], [ -98.421198428, 20.87101257400009 ], [ -98.421121356, 20.871084821000107 ], [ -98.421063465, 20.871139087000099 ], [ -98.420947495999897, 20.871193715000096 ], [ -98.420850428, 20.871212299 ], [ -98.420772449, 20.871230856000103 ], [ -98.420714022, 20.871321837 ], [ -98.420714524999894, 20.871429914 ], [ -98.420695436999907, 20.871501733000098 ], [ -98.420657034, 20.8715914520001 ], [ -98.420579513, 20.871663967000103 ], [ -98.420501735, 20.871718797 ], [ -98.420443760999902, 20.871790951 ], [ -98.420386109, 20.8718806810001 ], [ -98.420347911, 20.871952159 ], [ -98.420329044, 20.872023613000099 ], [ -98.420290875, 20.872113035 ], [ -98.420233058999898, 20.872185009000098 ], [ -98.42017547, 20.872274636 ], [ -98.420117482, 20.872328889000098 ], [ -98.420020550999894, 20.872401701000101 ], [ -98.419922963, 20.872439299000099 ], [ -98.419844864, 20.872476498 ], [ -98.419745694, 20.872497705000097 ], [ -98.419666525, 20.872535931000098 ], [ -98.419566886, 20.872575219000097 ], [ -98.419528212, 20.872629471 ], [ -98.419509176, 20.872683487000103 ], [ -98.419510648, 20.872772442 ], [ -98.419512259, 20.872879145000091 ], [ -98.419513578999897, 20.872967905 ], [ -98.419494081, 20.873022391000092 ], [ -98.419454523999903, 20.873095960000096 ], [ -98.419435565999905, 20.873185905000099 ], [ -98.419376151, 20.873296453 ], [ -98.419297985, 20.873406051000092 ], [ -98.419238948000014, 20.873461647000095 ], [ -98.419158505, 20.873501882 ], [ -98.419077806, 20.873542244000095 ], [ -98.418996848999896, 20.873582734 ], [ -98.418876835, 20.873641247 ], [ -98.41879622, 20.873662594 ], [ -98.418716425999904, 20.873701049 ], [ -98.418615997, 20.873740670000096 ], [ -98.418515264, 20.87378047 ], [ -98.418433018, 20.873821409000101 ], [ -98.418328797999905, 20.873864733000097 ], [ -98.418225878, 20.873924763000097 ], [ -98.418119793999907, 20.873969523 ], [ -98.418035474, 20.8740119120001 ], [ -98.417949146, 20.874056206 ], [ -98.417840656, 20.874121176000095 ], [ -98.417773896, 20.874146781 ], [ -98.417683833, 20.874175432000104 ], [ -98.417594998, 20.874221298000105 ], [ -98.417513451, 20.874241217000097 ], [ -98.417413842, 20.87427797 ], [ -98.417314281, 20.874314703 ], [ -98.417233277, 20.8743340790001 ], [ -98.417133276999905, 20.874371233 ], [ -98.417014523, 20.874425995 ], [ -98.416875884, 20.874480645000105 ], [ -98.416817506, 20.874497843 ], [ -98.41674115, 20.874532055 ], [ -98.416684111, 20.874566912 ], [ -98.416588164999894, 20.874619555 ], [ -98.41651475, 20.874688790000093 ], [ -98.416495732, 20.8747439640001 ], [ -98.41649173, 20.87485939 ], [ -98.416489674, 20.874917228000097 ], [ -98.416545013, 20.874996202 ], [ -98.416603100000017, 20.875054153000097 ], [ -98.416684681, 20.875090153 ], [ -98.416765568, 20.875145459000102 ], [ -98.416847671, 20.875162075 ], [ -98.41695094, 20.875158679 ], [ -98.41703284, 20.875175268000095 ], [ -98.417094066, 20.875192523000099 ], [ -98.417235862, 20.8751902600001 ], [ -98.417357126000013, 20.875188502000103 ], [ -98.417478288, 20.875186746000097 ], [ -98.417579979, 20.875165657 ], [ -98.417643399, 20.875142453 ], [ -98.417727059, 20.875137245000097 ], [ -98.417873713999896, 20.875108604000101 ], [ -98.417971412, 20.875092134000095 ], [ -98.418028577000015, 20.875095501 ], [ -98.418107237999905, 20.875078091 ], [ -98.418183713, 20.875082571000103 ], [ -98.418320057999907, 20.87508712 ], [ -98.418420602000012, 20.875085515 ], [ -98.418523116999907, 20.875061842 ], [ -98.418603363, 20.875060568 ], [ -98.418703785000019, 20.875040075000101 ], [ -98.418838675, 20.875066781 ], [ -98.418915077999898, 20.875091952000101 ], [ -98.419018302, 20.875047138000099 ], [ -98.419077998, 20.87504714 ], [ -98.419177492, 20.875047141 ], [ -98.4192769859999, 20.875047142 ], [ -98.419354157, 20.875072064000101 ], [ -98.419452802, 20.87507487 ], [ -98.419535223, 20.875029861 ], [ -98.419637021, 20.874985573000096 ], [ -98.419718199, 20.874942833 ], [ -98.419797712, 20.874923778 ], [ -98.419877204, 20.8749047270001 ], [ -98.419954342, 20.874932327000092 ], [ -98.420146748, 20.875059275000098 ], [ -98.420264695999904, 20.875111747000101 ], [ -98.420284684, 20.875112646000098 ], [ -98.420384465, 20.875119413 ], [ -98.420464338, 20.875126601 ], [ -98.420584672, 20.87513743 ], [ -98.420686132999904, 20.875095795 ], [ -98.420787419, 20.875053756000099 ], [ -98.420868309999904, 20.875011286000095 ], [ -98.420928811, 20.874924122 ], [ -98.420968928, 20.874858966 ], [ -98.421048766999903, 20.874752158 ], [ -98.421128602, 20.874692530000097 ], [ -98.42120867, 20.874656378000104 ], [ -98.421308479, 20.874561298000096 ], [ -98.421388597, 20.874525107000096 ], [ -98.421449005, 20.874527836 ], [ -98.421509718, 20.874550529 ], [ -98.421611792, 20.874635209000097 ], [ -98.421653144999894, 20.874697341000093 ], [ -98.421695539, 20.874801711 ], [ -98.421717069, 20.8748836020001 ], [ -98.421718379, 20.874965532 ], [ -98.421741600999894, 20.875131584 ], [ -98.421764294, 20.875257268 ], [ -98.42180654, 20.875378787 ], [ -98.421848247999918, 20.875459296 ], [ -98.421890259, 20.8755409890001 ], [ -98.421892074, 20.875664219 ], [ -98.421893287, 20.875746625 ], [ -98.421873988999906, 20.875829349000099 ], [ -98.421834384999897, 20.875933135 ], [ -98.42177384, 20.876036031000105 ], [ -98.421713386, 20.876140828000104 ], [ -98.421673918, 20.876230216000103 ], [ -98.421654928999914, 20.876358301 ], [ -98.421656851, 20.876566263 ] ] } },
{ "type": "Feature", "properties": { "ID_OBRA": "1472_Zimapán", "No.": 1472.0, "Municipio": "Zimapán", "Rubro": "Infraestructura Carretera", "Ejercicio": 2023.0, "Obra": "Rehabilitación de pavimento asfáltico de la C.E. paso por Zimapán.", "Localidad": "Lázaro Cárdenas (Remedios)", "Inversión": 4938745.05, "Habitantes.beneficiados": 13243.0, "Ejecutora": "DGCCE", "Trabajos": "Considera trabajos para la reconstrucción y/o conservación de Infraestructura Carretera en la localidad de Lázaro Cárdenas (Remedios) municipio de Zimapán", "Geometria_tipo": "Línea", "extract": 0.14890315334360052 }, "geometry": { "type": "LineString", "coordinates": [ [ -99.336019051514498, 20.704591896306969 ], [ -99.336575160323875, 20.705490087393759 ], [ -99.337127003230407, 20.705948931496998 ], [ -99.339091589720155, 20.706191983990209 ], [ -99.341652789464746, 20.706310171035771 ], [ -99.342525471097005, 20.706517104011422 ], [ -99.347618264195347, 20.709464482538689 ], [ -99.353703376653826, 20.713014028200714 ], [ -99.360892760124742, 20.71723846604964 ] ] } },
{ "type": "Feature", "properties": { "ID_OBRA": "148_Cardonal", "No.": 148.0, "Municipio": "Cardonal", "Rubro": "Infraestructura Carretera", "Ejercicio": 2023.0, "Obra": "Modernización y Ampliación del C.R. Pozuelos - El Palmar; Tramo del km 0+000 al 12+209, Subtramo: del km 0+000 al 6+763.21, en el Municipio de Cardonal.", "Localidad": "Pozuelos", "Inversión": 51336180.82, "Habitantes.beneficiados": 1124.0, "Ejecutora": "DGCCE", "Trabajos": "Considera los trabajos de modernización y ampliación del camino en la localidad de Pozuelos municipio de Cardonal", "Geometria_tipo": "Línea", "extract": -0.54911282949680329 }, "geometry": { "type": "LineString", "coordinates": [ [ -99.03331746321733, 20.4891610939823 ], [ -99.033114610322343, 20.488988719668722 ], [ -99.032757778728509, 20.488535343461312 ], [ -99.032558821823528, 20.488200250458775 ], [ -99.03241190916718, 20.487930974314555 ], [ -99.032350121600146, 20.487612954576168 ], [ -99.032351336433678, 20.487209762452565 ], [ -99.032495534872055, 20.486857469763802 ], [ -99.032732627015363, 20.486325976399531 ], [ -99.032889830343422, 20.485952667245641 ], [ -99.032967147930151, 20.485751443808361 ], [ -99.033012402470945, 20.485633668391021 ], [ -99.033134100020789, 20.485316946724954 ], [ -99.033145372404618, 20.4851515597447 ], [ -99.033149005767541, 20.48498602421753 ], [ -99.033136417228903, 20.484863373013585 ], [ -99.033108077820202, 20.484762016779989 ], [ -99.033034386125379, 20.484638175385054 ], [ -99.032983133737019, 20.484536371673784 ], [ -99.0328930588459, 20.484462612786697 ], [ -99.03285597714347, 20.484411487624858 ], [ -99.03278818386579, 20.484366963767357 ], [ -99.032757791411711, 20.484359171269055 ], [ -99.032688891692615, 20.484365027948805 ], [ -99.03264180044016, 20.484421711778698 ], [ -99.032602188543351, 20.484485743324569 ], [ -99.032546511291002, 20.484585460876623 ], [ -99.032505477420912, 20.484714265872647 ], [ -99.03244726961394, 20.484929140145031 ], [ -99.032391434427851, 20.485036054996026 ], [ -99.032305363299315, 20.485127979898277 ], [ -99.032265907802667, 20.485184813106152 ], [ -99.031847296285861, 20.485457459723236 ], [ -99.031723509309586, 20.485527049268619 ], [ -99.031601618593598, 20.485510271401722 ], [ -99.031548943600839, 20.485473241640978 ], [ -99.031497060090871, 20.485400226909601 ], [ -99.03143895996277, 20.4852622882762 ], [ -99.031409832036545, 20.485196916723741 ], [ -99.031374330740803, 20.485073820435677 ], [ -99.03134678394045, 20.484936477152637 ], [ -99.031310332573867, 20.484856562253089 ], [ -99.031251759637442, 20.484740214702331 ], [ -99.031185548771333, 20.484623719404127 ], [ -99.030999978686751, 20.484375289045524 ], [ -99.030784809468443, 20.484083078872583 ], [ -99.030569163956699, 20.483812461384989 ], [ -99.030451387114383, 20.483608555143721 ], [ -99.030437534889117, 20.483543481642307 ], [ -99.030440855595486, 20.483392340843423 ], [ -99.030442753550062, 20.483305974413177 ], [ -99.030445758720717, 20.48316922831652 ], [ -99.030447656669793, 20.483082860980389 ], [ -99.030428539722791, 20.482909682124454 ], [ -99.030431229372127, 20.482787329825197 ], [ -99.030418325730381, 20.482679073097799 ], [ -99.030358648012424, 20.482613106690913 ], [ -99.030258723993882, 20.482639957992799 ], [ -99.030196356529061, 20.482696342925948 ], [ -99.030126034579908, 20.482766972963201 ], [ -99.030078468573606, 20.482845248169181 ], [ -99.030015467911042, 20.482930422449027 ], [ -99.029891840879955, 20.482992812451361 ], [ -99.029792548666009, 20.482990874072726 ], [ -99.029716329977575, 20.482982186176571 ], [ -99.029633579884859, 20.482922968079752 ], [ -99.029604927531125, 20.482836005954319 ], [ -99.029576433012821, 20.482741846470443 ], [ -99.029569902589685, 20.482691316299253 ], [ -99.029456602954355, 20.482631502405344 ], [ -99.02941125079569, 20.482609017201266 ], [ -99.029341720473141, 20.482643660157944 ], [ -99.029294944146656, 20.482685949291191 ], [ -99.029223830773333, 20.48279256482336 ], [ -99.029121376455095, 20.48293457130319 ], [ -99.029035461416115, 20.483019297256781 ], [ -99.028934903652043, 20.483074936301819 ], [ -99.028812858293833, 20.483065352015625 ], [ -99.028660262156052, 20.483055172682477 ], [ -99.028378613271087, 20.483006472276845 ], [ -99.028044293200296, 20.482920739674075 ], [ -99.027847135620391, 20.482852086393606 ], [ -99.02744565965007, 20.482693039215199 ], [ -99.02734015665888, 20.482626176287031 ], [ -99.027280480275707, 20.482560207013716 ], [ -99.027238295324338, 20.482393776025951 ], [ -99.027225552827204, 20.48227832260612 ], [ -99.027220765026215, 20.482148625092762 ], [ -99.027223931902356, 20.482004681678681 ], [ -99.027210081182844, 20.481939607906188 ], [ -99.027189068255481, 20.481852795078968 ], [ -99.027147200386921, 20.481671970255352 ], [ -99.027104224319245, 20.481541525073048 ], [ -99.027053294629681, 20.481425324866471 ], [ -99.02700841885779, 20.481381246975666 ], [ -99.026963225346265, 20.481351562873179 ], [ -99.026917558074885, 20.481343470813972 ], [ -99.02683180159795, 20.481420998342074 ], [ -99.026761320754147, 20.481498824380616 ], [ -99.026651859871208, 20.48161189029334 ], [ -99.026558624144357, 20.481682070600105 ], [ -99.026472867298864, 20.481759597948479 ], [ -99.026372943153731, 20.481786447018585 ], [ -99.026251056928913, 20.481769663579399 ], [ -99.026060906661726, 20.481729947414511 ], [ -99.025825722044317, 20.481653348389511 ], [ -99.025598335427887, 20.481569700570443 ], [ -99.025295838329242, 20.481426982970063 ], [ -99.025227890536968, 20.481389652590092 ], [ -99.025160736652168, 20.481316337239051 ], [ -99.025131295155134, 20.481265361108388 ], [ -99.025079732119735, 20.481177947912453 ], [ -99.025058879466172, 20.481083938371768 ], [ -99.025015588340523, 20.480967887363033 ], [ -99.024940320941582, 20.480916014169409 ], [ -99.024849778898997, 20.480863841318975 ], [ -99.02474459529455, 20.480782582097351 ], [ -99.024653895365745, 20.480737607397877 ], [ -99.024587691199159, 20.480621107717099 ], [ -99.024535970651584, 20.480540894414034 ], [ -99.024491412890512, 20.480482420263229 ], [ -99.024463397963785, 20.480366667859954 ], [ -99.024465934262551, 20.480251513866119 ], [ -99.024468152561965, 20.480150753668557 ], [ -99.02446352710335, 20.480013857790382 ], [ -99.024473541218626, 20.479906050068287 ], [ -99.024477185687132, 20.479740514611567 ], [ -99.024473828373687, 20.479546041725349 ], [ -99.024539999087338, 20.479316927814711 ], [ -99.02457340235425, 20.479187974789109 ], [ -99.024622238111533, 20.479052125856342 ], [ -99.024709738429621, 20.478895430334354 ], [ -99.024782278214715, 20.478724043142616 ], [ -99.024980029243579, 20.478418297750515 ], [ -99.025058781239579, 20.478311833703739 ], [ -99.02507563960485, 20.47824016068606 ], [ -99.025132747211231, 20.478075671082792 ], [ -99.025158987964588, 20.477924978778542 ], [ -99.025200977063051, 20.477752994003001 ], [ -99.02528020256311, 20.477624936884769 ], [ -99.025327612362233, 20.477553862104799 ], [ -99.025390455430141, 20.477475887728591 ], [ -99.025475575608652, 20.47742715029344 ], [ -99.025553059037421, 20.477378262131261 ], [ -99.025685904612757, 20.477244055028216 ], [ -99.025840713132183, 20.477153476737683 ], [ -99.025941426125641, 20.47709064299757 ], [ -99.025996472134381, 20.477019715988508 ], [ -99.026035925940732, 20.476962885054409 ], [ -99.026029080998043, 20.476926750327827 ], [ -99.025991684576056, 20.476890018361701 ], [ -99.025946335568264, 20.47686753133226 ], [ -99.025862799390012, 20.476844298166029 ], [ -99.02577926419562, 20.476821064055795 ], [ -99.025695569130335, 20.476805028163621 ], [ -99.025634944940279, 20.47678224330858 ], [ -99.025445751794109, 20.476699342314031 ], [ -99.025332458155916, 20.476639524779738 ], [ -99.025249715065073, 20.476580306353458 ], [ -99.025229336931645, 20.476464702912864 ], [ -99.025247938758113, 20.476313861675408 ], [ -99.025266540548401, 20.476163020433379 ], [ -99.025314899795816, 20.476048760613651 ], [ -99.025356097287272, 20.475912763442182 ], [ -99.025397451738058, 20.475769565289546 ], [ -99.025437540280336, 20.475683945966161 ], [ -99.02545167264816, 20.475389013221431 ], [ -99.025493344761301, 20.475231423037204 ], [ -99.025533908022766, 20.475124211619519 ], [ -99.025566991673045, 20.475009654861665 ], [ -99.025600709115736, 20.474866307768476 ], [ -99.025618676550948, 20.474744255888645 ], [ -99.025628689521668, 20.474636448035891 ], [ -99.025631382840984, 20.474514096593946 ], [ -99.025641237809509, 20.474413486093972 ], [ -99.025667475530199, 20.474262793650951 ], [ -99.025733486159538, 20.474040877411003 ], [ -99.025791698272855, 20.473826007823135 ], [ -99.025833052721822, 20.473682811340627 ], [ -99.025843858193326, 20.4735390175797 ], [ -99.025853238099685, 20.473459999128686 ], [ -99.025924982327865, 20.47332459724079 ], [ -99.025972865356323, 20.473231930178631 ], [ -99.025982402180773, 20.473145714360435 ], [ -99.02596123222564, 20.47306609684556 ], [ -99.025958348043602, 20.472850033574012 ], [ -99.025969152382302, 20.472706240695477 ], [ -99.02597247820448, 20.472555100692336 ], [ -99.025975488098197, 20.472418355403075 ], [ -99.025978497028007, 20.472281611015372 ], [ -99.025981347991788, 20.472152062176754 ], [ -99.025970984375263, 20.47192865176077 ], [ -99.025952507613098, 20.471726686361869 ], [ -99.025964580360494, 20.471525314592682 ], [ -99.025984129596324, 20.471331291748047 ], [ -99.025986030864445, 20.471244926147492 ], [ -99.026011476964257, 20.471130220395541 ], [ -99.026022282093763, 20.470986426581703 ], [ -99.026077449443022, 20.470562691760598 ], [ -99.026128973053162, 20.470304491670241 ], [ -99.026215673319143, 20.470183782944961 ], [ -99.026310960319776, 20.470020039760428 ], [ -99.026344991870772, 20.469862301335755 ], [ -99.026364066599086, 20.469689867783757 ], [ -99.026382508569156, 20.469546224574085 ], [ -99.026441157646872, 20.468964153942121 ], [ -99.026541985633031, 20.468548512885057 ], [ -99.026569805574411, 20.468325850198987 ], [ -99.026597308621263, 20.468117582227723 ], [ -99.026609380251685, 20.467916213042315 ], [ -99.026606493350343, 20.467700151462058 ], [ -99.026587224712586, 20.46753417013656 ], [ -99.026529613343428, 20.467374639283278 ], [ -99.026495072442458, 20.46720836026882 ], [ -99.026451784141642, 20.467092311236879 ], [ -99.026439361296525, 20.466962464634847 ], [ -99.026442369715113, 20.466825720153942 ], [ -99.02644506226089, 20.466703368590387 ], [ -99.026447595910554, 20.466588216195987 ], [ -99.026442333547806, 20.46648010961345 ], [ -99.026414319712643, 20.466364360048001 ], [ -99.026409850891213, 20.466220269353148 ], [ -99.026413335043586, 20.466061932769126 ], [ -99.026402178671106, 20.46587450994711 ], [ -99.026391339155538, 20.465672694199039 ], [ -99.026354349160769, 20.46550180883602 ] ] } },
{ "type": "Feature", "properties": { "ID_OBRA": "158_Cardonal", "No.": 158.0, "Municipio": "Cardonal", "Rubro": "Infraestructura Carretera", "Ejercicio": 2023.0, "Obra": "Modernización del camino San Miguel Tlazintla - El Pinalito; en el municipio de Cardonal", "Localidad": "San Miguel Tlazintla", "Inversión": 9073447.7, "Habitantes.beneficiados": null, "Ejecutora": "DGOPI", "Trabajos": "Considera los trabajos de modernización de camino en la localidad de San Miguel Tlazintla municipio de Cardonal", "Geometria_tipo": "Línea", "extract": -0.36062685050894883 }, "geometry": { "type": "LineString", "coordinates": [ [ -99.095514147574605, 20.655667402030215 ], [ -99.095490347571101, 20.655500837408788 ], [ -99.095371380177269, 20.655191506867126 ], [ -99.09528809810385, 20.654905967300984 ], [ -99.095228608544843, 20.654560953138461 ], [ -99.0951810175345, 20.654382493029182 ], [ -99.095097735700548, 20.654120743331944 ], [ -99.094717028860131, 20.652014925646728 ], [ -99.094693229061832, 20.651895950772957 ], [ -99.094728924163917, 20.651753175843112 ], [ -99.094740818618149, 20.651634215714292 ], [ -99.094847899454408, 20.651515242155099 ], [ -99.09497876758698, 20.651396267186701 ], [ -99.095169123118211, 20.651265386014448 ], [ -99.095430866014766, 20.651158322039851 ], [ -99.095490347620881, 20.651063137280488 ], [ -99.095478453279071, 20.650979861697209 ], [ -99.095430865803095, 20.650944162355124 ], [ -99.095323786198335, 20.650872781952931 ], [ -99.094740819257112, 20.65061104336333 ], [ -99.094538568816944, 20.650503967333449 ], [ -99.094496685672254, 20.650472554902471 ], [ -99.094253030206147, 20.650289819212375 ], [ -99.09415785204375, 20.650135147597439 ], [ -99.094122159819335, 20.64992100373367 ], [ -99.093931804758952, 20.64837434509203 ], [ -99.093872320217116, 20.647898461643038 ], [ -99.093729548373631, 20.646530266668421 ], [ -99.093636746680417, 20.645910814363553 ], [ -99.093308388955023, 20.644233298135276 ], [ -99.093265555978817, 20.644026287214281 ], [ -99.093272692592095, 20.643912061809509 ], [ -99.093315522644659, 20.643719326675587 ], [ -99.093379766099787, 20.643569427826137 ], [ -99.093422603365582, 20.643333862846536 ], [ -99.093451153216037, 20.643076877577219 ], [ -99.093436877606152, 20.642570048855973 ], [ -99.093451152731447, 20.642320205223793 ], [ -99.093458291414777, 20.642184574369189 ], [ -99.093572508817516, 20.641370795700102 ], [ -99.093586780159995, 20.641178071402312 ], [ -99.093579645744683, 20.64091394072895 ], [ -99.093579645933147, 20.640721206083551 ], [ -99.093565370585608, 20.640507056578276 ], [ -99.093533959363455, 20.64027957557202 ], [ -99.09349588275127, 20.640013076116482 ], [ -99.09345781091335, 20.639718026435801 ], [ -99.093453052757042, 20.639399182232367 ], [ -99.093476853924116, 20.63893756338744 ], [ -99.093505400814706, 20.6388138375913 ], [ -99.093548237761539, 20.638690103144359 ], [ -99.093591068230751, 20.638466433016099 ], [ -99.093624375643884, 20.638280838596625 ], [ -99.093652933553642, 20.637981024212507 ], [ -99.093671965862811, 20.637895364159409 ], [ -99.09370052093594, 20.637757353267283 ], [ -99.093719552842799, 20.63762410409845 ], [ -99.093829012794629, 20.637343640655271 ], [ -99.093895632965683, 20.637058105020252 ], [ -99.093981296196162, 20.636877272024794 ], [ -99.094000335786475, 20.636467996729909 ], [ -99.093990818014774, 20.6358874175808 ], [ -99.09401936791842, 20.635363933472966 ], [ -99.094114546414175, 20.63489756046371 ], [ -99.094228762917112, 20.63437407474046 ], [ -99.094390566813672, 20.633641206344521 ], [ -99.094590440204158, 20.632889296964699 ], [ -99.094723689748307, 20.632441956912626 ], [ -99.094837904423144, 20.631794743046132 ], [ -99.094895012695616, 20.631623413005219 ], [ -99.095180548937009, 20.631090414016722 ], [ -99.095332831082246, 20.630861994135429 ], [ -99.095475598686093, 20.630633558591693 ], [ -99.095475599299021, 20.63061453413783 ], [ -99.095396183331744, 20.630549051449229 ], [ -99.09417635395144, 20.631421445398775 ], [ -99.092675073436382, 20.632534814635726 ], [ -99.091084253663141, 20.633658534425422 ], [ -99.089458963313646, 20.634866072805767 ], [ -99.087302137982462, 20.636424153105882 ], [ -99.08698550470389, 20.63665926485286 ] ] } },
{ "type": "Feature", "properties": { "ID_OBRA": "162_Chapantongo", "No.": 162.0, "Municipio": "Chapantongo", "Rubro": "Infraestructura Carretera", "Ejercicio": 2025.0, "Obra": "Reconstrucción de la C.E. Golondrinas - Alfajayucan - Chapantongo - Tepetitlán, municipio de Chapantongo", "Localidad": "Chapantongo", "Inversión": 21000000.0, "Habitantes.beneficiados": null, "Ejecutora": "SIPDUS", "Trabajos": null, "Geometria_tipo": "Línea", "extract": 0.35857979892978326 }, "geometry": { "type": "LineString", "coordinates": [ [ -99.341929102122819, 20.098555857673439 ], [ -99.341995980187534, 20.098341425638061 ], [ -99.342096086069759, 20.09802045612809 ], [ -99.342128903960898, 20.097925507831537 ], [ -99.342209914086624, 20.097577439662377 ], [ -99.342352446072169, 20.097143424685882 ], [ -99.34240891417312, 20.096709564812191 ], [ -99.342410089173313, 20.096285951088387 ], [ -99.342417538223202, 20.096284830574575 ], [ -99.342301821345799, 20.095851314574251 ], [ -99.341917305463795, 20.094975517975566 ], [ -99.341503601699799, 20.093873862430435 ], [ -99.340888227383743, 20.092402111682329 ], [ -99.340697609031778, 20.091934591944451 ], [ -99.339812313866588, 20.089774634583591 ], [ -99.339735470203465, 20.089621166008516 ], [ -99.339076083913824, 20.088063178783543 ], [ -99.338975084914551, 20.087826251031771 ], [ -99.338899094728689, 20.087661851682668 ], [ -99.338716345282705, 20.087192321763656 ], [ -99.3382645013059, 20.08611783790877 ], [ -99.338260547745449, 20.086108285790562 ], [ -99.337946744786151, 20.08534998495746 ], [ -99.337642997842536, 20.08464188177209 ], [ -99.33744669242374, 20.084174318145969 ], [ -99.337193280033674, 20.083560417165828 ], [ -99.337000595226527, 20.083063574160001 ], [ -99.33680229167345, 20.082364016227181 ], [ -99.336647688920763, 20.081803945924637 ], [ -99.336247939900858, 20.080314403837846 ], [ -99.336119449182746, 20.079793301832321 ], [ -99.336098033582218, 20.079700502615609 ], [ -99.336095654235521, 20.079624360277435 ], [ -99.336093274628752, 20.079491110048032 ], [ -99.336102792218895, 20.079357859770056 ], [ -99.336121828304925, 20.079012838449277 ], [ -99.336116356879685, 20.078798544023421 ], [ -99.336105171946315, 20.078667817258623 ], [ -99.33606948038792, 20.078525049007091 ], [ -99.336027864429155, 20.078359700793211 ], [ -99.335775867232712, 20.077452387807806 ], [ -99.335756991072742, 20.077319860184897 ], [ -99.335708396925767, 20.077185610655167 ], [ -99.335651289622632, 20.077049981147049 ], [ -99.335553731658393, 20.076828691137948 ], [ -99.335434759157565, 20.076652610630166 ], [ -99.335284852658788, 20.076438460177961 ], [ -99.335179977413574, 20.076314542080691 ], [ -99.334977902102906, 20.076110094309101 ], [ -99.334642397652743, 20.075779349346046 ], [ -99.334442339552311, 20.075553108319671 ], [ -99.334109212566759, 20.075106963579277 ], [ -99.333895064643841, 20.074738149051718 ], [ -99.333800900596216, 20.074559550797527 ], [ -99.333618554785147, 20.074270740052423 ], [ -99.333581202395422, 20.074220228803231 ], [ -99.333352744607168, 20.073994115082581 ], [ -99.332988673147284, 20.073656870144358 ], [ -99.332720901551298, 20.073377497165591 ], [ -99.332519919171105, 20.073190495653023 ], [ -99.332400946271349, 20.073054865736797 ], [ -99.33229862889317, 20.072914478323401 ], [ -99.332222485846842, 20.072766951596005 ], [ -99.332172517799762, 20.072609907181519 ], [ -99.332133893242698, 20.07235861244229 ], [ -99.332049756729717, 20.071857475370315 ], [ -99.331972596358071, 20.071416153968269 ], [ -99.331947178270212, 20.071179378579469 ], [ -99.331913520448978, 20.070829187095413 ], [ -99.331865639360174, 20.070008464633904 ], [ -99.331826854123349, 20.069567907763687 ] ] } },
{ "type": "Feature", "properties": { "ID_OBRA": "162_Chapantongo", "No.": 162.0, "Municipio": "Chapantongo", "Rubro": "Infraestructura Carretera", "Ejercicio": 2025.0, "Obra": "Reconstrucción de la C.E. Golondrinas - Alfajayucan - Chapantongo - Tepetitlán, municipio de Chapantongo", "Localidad": "Chapantongo", "Inversión": 21000000.0, "Habitantes.beneficiados": null, "Ejecutora": "SIPDUS", "Trabajos": null, "Geometria_tipo": "Línea", "extract": 0.16050987258931099 }, "geometry": { "type": "LineString", "coordinates": [ [ -99.349987739477143, 20.128412418263306 ], [ -99.350540240757567, 20.129717318135924 ], [ -99.351138408767014, 20.13112121480852 ], [ -99.351443364832647, 20.131874391125219 ], [ -99.351855825399284, 20.132979131091748 ], [ -99.352566132832195, 20.134561283717524 ], [ -99.353047039464684, 20.135680831459471 ], [ -99.35373938343173, 20.137215642945307 ], [ -99.354114336213925, 20.138019128096136 ], [ -99.354797023524881, 20.139508767576327 ], [ -99.355325805033502, 20.140628221595861 ], [ -99.355604633083118, 20.141224050416877 ], [ -99.355806585818016, 20.141675455961721 ], [ -99.356114289292435, 20.142352564966391 ], [ -99.356306663969931, 20.142794971771114 ], [ -99.356394258449143, 20.143445408732557 ], [ -99.356366601755042, 20.14390631513114 ], [ -99.356281383025078, 20.144304111999212 ], [ -99.356215196143594, 20.144656659381461 ], [ -99.356196273908637, 20.144747065322406 ], [ -99.356182020261159, 20.144803789460212 ], [ -99.35597816372649, 20.145615003004387 ], [ -99.355751001081643, 20.146617622765959 ], [ -99.355369200448592, 20.148219359647321 ], [ -99.355166110560305, 20.149212937762279 ], [ -99.354648623239711, 20.1513107339239 ], [ -99.354420244115289, 20.152226671420554 ], [ -99.354411551974223, 20.152261528754259 ], [ -99.353953078922615, 20.154210678670569 ], [ -99.353931007692225, 20.154330222173151 ], [ -99.353908101987585, 20.154611945393519 ], [ -99.353918579704853, 20.154759975775349 ], [ -99.353943797658289, 20.154876217202133 ], [ -99.353992933994633, 20.154993997331982 ], [ -99.354059007750223, 20.155102096131873 ], [ -99.354145856537286, 20.155196453040254 ], [ -99.35426872668198, 20.155288509962389 ], [ -99.35443330678909, 20.155371375962829 ], [ -99.35467983824627, 20.155454244828679 ], [ -99.35508906328559, 20.155567347324705 ], [ -99.355550993606059, 20.155714378930988 ], [ -99.355733257644147, 20.155772393142598 ], [ -99.357255617799893, 20.156157893056964 ], [ -99.357374384272831, 20.156190191193076 ], [ -99.357762591976567, 20.156300889342319 ], [ -99.358028933416904, 20.156385750922109 ], [ -99.358191957835331, 20.156446815319566 ], [ -99.358368669961166, 20.156521269845161 ], [ -99.358525183744732, 20.156590678734691 ], [ -99.358673487276121, 20.156669681880068 ], [ -99.358856720207086, 20.156788907887108 ], [ -99.359003317050977, 20.156900176856631 ], [ -99.359229848077703, 20.157090560701807 ], [ -99.359548326009701, 20.157352508159835 ], [ -99.359880045616691, 20.157615601781547 ], [ -99.360205370076685, 20.157861500745717 ], [ -99.360450920067635, 20.158043227852307 ], [ -99.360909584422544, 20.158381461874228 ], [ -99.361586757646819, 20.158890941011808 ], [ -99.362047329889947, 20.159239812013759 ], [ -99.362700158600049, 20.159733573711566 ], [ -99.363037943772014, 20.160011068943042 ], [ -99.363322882475146, 20.160232291855674 ], [ -99.363446630543649, 20.160326307606432 ], [ -99.363516934871754, 20.16041779771782 ], [ -99.363574122999623, 20.16051070558721 ], [ -99.363652029934769, 20.160682576652203 ], [ -99.363751678285041, 20.160991816337521 ], [ -99.363887399749672, 20.161384418836121 ], [ -99.363950053555882, 20.161561117783251 ], [ -99.36409408827663, 20.161986828468351 ], [ -99.364213405935971, 20.162354407591945 ], [ -99.364396237606911, 20.162759443780981 ], [ -99.364599411933582, 20.163135559147669 ], [ -99.364725712595558, 20.163350327221146 ], [ -99.364790719652689, 20.163441082239039 ], [ -99.364870670375382, 20.163518175779057 ], [ -99.364932059585129, 20.163575283144681 ], [ -99.36502057585983, 20.163642383594855 ], [ -99.365116230747915, 20.163702346716871 ], [ -99.365226162211115, 20.16375231484373 ], [ -99.365340375818477, 20.163792289716739 ], [ -99.365448879036066, 20.163822271290687 ], [ -99.365547389012946, 20.163840830782906 ], [ -99.36568016331195, 20.163855108086558 ], [ -99.365792948857518, 20.163863674270711 ], [ -99.365932861657399, 20.16387366776268 ], [ -99.366475379370343, 20.163900794026755 ], [ -99.367483378270393, 20.163950856784869 ], [ -99.369607761160381, 20.164059360815028 ], [ -99.370994034990119, 20.16413217197735 ], [ -99.371118242638403, 20.164136455438481 ], [ -99.372117615691423, 20.164193561787592 ], [ -99.372247535255767, 20.164207839255866 ], [ -99.372346044382923, 20.16422925403856 ], [ -99.37245597555858, 20.164260663224692 ], [ -99.37252878739497, 20.164292072289332 ], [ -99.372597316321489, 20.164337757920066 ], [ -99.372670127361374, 20.164406285638851 ], [ -99.372708674030093, 20.16445482694105 ], [ -99.372744365763339, 20.164507651195628 ], [ -99.372777946180221, 20.16457928912504 ], [ -99.372806399780984, 20.164655987431285 ], [ -99.372821461175633, 20.16473608014784 ], [ -99.372830026625394, 20.164856003592575 ], [ -99.372826245333357, 20.164954152034746 ], [ -99.372818605038475, 20.165041602355167 ], [ -99.37278857098697, 20.165207255693485 ], [ -99.372750728264506, 20.165357282697091 ], [ -99.372712956568023, 20.165507024894861 ], [ -99.372623013640123, 20.165902490658123 ], [ -99.372542242717131, 20.166255988304677 ], [ -99.372318919227723, 20.167214525893225 ], [ -99.372231829951929, 20.16762569690794 ], [ -99.372214697960672, 20.167802729436779 ], [ -99.37222183652149, 20.167912659858462 ], [ -99.372240395827248, 20.16800974170582 ], [ -99.372271804890502, 20.168102541142552 ], [ -99.372314636142235, 20.168199623142293 ], [ -99.37236603219435, 20.168288138602271 ], [ -99.37243170483805, 20.168369516728728 ], [ -99.372505943535032, 20.168435190463736 ], [ -99.372577328361061, 20.168476592193894 ], [ -99.372654422583537, 20.168517995359316 ], [ -99.372721522823952, 20.168550830587627 ], [ -99.372892369256476, 20.168613735905598 ], [ -99.373286883186509, 20.168727862934851 ], [ -99.373433934177925, 20.168769266452525 ], [ -99.373995011458064, 20.168902040034911 ], [ -99.374336225603969, 20.1689848449452 ], [ -99.374477565885144, 20.169016253759946 ], [ -99.374628899362222, 20.169043379636459 ], [ -99.37483020236786, 20.1690819266516 ], [ -99.375324334947322, 20.169132679888431 ], [ -99.375640033777813, 20.169162569102269 ], [ -99.375923802135986, 20.169196141409135 ], [ -99.376611942405489, 20.169273235872666 ], [ -99.377204428316261, 20.169344620196625 ], [ -99.377715536109719, 20.169427424765079 ], [ -99.378016775592286, 20.169480248820669 ], [ -99.378152404774198, 20.169504519169436 ], [ -99.378312305324712, 20.169524507315405 ], [ -99.378423663843861, 20.169547350375215 ], [ -99.378505040723425, 20.169567337299789 ], [ -99.378579280786752, 20.169593035159771 ], [ -99.378649237011899, 20.169620160914555 ], [ -99.378724903622739, 20.169661564457069 ], [ -99.378814846849821, 20.169727236919417 ], [ -99.37890336329707, 20.169800049325953 ], [ -99.378969036361326, 20.169864889301692 ], [ -99.379073137604692, 20.169992785352186 ], [ -99.379146383204372, 20.170139484717307 ], [ -99.379370939054184, 20.170650325121557 ], [ -99.379579141980059, 20.171212472778507 ], [ -99.379671346171946, 20.171396881295127 ], [ -99.380224571110887, 20.172408152166412 ], [ -99.38063205324525, 20.173160655902137 ], [ -99.380950306259152, 20.173749573234179 ], [ -99.38138563322876, 20.174541455706557 ], [ -99.381721946459308, 20.175091955823731 ], [ -99.382651888382981, 20.176725198631861 ], [ -99.382748345832681, 20.1768860599894 ], [ -99.38282115791786, 20.177028826843497 ], [ -99.382882548083117, 20.17716302946933 ], [ -99.383276586062493, 20.178318019303411 ], [ -99.383427588073616, 20.178767039947125 ], [ -99.383667068959284, 20.179475025460452 ], [ -99.383695920988117, 20.179580987824504 ], [ -99.383717737636573, 20.17971857016023 ], [ -99.383720594340105, 20.1797842428251 ], [ -99.383717737698404, 20.179857054920998 ], [ -99.383702034320805, 20.179922728311062 ], [ -99.383672053208016, 20.179998395416458 ], [ -99.383559266426019, 20.180226822748512 ], [ -99.38333940438693, 20.1806965279868 ], [ -99.38295821355095, 20.181530291851104 ], [ -99.382814019088073, 20.181848662590031 ], [ -99.382654490150301, 20.182128286179925 ] ] } },
{ "type": "Feature", "properties": { "ID_OBRA": "162_Chapantongo", "No.": 162.0, "Municipio": "Chapantongo", "Rubro": "Infraestructura Carretera", "Ejercicio": 2025.0, "Obra": "Reconstrucción de la C.E. Golondrinas - Alfajayucan - Chapantongo - Tepetitlán, municipio de Chapantongo", "Localidad": "Chapantongo", "Inversión": 21000000.0, "Habitantes.beneficiados": null, "Ejecutora": "SIPDUS", "Trabajos": null, "Geometria_tipo": "Línea", "extract": -0.10926397329822841 }, "geometry": { "type": "LineString", "coordinates": [ [ -99.388099789257794, 20.192567462006689 ], [ -99.38823471103575, 20.192581097242588 ], [ -99.388318001191237, 20.192600774254611 ], [ -99.388420793724947, 20.192631230956696 ], [ -99.388555946906337, 20.192686435271646 ], [ -99.388706328541858, 20.19275686727357 ], [ -99.388811026471316, 20.192829202025237 ], [ -99.388921433348187, 20.192914862612461 ], [ -99.389022612817229, 20.19301177028386 ], [ -99.389108103900369, 20.193102052840942 ], [ -99.389165522962756, 20.193173283848481 ], [ -99.38936486975885, 20.193430332710655 ], [ -99.389652402701458, 20.193790504584101 ], [ -99.389947455628459, 20.194173121781187 ], [ -99.390213414389265, 20.194543244337684 ], [ -99.39060799490322, 20.19504305293249 ], [ -99.391185312590039, 20.195788698454859 ], [ -99.391406385058573, 20.196040515053685 ], [ -99.391534872404208, 20.19618212182932 ], [ -99.391790110936086, 20.196449790146392 ] ] } },
{ "type": "Feature", "properties": { "ID_OBRA": "162_Chapantongo", "No.": 162.0, "Municipio": "Chapantongo", "Rubro": "Infraestructura Carretera", "Ejercicio": 2025.0, "Obra": "Reconstrucción de la C.E. Golondrinas - Alfajayucan - Chapantongo - Tepetitlán, municipio de Chapantongo", "Localidad": "Chapantongo", "Inversión": 21000000.0, "Habitantes.beneficiados": null, "Ejecutora": "SIPDUS", "Trabajos": null, "Geometria_tipo": "Línea", "extract": -0.31047248815160633 }, "geometry": { "type": "LineString", "coordinates": [ [ -99.401388399531825, 20.203095092739392 ], [ -99.401415267560353, 20.203171530064633 ], [ -99.401430497084576, 20.203281937063526 ], [ -99.40144202193423, 20.203384734008999 ], [ -99.401428593056551, 20.203474197047445 ], [ -99.401413364960092, 20.203550340154681 ], [ -99.401379101191651, 20.20364742230246 ], [ -99.401331510541851, 20.203748311152939 ], [ -99.401257271967907, 20.203858718240731 ], [ -99.40085942596555, 20.204488799172957 ], [ -99.400764248351805, 20.204650602646414 ], [ -99.400611962384716, 20.2049304266754 ], [ -99.400583409337685, 20.205002763266567 ], [ -99.400553493568381, 20.20509395270037 ], [ -99.400522317829527, 20.205232947979859 ], [ -99.400513687777817, 20.205323560263757 ], [ -99.400510269900408, 20.205443444633293 ], [ -99.400515106862699, 20.205544202007587 ], [ -99.400532837535849, 20.205659606763835 ], [ -99.400560288177147, 20.20578492026258 ], [ -99.400600747886386, 20.205923924827697 ], [ -99.400662931224815, 20.206093114431674 ], [ -99.400709044245374, 20.206230565383311 ], [ -99.400832776079653, 20.206567495589468 ], [ -99.401044112890389, 20.20708390007125 ], [ -99.401211860422137, 20.20751739537441 ], [ -99.401301459056086, 20.207735957018635 ], [ -99.401418326718101, 20.20801144106062 ], [ -99.401648686721103, 20.208577906617258 ], [ -99.401843126924177, 20.209079998916085 ], [ -99.402131010327622, 20.209780720953372 ], [ -99.402317766199303, 20.21025939003378 ], [ -99.402556647606389, 20.210843753631153 ], [ -99.402778223714293, 20.211377815283029 ], [ -99.402917184201584, 20.211710938839175 ], [ -99.403016610735619, 20.211989278224646 ], [ -99.403099519370187, 20.212241218844177 ], [ -99.403137087638399, 20.21239777508379 ], [ -99.403165845291113, 20.212576562756315 ], [ -99.40318844679183, 20.212798033050301 ], [ -99.403196561285341, 20.213009083396067 ], [ -99.403192358875131, 20.213229810966528 ], [ -99.403182727788106, 20.213426720465051 ], [ -99.403155843931344, 20.213627662696378 ], [ -99.403117489939319, 20.213809560135516 ], [ -99.403076694531393, 20.213976462007611 ], [ -99.403029027619283, 20.214128035096891 ], [ -99.402970965606485, 20.214280671193695 ], [ -99.402869408058578, 20.214506047120004 ], [ -99.40274095609503, 20.21476235716263 ], [ -99.402559686780492, 20.215103931773719 ], [ -99.402266090588242, 20.215634529016945 ], [ -99.402122182290327, 20.21590003770881 ], [ -99.402049465591048, 20.216041027629355 ], [ -99.401983485147099, 20.216180181289005 ], [ -99.401914589704148, 20.216351769247858 ], [ -99.401854672596954, 20.216542457440372 ], [ -99.401823411269831, 20.21668054302793 ], [ -99.40180114871437, 20.216857952056525 ], [ -99.401799005607515, 20.216881905855036 ], [ -99.401811210698128, 20.217046643045805 ], [ -99.401834054317831, 20.217229385110336 ], [ -99.401879738736838, 20.217467330949191 ], [ -99.401976820907876, 20.217975583823364 ], [ -99.402009182184955, 20.218158326647735 ], [ -99.402045349577023, 20.218356297748159 ], [ -99.402072000396885, 20.218531426087072 ], [ -99.402091034678193, 20.218716072615265 ], [ -99.402082550320586, 20.218786888692758 ], [ -99.402094562984502, 20.219031904696255 ], [ -99.402095355907079, 20.219281627180219 ], [ -99.402102717879401, 20.219512391835043 ], [ -99.402141967451882, 20.21974694286844 ], [ -99.402216832141491, 20.219970998895146 ], [ -99.402280945438235, 20.2201111838598 ], [ -99.402359170165241, 20.22023789588512 ], [ -99.402463308121824, 20.220365743084859 ], [ -99.402539750586556, 20.220446664082868 ], [ -99.402734293361078, 20.22063261866861 ], [ -99.402932401401188, 20.22081069694898 ], [ -99.403158969662428, 20.221009657589022 ], [ -99.403573791382499, 20.221393654340208 ], [ -99.403925988717717, 20.221705889659926 ], [ -99.404097019853253, 20.221894221779792 ], [ -99.404214973194257, 20.222031657023606 ], [ -99.40443803563204, 20.222310343045887 ], [ -99.404676798670366, 20.222640074717194 ], [ -99.405013394205909, 20.223107718132749 ], [ -99.405070833608434, 20.223200028660457 ], [ -99.405278843893953, 20.22349621087729 ], [ -99.40573938113225, 20.224154985031198 ], [ -99.405887324345628, 20.224369019031631 ], [ -99.406249113745645, 20.224880256828918 ], [ -99.406585885319359, 20.22536884266793 ], [ -99.406884253173075, 20.225801601191911 ], [ -99.407341838061768, 20.226457358589791 ], [ -99.40763739729114, 20.226891886116949 ], [ -99.407922509853776, 20.227298173696436 ], [ -99.408349607471209, 20.227894915350817 ], [ -99.409483814717774, 20.229535429329591 ], [ -99.410024057544035, 20.230286433767112 ], [ -99.412653645739795, 20.234118879994941 ], [ -99.413260743241523, 20.234981391130411 ], [ -99.413798486444776, 20.235749828812093 ], [ -99.414404110369631, 20.23662589170706 ], [ -99.414918496966095, 20.237375294399232 ], [ -99.415131478000319, 20.23766080472155 ], [ -99.415239578628629, 20.237789302166465 ], [ -99.415417450184236, 20.237957084003913 ], [ -99.415555283041371, 20.2380494218318 ], [ -99.415719479223938, 20.238138913023771 ], [ -99.415854921940181, 20.238195681410566 ], [ -99.416021989878459, 20.238246025842251 ], [ -99.416199533762978, 20.238276561275566 ], [ -99.416331316635052, 20.238294155834932 ], [ -99.416576347909924, 20.238267852617216 ], [ -99.416821211173058, 20.238239253343576 ], [ -99.41708908596857, 20.238166315032565 ], [ -99.417270758016997, 20.238075518727438 ], [ -99.417433243441948, 20.237975737037701 ], [ -99.417566961159608, 20.237848909448619 ], [ -99.417738680143955, 20.237622596949407 ], [ -99.418120383086872, 20.237151799632834 ], [ -99.418473446407688, 20.236717222064886 ], [ -99.418540273914118, 20.236644768994566 ], [ -99.418545533900883, 20.236637997326401 ], [ -99.418924166272177, 20.236171770725004 ], [ -99.41925225059596, 20.235764635624029 ], [ -99.419437792878639, 20.235633416800972 ], [ -99.419703379317852, 20.235570741612008 ], [ -99.419932014396352, 20.235579424338926 ], [ -99.420129053898862, 20.235645156031769 ], [ -99.420299766808157, 20.235758429775409 ], [ -99.420429269045925, 20.235899798218686 ], [ -99.420517102348938, 20.236093245688654 ], [ -99.420556196045638, 20.236324080868993 ], [ -99.42053772470193, 20.236611882117579 ], [ -99.420460660682721, 20.237440767658651 ], [ -99.420406755884329, 20.237881379176699 ], [ -99.420357306302364, 20.238048449738965 ], [ -99.420328771756303, 20.238259202066128 ], [ -99.420259793925311, 20.238852956349234 ], [ -99.420176827726465, 20.239624402304976 ], [ -99.420107025538016, 20.240337883403654 ], [ -99.420039494795972, 20.241047111045358 ], [ -99.41999950918462, 20.241646447844332 ], [ -99.419981029103994, 20.241842821887776 ], [ -99.419980224269466, 20.242077758305822 ], [ -99.419991600994024, 20.242251125955303 ], [ -99.420016106712154, 20.242434368617193 ], [ -99.420050470419525, 20.242596675067666 ], [ -99.420113738445053, 20.242813244582898 ], [ -99.420163837997038, 20.242965312294881 ], [ -99.420242163206538, 20.243170938932991 ], [ -99.420307697581435, 20.243319714764851 ], [ -99.420396691923784, 20.243495816009442 ], [ -99.420539009691552, 20.243747948739017 ], [ -99.420655234245899, 20.243902048157608 ], [ -99.420770726469016, 20.244064637000811 ], [ -99.420914401849132, 20.24425910310423 ], [ -99.421051534383707, 20.244441469880879 ], [ -99.421206989410678, 20.244648546458539 ], [ -99.421386582721709, 20.244894936757998 ], [ -99.42167122688484, 20.245286889647225 ], [ -99.421968581639476, 20.245685566962603 ], [ -99.422316037534159, 20.24615190041461 ], [ -99.422631188404594, 20.246562059408109 ], [ -99.422879276409233, 20.246925729842058 ], [ -99.423052709988596, 20.247162943277281 ], [ -99.423147022941848, 20.247283303609866 ], [ -99.423330755971136, 20.247526242570441 ], [ -99.423754814703017, 20.248114165928435 ], [ -99.424404222060446, 20.24900330935187 ], [ -99.424600040057385, 20.249264064213772 ], [ -99.424976117882139, 20.249770002622931 ], [ -99.426237512301839, 20.251445903369369 ], [ -99.426323861054058, 20.251596739663729 ], [ -99.426423118349092, 20.251960315421904 ], [ -99.426358630646661, 20.25225745993302 ], [ -99.426022883382601, 20.252657064901943 ], [ -99.425945578741207, 20.252767108928758 ], [ -99.425801283078769, 20.252928823946565 ], [ -99.425715890687385, 20.253042913153401 ], [ -99.425636609189453, 20.253159214921055 ], [ -99.42559136328704, 20.25323144746125 ], [ -99.425539797054284, 20.253324467830147 ], [ -99.425492149010765, 20.253419660929225 ], [ -99.425452531332894, 20.253506378422546 ], [ -99.425409970117173, 20.253609565265386 ], [ -99.425341009183228, 20.253790987718425 ], [ -99.425266531184747, 20.253991476429029 ], [ -99.425168959944884, 20.25425983896201 ], [ -99.42466643119981, 20.255542307382328 ], [ -99.424540786763885, 20.255826916009912 ], [ -99.424415757118467, 20.256089517111011 ], [ -99.424280114327331, 20.256383618818887 ], [ -99.42408467929252, 20.256846408908807 ], [ -99.424023882972762, 20.256981237414109 ], [ -99.423981284978026, 20.257049339898792 ], [ -99.423897274351717, 20.257191917939611 ], [ -99.423814478804999, 20.25731866965123 ], [ -99.423723195242232, 20.257445269243185 ], [ -99.423617100565281, 20.257581394425216 ], [ -99.423399129721219, 20.257845740106291 ], [ -99.423272310156136, 20.257995764059292 ], [ -99.423105430428507, 20.258194235680811 ], [ -99.422980720470434, 20.258340996772247 ], [ -99.422845346960329, 20.258501795982497 ], [ -99.422735603756777, 20.25863020435887 ], [ -99.422479630808368, 20.258931162281215 ], [ -99.422356037397734, 20.259078734408575 ], [ -99.422216733905756, 20.259245218265708 ], [ -99.422071724433394, 20.259417111285384 ], [ -99.421934499123495, 20.259581460077847 ], [ -99.421830236910637, 20.259717533697369 ], [ -99.421759822245932, 20.259820555327767 ], [ -99.421710950989961, 20.259898360103797 ], [ -99.42136833034651, 20.260482171005698 ], [ -99.421219008339492, 20.260774175188544 ], [ -99.420799121748146, 20.261490229738168 ], [ -99.420774054437445, 20.26153297707252 ], [ -99.420495954043773, 20.261964920266248 ], [ -99.420011088367232, 20.262643699794229 ], [ -99.419844874294895, 20.26286695765916 ], [ -99.419571689605078, 20.263232168595366 ], [ -99.419406172821454, 20.263449543599087 ], [ -99.419236046531438, 20.263675003346219 ], [ -99.419061743860752, 20.26390582597827 ], [ -99.418914813322303, 20.264098017290639 ], [ -99.418705519979724, 20.264377267032817 ], [ -99.41828616531312, 20.26494981623874 ], [ -99.41729824340554, 20.266286611890045 ], [ -99.416779189772214, 20.266990090394724 ], [ -99.416700124727853, 20.267132664091982 ], [ -99.416622199366145, 20.267251673973629 ], [ -99.416538084449101, 20.267384460711188 ], [ -99.416476342562319, 20.26750188416154 ], [ -99.416414964631528, 20.267631213767739 ], [ -99.416331149096109, 20.267778731463089 ], [ -99.416272013367077, 20.267877812329484 ], [ -99.416219850398662, 20.267963490344574 ], [ -99.416182301192052, 20.26801975143438 ], [ -99.416066961185237, 20.268180824105578 ], [ -99.415937263987416, 20.268383643824478 ], [ -99.415650730115928, 20.268854600675454 ], [ -99.415441412005336, 20.269211475969524 ], [ -99.415324207837273, 20.269412846030491 ], [ -99.415204467623866, 20.269619963642075 ], [ -99.415050806822009, 20.269878482777607 ], [ -99.414885069395552, 20.270164802318337 ], [ -99.414698707286021, 20.27049176396385 ], [ -99.414568750014539, 20.270708364442608 ], [ -99.414405031306245, 20.27098130965139 ], [ -99.414096134285842, 20.271511651439081 ], [ -99.413923202174843, 20.271804263635222 ], [ -99.413728271204704, 20.272134095417567 ], [ -99.413365992149267, 20.272765648428884 ], [ -99.413308137724215, 20.272866502699781 ], [ -99.412769960928074, 20.273923924726414 ], [ -99.412359500621008, 20.274724731063515 ] ] } },
{ "type": "Feature", "properties": { "ID_OBRA": "162_Chapantongo", "No.": 162.0, "Municipio": "Chapantongo", "Rubro": "Infraestructura Carretera", "Ejercicio": 2025.0, "Obra": "Reconstrucción de la C.E. Golondrinas - Alfajayucan - Chapantongo - Tepetitlán, municipio de Chapantongo", "Localidad": "Chapantongo", "Inversión": 21000000.0, "Habitantes.beneficiados": null, "Ejecutora": "SIPDUS", "Trabajos": null, "Geometria_tipo": "Línea", "extract": -0.57064526969340801 }, "geometry": { "type": "LineString", "coordinates": [ [ -99.402659295669267, 20.30173122408447 ], [ -99.402485195379242, 20.301974830452259 ], [ -99.40241630622323, 20.302072127187497 ], [ -99.402342801081844, 20.302176365278559 ], [ -99.402239068773966, 20.302320705921378 ], [ -99.402061326285718, 20.302562343118389 ], [ -99.401798865311136, 20.302931588791264 ], [ -99.401580481952067, 20.303240528305423 ], [ -99.401395338818944, 20.303488664387011 ], [ -99.401297880860383, 20.30362243037365 ], [ -99.401218052016972, 20.303737179857457 ], [ -99.401095350224224, 20.303914280709716 ], [ -99.400900589439956, 20.304198271393908 ], [ -99.400790627870819, 20.304367232853323 ], [ -99.400710662986356, 20.304504228657308 ], [ -99.400557791467492, 20.304801893321581 ], [ -99.400496261369199, 20.304945648385935 ], [ -99.400372978303722, 20.305250547330409 ], [ -99.400298209751639, 20.305450910106405 ], [ -99.400242927699495, 20.30559902882878 ], [ -99.400178553293856, 20.30577151096097 ], [ -99.400095573768439, 20.305990130196964 ], [ -99.400020105710624, 20.306185427846078 ], [ -99.399910843999592, 20.306480516319986 ], [ -99.399815890709561, 20.306728907257941 ], [ -99.399618550348663, 20.307252140462886 ], [ -99.399429904126379, 20.307744465128629 ], [ -99.399294756876543, 20.308121067343958 ], [ -99.399203197911874, 20.308364139608901 ], [ -99.399111064825419, 20.308603810098248 ], [ -99.399006553705533, 20.308884386743379 ], [ -99.398869962809272, 20.309257199408112 ], [ -99.398781166360578, 20.309499694958287 ], [ -99.398696686278015, 20.309700144206111 ], [ -99.398625536701488, 20.309830020112273 ], [ -99.398544788685342, 20.309938288795522 ], [ -99.398460928655112, 20.310023029736616 ], [ -99.398394553191963, 20.310080858966256 ], [ -99.398307245209878, 20.310142186749278 ], [ -99.398230010952034, 20.310191571002374 ], [ -99.398114642995338, 20.310256393598291 ], [ -99.397944903246128, 20.310339433882074 ], [ -99.397655746686425, 20.310475498800621 ], [ -99.397374470789003, 20.310611931194639 ], [ -99.397098987952219, 20.310734652012304 ], [ -99.396919477298013, 20.310828314761984 ], [ -99.396364696066968, 20.311127784333777 ], [ -99.396350719039432, 20.311134171159065 ], [ -99.395073071073568, 20.311718065247653 ], [ -99.394269554586913, 20.312144564973813 ], [ -99.391705445792397, 20.313316003181537 ], [ -99.389820695994231, 20.314214800097723 ], [ -99.389785643066659, 20.314231428917179 ], [ -99.389591071352442, 20.314323737054305 ], [ -99.388194273859327, 20.315004550412819 ], [ -99.387323602462118, 20.31540408065764 ], [ -99.385945883196072, 20.316057737135178 ], [ -99.385429243100646, 20.31631189366372 ], [ -99.385276382717961, 20.316474877625698 ], [ -99.38520586914008, 20.316543538215747 ], [ -99.385107135567537, 20.316711876965019 ], [ -99.385082508123446, 20.316750938683064 ], [ -99.385040114943564, 20.316855936951644 ], [ -99.385004163817598, 20.3169757720378 ], [ -99.384974083283666, 20.317128420026211 ], [ -99.384955386885949, 20.317238315248673 ], [ -99.384929851405715, 20.317395976451309 ], [ -99.384897127744324, 20.317602023377535 ], [ -99.384862973714434, 20.31782776875739 ], [ -99.384829756410952, 20.318037239664577 ], [ -99.38477743256415, 20.318401234672418 ], [ -99.384740465282377, 20.318655831578141 ], [ -99.384691272559678, 20.31900941446219 ], [ -99.384651122587883, 20.319268556317741 ], [ -99.384606487844437, 20.319579365294153 ], [ -99.384566473429771, 20.31986052624347 ], [ -99.384508057820852, 20.320256228994069 ], [ -99.384462873428149, 20.320578577444415 ], [ -99.384407856745611, 20.320955190009609 ], [ -99.384363817341224, 20.321248329080511 ], [ -99.384327868400973, 20.321481748158369 ], [ -99.384291648199365, 20.321727165187149 ], [ -99.384260884413749, 20.321943179964375 ], [ -99.384224169007865, 20.322170459687491 ], [ -99.384183061321593, 20.322415937115959 ], [ -99.384127560547029, 20.322769245327009 ], [ -99.384046678108646, 20.323259507709611 ], [ -99.383915159707186, 20.32419855028153 ], [ -99.383873331671936, 20.324450640060704 ], [ -99.3838433156062, 20.324653315639726 ], [ -99.383816351523407, 20.324856404694582 ], [ -99.383791326647454, 20.325036354102167 ], [ -99.383745283171052, 20.325329965387109 ], [ -99.383715159444989, 20.325533395687479 ], [ -99.383667990276635, 20.325820859372357 ], [ -99.383627246420644, 20.32608289463068 ], [ -99.383582305863911, 20.326371433215346 ], [ -99.383538286136783, 20.32669394044694 ], [ -99.383491052606459, 20.327011516424349 ], [ -99.383442109717635, 20.327334069652228 ], [ -99.383380037356119, 20.327735338856495 ], [ -99.383342639984448, 20.327950457055085 ], [ -99.383315071742516, 20.328142086688953 ], [ -99.3832889355308, 20.328334081852802 ], [ -99.383261154647343, 20.328501664810243 ], [ -99.383235461925779, 20.328668024200901 ], [ -99.383237830767342, 20.328849930301025 ], [ -99.383124273864922, 20.329419439674734 ], [ -99.383058726734419, 20.33003405004543 ], [ -99.383004183194828, 20.33025717923514 ], [ -99.382776392837187, 20.331762642814109 ], [ -99.382685569673583, 20.332366635608448 ], [ -99.382589620158996, 20.332987972768858 ], [ -99.382481040831877, 20.333675976686269 ], [ -99.382407927864605, 20.334150196069871 ], [ -99.382369340465871, 20.334418557788229 ], [ -99.382321309648901, 20.334717197833747 ], [ -99.38226835732371, 20.335082840231731 ], [ -99.382218563839629, 20.335412060749306 ], [ -99.382174551447179, 20.335693220467409 ], [ -99.382130972307806, 20.335992469673357 ], [ -99.382080287964811, 20.336320780321621 ], [ -99.38203038911476, 20.336704903965149 ], [ -99.381991181695795, 20.336949892983903 ], [ -99.381946156257712, 20.337177772028006 ], [ -99.38190080460808, 20.337344264419084 ], [ -99.381805595645488, 20.337600461338038 ], [ -99.381769342262658, 20.337678862601155 ], [ -99.381705778881567, 20.337804990302121 ], [ -99.381645988286948, 20.337914808456862 ], [ -99.381548074654106, 20.338078713698597 ], [ -99.381275928538997, 20.338510359103111 ], [ -99.38114183581709, 20.338719806814844 ], [ -99.380951248156535, 20.339006765300251 ], [ -99.380802125167293, 20.339245212821247 ], [ -99.380659155605059, 20.339474063934745 ], [ -99.380463604361168, 20.339774667403727 ], [ -99.380329722361992, 20.33998693964935 ], [ -99.380162863643861, 20.340252550952993 ], [ -99.380022622590346, 20.340470801583574 ], [ -99.379729576346378, 20.340932320287671 ], [ -99.379506369704345, 20.341270257048635 ], [ -99.379258157978612, 20.341658786284032 ], [ -99.379111977150956, 20.341862002920447 ], [ -99.378758460742546, 20.342251314696952 ], [ -99.378643774188546, 20.342369033667151 ], [ -99.378452633437888, 20.342559222111298 ], [ -99.378249250262385, 20.342730513267735 ], [ -99.378105419206491, 20.342858528454155 ], [ -99.377902587521987, 20.343051276250311 ], [ -99.377682660639977, 20.343257761430237 ], [ -99.377452424562534, 20.343478472587233 ], [ -99.37718706034876, 20.343732198886151 ], [ -99.376817649330022, 20.344079623123523 ], [ -99.376463041792405, 20.34442357913645 ], [ -99.374864906611876, 20.345972727091652 ], [ -99.374772586095276, 20.346064143632841 ], [ -99.374084398740692, 20.346734299825929 ], [ -99.37344898019019, 20.347308327463786 ], [ -99.373281519871639, 20.347471995416207 ], [ -99.373042786591157, 20.347693121091073 ], [ -99.372822517437768, 20.347907726289371 ], [ -99.372612922231255, 20.348108573445749 ], [ -99.37240206366539, 20.3483081950288 ], [ -99.372118040353058, 20.348577848136021 ], [ -99.371823022013814, 20.348856318203762 ], [ -99.371670036689437, 20.349000243188335 ], [ -99.371423448061776, 20.349252585333705 ], [ -99.371270601211151, 20.34942029924218 ], [ -99.371159183190699, 20.349551223632851 ], [ -99.371014868540399, 20.349736993368563 ], [ -99.370863754880602, 20.349952458576325 ], [ -99.370718029199224, 20.350156704639708 ], [ -99.37054667056519, 20.350394452393743 ], [ -99.370404536827635, 20.350591420966666 ], [ -99.370244960572393, 20.350812537645659 ], [ -99.370145070001357, 20.350964171389215 ], [ -99.370083236323353, 20.351069272139672 ], [ -99.370020848370629, 20.35118627108233 ], [ -99.369933796902998, 20.35137613942187 ], [ -99.369856627205891, 20.351555175903378 ], [ -99.369786587096911, 20.351724758962582 ], [ -99.369712440106724, 20.351893417247162 ], [ -99.369639139612161, 20.352068387289343 ], [ -99.369487279332745, 20.352439388191755 ], [ -99.369349704371487, 20.35277032574778 ], [ -99.369162038870329, 20.353251777231272 ], [ -99.368932534872243, 20.353799734628296 ], [ -99.368798845175576, 20.354097791700728 ], [ -99.368740449584237, 20.354242687282266 ], [ -99.368655571537005, 20.354442963669818 ], [ -99.368586992366701, 20.354609909096371 ], [ -99.36849368067773, 20.354840954229729 ], [ -99.368371543902413, 20.355138445320247 ], [ -99.368239471394674, 20.355470918255531 ], [ -99.368117710076149, 20.355766739385992 ], [ -99.367986866011265, 20.356094854092369 ], [ -99.367835848542001, 20.356470997822552 ], [ -99.367718277197852, 20.356768289059058 ], [ -99.367351223410779, 20.35767335634015 ], [ -99.367269960898483, 20.357827127854137 ], [ -99.367084902351166, 20.358245612837631 ], [ -99.36700948534498, 20.358407259620851 ], [ -99.366910329903419, 20.358598044612336 ], [ -99.3668127700128, 20.35878740661143 ], [ -99.366728758546188, 20.358944476426661 ], [ -99.366596491856853, 20.359213728656535 ], [ -99.366472275142172, 20.359462278270559 ], [ -99.366273858933823, 20.359843877615969 ], [ -99.366116004765686, 20.360151229068308 ], [ -99.365811622063802, 20.360698446419526 ], [ -99.365785051438081, 20.360741226937343 ], [ -99.365723748549243, 20.360841856616357 ], [ -99.365666992163597, 20.360934796001796 ], [ -99.365614612893182, 20.361022974981545 ], [ -99.365554899969993, 20.361121820241195 ], [ -99.365483466461981, 20.361236850313094 ], [ -99.36541182782706, 20.361349040714384 ], [ -99.365332017770982, 20.36146690121582 ], [ -99.365227456273132, 20.361616969595222 ], [ -99.365126639800039, 20.361763261994934 ], [ -99.365017287311971, 20.361926889111075 ], [ -99.364853603755421, 20.36220727589777 ], [ -99.364789367578013, 20.362332330741044 ], [ -99.364701713665852, 20.362519443431033 ], [ -99.364611404209654, 20.362751344008394 ], [ -99.364529185627944, 20.362960516118861 ], [ -99.364423252089111, 20.363232623149297 ], [ -99.364306461982196, 20.363533303466802 ], [ -99.364182772558621, 20.363849521339461 ], [ -99.364073078831709, 20.364091368415846 ], [ -99.363972945427818, 20.364279215186215 ], [ -99.363883804958846, 20.36441183066653 ], [ -99.363730722735554, 20.364622585917836 ], [ -99.363543484696024, 20.364869414994757 ], [ -99.363401934765307, 20.365058659727215 ], [ -99.363211714889417, 20.365311690761729 ], [ -99.363043814157464, 20.365533832906248 ], [ -99.362614396775228, 20.366093468196905 ], [ -99.362525934929934, 20.366210700199499 ], [ -99.362156369785509, 20.366705892385106 ], [ -99.361915037217329, 20.367027495132625 ], [ -99.361789775700359, 20.367196604727564 ], [ -99.361338772012786, 20.367802189007499 ], [ -99.36114210737658, 20.368060624827951 ], [ -99.361002949967983, 20.368251485569512 ], [ -99.360747836005388, 20.368578672456376 ], [ -99.360571725393413, 20.368803456918439 ], [ -99.360338403280394, 20.369048099739924 ], [ -99.359537101742305, 20.369969769131448 ], [ -99.358696024388351, 20.370902221770841 ], [ -99.358574822568841, 20.371033819707549 ], [ -99.358315060587813, 20.37133295800497 ], [ -99.357959505172772, 20.3717334216342 ], [ -99.357627987617306, 20.372098337592849 ], [ -99.357320920539635, 20.372448179330988 ], [ -99.357029805467278, 20.372769147151036 ], [ -99.35638308582655, 20.373500331385841 ], [ -99.355207042985057, 20.374821710020939 ], [ -99.353597933275296, 20.376641998234877 ], [ -99.35157836521185, 20.378878690753766 ], [ -99.351075704345448, 20.379437864352376 ], [ -99.350903192620308, 20.379654989986875 ], [ -99.350813963184962, 20.379788835143756 ], [ -99.350718784791582, 20.379961346233905 ], [ -99.350683093269865, 20.380086268011691 ], [ -99.350659297999812, 20.380246881330464 ], [ -99.350596837114239, 20.381281947234378 ], [ -99.350549247816502, 20.382004707648576 ], [ -99.35050165878684, 20.382656084990629 ], [ -99.3504626797085, 20.383316774821328 ] ] } },
{ "type": "Feature", "properties": { "ID_OBRA": "162_Chapantongo", "No.": 162.0, "Municipio": "Chapantongo", "Rubro": "Infraestructura Carretera", "Ejercicio": 2025.0, "Obra": "Reconstrucción de la C.E. Golondrinas - Alfajayucan - Chapantongo - Tepetitlán, municipio de Chapantongo", "Localidad": "Chapantongo", "Inversión": 21000000.0, "Habitantes.beneficiados": null, "Ejecutora": "SIPDUS", "Trabajos": null, "Geometria_tipo": "Línea", "extract": -0.70720249184718242 }, "geometry": { "type": "LineString", "coordinates": [ [ -99.350308243755293, 20.385858442165041 ], [ -99.350299405013487, 20.3859992279781 ], [ -99.350177382666701, 20.387880408911421 ], [ -99.350131905180803, 20.388607519907357 ], [ -99.350050287545869, 20.389274425861679 ], [ -99.349840318805434, 20.390420677367551 ], [ -99.349808631839068, 20.390605372243758 ], [ -99.349668673374453, 20.391449557825695 ], [ -99.349501158814817, 20.392361368134441 ], [ -99.34934125938608, 20.39335693445236 ], [ -99.349227045354169, 20.39398701583039 ] ] } },
{ "type": "Feature", "properties": { "ID_OBRA": "162_Chapantongo", "No.": 162.0, "Municipio": "Chapantongo", "Rubro": "Infraestructura Carretera", "Ejercicio": 2025.0, "Obra": "Reconstrucción de la C.E. Golondrinas - Alfajayucan - Chapantongo - Tepetitlán, municipio de Chapantongo", "Localidad": "Chapantongo", "Inversión": 21000000.0, "Habitantes.beneficiados": null, "Ejecutora": "SIPDUS", "Trabajos": null, "Geometria_tipo": "Línea", "extract": -0.55797336471855807 }, "geometry": { "type": "LineString", "coordinates": [ [ -99.348253699692719, 20.417555628994862 ], [ -99.348222052319429, 20.417406420771322 ], [ -99.348193498312924, 20.417280309939908 ], [ -99.348172083118442, 20.4171327827544 ], [ -99.348157805584151, 20.41701618915085 ], [ -99.348153047160338, 20.41683059197188 ], [ -99.348153046839599, 20.416690202994481 ], [ -99.348160186364339, 20.416561712081347 ], [ -99.348304149213121, 20.415581948100183 ], [ -99.348521864302924, 20.414103728781267 ] ] } },
{ "type": "Feature", "properties": { "ID_OBRA": "162_Chapantongo", "No.": 162.0, "Municipio": "Chapantongo", "Rubro": "Infraestructura Carretera", "Ejercicio": 2025.0, "Obra": "Reconstrucción de la C.E. Golondrinas - Alfajayucan - Chapantongo - Tepetitlán, municipio de Chapantongo", "Localidad": "Chapantongo", "Inversión": 21000000.0, "Habitantes.beneficiados": null, "Ejecutora": "SIPDUS", "Trabajos": null, "Geometria_tipo": "Línea", "extract": -0.55719142223367268 }, "geometry": { "type": "LineString", "coordinates": [ [ -99.348564694224805, 20.414134662350996 ], [ -99.348520305593823, 20.414542722714959 ], [ -99.348394041179588, 20.415697729079753 ], [ -99.348331506538941, 20.416245244124049 ], [ -99.348250605098144, 20.416711617923685 ], [ -99.348236328338587, 20.416875801371052 ], [ -99.348248225780324, 20.417073296609018 ], [ -99.348280541582767, 20.41730875518941 ] ] } },
{ "type": "Feature", "properties": { "ID_OBRA": "162_Chapantongo", "No.": 162.0, "Municipio": "Chapantongo", "Rubro": "Infraestructura Carretera", "Ejercicio": 2025.0, "Obra": "Reconstrucción de la C.E. Golondrinas - Alfajayucan - Chapantongo - Tepetitlán, municipio de Chapantongo", "Localidad": "Chapantongo", "Inversión": 21000000.0, "Habitantes.beneficiados": null, "Ejecutora": "SIPDUS", "Trabajos": null, "Geometria_tipo": "Línea", "extract": -0.59376900608477023 }, "geometry": { "type": "LineString", "coordinates": [ [ -99.351418555342761, 20.423784681817853 ], [ -99.351518331314423, 20.423972589970088 ], [ -99.351668236819563, 20.424275972472007 ], [ -99.351889021368791, 20.424707861617268 ], [ -99.352256149324177, 20.425457534114837 ], [ -99.352642328083107, 20.426234329731155 ], [ -99.353113759626211, 20.427145602349839 ], [ -99.35382402854647, 20.4285804172338 ], [ -99.354138118075852, 20.429233578809789 ], [ -99.354216639714281, 20.429383484583589 ], [ -99.354450749217236, 20.429824310380177 ], [ -99.354818376085831, 20.430559563108663 ], [ -99.354907021037192, 20.43073544570494 ] ] } },
{ "type": "Feature", "properties": { "ID_OBRA": "162_Chapantongo", "No.": 162.0, "Municipio": "Chapantongo", "Rubro": "Infraestructura Carretera", "Ejercicio": 2025.0, "Obra": "Reconstrucción de la C.E. Golondrinas - Alfajayucan - Chapantongo - Tepetitlán, municipio de Chapantongo", "Localidad": "Chapantongo", "Inversión": 21000000.0, "Habitantes.beneficiados": null, "Ejecutora": "SIPDUS", "Trabajos": null, "Geometria_tipo": "Línea", "extract": -0.77925294498334285 }, "geometry": { "type": "LineString", "coordinates": [ [ -99.361658279723983, 20.44960740264457 ], [ -99.361902174699509, 20.449379570097296 ], [ -99.362080634586647, 20.449165417589409 ], [ -99.362187710269879, 20.449019082070876 ], [ -99.362270460937324, 20.448876628436935 ], [ -99.362423276553315, 20.448608625082066 ], [ -99.362544630329211, 20.448344503993134 ], [ -99.362601737080212, 20.448162475857355 ], [ -99.362680273586506, 20.4478366279981 ], [ -99.362737365671791, 20.447594974296614 ], [ -99.362765414028914, 20.447348503443099 ], [ -99.362773057928052, 20.447081011088763 ], [ -99.36275878104496, 20.446809752099369 ], [ -99.362708811802733, 20.446488524722415 ], [ -99.362637428825707, 20.446202989325954 ], [ -99.362491091741092, 20.44582822411174 ], [ -99.362359032113616, 20.445531980678275 ], [ -99.361944368289656, 20.444720705762698 ], [ -99.361645804528465, 20.4441339866625 ], [ -99.361115976606214, 20.443041722015987 ], [ -99.360511356194735, 20.441861758808997 ], [ -99.359282388611433, 20.439343003182326 ] ] } },
{ "type": "Feature", "properties": { "ID_OBRA": "175_Chapulhuacán", "No.": 175.0, "Municipio": "Chapulhuacán", "Rubro": "Infraestructura Carretera", "Ejercicio": 2024.0, "Obra": "Reconstrucción de la C.E. Santa Ana de Allende - Huatepango, municipio de Chapulhuacán", "Localidad": "Santa Ana de Allende", "Inversión": 6484768.0, "Habitantes.beneficiados": 1760.0, "Ejecutora": "DGOPI", "Trabajos": "Considera trabajos para la reconstrucción y/o conservación de Infraestructura Carretera en la localidad de Santa Ana de Allende municipio de Chapulhuacán", "Geometria_tipo": "Línea", "extract": 0.33645245401119928 }, "geometry": { "type": "LineString", "coordinates": [ [ -98.99116502353435, 21.120761786243364 ], [ -98.991208487005295, 21.120454003990019 ], [ -98.991420853039301, 21.120191280700595 ], [ -98.992368517748517, 21.118472004345598 ], [ -98.992652194700398, 21.117865191726235 ], [ -98.992856594371005, 21.117669364232302 ], [ -98.994018561881603, 21.117230411093939 ] ] } },
{ "type": "Feature", "properties": { "ID_OBRA": "22_Acaxochitlán", "No.": 22.0, "Municipio": "Acaxochitlán", "Rubro": "Infraestructura Carretera", "Ejercicio": 2025.0, "Obra": "Rehabilitación de la C.E. Acaxochitlán a Tlamimilolpa a La Mesa a Cuautepec (primera etapa), en el municipio de Acaxochitlán", "Localidad": "Tlamimilolpa", "Inversión": 10000000.0, "Habitantes.beneficiados": null, "Ejecutora": "DGCCE", "Trabajos": "Se realizara la obra contemplando las siguientes partidas: preliminares, pavimento de concreto hidráulico, obras complementarias, señalamiento horizontal.", "Geometria_tipo": "Línea", "extract": 0.43705652087246555 }, "geometry": { "type": "LineString", "coordinates": [ [ -98.2083416888849, 20.150640844909397 ], [ -98.207839282749717, 20.149883338280102 ], [ -98.207458672041199, 20.149711826834899 ], [ -98.206849694907589, 20.149611778404893 ], [ -98.206575655197497, 20.149554607844699 ], [ -98.206362513200702, 20.149297340064695 ], [ -98.206743123909206, 20.146967618092898 ], [ -98.206819246050912, 20.146281558372497 ], [ -98.207260754472699, 20.144509223479396 ], [ -98.207991527033101, 20.142422416293194 ], [ -98.208113322459795, 20.142107963478299 ], [ -98.208174220173106, 20.141793510030496 ], [ -98.207930629319691, 20.140321287741997 ], [ -98.207884956034704, 20.139649492379196 ], [ -98.207884956034704, 20.1394207954264 ], [ -98.208737524021714, 20.137634088958801 ], [ -98.209376950012, 20.137133807486595 ], [ -98.209711887435503, 20.136590642931701 ], [ -98.209894580575607, 20.134975431916203 ], [ -98.210153395857404, 20.132516848590701 ], [ -98.210792821847605, 20.130630002599197 ], [ -98.211508369979583, 20.129700865521706 ], [ -98.211592104335594, 20.129359584939102 ] ] } },
{ "type": "Feature", "properties": { "ID_OBRA": "247_Eloxochitlán", "No.": 247.0, "Municipio": "Eloxochitlán", "Rubro": "Infraestructura Carretera", "Ejercicio": 2023.0, "Obra": "Modernización del Camino Eloxochitlán - Molango, en el municipio de Eloxochitlán.", "Localidad": "Eloxochitlán", "Inversión": 48367261.26, "Habitantes.beneficiados": null, "Ejecutora": "DGCCE", "Trabajos": "Considera los trabajos de modernización del camino en la localidad de Eloxochitlán", "Geometria_tipo": "Línea", "extract": 0.20210592702983757 }, "geometry": { "type": "LineString", "coordinates": [ [ -98.727749099999983, 20.774014 ], [ -98.72759, 20.77345 ], [ -98.72761, 20.77265 ], [ -98.72739, 20.77196 ], [ -98.72764, 20.77118 ], [ -98.72751, 20.77017 ], [ -98.72762, 20.76763 ], [ -98.72843, 20.7656 ], [ -98.73011, 20.76331 ], [ -98.73034, 20.7626 ], [ -98.7305633, 20.7613782 ], [ -98.73041, 20.75965 ], [ -98.73176, 20.75667 ], [ -98.73238, 20.75554 ], [ -98.73329, 20.754 ], [ -98.73577, 20.75328 ], [ -98.73796, 20.75436 ], [ -98.73881, 20.7529 ], [ -98.73988, 20.75249 ], [ -98.74045, 20.75165 ], [ -98.74168, 20.75087 ], [ -98.74371, 20.75093 ], [ -98.74545, 20.75168 ], [ -98.74649, 20.75166 ], [ -98.74762, 20.75228 ], [ -98.74845, 20.75187 ], [ -98.7489, 20.75097 ], [ -98.74984, 20.75143 ], [ -98.74993, 20.7525 ], [ -98.7507, 20.75286 ], [ -98.75237, 20.75396 ], [ -98.7529, 20.75396 ], [ -98.75308, 20.75279 ], [ -98.75341, 20.75197 ], [ -98.75457, 20.75242 ], [ -98.75561, 20.75261 ], [ -98.75547, 20.75197 ], [ -98.75617, 20.75164 ], [ -98.75694, 20.75192 ], [ -98.75773, 20.75143 ], [ -98.75775, 20.75061 ], [ -98.75864, 20.74997 ], [ -98.75902, 20.75006 ], [ -98.75899, 20.75073 ], [ -98.75977, 20.75091 ], [ -98.76018, 20.75147 ], [ -98.76051, 20.75256 ], [ -98.76056, 20.75394 ], [ -98.76117, 20.75471 ], [ -98.7627, 20.75472 ], [ -98.76482, 20.75423 ], [ -98.76596, 20.75479 ], [ -98.76706, 20.75463 ], [ -98.76711, 20.75551 ], [ -98.76728, 20.75639 ], [ -98.76802, 20.75762 ], [ -98.76871, 20.75769 ], [ -98.76975, 20.75706 ], [ -98.7708, 20.75601 ], [ -98.77199, 20.75524 ], [ -98.77294, 20.75521 ], [ -98.77308, 20.75574 ], [ -98.77304, 20.75677 ], [ -98.77311, 20.75746 ], [ -98.77294, 20.75781 ], [ -98.77283, 20.75816 ], [ -98.77364, 20.75972 ], [ -98.77448, 20.75958 ], [ -98.77522, 20.75946 ], [ -98.77584, 20.7601 ], [ -98.77668, 20.76076 ], [ -98.77777, 20.76189 ], [ -98.77894, 20.76223 ], [ -98.78061, 20.76253 ], [ -98.78173, 20.7632 ], [ -98.78299, 20.76253 ], [ -98.78244, 20.76068 ], [ -98.78283, 20.75919 ], [ -98.78145, 20.75734 ], [ -98.78278, 20.75584 ], [ -98.78334, 20.75452 ], [ -98.78306, 20.75292 ], [ -98.78393, 20.75193 ], [ -98.78492, 20.75039 ], [ -98.7848, 20.74878 ], [ -98.78483, 20.74716 ], [ -98.78335, 20.74546 ], [ -98.7848, 20.74486 ], [ -98.78617, 20.74519 ], [ -98.78794, 20.74605 ], [ -98.78891, 20.74753 ], [ -98.79008, 20.74899 ], [ -98.79145, 20.74945 ], [ -98.79169, 20.74805 ], [ -98.7923, 20.74684 ], [ -98.79414, 20.74552 ], [ -98.79294, 20.74424 ], [ -98.79346, 20.74325 ], [ -98.79292, 20.74248 ], [ -98.79505, 20.74182 ], [ -98.79656, 20.74181 ], [ -98.79705, 20.74073 ], [ -98.79839, 20.7406 ], [ -98.80007, 20.73993 ], [ -98.80253, 20.74163 ], [ -98.80328, 20.74319 ], [ -98.80527, 20.74279 ] ] } },
{ "type": "Feature", "properties": { "ID_OBRA": "248_Eloxochitlán", "No.": 248.0, "Municipio": "Eloxochitlán", "Rubro": "Infraestructura Carretera", "Ejercicio": 2023.0, "Obra": "Reconstrucción de la C.E. Metztitlán - Eloxochitlán.", "Localidad": "Eloxochitlán", "Inversión": 62191631.16, "Habitantes.beneficiados": null, "Ejecutora": "DGCCE", "Trabajos": "Considera trabajos para la reconstrucción y/o conservación de Infraestructura Carretera en la localidad de Eloxochitlán municipio de Eloxochitlán", "Geometria_tipo": "Línea", "extract": 0.30792600977032319 }, "geometry": { "type": "LineString", "coordinates": [ [ -98.810880755400021, 20.739801594099998 ], [ -98.811778645711271, 20.736033738939312 ], [ -98.812819272594439, 20.735736358657221 ], [ -98.814110473165471, 20.735346611143463 ], [ -98.814936211015137, 20.735349329471077 ], [ -98.821827014080966, 20.732484274372393 ], [ -98.827776978704335, 20.732191203932341 ], [ -98.829832030769438, 20.729012677166008 ], [ -98.830925348519187, 20.726019644746987 ], [ -98.83131839402057, 20.725786282494717 ], [ -98.833866198626453, 20.726852833683651 ], [ -98.838056309935638, 20.729666174625986 ], [ -98.84023152865781, 20.732330173269535 ], [ -98.844556528549504, 20.734177803951585 ], [ -98.847453392306548, 20.732863733997878 ], [ -98.84752105043566, 20.73259880588045 ], [ -98.846764003124719, 20.731667745156475 ], [ -98.84672093127395, 20.730587604202018 ], [ -98.846304514630674, 20.730247388292302 ], [ -98.845250441140863, 20.728222988353576 ], [ -98.844687661784405, 20.728295836798626 ], [ -98.843946139143696, 20.727743989232206 ], [ -98.843602917731317, 20.727092397252758 ], [ -98.843929705841916, 20.7261416499767 ], [ -98.84379973631161, 20.72566604206002 ], [ -98.843335631105361, 20.72554679142122 ], [ -98.842044570614831, 20.725649426876405 ], [ -98.841634175402262, 20.725291743572146 ], [ -98.841395974253345, 20.724610616809031 ], [ -98.840427935897992, 20.723754165827639 ], [ -98.840058922278274, 20.722999451118817 ], [ -98.840116308248852, 20.722332050528731 ], [ -98.839520092640342, 20.72218144729224 ], [ -98.838959503486137, 20.721682578452675 ], [ -98.838864281091276, 20.72118393060364 ], [ -98.839266266714503, 20.719658537459249 ], [ -98.838887468121072, 20.718920987645966 ], [ -98.837880352788048, 20.71853152420471 ], [ -98.837153991071688, 20.718640972465128 ], [ -98.837483539411934, 20.718298742058298 ], [ -98.83798353902192, 20.718060546886537 ], [ -98.838412963052036, 20.717657901710073 ], [ -98.839539427160574, 20.717795334222878 ], [ -98.84007101863817, 20.718671905090606 ], [ -98.840824400055098, 20.719041356621808 ], [ -98.84151022110342, 20.719459863547989 ], [ -98.842052408543992, 20.718150113449223 ], [ -98.841808988526807, 20.71738810678627 ], [ -98.84152971216318, 20.716761354816828 ], [ -98.840665629147878, 20.716749824002719 ], [ -98.839866208902237, 20.716199185023953 ], [ -98.840310306865405, 20.715588667542182 ], [ -98.841495347887715, 20.714414858279927 ], [ -98.842667965034096, 20.71337471678989 ], [ -98.842723014938969, 20.713089154586715 ], [ -98.841315817543801, 20.711740068751908 ], [ -98.84035562941088, 20.711211349940214 ], [ -98.839680463621917, 20.711639153378727 ], [ -98.83917992547147, 20.710914597016362 ], [ -98.838624855459756, 20.711031823200646 ], [ -98.837870026555194, 20.71083188943804 ], [ -98.837506272028705, 20.711277956030045 ], [ -98.836984270925569, 20.710989600999916 ], [ -98.836549087252592, 20.711284755499733 ], [ -98.835869013636042, 20.710777992515983 ], [ -98.835074414801284, 20.710965513577211 ], [ -98.834311147308995, 20.710400376561434 ], [ -98.833323062616472, 20.710403586227411 ], [ -98.832800374601888, 20.709658930851379 ], [ -98.833147016790733, 20.705590390140447 ], [ -98.832681908103865, 20.706017863197815 ], [ -98.832252085139572, 20.706312866263932 ], [ -98.831309962864282, 20.706173792868228 ], [ -98.83066684829808, 20.70654697361449 ], [ -98.829997915487411, 20.706249882948701 ], [ -98.829383582764564, 20.705833296946736 ], [ -98.829567596969952, 20.705649634025978 ], [ -98.83033313864604, 20.70620745517148 ], [ -98.830646609002315, 20.705935020031951 ], [ -98.830687545975664, 20.704997380858686 ], [ -98.830886805083935, 20.704846909240075 ], [ -98.831646711111077, 20.705189861733135 ], [ -98.831994217608568, 20.7047467767886 ], [ -98.832358088411965, 20.704482083009729 ], [ -98.832700480538804, 20.703738085791397 ], [ -98.83325044574886, 20.704071894021389 ], [ -98.833685013672394, 20.703493929003969 ], [ -98.834260300292357, 20.702914457737549 ], [ -98.834012550469978, 20.701296654313438 ], [ -98.833700100270789, 20.701386532775661 ], [ -98.833227211669808, 20.703456140699405 ], [ -98.831945452964504, 20.702870512321123 ], [ -98.831539159801139, 20.703796851382172 ], [ -98.830716052096946, 20.703410098652441 ], [ -98.830065848588234, 20.703940517919751 ], [ -98.829791862691252, 20.703307601518272 ], [ -98.828980290195645, 20.703584617820916 ], [ -98.828530058761544, 20.703920447214259 ], [ -98.828106630210215, 20.702397773310491 ], [ -98.828865715926227, 20.701498695761448 ], [ -98.829022233256083, 20.700779640276945 ], [ -98.830193070322679, 20.700253405367572 ], [ -98.830922000189844, 20.699167787565518 ], [ -98.831585789648642, 20.699124647974742 ], [ -98.832289638747909, 20.698388020278951 ], [ -98.832137208221113, 20.697142960787609 ], [ -98.831785276936202, 20.696574571000099 ], [ -98.831445261987938, 20.694852466705719 ], [ -98.831956796279542, 20.693966221424606 ], [ -98.831297215068332, 20.693312375669915 ], [ -98.829088057899995, 20.694386761899999 ] ] } },
{ "type": "Feature", "properties": { "ID_OBRA": "25_Actopan", "No.": 25.0, "Municipio": "Actopan", "Rubro": "Infraestructura Carretera", "Ejercicio": 2023.0, "Obra": "Rehabilitación del Boulevard paso por Actopan, en el municipio de Actopan", "Localidad": "Actopan", "Inversión": 3393876.5, "Habitantes.beneficiados": 32276.0, "Ejecutora": "DGOPI", "Trabajos": "Considera trabajos para la reconstrucción y/o conservación de Infraestructura Carretera en la localidad de Actopan municipio de Actopan", "Geometria_tipo": "Línea", "extract": 0.36670508188324435 }, "geometry": { "type": "LineString", "coordinates": [ [ -98.950103959632003, 20.271083711363495 ], [ -98.948679370257196, 20.267591178962704 ], [ -98.947697720435812, 20.2658954194446 ], [ -98.946979440078721, 20.264581473830599 ], [ -98.946332987757401, 20.263537047585896 ], [ -98.946177360346624, 20.263323669316396 ], [ -98.945207681864588, 20.262705993724499 ] ] } },
{ "type": "Feature", "properties": { "ID_OBRA": "26_Actopan", "No.": 26.0, "Municipio": "Actopan", "Rubro": "Vialidades Urbanas", "Ejercicio": 2023.0, "Obra": "Rehabilitación asfáltica de circuito poniente del Fraccionamiento Guzmán Mayer, en el municipio de Actopan.", "Localidad": "Actopan", "Inversión": 5719802.4, "Habitantes.beneficiados": null, "Ejecutora": "DGOPI", "Trabajos": "Se realizan los siguientes trabajos: trazo y nivelación de plazas, suministro y aplicación de carpeta asfáltica compactado,  en el municipio de Actopan", "Geometria_tipo": "Línea", "extract": 0.33249068198859655 }, "geometry": { "type": "LineString", "coordinates": [ [ -98.947561684518107, 20.290415841872996 ], [ -98.947557414885907, 20.2900493079878 ], [ -98.9471937201061, 20.2881087447516 ], [ -98.947173369614802, 20.287754593758393 ] ] } },
{ "type": "Feature", "properties": { "ID_OBRA": "292_Francisco I. Madero", "No.": 292.0, "Municipio": "Francisco I. Madero", "Rubro": "Infraestructura Carretera", "Ejercicio": 2022.0, "Obra": "Reconstrucción asfáltica de la carretera San Juan Tepa - Tecomatlán, municipio de Francisco I. Madero", "Localidad": "San Juan Tepa", "Inversión": 17995179.67, "Habitantes.beneficiados": null, "Ejecutora": "DGIVC", "Trabajos": "Considera trabajos para la reconstrucción y/o conservación de Infraestructura Carretera en la localidad de San Juan Tepa municipio de Francisco I. Madero", "Geometria_tipo": "Línea", "extract": 0.18509266298963925 }, "geometry": { "type": "LineString", "coordinates": [ [ -99.063184398178151, 20.213728126568501 ], [ -99.059163755797741, 20.210513661123194 ], [ -99.058561381531675, 20.210292767177361 ], [ -99.058205225592232, 20.210214287347142 ], [ -99.056951364529652, 20.209460888823514 ], [ -99.056722559794508, 20.209005970447027 ], [ -99.056048899924221, 20.208473768375839 ], [ -99.055180096125, 20.20823564374583 ], [ -99.053984781415267, 20.207921832278895 ], [ -99.052628915744705, 20.20852510696707 ], [ -99.051780344231432, 20.208618281603123 ], [ -99.051330860516288, 20.208433579216141 ], [ -99.050810944123228, 20.208331650375765 ], [ -99.049656544738085, 20.208102314465588 ], [ -99.047776088041104, 20.206502814561841 ], [ -99.044781671457756, 20.204850309812546 ], [ -99.044145559187285, 20.204628760562677 ], [ -99.043809471238674, 20.204295399481307 ], [ -99.043586248923532, 20.203826331797497 ], [ -99.043094533505567, 20.203536761245331 ], [ -99.041395555622898, 20.202700434511723 ], [ -99.039818257993929, 20.201919480460315 ], [ -99.03779347369796, 20.201653257712177 ], [ -99.035603700158006, 20.200315059845899 ], [ -99.03500895963451, 20.199979286494397 ], [ -99.034910790677927, 20.199729800050985 ], [ -99.034926119253143, 20.199465940990979 ], [ -99.035210029835156, 20.199290967406171 ], [ -99.038805782005937, 20.199190339488066 ], [ -99.041594422259706, 20.198393018417896 ], [ -99.042775955172246, 20.197632302790325 ], [ -99.043665043935277, 20.196783982961751 ], [ -99.046244252303978, 20.195060254999444 ], [ -99.046484971211157, 20.194990288480401 ], [ -99.046744618299428, 20.195106950112859 ], [ -99.046863850462785, 20.195305751403676 ], [ -99.046805963076082, 20.196392164507522 ], [ -99.046976574172319, 20.196901216549737 ], [ -99.047240125423755, 20.197113372985999 ], [ -99.047455092791466, 20.197110490082874 ], [ -99.04957466393131, 20.19615352609916 ], [ -99.050357828554866, 20.195633471264319 ], [ -99.050815740688932, 20.195252695233389 ], [ -99.05120935111195, 20.195087066064271 ], [ -99.051749263286055, 20.195026390417482 ], [ -99.054192268981794, 20.194127457355222 ], [ -99.054490393434804, 20.193791332407084 ], [ -99.054532912805882, 20.193472451626189 ], [ -99.054350027267859, 20.192879452033829 ], [ -99.054059044677473, 20.192097733049021 ], [ -99.053716574857361, 20.191352693059844 ], [ -99.053334517371695, 20.189367807536531 ], [ -99.053257663653454, 20.188334249575945 ], [ -99.053252205898545, 20.187732150551287 ], [ -99.052677140496598, 20.186235696956537 ] ] } },
{ "type": "Feature", "properties": { "ID_OBRA": "292_Francisco I. Madero", "No.": 292.0, "Municipio": "Francisco I. Madero", "Rubro": "Infraestructura Carretera", "Ejercicio": 2022.0, "Obra": "Reconstrucción asfáltica de la carretera San Juan Tepa - Tecomatlán, municipio de Francisco I. Madero", "Localidad": "San Juan Tepa", "Inversión": 17995179.67, "Habitantes.beneficiados": null, "Ejecutora": "DGIVC", "Trabajos": "Considera trabajos para la reconstrucción y/o conservación de Infraestructura Carretera en la localidad de San Juan Tepa municipio de Francisco I. Madero", "Geometria_tipo": "Línea", "extract": 0.18745426453589975 }, "geometry": { "type": "LineString", "coordinates": [ [ -99.054523677327339, 20.193708557271087 ], [ -99.054264430053976, 20.19412423097166 ], [ -99.051642527476872, 20.195027469455148 ], [ -99.051237530810241, 20.195128910942799 ], [ -99.050677663481579, 20.195438772838415 ], [ -99.050113318677631, 20.195870682235089 ], [ -99.049589480161814, 20.1961908608044 ], [ -99.047468609659788, 20.197170253519094 ], [ -99.047170970784506, 20.197089537635343 ], [ -99.047006100240694, 20.196791032477083 ], [ -99.046883625720767, 20.196266885196501 ], [ -99.046842557408468, 20.195470611473642 ], [ -99.046732889295285, 20.195065758549504 ], [ -99.046423079235097, 20.195052982469704 ], [ -99.046215722777873, 20.195164613381319 ], [ -99.04594691344542, 20.195305180277355 ], [ -99.043424029379864, 20.197165440217763 ], [ -99.042785667067349, 20.197755403617499 ], [ -99.042272936291369, 20.198111804142126 ], [ -99.041571307925423, 20.198527688341876 ], [ -99.040491791385307, 20.198816673817685 ], [ -99.039286039960388, 20.199155661444518 ], [ -99.038067452819362, 20.199289231532081 ], [ -99.037327493603684, 20.199292750794488 ], [ -99.035489052651272, 20.199337123813521 ], [ -99.035187965474023, 20.199379562999628 ], [ -99.035014267892805, 20.199420954587151 ], [ -99.034952094820241, 20.199593350895562 ], [ -99.03494277203059, 20.199806987521786 ], [ -99.035062197968699, 20.200019482764372 ], [ -99.035267570183024, 20.200123174648699 ], [ -99.037879625642375, 20.201653922451257 ], [ -99.038993333859111, 20.201885669933485 ], [ -99.039720231467356, 20.201989843504897 ], [ -99.043439509392385, 20.203755552585889 ], [ -99.044122988290383, 20.20456852926797 ], [ -99.04493434444781, 20.204905623894895 ], [ -99.045693101938923, 20.205373270996624 ], [ -99.047757391720623, 20.206528510872037 ], [ -99.048752095834487, 20.207408941024802 ], [ -99.049714806149026, 20.20818129978511 ], [ -99.051192369603342, 20.20849521041421 ], [ -99.052209182524237, 20.20858946101783 ], [ -99.053296934836894, 20.208250328616838 ], [ -99.054029654428561, 20.207941045519242 ], [ -99.055602304107182, 20.208411539615081 ], [ -99.056314553847642, 20.208708359309625 ], [ -99.05664076182741, 20.208964428910665 ], [ -99.057036233290546, 20.209528235706141 ], [ -99.057509981570675, 20.209840379721538 ], [ -99.058126836285666, 20.210139674259899 ], [ -99.058823007724072, 20.210388022452889 ], [ -99.059360122987925, 20.21065771987984 ], [ -99.060060169237317, 20.211161893926246 ], [ -99.060902489209369, 20.21190964325611 ], [ -99.063234559276481, 20.213769438528431 ] ] } },
{ "type": "Feature", "properties": { "ID_OBRA": "294_Francisco I. Madero", "No.": 294.0, "Municipio": "Francisco I. Madero", "Rubro": "Vialidades Urbanas", "Ejercicio": 2023.0, "Obra": "Rehabilitación de pavimentación asfáltica en calle Galena y Allende, Segunda Demarcación, municipio de Francisco I. Madero", "Localidad": "Tepatepec", "Inversión": 6512978.71, "Habitantes.beneficiados": 11335.0, "Ejecutora": "DGCCE", "Trabajos": "Considera los trabajos de capa subbase, riego de impregnación, suministro y aplicación de riego de liga con emulsión asfáltica", "Geometria_tipo": "Línea", "extract": 0.49262169327143129 }, "geometry": { "type": "LineString", "coordinates": [ [ -99.089643899524802, 20.240075890604697 ], [ -99.092297542705396, 20.240350470312695 ], [ -99.0922144463932, 20.244606804789299 ] ] } },
{ "type": "Feature", "properties": { "ID_OBRA": "300_Huasca de Ocampo", "No.": 300.0, "Municipio": "Huasca de Ocampo", "Rubro": "Infraestructura Carretera", "Ejercicio": 2025.0, "Obra": "Reconstrucción de la C.E. Huasca de Ocampo - Tulancingo (segunda etapa), en el municipio de Huasca de Ocampo", "Localidad": "Huasca de Ocampo", "Inversión": 31500000.0, "Habitantes.beneficiados": null, "Ejecutora": "SIP", "Trabajos": "Carpeta a base de riego de sello", "Geometria_tipo": "Línea", "extract": -0.12086852224354203 }, "geometry": { "type": "LineString", "coordinates": [ [ -98.567772016089862, 20.209946134384332 ], [ -98.564726126253717, 20.21095928776985 ], [ -98.561657792005775, 20.211646531877413 ], [ -98.530114765368609, 20.209942453096268 ], [ -98.526462633127906, 20.209522919342056 ], [ -98.513330295480785, 20.20601693095626 ], [ -98.496461935237392, 20.20709587015569 ], [ -98.491588469251496, 20.207339908338867 ], [ -98.489334667452653, 20.206973383754889 ], [ -98.481551134365631, 20.201954880924756 ], [ -98.475934664937697, 20.200857369233315 ], [ -98.470199071477552, 20.201170915400315 ], [ -98.46786231950567, 20.200170302221562 ], [ -98.465436284229099, 20.198344102661611 ] ] } },
{ "type": "Feature", "properties": { "ID_OBRA": "306_Huautla", "No.": 306.0, "Municipio": "Huautla", "Rubro": "Infraestructura Carretera", "Ejercicio": 2023.0, "Obra": "Rehabilitación del tramo Acatepec-Huemaco, del km 0+000 al km 2+830; en el municipio de Huautla.", "Localidad": "Acatepec", "Inversión": 2032946.68, "Habitantes.beneficiados": null, "Ejecutora": "DGCCE", "Trabajos": "Se consideran trabajos de revestimiento, cunetas y limpieza de cunetas.", "Geometria_tipo": "Línea", "extract": 0.14760567239696501 }, "geometry": { "type": "LineString", "coordinates": [ [ -98.269920394049066, 20.963014309176778 ], [ -98.270325999660628, 20.962907222492341 ], [ -98.270615037825706, 20.962952995076741 ], [ -98.270944775695654, 20.962870193502837 ], [ -98.270886754366757, 20.962660228483106 ], [ -98.27066431758297, 20.962560778685969 ], [ -98.270298918776334, 20.962550248308549 ], [ -98.270188666488764, 20.962493710896986 ], [ -98.270150643810865, 20.96221692490829 ], [ -98.270053210377924, 20.961231759005287 ], [ -98.269897034935184, 20.961061933607848 ], [ -98.269610860108088, 20.960585519849971 ], [ -98.269370424449946, 20.960261932877199 ], [ -98.269226623929057, 20.959992562644342 ], [ -98.269245811641937, 20.959782610179939 ], [ -98.26933236493862, 20.959519741937111 ], [ -98.269237904538869, 20.959046229702626 ], [ -98.26942493652362, 20.958884148925769 ], [ -98.269596602483134, 20.959020453462159 ], [ -98.269849667432254, 20.95930904486227 ], [ -98.270077591077708, 20.95961770324725 ], [ -98.27028937689758, 20.959820717166298 ], [ -98.270960075522922, 20.95995488582129 ], [ -98.271098956095528, 20.960022735701177 ], [ -98.271176384961066, 20.960129498857917 ], [ -98.271271392056278, 20.960522759870408 ], [ -98.271456377616303, 20.96078520448588 ], [ -98.271787692517393, 20.960695502489198 ], [ -98.271793526736303, 20.960388871894022 ], [ -98.271587610560502, 20.959950732070499 ], [ -98.271540990464729, 20.959655318343827 ], [ -98.271487651677631, 20.959427926862016 ], [ -98.27120562810849, 20.959061910877008 ], [ -98.27119590173281, 20.958845881959146 ], [ -98.271381456805656, 20.958773083974769 ], [ -98.271634429991835, 20.958933377367522 ], [ -98.27183759588398, 20.959191453116897 ], [ -98.271973284560914, 20.959456913287525 ], [ -98.272376431910416, 20.959771150745176 ], [ -98.272673388796434, 20.959871457815705 ], [ -98.272957650508886, 20.960288019521123 ], [ -98.273207600705987, 20.960470729519027 ], [ -98.27354356450121, 20.9607601355216 ], [ -98.273745733779009, 20.960982743758127 ], [ -98.273970188629974, 20.961087351374911 ], [ -98.274248653147339, 20.961070141714458 ], [ -98.274559921118765, 20.960857773849831 ], [ -98.274800070077077, 20.960994687545615 ], [ -98.275254908867851, 20.961287327138365 ], [ -98.275601120664021, 20.961803901624329 ], [ -98.276183353098148, 20.962073850315047 ], [ -98.276454683667424, 20.961908930928427 ] ] } },
{ "type": "Feature", "properties": { "ID_OBRA": "309_Huautla", "No.": 309.0, "Municipio": "Huautla", "Rubro": "Infraestructura Carretera", "Ejercicio": 2023.0, "Obra": "Rehabilitación del tramo E.C. (Huautla-El Cojolite) -Coatzonco, del km 0+000 al km 4+500; en el municipio de Huautla.", "Localidad": "Coatzonco", "Inversión": 5996746.29, "Habitantes.beneficiados": 477.0, "Ejecutora": "DGCCE", "Trabajos": "Considera los trabajos desherve, fresado, pavimentación, muro de contención, cunetas y señalamiento horizontal", "Geometria_tipo": "Línea", "extract": 0.29721609725170683 }, "geometry": { "type": "LineString", "coordinates": [ [ -98.288350372876138, 21.02239056284785 ], [ -98.288147474365417, 21.021804886195198 ], [ -98.288280129512174, 21.021317394981764 ], [ -98.288741798480146, 21.02015986794342 ], [ -98.28969473135659, 21.019631862988323 ], [ -98.290487491793129, 21.019075481176195 ], [ -98.291178858007925, 21.018549875528716 ], [ -98.291690455483547, 21.01834156257916 ], [ -98.292285166451464, 21.018254181695553 ], [ -98.292721577584814, 21.01812038839045 ], [ -98.293372402750904, 21.017489255619395 ], [ -98.296504416576056, 21.014807760208168 ], [ -98.296846220160958, 21.014561474578837 ], [ -98.297074066129355, 21.014234814672943 ], [ -98.297157840788842, 21.013550768888507 ], [ -98.297320558058132, 21.013437676439011 ], [ -98.298484194598203, 21.013658185690737 ], [ -98.298727688065128, 21.013629094545646 ], [ -98.298873605565419, 21.013517731356362 ], [ -98.299755491466072, 21.012277334157154 ], [ -98.299812543682165, 21.011608597545507 ], [ -98.299644648171522, 21.011322452414781 ], [ -98.299272339789368, 21.011168467506767 ], [ -98.29891146282182, 21.010983131194173 ], [ -98.298704866624831, 21.009664271770145 ], [ -98.298045042182167, 21.009145864177835 ], [ -98.29772219612704, 21.006618272451799 ], [ -98.297346839339212, 21.006095733268573 ], [ -98.296104378091016, 21.005165066234369 ], [ -98.294072162375016, 21.005622555116211 ], [ -98.293295074552745, 21.005383776949184 ], [ -98.291289006757609, 21.004290742921452 ], [ -98.289938849515337, 21.003917219195881 ], [ -98.289137680336992, 21.003563822396469 ], [ -98.289137139185968, 21.0029678989529 ], [ -98.289215994989377, 21.002832478056757 ], [ -98.289698773373743, 21.002909880244836 ], [ -98.290017336711642, 21.002822107603858 ], [ -98.290139579888617, 21.002628659977546 ], [ -98.290235596528206, 21.002432666447511 ], [ -98.290331483901113, 21.002321549694912 ], [ -98.290470493861719, 21.00228771259642 ], [ -98.290607843502585, 21.002327970296111 ], [ -98.290887802687692, 21.003094602410041 ], [ -98.2911854447499, 21.003367238507515 ], [ -98.291580108316737, 21.0035436504816 ], [ -98.291854310005334, 21.003649255020321 ], [ -98.292346239916839, 21.00402663877632 ], [ -98.292442768455231, 21.004041000192085 ], [ -98.29269035355361, 21.003959707281652 ], [ -98.292904488667148, 21.003928972158235 ], [ -98.293380770131577, 21.004022670876029 ], [ -98.293519222291252, 21.003953979665589 ], [ -98.293661642548102, 21.003859188749807 ], [ -98.293941263616901, 21.00388277717521 ], [ -98.294225107270748, 21.00385407007575 ], [ -98.294304835043889, 21.003730811059455 ], [ -98.294231734523308, 21.003163292180211 ], [ -98.294273311960737, 21.002931288616335 ], [ -98.294299343731367, 21.002762164087144 ], [ -98.29432488918691, 21.002267096613775 ], [ -98.294423568186815, 21.002161394491083 ], [ -98.294595286966384, 21.002176559785742 ], [ -98.294912747248915, 21.002327974017156 ], [ -98.295083691445015, 21.002380591874818 ], [ -98.295241514511659, 21.002357160188463 ], [ -98.295657397594056, 21.00213491537998 ], [ -98.295811660866889, 21.002049145226437 ], [ -98.29603949508369, 21.001981715276425 ], [ -98.296579976925102, 21.002065301006265 ], [ -98.296593258437071, 21.002059193907289 ], [ -98.296789535022199, 21.002053839712659 ], [ -98.296957981221738, 21.001907712095669 ], [ -98.297104586290828, 21.001885725728361 ], [ -98.297109353465586, 21.00188515621122 ], [ -98.297248279188807, 21.001940344612471 ], [ -98.297645668277241, 21.002110080262579 ], [ -98.297846381802984, 21.002072604749461 ], [ -98.297993527379745, 21.001773285039345 ], [ -98.29814439860202, 21.001688590258421 ], [ -98.298270675246698, 21.001673498034052 ], [ -98.298366170660401, 21.001331142788391 ], [ -98.29849797615897, 21.000988351417519 ], [ -98.298696496808176, 21.001134201695386 ], [ -98.298904203036187, 21.001201120889817 ], [ -98.299030582220453, 21.001133554227632 ], [ -98.299127885810307, 21.001108824802859 ], [ -98.299307630865968, 21.001218622375269 ], [ -98.299382643323, 21.000986850097512 ], [ -98.299558163560278, 21.00058989373164 ], [ -98.299776770350007, 21.000332963932927 ], [ -98.299955412848604, 21.000344291150785 ], [ -98.300232861074107, 21.000472980068409 ], [ -98.300331017695314, 21.000480064886091 ], [ -98.300399872486906, 21.000396755220258 ], [ -98.300357036614557, 21.000093964259772 ], [ -98.30034938415632, 20.999706109012092 ], [ -98.300452081103145, 20.999524434097093 ], [ -98.300558505759469, 20.999384822436365 ], [ -98.300569687890743, 20.999383486180079 ], [ -98.30092053204767, 20.999376031192575 ], [ -98.301155705910503, 20.999347928184935 ], [ -98.301201006482003, 20.999193876053852 ], [ -98.301246631092155, 20.999008070764546 ], [ -98.301234959681835, 20.998898166922871 ], [ -98.30110802765779, 20.998601979740968 ], [ -98.300981002448594, 20.998178675826207 ], [ -98.301022517270468, 20.998014292445877 ], [ -98.301275332279957, 20.997748246001091 ], [ -98.301448258260777, 20.997421567026535 ], [ -98.301326357362797, 20.996752307640193 ], [ -98.30101161933959, 20.996574327732286 ], [ -98.300829976976132, 20.996390253883717 ], [ -98.300720681178817, 20.996224657468737 ], [ -98.300746004427268, 20.996057292410349 ], [ -98.300877311169856, 20.995879537246509 ], [ -98.300863640361001, 20.995744033634647 ], [ -98.300733981370698, 20.995623998714635 ], [ -98.300572692225998, 20.995564945670431 ], [ -98.300225290481393, 20.99564555720389 ], [ -98.299987007958052, 20.99556822187045 ], [ -98.299856736332032, 20.995424158266065 ], [ -98.299859516687931, 20.99516979957389 ], [ -98.299909985917211, 20.994973011062541 ], [ -98.300204350913404, 20.994606602765003 ], [ -98.300490808149021, 20.994129847252317 ], [ -98.300601791684628, 20.993978103835467 ], [ -98.300724031903883, 20.993917675632829 ], [ -98.300950755940278, 20.993890579937833 ], [ -98.301064004798164, 20.993766471040281 ], [ -98.301122542556442, 20.993408396002035 ], [ -98.301204308552826, 20.993217501583675 ], [ -98.301381511072179, 20.993060709572386 ], [ -98.301524429288818, 20.992800920539707 ], [ -98.301568998641812, 20.99265230956388 ], [ -98.301584560502064, 20.992485452590852 ], [ -98.301619401248203, 20.99217519975355 ], [ -98.301712462601046, 20.992050637684425 ], [ -98.301722716664784, 20.991814769158587 ], [ -98.301753022585146, 20.99141448812999 ], [ -98.301855204560439, 20.991264311026317 ], [ -98.302068488122131, 20.991159994535735 ] ] } },
{ "type": "Feature", "properties": { "ID_OBRA": "313_Huautla", "No.": 313.0, "Municipio": "Huautla", "Rubro": "Infraestructura Carretera", "Ejercicio": 2023.0, "Obra": "Rehabilitación del tramo: acceso a Huemaco, del km 0+000 al km 8+000", "Localidad": "Huautla", "Inversión": 5666098.79, "Habitantes.beneficiados": 257.0, "Ejecutora": "DGCCE", "Trabajos": "Se consideran trabajos de revestimiento, cunetas y limpieza de cunetas.", "Geometria_tipo": "Línea", "extract": 0.071185991499313095 }, "geometry": { "type": "LineString", "coordinates": [ [ -98.269920394049066, 20.963014309176778 ], [ -98.270325999660628, 20.962907222492341 ], [ -98.270615037825706, 20.962952995076741 ], [ -98.270944775695654, 20.962870193502837 ], [ -98.270886754366757, 20.962660228483106 ], [ -98.27066431758297, 20.962560778685969 ], [ -98.270298918776334, 20.962550248308549 ], [ -98.270188666488764, 20.962493710896986 ], [ -98.270150643810865, 20.96221692490829 ], [ -98.270053210377924, 20.961231759005287 ], [ -98.269897034935184, 20.961061933607848 ], [ -98.269610860108088, 20.960585519849971 ], [ -98.269370424449946, 20.960261932877199 ], [ -98.269226623929057, 20.959992562644342 ], [ -98.269245811641937, 20.959782610179939 ], [ -98.26933236493862, 20.959519741937111 ], [ -98.269237904538869, 20.959046229702626 ], [ -98.26942493652362, 20.958884148925769 ], [ -98.269596602483134, 20.959020453462159 ], [ -98.269849667432254, 20.95930904486227 ], [ -98.270077591077708, 20.95961770324725 ], [ -98.27028937689758, 20.959820717166298 ], [ -98.270960075522922, 20.95995488582129 ], [ -98.271098956095528, 20.960022735701177 ], [ -98.271176384961066, 20.960129498857917 ], [ -98.271271392056278, 20.960522759870408 ], [ -98.271456377616303, 20.96078520448588 ], [ -98.271787692517393, 20.960695502489198 ], [ -98.271793526736303, 20.960388871894022 ], [ -98.271587610560502, 20.959950732070499 ], [ -98.271540990464729, 20.959655318343827 ], [ -98.271487651677631, 20.959427926862016 ], [ -98.27120562810849, 20.959061910877008 ], [ -98.27119590173281, 20.958845881959146 ], [ -98.271381456805656, 20.958773083974769 ], [ -98.271634429991835, 20.958933377367522 ], [ -98.27183759588398, 20.959191453116897 ], [ -98.271973284560914, 20.959456913287525 ], [ -98.272376431910416, 20.959771150745176 ], [ -98.272673388796434, 20.959871457815705 ], [ -98.272957650508886, 20.960288019521123 ], [ -98.273207600705987, 20.960470729519027 ], [ -98.27354356450121, 20.9607601355216 ], [ -98.273745733779009, 20.960982743758127 ], [ -98.273970188629974, 20.961087351374911 ], [ -98.274248653147339, 20.961070141714458 ], [ -98.274559921118765, 20.960857773849831 ], [ -98.274800070077077, 20.960994687545615 ], [ -98.275254908867851, 20.961287327138365 ], [ -98.275601120664021, 20.961803901624329 ], [ -98.276183353098148, 20.962073850315047 ], [ -98.276454683667424, 20.961908930928427 ], [ -98.276826640969546, 20.962665827351394 ], [ -98.27715439458774, 20.962770901559704 ], [ -98.277150384581276, 20.962416670918564 ], [ -98.276841072860776, 20.962069963303431 ], [ -98.276926308405677, 20.96162677783488 ], [ -98.276704189763919, 20.960915630204248 ], [ -98.276628692658619, 20.960402951219855 ], [ -98.276793467245582, 20.959344539814726 ], [ -98.276768388361305, 20.959420727471457 ], [ -98.277225617035882, 20.958960815032118 ], [ -98.277829480270199, 20.958514098302139 ], [ -98.277886601065333, 20.957786260617514 ], [ -98.277700617996047, 20.95723931870516 ], [ -98.277679547311223, 20.956652587214467 ], [ -98.277846723955676, 20.95614467238034 ], [ -98.278013898111823, 20.955636757365063 ], [ -98.27850497395815, 20.954888330349121 ], [ -98.278841765307078, 20.954236087452728 ], [ -98.278582272364034, 20.953909842730447 ], [ -98.278442168670068, 20.953589886444011 ], [ -98.278525605440507, 20.953056224695818 ], [ -98.278874478560496, 20.951902718942886 ], [ -98.278155872132203, 20.949848019975235 ], [ -98.277878601599724, 20.94993023259924 ], [ -98.277537481394262, 20.949822385437166 ], [ -98.276561312070243, 20.949713722051012 ], [ -98.27618592468832, 20.949595486619931 ], [ -98.275519258249233, 20.949184290983297 ], [ -98.275384977023151, 20.948709832390939 ], [ -98.27479790172606, 20.948522701441771 ], [ -98.274241289905987, 20.948229180264423 ], [ -98.273689436609246, 20.94790722849633 ], [ -98.273403816747688, 20.947669758564405 ], [ -98.27360660939587, 20.947355437461827 ], [ -98.274228784999394, 20.947469333577537 ], [ -98.274834368528133, 20.947520423660169 ], [ -98.275185563612936, 20.947344730885028 ], [ -98.275078036401254, 20.947077461281062 ], [ -98.27449586101929, 20.946857447791839 ], [ -98.274105853668999, 20.946641882570983 ], [ -98.274027387663722, 20.94617738007755 ], [ -98.27376227034317, 20.946177518149575 ], [ -98.273467319225844, 20.945962535500804 ], [ -98.273155407184916, 20.945388007439668 ], [ -98.272701649293225, 20.945236399657979 ], [ -98.272462749385852, 20.945245343891582 ], [ -98.272489659504416, 20.944958378245683 ], [ -98.273461236896551, 20.944458634170449 ], [ -98.273583566583781, 20.944086881572058 ], [ -98.273404636749788, 20.94361117530768 ], [ -98.272574581706635, 20.944186682925039 ], [ -98.271945787583235, 20.944240833111664 ], [ -98.271462982300662, 20.944047575854473 ], [ -98.270981969500397, 20.943315466895086 ], [ -98.270933353348994, 20.942517881741736 ], [ -98.270960143196291, 20.941804523986836 ], [ -98.270576594356967, 20.9404285898067 ] ] } },
{ "type": "Feature", "properties": { "ID_OBRA": "317_Huautla", "No.": 317.0, "Municipio": "Huautla", "Rubro": "Infraestructura Carretera", "Ejercicio": 2023.0, "Obra": "Reconstrucción de carpeta asfáltica de C.E Huautla - Tamoyon I, Municipio de Huautla.", "Localidad": "Tamoyón I", "Inversión": 9878247.66, "Habitantes.beneficiados": 1509.0, "Ejecutora": "DGCCE", "Trabajos": "Considera trabajos para la reconstrucción y/o conservación de Infraestructura Carretera en la localidad de Tamoyón I municipio de Huautla", "Geometria_tipo": "Línea", "extract": 0.33131550266270671 }, "geometry": { "type": "LineString", "coordinates": [ [ -98.276898024208137, 21.043610579202181 ], [ -98.276506816077401, 21.04320232365248 ], [ -98.276165853237572, 21.043157707010646 ], [ -98.275220193978683, 21.043583273036685 ], [ -98.274532409940306, 21.043892788332069 ], [ -98.273926719972138, 21.044135649678232 ], [ -98.273738442371567, 21.0438737690788 ], [ -98.273882500395686, 21.04337324223021 ], [ -98.274359750121278, 21.042861439068631 ], [ -98.276011448230321, 21.041157913034194 ], [ -98.275987336366796, 21.040762923868833 ], [ -98.275512338404397, 21.039967129938798 ], [ -98.275679419425515, 21.039634659605447 ], [ -98.276693266274364, 21.038604599198862 ], [ -98.276818779408615, 21.038191943088002 ], [ -98.276513757430578, 21.036865093402493 ], [ -98.275674120772294, 21.035630780553976 ], [ -98.275137569463922, 21.035268972104557 ], [ -98.274058701968912, 21.034943524592439 ], [ -98.27384275226477, 21.034259706696776 ], [ -98.27318671742124, 21.0339122820006 ], [ -98.272632018937344, 21.033637930266362 ], [ -98.272349551254862, 21.03313249032502 ], [ -98.272250415109824, 21.032633600122399 ], [ -98.271589888909361, 21.032031532129263 ], [ -98.271397244029814, 21.031515546024284 ], [ -98.270722097727159, 21.031005813142951 ], [ -98.26911755329516, 21.029094134420024 ], [ -98.267359900368504, 21.028707105257009 ], [ -98.266642291959499, 21.028139299221369 ], [ -98.264972851451759, 21.027287470382308 ], [ -98.264718864438635, 21.026551004720716 ], [ -98.264185026836628, 21.025989989418004 ], [ -98.26357694740588, 21.025551462753221 ], [ -98.26335014525111, 21.025010739046849 ], [ -98.262802012590626, 21.024565168214 ], [ -98.262346601026593, 21.023909920445764 ], [ -98.261257437561966, 21.022847967625491 ], [ -98.258718116243088, 21.022952187821939 ], [ -98.257461131374683, 21.022875102460919 ], [ -98.255530918461034, 21.022764811834008 ], [ -98.254622227713611, 21.022788047901205 ], [ -98.25293309670235, 21.021996604077348 ] ] } },
{ "type": "Feature", "properties": { "ID_OBRA": "318_Huautla", "No.": 318.0, "Municipio": "Huautla", "Rubro": "Infraestructura Carretera", "Ejercicio": 2023.0, "Obra": "Rehabilitación del tramo: Tamoyón II-Pepeyoca de Cabrera, del km 0+000 al km 10+000.", "Localidad": "Tamoyón Ii", "Inversión": 7741247.99, "Habitantes.beneficiados": 149.0, "Ejecutora": "DGCCE", "Trabajos": "Se consideran trabajos de revestimiento, cunetas y limpieza de cunetas.", "Geometria_tipo": "Línea", "extract": 0.18007106284614913 }, "geometry": { "type": "LineString", "coordinates": [ [ -98.213811835410382, 21.017070692269549 ], [ -98.214317935617032, 21.017207772488693 ], [ -98.214979901564291, 21.017295942038139 ], [ -98.215159607559329, 21.017183467585912 ], [ -98.215143104642777, 21.016942560730978 ], [ -98.214747424360411, 21.016063826308791 ], [ -98.214782958123052, 21.01584713201855 ], [ -98.215212873916556, 21.015902181675127 ], [ -98.216733716128061, 21.016571045867561 ], [ -98.216905815066127, 21.016641627973101 ], [ -98.217067467182559, 21.016516132147018 ], [ -98.217112558391946, 21.016131317611126 ], [ -98.217355974947239, 21.014220706503622 ], [ -98.217265308692092, 21.013912905895815 ], [ -98.217180748983409, 21.013649907574564 ], [ -98.216736402462601, 21.013369079911435 ], [ -98.21570244107437, 21.013052288479496 ], [ -98.215538276964381, 21.012920156626873 ], [ -98.215740409877853, 21.012137787660851 ], [ -98.216779262197605, 21.012014118211795 ], [ -98.216968735425766, 21.011855078819607 ], [ -98.217329365390796, 21.011402718309487 ], [ -98.217631564597994, 21.010760239906649 ], [ -98.217440973594236, 21.010434222341235 ], [ -98.217470899693922, 21.01041549902202 ], [ -98.217342490086708, 21.010188221120838 ], [ -98.217535987640218, 21.010059066956959 ], [ -98.217953186558418, 21.009903283002838 ], [ -98.21835266014908, 21.009855724818255 ], [ -98.218641410890527, 21.009472694097063 ], [ -98.21858066438574, 21.009146452434251 ], [ -98.218100738688833, 21.00896107557779 ], [ -98.218084761120977, 21.008962977730427 ], [ -98.217998183813663, 21.008685314099139 ], [ -98.218591595315942, 21.007917537535032 ], [ -98.218516617869781, 21.007487014797679 ], [ -98.218345743727355, 21.006234667935178 ], [ -98.218955571784903, 21.005707602212837 ], [ -98.218916606292183, 21.00530325674146 ], [ -98.218823529873703, 21.004026987012693 ], [ -98.219585166838172, 21.001491521677028 ], [ -98.220467165974497, 21.000605269766101 ], [ -98.220559937107112, 21.000479516478908 ], [ -98.220163886065336, 20.997651213436111 ], [ -98.220178310784476, 20.997399836908066 ], [ -98.220438767478598, 20.996462816529128 ], [ -98.220370918770371, 20.996143180591478 ], [ -98.220005669708797, 20.995149522104807 ], [ -98.219950269856568, 20.994919908403553 ], [ -98.22103167364952, 20.990568296327435 ], [ -98.221257318932487, 20.990180376030896 ], [ -98.221194435824316, 20.989984975953941 ], [ -98.221026307868684, 20.989993730281526 ], [ -98.220203717917684, 20.990983185932791 ], [ -98.219950203861359, 20.991624368125979 ], [ -98.219711264481518, 20.992015511957995 ], [ -98.219552978350279, 20.992102416317721 ], [ -98.219444244505908, 20.991922580157517 ], [ -98.219549013200762, 20.991615511834567 ], [ -98.219465815779529, 20.991353757497542 ], [ -98.2193513591358, 20.991129895805408 ], [ -98.219141160184208, 20.990364721327602 ], [ -98.219166749585625, 20.990192630838855 ], [ -98.219317180988014, 20.990050817284466 ], [ -98.219427440828923, 20.989880073946313 ], [ -98.219487229827138, 20.989602962395306 ], [ -98.219340402406488, 20.989406884107009 ], [ -98.219101073998374, 20.989514043467622 ], [ -98.218941780357881, 20.989679154942731 ], [ -98.218754684098059, 20.989633971802728 ], [ -98.218775978545494, 20.989429150778363 ], [ -98.218831023583107, 20.987474579609078 ], [ -98.219111334954761, 20.987208368234661 ], [ -98.219348885948435, 20.986972707867878 ], [ -98.219426874458463, 20.98673318385482 ], [ -98.219331878607022, 20.986387995215576 ], [ -98.219313744516285, 20.986252273778547 ], [ -98.21942617129173, 20.985997755023249 ], [ -98.220419170484064, 20.98441414768261 ], [ -98.220394721978153, 20.984234418260531 ], [ -98.220295400928379, 20.984040914930922 ], [ -98.220271008888858, 20.983861427422337 ], [ -98.220360417496323, 20.983714062644541 ], [ -98.220575802155196, 20.983688413340847 ], [ -98.220681673278335, 20.983573310323898 ], [ -98.221519537073618, 20.982598132419746 ], [ -98.222052941382529, 20.982330356647171 ], [ -98.222916311531861, 20.981479863115574 ], [ -98.223002529424747, 20.981232111840569 ], [ -98.222985224287655, 20.98008350304951 ], [ -98.223185413598614, 20.979874777918059 ] ] } },
{ "type": "Feature", "properties": { "ID_OBRA": "321_Huautla", "No.": 321.0, "Municipio": "Huautla", "Rubro": "Infraestructura Carretera", "Ejercicio": 2024.0, "Obra": "Rehabilitación de camino Tohuaco I a Tepetzquimitl, del km 0.000 al km 4.000, en el municipio de Huautla.", "Localidad": "Tohuaco I", "Inversión": 3131249.21, "Habitantes.beneficiados": 331.0, "Ejecutora": "DGCCE", "Trabajos": "Considera los trabajos de preliminares, revestimiento de camino en la localidad de Tohuaco I municipio de Huautla", "Geometria_tipo": "Línea", "extract": 0.26562492981905955 }, "geometry": { "type": "LineString", "coordinates": [ [ -98.266068055917671, 21.092964803338496 ], [ -98.266092942849369, 21.092964727468335 ], [ -98.266406011608112, 21.092892270861437 ], [ -98.266720991900655, 21.092736587688545 ], [ -98.267004258890282, 21.092332337947678 ], [ -98.267344366540328, 21.092094872221509 ], [ -98.267907518391723, 21.091786742157733 ], [ -98.268332183752349, 21.09152700416076 ], [ -98.26850761087114, 21.091362399563309 ], [ -98.268670391000057, 21.091198139098619 ], [ -98.269077088859888, 21.09118521332659 ], [ -98.269298557609375, 21.091207910898341 ], [ -98.26984331725582, 21.090891236278718 ], [ -98.270510290014641, 21.09027411520302 ], [ -98.270841912155575, 21.090007518503402 ], [ -98.27080547684335, 21.089915441764536 ], [ -98.270928038585382, 21.089799969227339 ], [ -98.271367955540342, 21.089511542742638 ], [ -98.271660111652309, 21.0891559773913 ], [ -98.271829756677135, 21.088870483261225 ], [ -98.27182919256478, 21.088677234980462 ], [ -98.272168099766205, 21.088449395473496 ], [ -98.272718928312372, 21.087580031871443 ], [ -98.272850567022289, 21.087456384101898 ], [ -98.272884499566146, 21.087265493865083 ], [ -98.272720855872763, 21.086879335808774 ], [ -98.272644791104483, 21.086599427038159 ], [ -98.272776017531015, 21.086110920374768 ], [ -98.272688314389384, 21.085879710809593 ], [ -98.272528398690397, 21.085787780332382 ], [ -98.272466331085383, 21.08566105244121 ], [ -98.272514080505374, 21.085488133423961 ], [ -98.272329304964927, 21.08524739056941 ], [ -98.272120713579426, 21.085018831287112 ], [ -98.271901431697216, 21.085065293303629 ], [ -98.271657892552398, 21.085237970046069 ], [ -98.27162172787223, 21.08549086299044 ], [ -98.271487405490618, 21.085629464451106 ], [ -98.27115709574322, 21.085630473871127 ], [ -98.270741337505441, 21.085574137726169 ], [ -98.270375249308941, 21.085425657337137 ], [ -98.270215245366629, 21.08561030293734 ], [ -98.270079798963536, 21.085737550168204 ], [ -98.269896623173807, 21.085757950169025 ], [ -98.26932949573461, 21.085900690628435 ], [ -98.268678098354997, 21.085992057815059 ], [ -98.268161357252751, 21.086075784334753 ], [ -98.267952084900003, 21.086009195298811 ], [ -98.267700496803627, 21.085705467421228 ], [ -98.267658695876108, 21.085455260950191 ], [ -98.267672834987494, 21.085301573872265 ], [ -98.267773967577284, 21.085206522256929 ], [ -98.268002333238613, 21.085089604856858 ], [ -98.268149617486642, 21.084930043994451 ], [ -98.268222032709346, 21.08477150685027 ], [ -98.268257358609915, 21.084606730637336 ], [ -98.268163034173824, 21.084557072103745 ], [ -98.268086501819695, 21.084628681610596 ], [ -98.268013638131066, 21.084793684550636 ], [ -98.267894985239039, 21.084794046527623 ], [ -98.267801863413737, 21.084715415134376 ], [ -98.267732388212423, 21.084608331962649 ], [ -98.267703754447638, 21.084416204318707 ], [ -98.26778135591104, 21.084323837343302 ], [ -98.267966341456798, 21.08411169244982 ], [ -98.268159234683665, 21.083650612552642 ], [ -98.268176816820315, 21.083367895365143 ], [ -98.268188509369764, 21.083046980980871 ], [ -98.268084014107203, 21.082763362889995 ], [ -98.268119810445398, 21.081828926246736 ], [ -98.268276955925728, 21.081196650914436 ], [ -98.268223296271884, 21.080538538280621 ], [ -98.268259895069789, 21.080174441986479 ], [ -98.267339236302988, 21.0788530593716 ], [ -98.267506309090052, 21.078327413850197 ], [ -98.268776469720294, 21.074649346100209 ], [ -98.268697380459486, 21.074076131531989 ], [ -98.268978607695942, 21.073550453385337 ], [ -98.269362787785468, 21.071878386720091 ], [ -98.269240618118545, 21.07114219199045 ], [ -98.269367189693185, 21.070875259944334 ], [ -98.269649570565534, 21.070985382538229 ], [ -98.269859691184294, 21.071140315497793 ], [ -98.270336944277574, 21.071094395444064 ], [ -98.270713492721072, 21.071293528638435 ], [ -98.270927947187431, 21.071292877343328 ], [ -98.271290830229873, 21.071002611504078 ], [ -98.272085078627612, 21.070402198699306 ], [ -98.272493337402878, 21.07002620964272 ], [ -98.272854331305453, 21.069520261654116 ], [ -98.272955512646305, 21.068908684937359 ] ] } },
{ "type": "Feature", "properties": { "ID_OBRA": "332_Huazalingo", "No.": 332.0, "Municipio": "Huazalingo", "Rubro": "Infraestructura Carretera", "Ejercicio": 2023.0, "Obra": "Rehabilitación del tramo E.C. (San Pedro - Huazalingo) - Tetlicuil, del km 0+000 al km 2+600; en el municipio de Huazalingo", "Localidad": "Tetlicuil", "Inversión": 2041670.5, "Habitantes.beneficiados": 124.0, "Ejecutora": "DGCCE", "Trabajos": "Se consideran trabajos de revestimiento, cunetas y limpieza de cunetas.", "Geometria_tipo": "Línea", "extract": 0.48556178933665078 }, "geometry": { "type": "LineString", "coordinates": [ [ -98.50858617708441, 20.9730127859888 ], [ -98.508333078511228, 20.973012815307559 ], [ -98.508260915774343, 20.973249104188081 ], [ -98.508224921632362, 20.97350790808823 ], [ -98.507899675121791, 20.973823027815495 ], [ -98.507598416556405, 20.973969357810692 ], [ -98.507309299239537, 20.974307018530741 ], [ -98.507200911540835, 20.974509621919456 ], [ -98.506899577084411, 20.974577185744526 ], [ -98.505886976605026, 20.97455477404667 ], [ -98.505103439724948, 20.974611124729748 ], [ -98.504826189989402, 20.974656172514727 ], [ -98.504464654775646, 20.975511740432356 ], [ -98.504247686991746, 20.975962118223404 ], [ -98.504018628139804, 20.976311202706388 ], [ -98.503873935858252, 20.976254911904597 ], [ -98.503789529383894, 20.976108535020533 ], [ -98.50398240921001, 20.975523039847253 ], [ -98.504054734599933, 20.975354162334654 ], [ -98.50409088478149, 20.97511775173108 ], [ -98.504030579827543, 20.974701264729944 ], [ -98.503897968217714, 20.974521185092847 ], [ -98.503705091688332, 20.974329863819481 ], [ -98.503572494639641, 20.974138546877576 ], [ -98.504018469967576, 20.973845909556292 ], [ -98.50401845545764, 20.973620847203957 ], [ -98.503789446058875, 20.973575855289564 ], [ -98.503235012206801, 20.973497131898959 ], [ -98.502379277399513, 20.973373421379438 ], [ -98.502234613177265, 20.973553469471881 ], [ -98.502330994604861, 20.973812281313322 ], [ -98.502379165418503, 20.974082367945581 ], [ -98.502379142197796, 20.97422867457492 ], [ -98.502174224645259, 20.974217434993363 ], [ -98.50215011864212, 20.974206182183149 ], [ -98.502005540275476, 20.973868571830256 ], [ -98.501752448978422, 20.973733549371978 ], [ -98.501547609175219, 20.973486001862437 ], [ -98.501210211769731, 20.973215974506161 ], [ -98.500921046489267, 20.972945961793311 ], [ -98.500776513126254, 20.972698458330647 ], [ -98.50055965871482, 20.972507221962442 ], [ -98.500270374087194, 20.972619736555089 ], [ -98.500005146526533, 20.972811005522345 ], [ -98.499992965217089, 20.973081028609016 ], [ -98.499992878886388, 20.973261053904416 ] ] } },
{ "type": "Feature", "properties": { "ID_OBRA": "336_Huazalingo", "No.": 336.0, "Municipio": "Huazalingo", "Rubro": "Infraestructura Carretera", "Ejercicio": 2023.0, "Obra": "Rehabilitación del tramo Tzapotitla - Tlatzonco del km 0+000 al km 2+300; en el municipio de Huazalingo", "Localidad": "Tzapotitla", "Inversión": 1798990.51, "Habitantes.beneficiados": 245.0, "Ejecutora": "DGCCE", "Trabajos": "Se consideran trabajos de revestimiento, cunetas y limpieza de cunetas.", "Geometria_tipo": "Línea", "extract": 0.42492827374887132 }, "geometry": { "type": "LineString", "coordinates": [ [ -98.481278630136046, 20.976931549243986 ], [ -98.481228787157221, 20.97685677869292 ], [ -98.481172275011744, 20.976809188881159 ], [ -98.481112781961173, 20.976737807908616 ], [ -98.481088991955502, 20.976699144385751 ], [ -98.481026530142003, 20.976654529835308 ], [ -98.480937302307524, 20.976565293749509 ], [ -98.480901610011941, 20.976514734084834 ], [ -98.480868887238486, 20.976443354161226 ], [ -98.48084212463155, 20.976348168761124 ], [ -98.480827252526908, 20.97625299518775 ], [ -98.480824273072898, 20.976196478743137 ], [ -98.480797499223002, 20.976122115370831 ], [ -98.480764788083093, 20.976059659722647 ], [ -98.480732071567203, 20.975991248822183 ], [ -98.48068745788656, 20.975913919865182 ], [ -98.480627973461964, 20.975836589847695 ], [ -98.480558459275116, 20.975730829179778 ], [ -98.480520893048038, 20.975678950881061 ], [ -98.480413820902669, 20.975515365679115 ], [ -98.480378129357021, 20.975420180989047 ], [ -98.480324588928724, 20.975336905630211 ], [ -98.48023833260666, 20.975253616310244 ], [ -98.480166952903019, 20.975200087036537 ], [ -98.48008664296583, 20.975146546752246 ], [ -98.479991466149556, 20.975101925082754 ], [ -98.479914129414894, 20.975063260632279 ], [ -98.479818951446376, 20.975015666218944 ], [ -98.479750544302036, 20.974988911401841 ], [ -98.479673213973996, 20.974965107379315 ], [ -98.479572087723852, 20.974944286424609 ], [ -98.479447156135137, 20.974938337240683 ], [ -98.479381728688452, 20.974944285958994 ], [ -98.479343063968798, 20.974947266070906 ], [ -98.4792686999034, 20.974968086809547 ], [ -98.479218140017807, 20.974991877009717 ], [ -98.479173522283503, 20.975003771282619 ], [ -98.479125931785717, 20.97500377129813 ], [ -98.479069422772909, 20.974985930755832 ], [ -98.479036706545912, 20.974962140840884 ], [ -98.479006965456989, 20.974923465165926 ], [ -98.478989116524957, 20.974872906350427 ], [ -98.478968291733139, 20.97480747069114 ], [ -98.478944503433823, 20.97473608700253 ], [ -98.478896912196092, 20.974590346021294 ], [ -98.478843371751793, 20.974462441678416 ], [ -98.478766043187051, 20.974283981999108 ], [ -98.478673838178523, 20.974081731756257 ], [ -98.478602450158874, 20.973965738314376 ], [ -98.478537015607643, 20.973822974013679 ], [ -98.478458550458981, 20.973695035748431 ], [ -98.478248510881201, 20.973358973635584 ], [ -98.478126563118423, 20.973189443177588 ], [ -98.477995694391311, 20.973022874219151 ], [ -98.477936201204514, 20.972948514092646 ], [ -98.477855897561184, 20.972889028410687 ], [ -98.477736923927424, 20.97280873042715 ], [ -98.477614976021044, 20.9727403147307 ], [ -98.477433535975692, 20.972686779454875 ], [ -98.477347284724885, 20.972651079052124 ], [ -98.47724913409958, 20.972621344322054 ], [ -98.477201547291571, 20.972585644975311 ], [ -98.477124214288366, 20.972532105225866 ], [ -98.477043907832311, 20.972454778770139 ], [ -98.476939804834402, 20.972329854870889 ], [ -98.476862475323983, 20.972207915260906 ], [ -98.476805962615074, 20.972112730080749 ], [ -98.476764317985428, 20.97201160006032 ], [ -98.476734499579507, 20.971925816817492 ], [ -98.47668401461317, 20.971806381028834 ], [ -98.476608052894349, 20.971701477226318 ], [ -98.476535298127615, 20.971577349591943 ], [ -98.476425244922638, 20.971384026325591 ], [ -98.476368735979165, 20.971279914945221 ], [ -98.476330068452867, 20.971181761188902 ], [ -98.476270579372525, 20.971039000746085 ], [ -98.476240835626939, 20.970815926598231 ], [ -98.476214065846634, 20.970714796069615 ], [ -98.476181350645859, 20.970634498250114 ], [ -98.476148631176216, 20.970521472395927 ], [ -98.476080224348252, 20.970435217147724 ], [ -98.476032632956347, 20.970337062997061 ], [ -98.475996941213765, 20.970185372739547 ], [ -98.475949351208612, 20.970051526942964 ], [ -98.475928534112114, 20.969932551687524 ], [ -98.475928534396445, 20.969843317199331 ], [ -98.475928534464117, 20.96977788194685 ], [ -98.475928533654709, 20.969700553397217 ], [ -98.475928534344135, 20.969617274138525 ], [ -98.475907716896344, 20.969545892832972 ] ] } },
{ "type": "Feature", "properties": { "ID_OBRA": "342_Huehuetla", "No.": 342.0, "Municipio": "Huehuetla", "Rubro": "Infraestructura Carretera", "Ejercicio": 2023.0, "Obra": "Rehabilitación C.E. Santa María Temaxcalapa - Huehuetla, Subtramo del km 5+900 al km 10+000; en el municipio de Huehuetla", "Localidad": "Huehuetla", "Inversión": 51159475.34, "Habitantes.beneficiados": null, "Ejecutora": "DGCCE", "Trabajos": "Considera trabajos para la reconstrucción y/o conservación de Infraestructura Carretera en la localidad de Huehuetla municipio de Huehuetla", "Geometria_tipo": "Línea", "extract": 0.87461429076258235 }, "geometry": { "type": "LineString", "coordinates": [ [ -98.064077066582144, 20.456278592409184 ], [ -98.065168516374044, 20.455493168249451 ], [ -98.065326155211849, 20.455397989105833 ], [ -98.065474871827107, 20.455344450774636 ], [ -98.065605741959075, 20.455317682019604 ], [ -98.066387989639679, 20.455281989854011 ], [ -98.066768703649089, 20.455240349936442 ], [ -98.066920394085216, 20.45522845287169 ], [ -98.067030444199432, 20.455219529922225 ], [ -98.067190319631635, 20.455216215794067 ], [ -98.067295159147392, 20.455228453435875 ], [ -98.067445504977698, 20.455293040727938 ], [ -98.067541432944196, 20.45535783582401 ], [ -98.06769847753921, 20.455494655458754 ], [ -98.068192216263995, 20.455963011853555 ], [ -98.068746629814129, 20.456422248092849 ], [ -98.069779317154428, 20.45725743913874 ], [ -98.069922084135442, 20.457369273760222 ], [ -98.070076749425496, 20.457438277646215 ], [ -98.070188584430738, 20.457450175132571 ], [ -98.07029565960282, 20.457424001208189 ], [ -98.070390837810308, 20.457371653379958 ], [ -98.070488396109241, 20.457274094666772 ], [ -98.070709686056588, 20.456940970570461 ], [ -98.070862169534436, 20.456672487679928 ], [ -98.070940097142341, 20.456490459267027 ], [ -98.070975805589299, 20.456355780758127 ], [ -98.070975789404201, 20.456169232128921 ], [ -98.07102218803945, 20.455883697436231 ], [ -98.071104280254204, 20.455526778276166 ], [ -98.071275600916223, 20.455055643896998 ], [ -98.071368399635958, 20.454809370384545 ], [ -98.071532583200948, 20.454530973302667 ], [ -98.071628950901982, 20.454316822053581 ], [ -98.071678920303526, 20.454091962932427 ], [ -98.071736027169422, 20.453785011726474 ], [ -98.071771719341967, 20.45347806186377 ], [ -98.071750414214236, 20.45333635025629 ], [ -98.071711042217927, 20.453089019633946 ], [ -98.071618243359239, 20.45255007171599 ], [ -98.071589690165411, 20.452364473894086 ], [ -98.071600397041223, 20.452153892413282 ], [ -98.071670208095256, 20.451899602644637 ], [ -98.071768148822642, 20.45171131235432 ], [ -98.071971592755119, 20.451447192105491 ], [ -98.072506972183859, 20.45084042863024 ], [ -98.073288624984372, 20.449998099817577 ], [ -98.073456377092427, 20.449855331615957 ], [ -98.073574160106617, 20.449769672389881 ], [ -98.073716927630315, 20.449708995060799 ], [ -98.073963202093708, 20.449662595960564 ], [ -98.074266583150091, 20.449626903659453 ], [ -98.074445043200626, 20.449587643237255 ], [ -98.074605656948165, 20.449516259268762 ], [ -98.074716654193097, 20.449430551396027 ], [ -98.074792205109063, 20.449284136309885 ], [ -98.074804680550713, 20.449227153580122 ], [ -98.07481623879805, 20.449102232938873 ], [ -98.074787684787921, 20.448945188006761 ], [ -98.074709162830459, 20.448795281783973 ], [ -98.074512857700697, 20.448534731238102 ], [ -98.074266582693099, 20.448231350079347 ], [ -98.074138092808354, 20.448124274459481 ], [ -98.073973910100435, 20.44806002869667 ], [ -98.073791880598606, 20.448056460305509 ], [ -98.07365268194674, 20.44810285925622 ], [ -98.07353133036375, 20.448188520373879 ], [ -98.073445669217293, 20.448295596363227 ], [ -98.073176174651167, 20.448966660384606 ], [ -98.07316004058805, 20.449009563617263 ], [ -98.073067335270466, 20.449216446737161 ], [ -98.072978105182926, 20.449302107786711 ], [ -98.072885306354692, 20.449352075590955 ], [ -98.072721350761114, 20.449382313144042 ], [ -98.07258906265605, 20.449366352771445 ], [ -98.072499833535289, 20.449323523110088 ], [ -98.072385619874666, 20.449237861957741 ], [ -98.072314236128591, 20.449098664412553 ], [ -98.072299959214703, 20.448955896103787 ], [ -98.07243911180305, 20.448578085896159 ], [ -98.072516222378951, 20.448378435883029 ], [ -98.072572409979941, 20.448197457837189 ], [ -98.07269613868516, 20.447878000206348 ], [ -98.072896480772542, 20.447562507917027 ], [ -98.073388971337721, 20.447022915017417 ], [ -98.073867246598411, 20.446523230770612 ], [ -98.074152674787086, 20.446221302684727 ], [ -98.074218981848972, 20.446138233174086 ], [ -98.074327854639435, 20.445989898384461 ], [ -98.074646107410146, 20.445448570356774 ], [ -98.075237998398734, 20.444303455111257 ], [ -98.075455123899104, 20.4439019210749 ], [ -98.075517584680924, 20.443732384067676 ], [ -98.075588968812539, 20.443509310365325 ], [ -98.075630609463985, 20.443318952803143 ], [ -98.075675223898529, 20.443018546147531 ], [ -98.075743634042112, 20.442816292039119 ], [ -98.075856657647066, 20.442646755049758 ], [ -98.07600240015239, 20.442533730653881 ], [ -98.076142193634013, 20.442480193036861 ], [ -98.076320652973351, 20.442435577830629 ], [ -98.077025567753424, 20.442393936972728 ], [ -98.078038193100667, 20.442332431338606 ], [ -98.078280897751299, 20.442332431241603 ], [ -98.078481367151809, 20.44232469698667 ], [ -98.078616996443017, 20.442310420068132 ], [ -98.078738943661691, 20.442286031442492 ], [ -98.078838881424829, 20.442221786074221 ], [ -98.078938059920148, 20.442135171437169 ], [ -98.079009444228532, 20.442022146611656 ], [ -98.079045136063101, 20.441918045019662 ], [ -98.079051084830098, 20.441802046399012 ], [ -98.079030264155307, 20.441680099098754 ], [ -98.078945893325255, 20.441525164443988 ] ] } },
{ "type": "Feature", "properties": { "ID_OBRA": "352_Huejutla de Reyes", "No.": 352.0, "Municipio": "Huejutla de Reyes", "Rubro": "Infraestructura Carretera", "Ejercicio": 2023.0, "Obra": "Rehabilitación del tramo Huehuetla - Atappa - Octatitla, del km 0+000 al km 2+500; en el municipio de Huejutla de Reyes.", "Localidad": "Atappa", "Inversión": 1982986.39, "Habitantes.beneficiados": 303.0, "Ejecutora": "DGCCE", "Trabajos": "Se consideran trabajos de revestimiento, cunetas y limpieza de cunetas.", "Geometria_tipo": "Línea", "extract": 0.48534057279029669 }, "geometry": { "type": "LineString", "coordinates": [ [ -98.50594013334657, 21.073386390978584 ], [ -98.507020294243745, 21.073105729584775 ], [ -98.507657515942526, 21.072556633757962 ], [ -98.508106667692346, 21.072422363537136 ], [ -98.509192899768166, 21.071607936703511 ], [ -98.510127136935651, 21.071717140502606 ], [ -98.510653617211531, 21.071230591222509 ], [ -98.510852816869203, 21.070907775991131 ], [ -98.512764135607782, 21.070574368896864 ], [ -98.513167317989897, 21.070174628596238 ], [ -98.513587542793616, 21.070183959477632 ], [ -98.513631741383861, 21.070575101072286 ], [ -98.513709796012279, 21.070853877602651 ], [ -98.513899975625577, 21.071042590381666 ], [ -98.514175255386803, 21.07107130109118 ], [ -98.514479400232972, 21.071033605831442 ], [ -98.514851455128408, 21.070892383134389 ], [ -98.515261244045092, 21.070633812839489 ], [ -98.515636831892095, 21.070652663671076 ], [ -98.516219085762486, 21.070933699039728 ], [ -98.516448682637304, 21.07094361551578 ], [ -98.516903499612823, 21.070871293115811 ], [ -98.517206106662613, 21.070852289510722 ], [ -98.517487796507766, 21.070621620812418 ], [ -98.51767912325478, 21.070498195901987 ], [ -98.517803513249319, 21.070534639773626 ], [ -98.517870929287341, 21.070663670562936 ], [ -98.517787241317578, 21.071042893051157 ], [ -98.517589984354117, 21.071404393862181 ], [ -98.517533034162184, 21.071526021858073 ], [ -98.517625232940858, 21.071655531570983 ], [ -98.518199251653698, 21.072083419329715 ], [ -98.518749176475239, 21.072542718794299 ], [ -98.519298732680426, 21.073038711698779 ], [ -98.519975415527966, 21.073635155970454 ], [ -98.520567710388136, 21.074281722127189 ], [ -98.520788222145256, 21.075062498203668 ], [ -98.521109983626474, 21.075760772093528 ], [ -98.520869004484766, 21.076455218201929 ], [ -98.520961625115461, 21.077041477648631 ], [ -98.521210617474324, 21.077500425277087 ], [ -98.521396378470527, 21.077667833022275 ], [ -98.521407383883499, 21.078170576615832 ], [ -98.521569375730991, 21.078271475727739 ], [ -98.521708639676007, 21.078188139281352 ], [ -98.521761099708925, 21.077899906044152 ], [ -98.521860539214359, 21.077849660757209 ], [ -98.521985631609752, 21.077955032611861 ], [ -98.522023274065546, 21.07822807976159 ], [ -98.521972418711783, 21.078485045962935 ], [ -98.521982232927044, 21.07877126233312 ], [ -98.522067561700283, 21.078955779588188 ], [ -98.522176169812127, 21.079185795015849 ], [ -98.522158228251811, 21.079391897253029 ], [ -98.52211655472297, 21.079550381946959 ], [ -98.522247611632238, 21.079783827633236 ], [ -98.522982722014177, 21.079951690552893 ] ] } },
{ "type": "Feature", "properties": { "ID_OBRA": "357_Huejutla de Reyes", "No.": 357.0, "Municipio": "Huejutla de Reyes", "Rubro": "Infraestructura Carretera", "Ejercicio": 2024.0, "Obra": "Rehabilitación del C.R. Tamalcuatitla - Apilol - Chalahuitzintla - Tlanepantla, municipio de Huejutla de Reyes", "Localidad": "Chalahuitzintla", "Inversión": 2779379.89, "Habitantes.beneficiados": 215.0, "Ejecutora": "DGCCE", "Trabajos": "Considera los trabajos de preliminares, revestimiento de camino en la localidad de Chalahuitzintla municipio de Huejutla de Reyes", "Geometria_tipo": "Línea", "extract": 0.64421585030897666 }, "geometry": { "type": "LineString", "coordinates": [ [ -98.529292932784287, 21.103787000422717 ], [ -98.529302218747347, 21.10378567270957 ], [ -98.529391449158979, 21.103720238179775 ], [ -98.529534216176657, 21.103642905363145 ], [ -98.529647241404788, 21.103559624204937 ], [ -98.529795956642715, 21.103559623726667 ], [ -98.529932775638201, 21.103631007955904 ], [ -98.530075543615339, 21.103696443449603 ], [ -98.530164774275079, 21.103744032126706 ], [ -98.530287491623326, 21.103775087641836 ], [ -98.530380290718114, 21.103791744665589 ], [ -98.530456433743922, 21.103798882897578 ], [ -98.530534956317709, 21.103851231349893 ], [ -98.530599025023335, 21.103922492226669 ], [ -98.530706100724259, 21.104035515863018 ], [ -98.53087861180191, 21.104112849383867 ], [ -98.530981503020072, 21.104131866016569 ], [ -98.531195969943298, 21.104214813248323 ], [ -98.531386327259924, 21.104315940398049 ], [ -98.531588581904714, 21.104437886842486 ], [ -98.531764067250379, 21.10455388617784 ], [ -98.531936578349601, 21.104723423097017 ], [ -98.53197821772531, 21.104762089000548 ], [ -98.532022832713778, 21.104785882850205 ], [ -98.532091242627828, 21.104791831651482 ], [ -98.532180471666422, 21.104765063172241 ], [ -98.53228457384769, 21.104711525187405 ], [ -98.532385701343586, 21.104681782465882 ], [ -98.53248980168037, 21.104693678988404 ], [ -98.532537392217677, 21.104738293751431 ], [ -98.532590928669151, 21.104794806328215 ], [ -98.532626621323502, 21.1048929586402 ], [ -98.532617697818694, 21.10506546966829 ], [ -98.532602827454127, 21.105190392475087 ], [ -98.532614724064317, 21.105232031978929 ], [ -98.532653389830699, 21.105273672983003 ], [ -98.532778312242286, 21.105356954192256 ], [ -98.532897284725607, 21.105469977625923 ], [ -98.532962720238544, 21.10557705375529 ], [ -98.533071951444668, 21.105829990060105 ], [ -98.533085256544169, 21.105853881731097 ], [ -98.533209801142249, 21.106053006038625 ], [ -98.533372890180388, 21.106243192892773 ], [ -98.533419903176593, 21.106604729333746 ], [ -98.533448443125593, 21.106713235225662 ], [ -98.533453821593454, 21.106720342745206 ], [ -98.533535401668431, 21.106763831892689 ], [ -98.533592506592441, 21.106811411726557 ], [ -98.533673408812348, 21.106835201060363 ], [ -98.533859006748344, 21.106935151354648 ], [ -98.533944666305459, 21.106973215879677 ], [ -98.534025568679255, 21.107030320953974 ], [ -98.534073159209754, 21.107073161660978 ], [ -98.534096956395175, 21.107106466160783 ], [ -98.534144546983526, 21.10723971598733 ], [ -98.53419213359625, 21.107330135699865 ], [ -98.534330141435518, 21.107425321425687 ], [ -98.534401529405329, 21.107468150601093 ], [ -98.534472908602623, 21.107501454696891 ], [ -98.534549053977557, 21.107534770040473 ], [ -98.534610915695112, 21.107563320675244 ], [ -98.534644230893718, 21.107644230275003 ], [ -98.534610915523672, 21.107682294952699 ], [ -98.534577607639832, 21.107710849074685 ], [ -98.534506224030892, 21.107706095691608 ], [ -98.534415803680005, 21.10767754520397 ], [ -98.534339659087351, 21.107634704776959 ], [ -98.534263513676819, 21.107601400181935 ], [ -98.534125507406316, 21.10755380971738 ], [ -98.534039851480202, 21.107491939954855 ], [ -98.533901837287175, 21.107349175834152 ], [ -98.533839974879797, 21.107287306326469 ], [ -98.533768587152991, 21.10724447962885 ], [ -98.53366389539022, 21.107230201434014 ], [ -98.53352588819584, 21.107220676252179 ], [ -98.533364079762364, 21.107234954938733 ], [ -98.533278421133289, 21.107239715691861 ], [ -98.533207039815395, 21.107244480472207 ], [ -98.533045235707704, 21.107263516860133 ], [ -98.532921500666845, 21.1072682701428 ], [ -98.532807290691451, 21.107268269902413 ], [ -98.532678797767943, 21.107215925708665 ], [ -98.532583619772723, 21.107215926273188 ], [ -98.532445605816307, 21.107177845903173 ], [ -98.532355186208321, 21.107158821159324 ], [ -98.532269525609337, 21.107135019878182 ], [ -98.532217177656179, 21.107125505842351 ], [ -98.53220276210925, 21.1071499553743 ], [ -98.532203735095834, 21.107167313082655 ], [ -98.532215433670729, 21.107223306456454 ], [ -98.532247555618127, 21.107305396842087 ], [ -98.532376046708606, 21.107405333948456 ], [ -98.532554507418823, 21.107466011167791 ], [ -98.532732966160168, 21.107533825187307 ], [ -98.532836473148024, 21.107587362731682 ], [ -98.532918564399552, 21.107705146423953 ], [ -98.532981094823015, 21.107765782974731 ], [ -98.533007555969434, 21.107847770887609 ], [ -98.533015171110506, 21.107922010611169 ], [ -98.532982810197396, 21.108055260062695 ], [ -98.532900956099226, 21.108144728091485 ], [ -98.532758188999878, 21.108253231865397 ], [ -98.532710600134038, 21.108314145969505 ], [ -98.532708695751566, 21.108342698623201 ], [ -98.532752477614636, 21.108371253408539 ], [ -98.532841946236232, 21.108384577663699 ], [ -98.5330170741572, 21.108403613231143 ], [ -98.533220070628076, 21.108488195203279 ], [ -98.533304037435514, 21.108522491286021 ], [ -98.533543173224842, 21.10865098186035 ], [ -98.533828708456369, 21.108797318837119 ], [ -98.53412394861985, 21.109002418752006 ], [ -98.534265897995951, 21.109126624132909 ], [ -98.534332520889606, 21.10916470394158 ], [ -98.534389625838401, 21.109202769330611 ], [ -98.534418181189849, 21.109221809254173 ], [ -98.534475292734513, 21.109250363161884 ], [ -98.534541915599007, 21.109278914251231 ], [ -98.534608543446836, 21.109316993966512 ], [ -98.534665648370279, 21.109345533336274 ], [ -98.534703719894082, 21.109364573129508 ], [ -98.534712329946004, 21.109365805684551 ], [ -98.534748136951535, 21.109381705807337 ], [ -98.534786208691813, 21.109386469792611 ], [ -98.534831411900797, 21.109386470043553 ], [ -98.534857589745798, 21.109379325365978 ], [ -98.534893282300814, 21.109376955746697 ], [ -98.53491945232409, 21.10937695616153 ], [ -98.534938491779783, 21.10938885097249 ], [ -98.534945629730188, 21.109405494620646 ], [ -98.534948010230792, 21.109431680059089 ], [ -98.534943252571196, 21.109462614753365 ], [ -98.534948010174688, 21.109486405126905 ], [ -98.534965742000239, 21.109532627816609 ], [ -98.534970595549609, 21.109536438670869 ], [ -98.535008781296654, 21.109644957194792 ], [ -98.535024154835668, 21.109693418684401 ], [ -98.535025096977549, 21.109703785672735 ], [ -98.535098349083995, 21.109762483874071 ], [ -98.53526253245586, 21.109855283032481 ], [ -98.535419576274904, 21.10994808234674 ], [ -98.535540929440387, 21.110065864858093 ], [ -98.535608742812457, 21.110283585665375 ], [ -98.535658712133639, 21.110394230707207 ], [ -98.535797910569059, 21.11050130718548 ], [ -98.535979938647614, 21.11063336686513 ] ] } },
{ "type": "Feature", "properties": { "ID_OBRA": "358_Huejutla de Reyes", "No.": 358.0, "Municipio": "Huejutla de Reyes", "Rubro": "Infraestructura Carretera", "Ejercicio": 2023.0, "Obra": "Rehabilitación de carpeta asfáltica del tramo C.E. Chalahuiyapa - Los Otates del 0+000 al 3+800; en el municipio de Huejutla de Reyes", "Localidad": "Chalahuiyapa", "Inversión": 14575391.13, "Habitantes.beneficiados": 1428.0, "Ejecutora": "DGCCE", "Trabajos": "Considera trabajos para la reconstrucción y/o conservación de Infraestructura Carretera en la localidad de Chalahuiyapa municipio de Huejutla de Reyes", "Geometria_tipo": "Línea", "extract": 0.32588447843698376 }, "geometry": { "type": "LineString", "coordinates": [ [ -98.360272019163645, 21.150832287587658 ], [ -98.35865361056976, 21.150499136751133 ], [ -98.358141467754393, 21.150463726342139 ], [ -98.357512595289251, 21.150978885357272 ], [ -98.357120003051946, 21.15127942288844 ], [ -98.356488905513444, 21.151120387310847 ], [ -98.355864027484614, 21.150719489200139 ], [ -98.354992114621965, 21.150198976512609 ], [ -98.354078842939813, 21.149133645830592 ], [ -98.352401527006961, 21.148610482931826 ], [ -98.349516154052253, 21.148211283587006 ], [ -98.348597873390119, 21.148091201626304 ], [ -98.348239492848862, 21.148108892430304 ], [ -98.347677789780874, 21.148341616033044 ] ] } },
{ "type": "Feature", "properties": { "ID_OBRA": "360_Huejutla de Reyes", "No.": 360.0, "Municipio": "Huejutla de Reyes", "Rubro": "Infraestructura Carretera", "Ejercicio": 2022.0, "Obra": "Reconstrucción de la carretera estatal E.C.F. Pachuca - Tempoal - San José - Coacuilco, municipio de Huejutla de Reyes", "Localidad": "Coacuilco", "Inversión": 20896857.14, "Habitantes.beneficiados": 3369.0, "Ejecutora": "DGCCE", "Trabajos": "Considera trabajos para la reconstrucción y/o conservación de Infraestructura Carretera en la localidad de Coacuilco municipio de Huejutla de Reyes", "Geometria_tipo": "Línea", "extract": 0.32236368428280054 }, "geometry": { "type": "LineString", "coordinates": [ [ -98.590058036334682, 21.097112449971245 ], [ -98.592015647706603, 21.09478117515398 ], [ -98.592252915949302, 21.093803052108168 ], [ -98.593128323519153, 21.093165500282471 ], [ -98.593739699311541, 21.090837663233692 ], [ -98.593669797436149, 21.089240723696825 ], [ -98.593315358246443, 21.088437488370861 ], [ -98.593250958123349, 21.087994242207618 ], [ -98.59233905432589, 21.086947358461487 ], [ -98.591939151770902, 21.084353607783687 ], [ -98.592331100006405, 21.081282288352341 ], [ -98.592697262238019, 21.080459343564119 ], [ -98.593550571277547, 21.079771751573933 ], [ -98.593945278997424, 21.078856799141207 ], [ -98.593810374317087, 21.077922872965011 ], [ -98.593900228354386, 21.076990037479536 ], [ -98.594777949010521, 21.076354739289055 ], [ -98.594968646278502, 21.076153547188969 ], [ -98.595018378940935, 21.075731546777295 ], [ -98.594826073979689, 21.074471359767522 ], [ -98.594300867785449, 21.073404431151666 ], [ -98.594197108291581, 21.072795849488514 ], [ -98.59367182503334, 21.071868161638651 ], [ -98.593443053223609, 21.070918488785072 ] ] } },
{ "type": "Feature", "properties": { "ID_OBRA": "372_Huejutla de Reyes", "No.": 372.0, "Municipio": "Huejutla de Reyes", "Rubro": "Infraestructura Carretera", "Ejercicio": 2024.0, "Obra": "Rehabilitación de camino E.C. de Tehuetlán a Huejutla a Ixcatépec, del Km 0.000 al Km 6.000, en el municipio de Huejutla de Reyes.", "Localidad": "Ixcatépec", "Inversión": 9398436.7, "Habitantes.beneficiados": 3579.0, "Ejecutora": "DGCCE", "Trabajos": "Considera trabajos para la reconstrucción y/o conservación de Infraestructura Carretera en la localidad de Ixcatépec municipio de Huejutla de Reyes", "Geometria_tipo": "Línea", "extract": 0.43495544776298123 }, "geometry": { "type": "LineString", "coordinates": [ [ -98.517248649042898, 21.09469104191465 ], [ -98.516070338785326, 21.094938184126491 ], [ -98.515967557764696, 21.095281499892369 ], [ -98.515984922467453, 21.095765302952657 ], [ -98.515833519242435, 21.095535773701485 ], [ -98.515525391366481, 21.094996601749891 ], [ -98.5158690051788, 21.094217848260421 ], [ -98.515824790324473, 21.094032985094049 ], [ -98.515613436616306, 21.09392961542752 ], [ -98.514010201450688, 21.094013906124893 ], [ -98.513101405781782, 21.093772054753536 ], [ -98.512279364949904, 21.09393249818033 ], [ -98.510490540669622, 21.093616156762188 ], [ -98.508951604362309, 21.092146962517315 ], [ -98.507899201007689, 21.09084973695045 ], [ -98.507422803543932, 21.089822506163607 ], [ -98.5065545014441, 21.088912697045664 ], [ -98.505075900885259, 21.088304970141326 ], [ -98.504642837132806, 21.087819964125249 ], [ -98.503379301507834, 21.087252742338599 ], [ -98.50191854358259, 21.086772891608394 ], [ -98.500080199171933, 21.085329476751888 ], [ -98.499558761895102, 21.084644657079675 ], [ -98.497654917727886, 21.08445430364841 ], [ -98.497032527474246, 21.083681480793576 ], [ -98.495007405157608, 21.083991495290391 ], [ -98.494287634597271, 21.08262887910055 ], [ -98.492113438899125, 21.082260843951538 ], [ -98.491694523269928, 21.081647695635318 ], [ -98.490801624220708, 21.081553005714856 ], [ -98.49017755751548, 21.080440806474382 ], [ -98.490093178436027, 21.079640940222159 ], [ -98.490442705569791, 21.079483797779204 ], [ -98.490775053468511, 21.079640692493168 ], [ -98.490822843684171, 21.080362265872164 ], [ -98.491166425342001, 21.080650653678891 ], [ -98.491928149160913, 21.080407997682549 ], [ -98.493413662300355, 21.080690105820469 ], [ -98.49488852167373, 21.080513391976709 ], [ -98.495377092220266, 21.079782388217193 ], [ -98.496224807038089, 21.079413523106712 ], [ -98.496713070037018, 21.078655264751475 ], [ -98.496729256280133, 21.077958691322131 ], [ -98.495960337882991, 21.077862628471451 ], [ -98.495400475150817, 21.077157507240241 ], [ -98.494988349936747, 21.077072297328268 ], [ -98.4948996915072, 21.077376155257777 ], [ -98.495089947243457, 21.078304278457033 ], [ -98.495670073351306, 21.078546400001361 ], [ -98.495796647604507, 21.078765431018777 ], [ -98.495245781024906, 21.079060891751045 ], [ -98.494391918780295, 21.079596602978921 ], [ -98.49377611592206, 21.079272736845549 ], [ -98.492626281609148, 21.078841005399433 ], [ -98.492438591686792, 21.07850599757008 ], [ -98.491617061457617, 21.077920435602707 ], [ -98.490971386080659, 21.077068556335533 ], [ -98.490343343936772, 21.076634287460077 ], [ -98.488482677314295, 21.077321531455745 ], [ -98.487705300986121, 21.077249055590961 ], [ -98.487166617032273, 21.077958685453339 ], [ -98.486016463020178, 21.078340767984127 ], [ -98.484228998249989, 21.078116039036185 ], [ -98.484603700703374, 21.077661546622391 ], [ -98.485788703855562, 21.073799188840187 ], [ -98.491004043549225, 21.070485027773831 ], [ -98.49536916406305, 21.065635968500157 ], [ -98.498054703698173, 21.062331209625487 ], [ -98.492940528653151, 21.069022649793261 ] ] } },
{ "type": "Feature", "properties": { "ID_OBRA": "373_Huejutla de Reyes", "No.": 373.0, "Municipio": "Huejutla de Reyes", "Rubro": "Infraestructura Carretera", "Ejercicio": 2022.0, "Obra": "Reconstrucción de la carretera estatal Santa Cruz - Huichapa - La Corrala, municipio de Huejutla de Reyes", "Localidad": "La Corrala", "Inversión": 23331061.06, "Habitantes.beneficiados": 542.0, "Ejecutora": "DGCCE", "Trabajos": "Considera trabajos para la reconstrucción y/o conservación de Infraestructura Carretera en la localidad de La Corrala municipio de Huejutla de Reyes", "Geometria_tipo": "Línea", "extract": 0.32038707213150008 }, "geometry": { "type": "LineString", "coordinates": [ [ -98.498654881931316, 21.193025958854616 ], [ -98.499489514005617, 21.191706791762631 ], [ -98.501679828275087, 21.189224382700935 ], [ -98.502033705164024, 21.187912744541045 ], [ -98.503437437417844, 21.18452484921621 ], [ -98.502807186123761, 21.182212313993261 ], [ -98.501921130277267, 21.181494409443516 ], [ -98.50103962377662, 21.179299416549739 ], [ -98.501051021363565, 21.178595598728137 ], [ -98.501523519760013, 21.177993262206812 ], [ -98.502119040809916, 21.177310225316482 ], [ -98.502857657691763, 21.176072124192963 ], [ -98.504711202073082, 21.173754759591908 ], [ -98.50637789856691, 21.170321215462632 ], [ -98.50660099342727, 21.169732277677749 ], [ -98.50703176590315, 21.169127806936292 ], [ -98.50763473465895, 21.16755136197423 ], [ -98.509715572843163, 21.165370616431815 ], [ -98.510937007936079, 21.164636787267778 ], [ -98.511588161535514, 21.164168247339202 ], [ -98.512699795988524, 21.162371095600399 ], [ -98.514218335667849, 21.16148504463856 ] ] } },
{ "type": "Feature", "properties": { "ID_OBRA": "378_Huejutla de Reyes", "No.": 378.0, "Municipio": "Huejutla de Reyes", "Rubro": "Infraestructura Carretera", "Ejercicio": 2023.0, "Obra": "Rehabilitación del tramo Pahuatzintla - Nepalapa, del km 0+000 al km 2+000; en el municipio de Huejutla de Reyes", "Localidad": "Pahuatzintla", "Inversión": 1567938.72, "Habitantes.beneficiados": 155.0, "Ejecutora": "DGCCE", "Trabajos": "Considera trabajos para la reconstrucción y/o conservación de Infraestructura Carretera en la localidad de Pahuatzintla municipio de Huejutla de Reyes", "Geometria_tipo": "Línea", "extract": 0.34894339400663288 }, "geometry": { "type": "LineString", "coordinates": [ [ -98.513442028371472, 21.094481572647599 ], [ -98.513459454649279, 21.09446413389422 ], [ -98.513494319667501, 21.094429269066936 ], [ -98.513520468175386, 21.094403121796059 ], [ -98.513520467634422, 21.094376973620701 ], [ -98.513520467555807, 21.094342109087435 ], [ -98.513511755319286, 21.09430724034986 ], [ -98.51348560664853, 21.094246226738253 ], [ -98.513476892926306, 21.094202653381089 ], [ -98.513442028214925, 21.09410677462558 ], [ -98.513415872866801, 21.094028320133177 ], [ -98.51335024677735, 21.093882735737274 ], [ -98.513524894201765, 21.093995053104813 ], [ -98.513608175541165, 21.094030738326168 ], [ -98.513727146972442, 21.094066437274279 ], [ -98.513786632633185, 21.094090226979102 ], [ -98.513881809769998, 21.094090226888234 ], [ -98.513965092773617, 21.094090226999437 ], [ -98.514048375175179, 21.094066437106648 ], [ -98.514056339108578, 21.094053162660586 ], [ -98.514084067167104, 21.094006947890779 ], [ -98.514095962207094, 21.09394746278624 ], [ -98.514084067266012, 21.093876078705691 ], [ -98.514036480002929, 21.093828488053141 ], [ -98.514000787659469, 21.093792792113213 ], [ -98.513941294581869, 21.09375000030975 ], [ -98.513869915148717, 21.093721407741459 ], [ -98.513810430246494, 21.093661923187607 ], [ -98.513798526785365, 21.093590542676978 ], [ -98.513798527060018, 21.093519159238344 ], [ -98.513893712335388, 21.093471568390637 ], [ -98.513988890225733, 21.093459673253879 ], [ -98.514143552895177, 21.093388289214303 ], [ -98.5142268345475, 21.093388289186642 ], [ -98.514333907903193, 21.093340698698952 ], [ -98.51444098745398, 21.093328803949159 ], [ -98.514583751576041, 21.093281213356885 ], [ -98.514690831369236, 21.093245514027142 ], [ -98.514809798391894, 21.093209828750528 ], [ -98.514916878177189, 21.093162238810585 ], [ -98.515023954159588, 21.093102749289816 ], [ -98.515119132142075, 21.093043263640496 ], [ -98.515178621165504, 21.092983778945854 ], [ -98.515226200117183, 21.092876699233571 ], [ -98.515214305167532, 21.09274582945336 ], [ -98.515226199898819, 21.092650659298268 ], [ -98.515250000828914, 21.092603065152019 ], [ -98.515285692779088, 21.092567369242314 ], [ -98.515333284316114, 21.092555473799003 ], [ -98.515416566476901, 21.092555474084559 ], [ -98.51549984857688, 21.092567369313731 ], [ -98.515571225033042, 21.092591169763008 ], [ -98.515678304781133, 21.092614960079331 ], [ -98.515761587859586, 21.092638750168522 ], [ -98.515856765055887, 21.092638749857954 ], [ -98.515904355608143, 21.092626855154865 ], [ -98.515999529998282, 21.092579274814906 ], [ -98.516059014690313, 21.092507883959275 ], [ -98.516106609136557, 21.092448394810482 ], [ -98.516189892276344, 21.09238890894682 ], [ -98.516285069355504, 21.092317524923985 ], [ -98.516344554740101, 21.092258039792618 ], [ -98.516404036223847, 21.092234250429549 ], [ -98.516499220830624, 21.092186659890601 ], [ -98.51659439865557, 21.092162870093414 ], [ -98.516725264184842, 21.092127170367839 ], [ -98.516796649205858, 21.092115276330599 ], [ -98.516951318848825, 21.092055790103071 ], [ -98.516975108590501, 21.092020094270509 ], [ -98.517070285960742, 21.091936815710739 ], [ -98.517141674307553, 21.091841631322232 ], [ -98.517201155280929, 21.091782155804758 ], [ -98.517248746016051, 21.091698870007608 ], [ -98.517308239197362, 21.09160369596664 ], [ -98.517367720692235, 21.091496616941839 ], [ -98.517415311151211, 21.091401435199035 ], [ -98.517462897964393, 21.091341945625661 ], [ -98.517534286030198, 21.091282461383216 ], [ -98.51758187285256, 21.091234870377647 ], [ -98.517629462619681, 21.091199181583967 ], [ -98.517665155479065, 21.091151591069526 ], [ -98.517724641011228, 21.091115907155075 ], [ -98.517772227963491, 21.09109210607312 ], [ -98.517855510294595, 21.091092106051871 ], [ -98.517962589550649, 21.091044512328089 ], [ -98.518057767391724, 21.091020721690946 ], [ -98.518093459222612, 21.090985036912205 ], [ -98.518152945433954, 21.09093744701326 ], [ -98.518236227454722, 21.090842261579198 ], [ -98.518390886188939, 21.090616210662848 ], [ -98.518497965631269, 21.090485341711723 ], [ -98.518533654970767, 21.09042585600168 ], [ -98.518593147001511, 21.090342578269844 ], [ -98.518664531064971, 21.090271196719236 ], [ -98.518700219935141, 21.090187907432103 ], [ -98.518735911609269, 21.090104631696942 ], [ -98.518783498790697, 21.090009457655768 ], [ -98.518854885861131, 21.089902379302579 ], [ -98.518926266698827, 21.089830997623519 ], [ -98.51895006426777, 21.089795303320432 ], [ -98.518997653804831, 21.089735813294691 ], [ -98.519057135604641, 21.089700118039698 ], [ -98.519116628665898, 21.089652537740537 ], [ -98.519199907658802, 21.089569247685986 ], [ -98.51928318964238, 21.089497867950627 ], [ -98.519390265837245, 21.089426484197347 ], [ -98.519461650036973, 21.089355104097752 ], [ -98.519497335128733, 21.08930751314881 ], [ -98.519556828366404, 21.089236129146595 ], [ -98.519628208320711, 21.089152838605681 ], [ -98.519675802143155, 21.089093364653174 ], [ -98.51974718318651, 21.08893869415154 ], [ -98.519759077853621, 21.0888554185792 ], [ -98.519782877822777, 21.088772128814128 ], [ -98.519842359812216, 21.088688854191705 ], [ -98.519889947193178, 21.088569879875379 ], [ -98.51992564266375, 21.088486589411243 ], [ -98.519997026862214, 21.088367629985136 ], [ -98.520092207976845, 21.088248654710551 ], [ -98.520151690277316, 21.088153469612333 ], [ -98.520163591701177, 21.088082089918942 ], [ -98.520187384539696, 21.087998810906118 ], [ -98.520211174807159, 21.087927419650487 ], [ -98.520234972367518, 21.08787984009075 ], [ -98.520258768670786, 21.087820351069581 ], [ -98.520270668414682, 21.087760866357492 ], [ -98.520306359953153, 21.087689469881841 ], [ -98.520318254522536, 21.087618090152539 ], [ -98.52036584213046, 21.087570510963761 ], [ -98.520377737056933, 21.087546705800715 ], [ -98.520449124435288, 21.087534811089839 ], [ -98.520508609865402, 21.087534811144149 ], [ -98.520579997014039, 21.087582405825167 ], [ -98.520639478792035, 21.087653785752025 ], [ -98.520663276213625, 21.087737064660725 ], [ -98.52067517518131, 21.087820350612358 ], [ -98.520675175360253, 21.087891735057262 ], [ -98.520663276122548, 21.087963114798537 ], [ -98.520663275948706, 21.088022600629287 ], [ -98.520663276119848, 21.088093985072391 ], [ -98.520698960566008, 21.088177259606127 ], [ -98.520698961437162, 21.088272444887462 ], [ -98.520710866943674, 21.088379525363159 ], [ -98.5207346568247, 21.088462799718361 ], [ -98.52075845428962, 21.088510393617486 ], [ -98.520782251081314, 21.088534183964036 ], [ -98.520794148839968, 21.088605574901194 ] ] } },
{ "type": "Feature", "properties": { "ID_OBRA": "380_Huejutla de Reyes", "No.": 380.0, "Municipio": "Huejutla de Reyes", "Rubro": "Infraestructura Carretera", "Ejercicio": 2023.0, "Obra": "Rehabilitación del tramo Tamalcuatitla - Tepehica, del km 0+000 al km 3+000; en el municipio de Huejutla de Reyes.", "Localidad": "Tamalcuatitla", "Inversión": 2352833.32, "Habitantes.beneficiados": 155.0, "Ejecutora": "DGCCE", "Trabajos": "Se consideran trabajos de revestimiento, cunetas y limpieza de cunetas.", "Geometria_tipo": "Línea", "extract": 0.62217776570004579 }, "geometry": { "type": "LineString", "coordinates": [ [ -98.538645398015674, 21.102222315675238 ], [ -98.538536549166636, 21.10223660161622 ], [ -98.538237832258034, 21.102317109989027 ], [ -98.538055028834975, 21.102271433710712 ], [ -98.5379302908037, 21.1021355685773 ], [ -98.537776708909576, 21.101981546867307 ], [ -98.537276107546887, 21.101962116442724 ], [ -98.536986801537765, 21.102105881978641 ], [ -98.536793631192836, 21.102304137811604 ], [ -98.536639227660658, 21.10241214614928 ], [ -98.53625349341759, 21.102609865131299 ], [ -98.535993490118415, 21.102618180183725 ], [ -98.535791073150293, 21.102689906942345 ], [ -98.535684994742297, 21.102743833856682 ], [ -98.535521398655391, 21.102716286211017 ], [ -98.535406320892903, 21.102571408592514 ], [ -98.535427153389449, 21.102065480607365 ], [ -98.535350568782249, 21.101920715625315 ], [ -98.535129659296089, 21.101748437338586 ], [ -98.534870058152833, 21.101630267273755 ], [ -98.534475420231189, 21.101456776088707 ], [ -98.534289822274218, 21.101466302036421 ], [ -98.534009042758299, 21.101537685883315 ], [ -98.533743563562936, 21.101627166602839 ], [ -98.533589564286345, 21.101608664360775 ], [ -98.532867089059053, 21.101724143945429 ], [ -98.532404400446822, 21.101894546131582 ], [ -98.532365601863162, 21.101984784173716 ], [ -98.532355691695443, 21.102075107292571 ], [ -98.532413228854054, 21.102147549378486 ], [ -98.532490431958664, 21.102093559373579 ], [ -98.532529107790708, 21.102039445061536 ], [ -98.532712306842797, 21.101958635738939 ], [ -98.532847866388749, 21.1020183414327 ], [ -98.532890699717257, 21.10207068535632 ], [ -98.532885118663302, 21.10211270679201 ], [ -98.532711122309877, 21.102338113035476 ], [ -98.532614383717743, 21.102482416005987 ], [ -98.53252735035727, 21.102599631592643 ], [ -98.532382167608986, 21.102843183911894 ], [ -98.532351259102555, 21.102861196412839 ], [ -98.532253005474971, 21.102870184816894 ], [ -98.532186377760937, 21.10285591044984 ], [ -98.532117110132972, 21.102811160788299 ], [ -98.532112687694081, 21.102806289393964 ], [ -98.532072156573619, 21.102806181172131 ], [ -98.53194843195881, 21.102784513670649 ], [ -98.53187704842172, 21.102784513599179 ], [ -98.531834219150355, 21.102789278949764 ], [ -98.531758069583233, 21.102789279223085 ], [ -98.531724757957733, 21.102784514174125 ], [ -98.531686681733007, 21.102784513834763 ], [ -98.531629581321056, 21.102770250201019 ], [ -98.531577233015383, 21.102770250172618 ], [ -98.531472540787448, 21.102755964344233 ], [ -98.531439225794529, 21.102736935179689 ], [ -98.531386877552137, 21.102708384403826 ], [ -98.53136308067306, 21.102703620278255 ], [ -98.531315491243205, 21.102679829785838 ], [ -98.531277426150908, 21.102665555396626 ], [ -98.531187002397374, 21.102603684594978 ], [ -98.531144167997653, 21.10257513384434 ], [ -98.531115621062767, 21.102556095211629 ], [ -98.53106803075751, 21.102532304648296 ], [ -98.531053752147031, 21.102494224684431 ], [ -98.531044234166401, 21.102360975368011 ], [ -98.531029957525092, 21.102313383931946 ], [ -98.530996188653816, 21.102267548360036 ], [ -98.530989001962396, 21.10224612834217 ], [ -98.530958573811247, 21.102199170780914 ], [ -98.530930023566313, 21.102184894622614 ], [ -98.530868154161624, 21.102165855030819 ], [ -98.530834839364118, 21.102146830267738 ], [ -98.530792008980086, 21.102127790012563 ], [ -98.530739661470918, 21.102113514838585 ], [ -98.530677419128878, 21.102109607393455 ], [ -98.530670647405245, 21.102106589831614 ], [ -98.530659016234665, 21.102109714579836 ], [ -98.530501719748258, 21.102127789814279 ], [ -98.530430331547265, 21.10214683014614 ], [ -98.530354194342493, 21.102151579692837 ], [ -98.530330397464681, 21.102156344969305 ], [ -98.530259009425379, 21.102156345112505 ], [ -98.530182871888144, 21.102189659724903 ], [ -98.530097213321994, 21.102184894794316 ], [ -98.530063896612788, 21.102175381350417 ], [ -98.530011549620866, 21.102165854914741 ], [ -98.529954437232405, 21.102142065661667 ], [ -98.529921126003401, 21.102118276410135 ], [ -98.529864020842581, 21.102099236107705 ], [ -98.529840230947627, 21.102084961218981 ], [ -98.529806916209353, 21.102075445923504 ], [ -98.529759325337579, 21.102051645960419 ], [ -98.529721252860568, 21.102037370301719 ], [ -98.529650039758337, 21.102053686643039 ], [ -98.529380549016665, 21.102075912159929 ], [ -98.529033872771535, 21.102093022149859 ], [ -98.5288693352379, 21.102363623574977 ], [ -98.52884006109467, 21.102490038416839 ], [ -98.5288300917436, 21.102598431748905 ], [ -98.52869516210319, 21.102634203463786 ], [ -98.528579663288028, 21.102624848013189 ], [ -98.528502784859242, 21.102579445070283 ], [ -98.528415784456385, 21.102687635019176 ], [ -98.528367306592386, 21.10279592122204 ], [ -98.528337985107555, 21.10293136933489 ], [ -98.528337184131459, 21.103184350388336 ], [ -98.528375208226393, 21.103338069979678 ], [ -98.528201199876577, 21.103563461459562 ], [ -98.528210431406308, 21.103689983292263 ] ] } },
{ "type": "Feature", "properties": { "ID_OBRA": "382_Huejutla de Reyes", "No.": 382.0, "Municipio": "Huejutla de Reyes", "Rubro": "Infraestructura Carretera", "Ejercicio": 2023.0, "Obra": "Rehabilitación del tramo: Tetzahapa I-Temaxcaltitla-Coamila, del km cero al cinco punto cinco, en el municipio de Huejutla de Reyes.", "Localidad": "Tetzahapa I", "Inversión": 4309144.15, "Habitantes.beneficiados": 842.0, "Ejecutora": "DGOPI", "Trabajos": "Se consideran trabajos de revestimiento, cunetas y limpieza de cunetas.", "Geometria_tipo": "Línea", "extract": 0.57287601966767543 }, "geometry": { "type": "LineString", "coordinates": [ [ -98.521933989259495, 21.112000117185207 ], [ -98.521913153141512, 21.111997140022336 ], [ -98.521875081011828, 21.111959069044442 ], [ -98.521798939211152, 21.111925757079579 ], [ -98.521689482520557, 21.111897203036481 ], [ -98.52157526883714, 21.11188768461006 ], [ -98.521461055095017, 21.111906721252268 ], [ -98.521299252090145, 21.11194955070334 ], [ -98.521156483709206, 21.111968586914958 ], [ -98.52108034096598, 21.111963827964317 ], [ -98.520994681324282, 21.111901961616415 ], [ -98.520956609223802, 21.111821060430451 ], [ -98.520947091648083, 21.111773470841374 ], [ -98.520985163168604, 21.11169732776882 ], [ -98.521032751563709, 21.111644979822017 ], [ -98.521094618336647, 21.111616426892354 ], [ -98.521194555814134, 21.111587873050368 ], [ -98.521246904089992, 21.111549801601679 ], [ -98.521280215696436, 21.111468899677682 ], [ -98.521294492599196, 21.111378481330718 ], [ -98.52127545661159, 21.11129281995991 ], [ -98.52124690432116, 21.111235713060911 ], [ -98.521199314275052, 21.11119288326951 ], [ -98.521113654476423, 21.1111786058819 ], [ -98.521013717144541, 21.11116908765937 ], [ -98.520928055583113, 21.111159569966844 ], [ -98.520818601420956, 21.111126258294995 ], [ -98.520737698943634, 21.111097703943319 ], [ -98.520684647916326, 21.11102149122684 ], [ -98.520590172203683, 21.110945418856865 ], [ -98.520523548260698, 21.110831205011166 ], [ -98.520475957964308, 21.110764579666593 ], [ -98.520433128087333, 21.110693196236252 ], [ -98.520395056706846, 21.110617052911071 ], [ -98.520380780119368, 21.110540910037255 ], [ -98.520376020904266, 21.110474284762599 ], [ -98.520380779658581, 21.110402902226554 ], [ -98.520409333285116, 21.110298205204227 ], [ -98.520442646150101, 21.110183991208231 ], [ -98.520499753053542, 21.110007911166079 ], [ -98.520552101395694, 21.109836590084683 ], [ -98.520575895526562, 21.109741410897307 ], [ -98.520618726289783, 21.109631956458962 ], [ -98.520633002807713, 21.109555813015664 ], [ -98.52062824359318, 21.109455876407949 ], [ -98.520618725680393, 21.109275036946457 ], [ -98.520609208331194, 21.109189376202838 ], [ -98.520613967418228, 21.109137028307877 ], [ -98.520637762473328, 21.109046608898606 ], [ -98.520694868783522, 21.108946671010955 ], [ -98.52073293967635, 21.108870528862013 ], [ -98.520737699286244, 21.108803904288933 ], [ -98.520723421969109, 21.108737279207997 ], [ -98.520694869396664, 21.10868017220951 ], [ -98.520642521345749, 21.10865637702727 ], [ -98.520556859569538, 21.108656376949739 ], [ -98.52050451167031, 21.108675412648779 ], [ -98.520428368804502, 21.108713484353181 ], [ -98.520385538938569, 21.108775349850628 ], [ -98.520314154568098, 21.108856252331762 ], [ -98.520223734767484, 21.108922876645575 ], [ -98.520114280180607, 21.109003777914808 ], [ -98.519961995049698, 21.109089438709248 ], [ -98.51978591501279, 21.109165581949011 ], [ -98.519652665312691, 21.109189375686526 ], [ -98.519600317204421, 21.109213170893455 ], [ -98.519576522239248, 21.109241725475457 ], [ -98.519567004439494, 21.10930359118273 ], [ -98.519547968704202, 21.10937021500829 ], [ -98.519509896998215, 21.109493946676835 ], [ -98.519471826361269, 21.109627197020529 ], [ -98.519438512994199, 21.109693821922598 ], [ -98.51939568313955, 21.109741411385532 ], [ -98.519362371136992, 21.109779482935664 ], [ -98.519281468798155, 21.10981279527563 ], [ -98.519219603092068, 21.109822312903713 ], [ -98.519138701204312, 21.109827071837664 ], [ -98.519014968573956, 21.109831831197575 ], [ -98.51893882742236, 21.109855626451683 ], [ -98.518867442803966, 21.109874660920813 ], [ -98.518829371060804, 21.109907974421571 ], [ -98.518810335549119, 21.109950803706361 ], [ -98.518810335635564, 21.110026946841053 ], [ -98.518838888858397, 21.110164955261592 ], [ -98.518815094580432, 21.110264893070163 ], [ -98.518781781543552, 21.110317241164321 ], [ -98.518681844672727, 21.110360071167101 ], [ -98.51862473756043, 21.110393383879739 ], [ -98.51852004146356, 21.110469526047318 ], [ -98.518458175288643, 21.110550427628077 ], [ -98.518377274323072, 21.11067891911134 ], [ -98.518339202157534, 21.110793132697939 ], [ -98.518324925801124, 21.110916864803279 ], [ -98.518286854397289, 21.11102156059831 ], [ -98.518191675898265, 21.111107222070391 ], [ -98.518072703276928, 21.111178606040834 ], [ -98.517972764854832, 21.11124523094913 ], [ -98.517877587069918, 21.111340409112241 ], [ -98.517820479700319, 21.111416552437035 ], [ -98.517758613866818, 21.111521248182061 ], [ -98.517701506541869, 21.11162594479087 ], [ -98.517625364433229, 21.111678292756189 ], [ -98.517544461670539, 21.111716364026716 ], [ -98.517420730332958, 21.111721123102686 ], [ -98.517173265642981, 21.111702086748295 ], [ -98.516930560525623, 21.111625945200601 ], [ -98.51675830108627, 21.111576422425042 ], [ -98.516577257955234, 21.111510355206342 ], [ -98.516386900875503, 21.11143421307932 ], [ -98.516291723392669, 21.111391381696961 ], [ -98.516220338747559, 21.111391382191687 ], [ -98.516139436924178, 21.11139138169429 ], [ -98.515987152230124, 21.111419935786408 ], [ -98.515825348403141, 21.111443729868217 ], [ -98.515730169846123, 21.111438971073348 ], [ -98.515644509476431, 21.111429454331514 ], [ -98.515568367386052, 21.111405659172991 ], [ -98.515420840027389, 21.111348551928689 ], [ -98.515306625642509, 21.111305721598711 ], [ -98.515257805887359, 21.111284799034607 ], [ -98.515240000891808, 21.111277168416631 ], [ -98.515130545901656, 21.111258132460303 ], [ -98.514997295575142, 21.111281927005628 ], [ -98.514864046476092, 21.111281927015728 ], [ -98.514564234325036, 21.111281927102439 ], [ -98.514483331831769, 21.111267650057801 ], [ -98.51440719001404, 21.111243856189486 ], [ -98.514375645961437, 21.111240566433452 ], [ -98.514295394883604, 21.111192413351993 ], [ -98.514200218220537, 21.11081169896584 ], [ -98.514188322715569, 21.110645145408132 ], [ -98.514033659720297, 21.110538069447152 ], [ -98.513795711138584, 21.110502370009652 ], [ -98.513343613812182, 21.110430988766808 ], [ -98.51316515733015, 21.110347711337006 ], [ -98.51306997967275, 21.110145449602406 ], [ -98.513093769975569, 21.109812329923614 ], [ -98.51304617915892, 21.10968146073699 ], [ -98.512867718960607, 21.10959817124774 ], [ -98.512617882213291, 21.109610070063241 ], [ -98.512391824201131, 21.109800435956107 ], [ -98.512272857437367, 21.109943200049482 ], [ -98.512058704718584, 21.109943200017998 ], [ -98.511868349791257, 21.109788529907359 ], [ -98.511677987622718, 21.109574381171949 ], [ -98.511613193991721, 21.109277069999049 ], [ -98.511559021046679, 21.109253157449729 ], [ -98.511440046244104, 21.109395920938631 ], [ -98.511404353530196, 21.109717146321142 ], [ -98.511249691298048, 21.110062173733009 ], [ -98.511261586009468, 21.110264424060485 ], [ -98.511142611676533, 21.110466684665671 ], [ -98.511011742174816, 21.110704619219039 ], [ -98.51102363714871, 21.110966369609219 ], [ -98.511142611948728, 21.111251897968909 ], [ -98.511225893718276, 21.111489843814581 ], [ -98.511047433911784, 21.111692108066496 ], [ -98.51091656507387, 21.111953843239572 ], [ -98.510904670206898, 21.11217989793084 ], [ -98.51102363710487, 21.112513016969579 ], [ -98.511047434377517, 21.112679582399512 ], [ -98.5109641507443, 21.113095976229523 ], [ -98.510964151345632, 21.113619465155743 ], [ -98.510940361820005, 21.114012069887547 ], [ -98.510833281577121, 21.114047769210316 ], [ -98.510654821790496, 21.113952595973366 ], [ -98.510428775012784, 21.113893110006988 ], [ -98.510143242746238, 21.113821725855193 ], [ -98.509964783283493, 21.113714649725679 ], [ -98.509631655619174, 21.113238755810425 ], [ -98.509393710871336, 21.113024596124696 ], [ -98.508786946693448, 21.112560607473608 ], [ -98.50847761677781, 21.112251277939652 ], [ -98.507806285707787, 21.111588898871027 ], [ -98.507531456782459, 21.111239112949114 ], [ -98.507420219357826, 21.111055303072117 ], [ -98.507323850375357, 21.11091253934649 ], [ -98.507219750046701, 21.110808440362511 ], [ -98.507145396794783, 21.110754899788162 ], [ -98.507115532560533, 21.110756196263782 ], [ -98.507076981883088, 21.110757868643521 ], [ -98.507046963789946, 21.110805754185488 ], [ -98.506987481699127, 21.111055593769166 ], [ -98.50678820153405, 21.111251898290689 ], [ -98.506728711888982, 21.111418463171855 ], [ -98.506704919412854, 21.11173968760524 ], [ -98.506686977948092, 21.111777548334132 ], [ -98.506597839385009, 21.111965737743642 ], [ -98.506336100287896, 21.112191792852819 ], [ -98.50614574582174, 21.112453530737739 ], [ -98.506038665813918, 21.112620096724878 ], [ -98.506062462985597, 21.112858042362845 ], [ -98.506240922808047, 21.113095975968125 ], [ -98.506324205738181, 21.113369620638018 ], [ -98.506252817668553, 21.113595675948176 ], [ -98.506086259879297, 21.113916899893191 ], [ -98.505919699380357, 21.114107254885838 ], [ -98.506050567627796, 21.114214334789256 ], [ -98.506252818342801, 21.114238123931436 ], [ -98.506419383275286, 21.114297610304497 ], [ -98.506478872083136, 21.114595044139321 ], [ -98.50641938324749, 21.114821098889824 ], [ -98.506205234969158, 21.115094729219329 ], [ -98.505955390566839, 21.115106635189616 ], [ -98.505646061064979, 21.114892479090337 ], [ -98.50549139146959, 21.11460693876052 ], [ -98.505396212697278, 21.114333306006959 ], [ -98.505336732024091, 21.114059664437921 ], [ -98.505301040405115, 21.113893109702339 ], [ -98.505253449450194, 21.11375033540849 ], [ -98.505146368733264, 21.113655161462695 ], [ -98.504848941961953, 21.113488595867906 ], [ -98.504622883998678, 21.113322031437196 ], [ -98.504444427542538, 21.113084081726686 ], [ -98.504265967968109, 21.112786650789264 ], [ -98.504194586643905, 21.112501122439063 ], [ -98.504147001451628, 21.112239383071518 ], [ -98.504004232929731, 21.111953842771005 ], [ -98.503818388865128, 21.111777887127779 ], [ -98.503780930944515, 21.111789647127555 ], [ -98.503587822923251, 21.111894358081567 ], [ -98.503528338332487, 21.112037121955368 ], [ -98.503409362558642, 21.11237025286437 ], [ -98.503159519067154, 21.11281045215912 ], [ -98.502885882108615, 21.113226860954427 ], [ -98.502802598916219, 21.11346480640584 ], [ -98.502612244253243, 21.113667056425218 ], [ -98.502457578070249, 21.113619464584332 ], [ -98.502219631739564, 21.1132268609826 ], [ -98.502041176250756, 21.113155476795981 ], [ -98.501898407876553, 21.113333936777874 ], [ -98.501708053388228, 21.113476701142542 ], [ -98.501660458554142, 21.113786031072063 ], [ -98.501493900573081, 21.113833620711798 ], [ -98.501386821442367, 21.113774136473278 ], [ -98.501041796215603, 21.113476701019533 ], [ -98.500815748811689, 21.113476701379131 ], [ -98.500530217336234, 21.113476701456143 ], [ -98.500375549572368, 21.113250650258635 ], [ -98.500090017828455, 21.112965110609739 ], [ -98.499792583028551, 21.112762856837339 ], [ -98.499495148760218, 21.112596291877708 ], [ -98.499304793526761, 21.112643885917691 ], [ -98.499102537216544, 21.112834240714296 ], [ -98.49888839172479, 21.112846146938757 ], [ -98.498697150215648, 21.112736038758637 ], [ -98.498495779691766, 21.112620097045145 ], [ -98.498079371038045, 21.112263173086305 ], [ -98.497674863564129, 21.111930054284151 ], [ -98.497198969218275, 21.111430358180296 ], [ -98.496806357237475, 21.11108534426192 ], [ -98.496080625975267, 21.110335816251293 ], [ -98.495866474186144, 21.110121659840853 ], [ -98.495640423292471, 21.109978896098156 ], [ -98.495616632778791, 21.109752845063326 ], [ -98.495735600728239, 21.109657660013987 ] ] } },
{ "type": "Feature", "properties": { "ID_OBRA": "383_Huejutla de Reyes", "No.": 383.0, "Municipio": "Huejutla de Reyes", "Rubro": "Infraestructura Carretera", "Ejercicio": 2023.0, "Obra": "Mejoramiento de camino Huehuetla - Tilcalco - Las Nueces, municipio de Huejutla de Reyes", "Localidad": "Tilcalco", "Inversión": 1674376.62, "Habitantes.beneficiados": 642.0, "Ejecutora": "DGCCE", "Trabajos": "Considera los trabajos de revestimiento, trabajos complementarios, muro de contención y obras de drenaje.", "Geometria_tipo": "Línea", "extract": 0.53012665514995772 }, "geometry": { "type": "LineString", "coordinates": [ [ -98.512797723748207, 21.079188726729601 ], [ -98.512558295702163, 21.0786996048794 ], [ -98.512072917293352, 21.078327197173 ], [ -98.511992147745161, 21.0780667202167 ], [ -98.511701687230982, 21.077616376470331 ], [ -98.511455060360916, 21.077306589961349 ], [ -98.51107319881649, 21.076831770931737 ], [ -98.510762752830459, 21.076340632966755 ], [ -98.510223598486945, 21.076065912614826 ], [ -98.509438878044648, 21.076078451802932 ], [ -98.508948547490178, 21.07565802205141 ], [ -98.508361342939807, 21.075490862045839 ], [ -98.508086509860036, 21.075069724889481 ], [ -98.507482328336053, 21.074820636167775 ] ] } },
{ "type": "Feature", "properties": { "ID_OBRA": "387_Huejutla de Reyes", "No.": 387.0, "Municipio": "Huejutla de Reyes", "Rubro": "Infraestructura Carretera", "Ejercicio": 2023.0, "Obra": "Rehabilitación del tramo E.C. (Atlapexco-Huautla) - Xionaxtla, del km 0+000 al km 3+000; en el municipio de Huejutla.", "Localidad": "Xionaxtla", "Inversión": 2746119.76, "Habitantes.beneficiados": 174.0, "Ejecutora": "DGCCE", "Trabajos": "Se consideran trabajos de revestimiento, cunetas y limpieza de cunetas.", "Geometria_tipo": "Línea", "extract": 0.40201866667276914 }, "geometry": { "type": "LineString", "coordinates": [ [ -98.308900696832509, 21.072605741187441 ], [ -98.307838920215261, 21.072706343518295 ], [ -98.306710794699001, 21.073889002852319 ], [ -98.305965242403332, 21.074502934976074 ], [ -98.30545068170936, 21.075328335713809 ], [ -98.305058373114548, 21.076060713467417 ], [ -98.305170662032637, 21.081062713103183 ], [ -98.305277870251388, 21.081304230349051 ], [ -98.305452389326788, 21.081455444786794 ], [ -98.30609693325448, 21.081852296217274 ], [ -98.306211241626414, 21.082127507031341 ], [ -98.306174071386224, 21.08240951482005 ], [ -98.306001049900345, 21.082717076320506 ], [ -98.305782938604395, 21.082851415811795 ], [ -98.305173293660928, 21.083043031686092 ], [ -98.304361664407452, 21.083275252496723 ], [ -98.30355249826458, 21.083708061075281 ], [ -98.302764914795134, 21.084220189742446 ], [ -98.302241439744336, 21.084901197908021 ], [ -98.30089187109877, 21.085997193751641 ], [ -98.300675843955702, 21.086313653391699 ], [ -98.30056171185808, 21.086833889963874 ], [ -98.300336948886269, 21.088311843923147 ], [ -98.300100330294768, 21.088630639872001 ], [ -98.299728952404237, 21.088920515951326 ], [ -98.299365825921043, 21.089235125350157 ], [ -98.29928332723631, 21.08937236524957 ], [ -98.298930844202687, 21.090709431155013 ], [ -98.298584434468296, 21.092121436270311 ], [ -98.298464162422505, 21.092774104100055 ], [ -98.298431544358593, 21.093015044512839 ], [ -98.298443333931729, 21.094993719026686 ] ] } },
{ "type": "Feature", "properties": { "ID_OBRA": "388_Huejutla de Reyes", "No.": 388.0, "Municipio": "Huejutla de Reyes", "Rubro": "Infraestructura Carretera", "Ejercicio": 2024.0, "Obra": "Reconstrucción de C.E. Xiquila - Huejutla, municipio de Huejutla de Reyes", "Localidad": "Xiquila", "Inversión": 8475834.44, "Habitantes.beneficiados": 2051.0, "Ejecutora": "DGCCE", "Trabajos": "Considera trabajos para la reconstrucción y/o conservación de Infraestructura Carretera en la localidad de Xiquila municipio de Huejutla de Reyes", "Geometria_tipo": "Línea", "extract": 0.32489412849492216 }, "geometry": { "type": "LineString", "coordinates": [ [ -98.447079388134142, 21.089238133303631 ], [ -98.44074392124206, 21.090722057255384 ], [ -98.438822332628916, 21.091558295520461 ], [ -98.434470465860642, 21.097412020981398 ], [ -98.431931166347312, 21.09872521694475 ], [ -98.429505556193917, 21.099785170064347 ], [ -98.428491044605352, 21.100508722146195 ] ] } },
{ "type": "Feature", "properties": { "ID_OBRA": "392_Huichapan", "No.": 392.0, "Municipio": "Huichapan", "Rubro": "Infraestructura Carretera", "Ejercicio": 2023.0, "Obra": "Reconstrucción de la C.E. Saucillo - Nopala; en el municipio de Huichapan.", "Localidad": "Huichapan", "Inversión": 19355489.37, "Habitantes.beneficiados": 9853.0, "Ejecutora": "DGIVC", "Trabajos": "Considera trabajos para la reconstrucción y/o conservación de Infraestructura Carretera en la localidad de Huichapan municipio de Huichapan", "Geometria_tipo": "Línea", "extract": -0.30550185917557038 }, "geometry": { "type": "LineString", "coordinates": [ [ -99.71059358942945, 20.32084805219494 ], [ -99.715750364453783, 20.315276216035976 ], [ -99.715915222433949, 20.314507431471359 ], [ -99.715695199226332, 20.31345972875733 ], [ -99.711493928675111, 20.30774140603447 ], [ -99.699039296921569, 20.290831593587647 ] ] } },
{ "type": "Feature", "properties": { "ID_OBRA": "395_Huichapan", "No.": 395.0, "Municipio": "Huichapan", "Rubro": "Infraestructura Carretera", "Ejercicio": 2023.0, "Obra": "Reconstrucción de la carretera Huichapan - San José Atlán, en el municipio de Huichapan.", "Localidad": "San José Atlán", "Inversión": 12168164.4, "Habitantes.beneficiados": 13399.0, "Ejecutora": "DGIVC", "Trabajos": "Considera trabajos para la reconstrucción y/o conservación de Infraestructura Carretera en la localidad de San José Atlán municipio de Huichapan", "Geometria_tipo": "Línea", "extract": 0.00040419006698911696 }, "geometry": { "type": "LineString", "coordinates": [ [ -99.670329197768709, 20.338542505265981 ], [ -99.668897729114931, 20.338542574411679 ], [ -99.668079862058377, 20.338797863271829 ], [ -99.660804285904476, 20.345262971674241 ], [ -99.654054744946066, 20.351207280840899 ], [ -99.648367672030943, 20.356230394160558 ], [ -99.648005965728288, 20.357756690829799 ], [ -99.647917019417591, 20.360741239974278 ] ] } },
{ "type": "Feature", "properties": { "ID_OBRA": "410_Ixmiquilpan", "No.": 410.0, "Municipio": "Ixmiquilpan", "Rubro": "Infraestructura Carretera", "Ejercicio": 2025.0, "Obra": "Reconstrucción de Camino “El Durazno-Los Martínez-La Palma-El DexthÍ” del Km 1+000 al Km 2+500, en la localidad de El Durazno, en el municipio de Ixmiquilpan", "Localidad": "El Durazno", "Inversión": 13527998.56, "Habitantes.beneficiados": null, "Ejecutora": "SIPDUS", "Trabajos": null, "Geometria_tipo": "Línea", "extract": -0.40431124946634028 }, "geometry": { "type": "LineString", "coordinates": [ [ -99.225615060247861, 20.543785829234292 ], [ -99.226707669860943, 20.545614828908207 ], [ -99.228088396003614, 20.548541004361571 ], [ -99.229272367212332, 20.550957339451436 ], [ -99.229463831159407, 20.55185682044997 ], [ -99.230899669499678, 20.552941031396941 ], [ -99.231314670487734, 20.553634030440939 ], [ -99.231442924908009, 20.554926166239202 ], [ -99.23119386030848, 20.557002100242634 ], [ -99.231074747840921, 20.560279451200252 ], [ -99.231550829275463, 20.561620498557637 ], [ -99.23312059564509, 20.563721070998817 ] ] } },
{ "type": "Feature", "properties": { "ID_OBRA": "413_Ixmiquilpan", "No.": 413.0, "Municipio": "Ixmiquilpan", "Rubro": "Infraestructura Carretera", "Ejercicio": 2023.0, "Obra": "Rehabilitación de carretera Ixmiquilpan - Capula, tramo del Km 0+400 al Km 2+100, en barrios San Miguel y El Nith, en el municipio de Ixmiquilpan", "Localidad": "El Nith", "Inversión": 4558957.98, "Habitantes.beneficiados": 4013.0, "Ejecutora": "DGCCE", "Trabajos": "Considera trabajos para la reconstrucción y/o conservación de Infraestructura Carretera en la localidad de El Nith municipio de Ixmiquilpan", "Geometria_tipo": "Línea", "extract": 0.1669846588916937 }, "geometry": { "type": "LineString", "coordinates": [ [ -99.205803684109497, 20.488303949520677 ], [ -99.189500454886158, 20.491193169312439 ] ] } },
{ "type": "Feature", "properties": { "ID_OBRA": "419_Ixmiquilpan", "No.": 419.0, "Municipio": "Ixmiquilpan", "Rubro": "Vialidades Urbanas", "Ejercicio": 2023.0, "Obra": "Rehabilitación de pavimento asfáltico en avenida Felipe Ángeles, colonia Centro, municipio de Ixmiquilpan", "Localidad": "Ixmiquilpan", "Inversión": 7556379.65, "Habitantes.beneficiados": null, "Ejecutora": "DGIVC", "Trabajos": "Se realizan los siguientes trabajos: trazo y nivelación de plazas, suministro y aplicación de carpeta asfáltica compactado,  en el municipio de Ixmiquilpan", "Geometria_tipo": "Línea", "extract": 0.2073035696923064 }, "geometry": { "type": "LineString", "coordinates": [ [ -99.220196871479004, 20.480953125201506 ], [ -99.221284676068294, 20.478303619296899 ] ] } },
{ "type": "Feature", "properties": { "ID_OBRA": "420_Ixmiquilpan", "No.": 420.0, "Municipio": "Ixmiquilpan", "Rubro": "Infraestructura Carretera", "Ejercicio": 2024.0, "Obra": "Reconstrucción del acceso a la escuela secundaria libertadores de América, en el municipio de Ixmiquilpan", "Localidad": "Ixmiquilpan", "Inversión": 807116.47, "Habitantes.beneficiados": null, "Ejecutora": "DGOPI", "Trabajos": "Considera trabajos para la reconstrucción y/o conservación de Infraestructura Carretera en la localidad de Ixmiquilpan municipio de Ixmiquilpan", "Geometria_tipo": "Línea", "extract": 0.19484252265460461 }, "geometry": { "type": "LineString", "coordinates": [ [ -99.209187405779346, 20.465874756703236 ], [ -99.208512968254425, 20.466113095444559 ] ] } },
{ "type": "Feature", "properties": { "ID_OBRA": "43_Actopan", "No.": 43.0, "Municipio": "Actopan", "Rubro": "Vialidades Urbanas", "Ejercicio": 2022.0, "Obra": "Reconstrucción de la calle Hidalgo, en la localidad de La Loma, municipio de Actopan", "Localidad": "La Loma", "Inversión": 996470.32, "Habitantes.beneficiados": 1209.0, "Ejecutora": "DGCCE", "Trabajos": "Considera los trabajos de preliminares, piso para pavimento de concreto hidráulico.", "Geometria_tipo": "Línea", "extract": 0.32052635007071173 }, "geometry": { "type": "LineString", "coordinates": [ [ -98.932980038892097, 20.259047886289405 ], [ -98.931999594446907, 20.259206308124 ], [ -98.931122967136403, 20.259856975936195 ], [ -98.930746541970521, 20.259931009331702 ] ] } },
{ "type": "Feature", "properties": { "ID_OBRA": "447_Ixmiquilpan", "No.": 447.0, "Municipio": "Ixmiquilpan", "Rubro": "Infraestructura Carretera", "Ejercicio": 2023.0, "Obra": "Modernización de camino Santa Ana-La Loma López Rayón y calle Cobre en Ixmiquilpan.", "Localidad": "Santa Ana (Barrio de Progreso)", "Inversión": 12053633.88, "Habitantes.beneficiados": 445.0, "Ejecutora": "DGIVC", "Trabajos": "Considera los trabajos de preliminares, piso para pavimento de concreto hidráulico.", "Geometria_tipo": "Línea", "extract": -0.03632320822241817 }, "geometry": { "type": "LineString", "coordinates": [ [ -99.255535529507441, 20.49129964969379 ], [ -99.253696864039725, 20.491201620502956 ], [ -99.25190165841336, 20.49107684869297 ], [ -99.250804286156608, 20.491174734262454 ], [ -99.249577139384698, 20.4911333965177 ], [ -99.248796038857961, 20.491022876984957 ], [ -99.245806230125552, 20.490969094907619 ], [ -99.243131050329083, 20.490720155201032 ], [ -99.241279076896319, 20.490386694072132 ], [ -99.240484391997413, 20.49012687606718 ], [ -99.238866241093064, 20.489789810639554 ] ] } },
{ "type": "Feature", "properties": { "ID_OBRA": "447_Ixmiquilpan", "No.": 447.0, "Municipio": "Ixmiquilpan", "Rubro": "Infraestructura Carretera", "Ejercicio": 2023.0, "Obra": "Modernización de camino Santa Ana-La Loma López Rayón y calle Cobre en Ixmiquilpan.", "Localidad": "Santa Ana (Barrio de Progreso)", "Inversión": 12053633.88, "Habitantes.beneficiados": 445.0, "Ejecutora": "DGIVC", "Trabajos": "Considera los trabajos de preliminares, piso para pavimento de concreto hidráulico.", "Geometria_tipo": "Línea", "extract": 0.030287281769278529 }, "geometry": { "type": "LineString", "coordinates": [ [ -99.232504386519651, 20.486768682803188 ], [ -99.23265093370506, 20.486985018471476 ], [ -99.232631025482078, 20.487904006980759 ], [ -99.232778603023306, 20.488894727158307 ], [ -99.232691246032275, 20.4890777814541 ], [ -99.231750281028965, 20.48993654933475 ] ] } },
{ "type": "Feature", "properties": { "ID_OBRA": "458_Jacala de Ledezma", "No.": 458.0, "Municipio": "Jacala de Ledezma", "Rubro": "Infraestructura Carretera", "Ejercicio": 2025.0, "Obra": "Modernización del camino Jacala - Quetzalapa en el municipio de Jacala (tercera etapa), municipio de Jacala de Ledezma", "Localidad": "Jacala de Ledezma", "Inversión": 10000000.0, "Habitantes.beneficiados": null, "Ejecutora": "SIPDUS", "Trabajos": null, "Geometria_tipo": "Línea", "extract": -0.1081865707432719 }, "geometry": { "type": "LineString", "coordinates": [ [ -99.131951131174802, 20.906846587642207 ], [ -99.131666618460088, 20.906096664234763 ], [ -99.13158701437689, 20.906007403534833 ], [ -99.131156733985335, 20.905930084339758 ], [ -99.130510061560187, 20.90568620956126 ], [ -99.12961597146375, 20.905591424803095 ], [ -99.12939036045158, 20.905445034473228 ], [ -99.128427069053515, 20.903582688039041 ], [ -99.128191695447441, 20.902252815423797 ], [ -99.127808011035242, 20.901368271633313 ], [ -99.126649603694304, 20.900209191330287 ], [ -99.126255858537647, 20.899073969776843 ], [ -99.125303885886538, 20.898439048093145 ], [ -99.125182184312109, 20.898593411086072 ], [ -99.125083529700191, 20.899123682256281 ], [ -99.124442141145238, 20.899751824362767 ], [ -99.123790941049705, 20.89984449894105 ], [ -99.123316272935611, 20.899498862096657 ], [ -99.122784847891324, 20.898683328520089 ], [ -99.122157223099762, 20.898414319454744 ], [ -99.121483821634044, 20.898643062516477 ], [ -99.120896942686215, 20.899413820243396 ], [ -99.120237039354677, 20.899714721272709 ], [ -99.118899246811594, 20.899607231766076 ], [ -99.118538340591741, 20.898917068388066 ], [ -99.117769543086609, 20.897814520486854 ], [ -99.11711053216554, 20.89733154049372 ], [ -99.116254091220526, 20.897011601547209 ], [ -99.115807650869726, 20.89668628640187 ], [ -99.114312886232284, 20.896064536935754 ], [ -99.11269363516233, 20.895457151718347 ], [ -99.111176566150235, 20.894895365137515 ], [ -99.11027978260455, 20.894690982895604 ], [ -99.10945801717547, 20.894768145086267 ], [ -99.108835399391765, 20.894613293763708 ], [ -99.108237566176129, 20.894546307793767 ], [ -99.107860633407469, 20.894449131834666 ], [ -99.107776227742164, 20.894385735554604 ], [ -99.10787948320251, 20.894195044382791 ], [ -99.108404165630716, 20.893574848050516 ], [ -99.108503924432412, 20.893337144833986 ], [ -99.108476586510037, 20.893144641177159 ], [ -99.10832768757875, 20.89276708649307 ], [ -99.107977950900207, 20.892269341847229 ], [ -99.10761797256977, 20.891992348085616 ], [ -99.107093534580088, 20.891903511997068 ], [ -99.105565392882525, 20.892394725325683 ], [ -99.105312811575004, 20.892465267092803 ], [ -99.105057030629496, 20.89240260993116 ], [ -99.104461915386665, 20.892580639390783 ], [ -99.103924045768792, 20.892918547845323 ], [ -99.103737924099704, 20.89308022303188 ], [ -99.103632119109136, 20.893086003735121 ], [ -99.102860490861303, 20.892725238128154 ], [ -99.102582661783458, 20.89267810503787 ], [ -99.102371901697268, 20.89257012596271 ], [ -99.102128925215339, 20.892577374295641 ], [ -99.101127138427103, 20.892164192628506 ], [ -99.100948545379225, 20.891985749684839 ], [ -99.100934866477772, 20.891862734306414 ], [ -99.101010528792102, 20.891724457097911 ], [ -99.100983233323049, 20.89165683949965 ], [ -99.10076670178394, 20.891578990708481 ], [ -99.100242873088206, 20.891550236481379 ], [ -99.099768797705991, 20.891638054856461 ], [ -99.099539367933929, 20.891596875210148 ], [ -99.099375321551989, 20.891515260182189 ], [ -99.099228636679001, 20.891335434222874 ], [ -99.099129668316294, 20.89107712904617 ], [ -99.099157015833313, 20.890878141012752 ], [ -99.099304301883024, 20.890364673224763 ], [ -99.099399598943776, 20.890211310580749 ], [ -99.09953419936204, 20.890187300959518 ], [ -99.099576275068245, 20.890102416911759 ], [ -99.099540661322862, 20.890015853692518 ], [ -99.099368072728907, 20.889760497740557 ], [ -99.099288281895213, 20.889461249933131 ], [ -99.099199852332546, 20.889223969845425 ], [ -99.098891268266598, 20.888407930146371 ], [ -99.098891161877617, 20.888254778455799 ], [ -99.098917590203072, 20.888015084187952 ], [ -99.098904123939292, 20.88764155754458 ], [ -99.098804515543932, 20.887519652297787 ], [ -99.098705907059937, 20.887497757083285 ], [ -99.098596534780299, 20.887555745149697 ], [ -99.098454806488519, 20.887990612098875 ], [ -99.098360780698187, 20.888260316406711 ], [ -99.098158640827961, 20.888460440007982 ], [ -99.098063337336924, 20.88868264956033 ], [ -99.098025656700969, 20.888867415519691 ], [ -99.098066969560634, 20.889390361464056 ], [ -99.098046617324286, 20.889631794745618 ], [ -99.097770529448184, 20.89012325266507 ], [ -99.097451856316383, 20.890343963011773 ], [ -99.097208010340751, 20.89042030637982 ], [ -99.097010747394393, 20.890645200953564 ], [ -99.096706339610932, 20.891032211512996 ], [ -99.096539006232845, 20.891200713477133 ], [ -99.096513654749913, 20.891300864791088 ], [ -99.096518944418733, 20.891416678891041 ], [ -99.096645618042558, 20.891668035502828 ], [ -99.096631660222144, 20.89193492094488 ], [ -99.096342969258345, 20.892457126463761 ], [ -99.095923411692198, 20.892743021273485 ], [ -99.094925513490054, 20.89276265719856 ], [ -99.094179974157015, 20.892929580064827 ], [ -99.093849631954328, 20.893108745045129 ], [ -99.093866768362162, 20.89323605851526 ], [ -99.094037154555934, 20.893329847266269 ], [ -99.094350571827746, 20.893354003960944 ], [ -99.094545404047949, 20.893482194810986 ], [ -99.094606584036228, 20.893723971380105 ], [ -99.094539517228952, 20.89396222722214 ], [ -99.094314560641322, 20.89408443004211 ], [ -99.093759379558577, 20.894101109424124 ], [ -99.093655628736741, 20.89415863604874 ], [ -99.093619264211966, 20.894246590257712 ], [ -99.093655395187056, 20.894346586626568 ], [ -99.093635618516998, 20.894450478328388 ], [ -99.093551878369681, 20.894606456068956 ], [ -99.09351014674661, 20.894740957770519 ], [ -99.093537776537715, 20.894931630490724 ], [ -99.093512014679959, 20.895122614539584 ], [ -99.093389414557336, 20.895407001403459 ], [ -99.093241396594451, 20.895584269350589 ], [ -99.093205704193963, 20.89566051247083 ], [ -99.093190146434878, 20.895746820746599 ], [ -99.09321779187016, 20.896090475638918 ], [ -99.09312575553389, 20.896303968029631 ], [ -99.092943249912196, 20.896610096152621 ], [ -99.092747506458082, 20.896772137974001 ], [ -99.092345962101177, 20.89691155161487 ], [ -99.092197502892546, 20.897001021765508 ], [ -99.09209359925552, 20.897144647724765 ], [ -99.091955517634219, 20.897391213648007 ], [ -99.091818723195459, 20.89750193356981 ], [ -99.091386266311204, 20.897821695233109 ], [ -99.090870667539619, 20.898039789019204 ], [ -99.090610187167329, 20.898005692890816 ], [ -99.090316117070557, 20.897797721728828 ], [ -99.089976694102688, 20.897430827031467 ], [ -99.089299473643379, 20.896937219772251 ], [ -99.088740356682564, 20.896371950484891 ], [ -99.088132383553003, 20.896233557105848 ], [ -99.087486098769119, 20.89588701357475 ], [ -99.086840231458766, 20.895522720283981 ], [ -99.08642843845027, 20.895047676362999 ], [ -99.086094274251593, 20.894819344515138 ], [ -99.085982828152524, 20.894735036788468 ], [ -99.085927729248553, 20.894597913947827 ], [ -99.085830297058294, 20.894509674127271 ], [ -99.085693087675551, 20.894514628571397 ], [ -99.085570114321797, 20.894539367789967 ], [ -99.085020265878654, 20.894379055176561 ], [ -99.08484459296487, 20.894303017314428 ], [ -99.084730195579823, 20.894194939120826 ], [ -99.084617881443748, 20.893978105805978 ], [ -99.084483056161886, 20.89385925732579 ], [ -99.084371444769303, 20.893862592117099 ], [ -99.084272019598004, 20.893934511959561 ], [ -99.084102243300507, 20.894078472026269 ], [ -99.083957219491339, 20.894111538461249 ], [ -99.083837025867652, 20.894068885173031 ], [ -99.083709371338713, 20.893890563712226 ], [ -99.083569690721475, 20.893736814718945 ], [ -99.083430535085455, 20.893668207965895 ], [ -99.083315391720106, 20.893683047203979 ], [ -99.083224500768551, 20.893782859439661 ], [ -99.083074837318918, 20.894016577967903 ], [ -99.082852223793267, 20.89430558342459 ], [ -99.082637960346943, 20.894405953353406 ], [ -99.082397397214322, 20.894451182835208 ], [ -99.082037010461377, 20.894480866990509 ], [ -99.081603727723476, 20.894473837598863 ], [ -99.081447010339701, 20.894483518401728 ], [ -99.081263918991141, 20.894586830714129 ], [ -99.080639026901125, 20.894956677725322 ], [ -99.079803974028735, 20.895478971300982 ], [ -99.079567187588538, 20.895503400301155 ], [ -99.079286024788416, 20.895409174386508 ], [ -99.079084667008473, 20.895183501187521 ], [ -99.07882370114099, 20.894651317948632 ], [ -99.078383028246961, 20.893725938526028 ], [ -99.077847275835722, 20.89279165065798 ], [ -99.077932490560784, 20.892309279900555 ], [ -99.077933151190564, 20.892217846295221 ], [ -99.077868623337025, 20.892113379739872 ], [ -99.077552285626524, 20.891872365936166 ], [ -99.077125696967684, 20.891414788611243 ], [ -99.076909474922218, 20.891004352922977 ], [ -99.076914450157119, 20.890794423705824 ], [ -99.076898211898964, 20.890691846355846 ], [ -99.076807816939066, 20.890616923539621 ], [ -99.076024208215586, 20.890205162644222 ], [ -99.075892426453692, 20.890053179359249 ], [ -99.075870849659211, 20.889903700609075 ], [ -99.075957069509286, 20.889756787638181 ], [ -99.076088466400691, 20.889690223454185 ], [ -99.076104736303478, 20.889687274006466 ], [ -99.076117788841742, 20.889684311064237 ], [ -99.076140225824616, 20.889684420270584 ], [ -99.076331837261122, 20.889634245249283 ], [ -99.07653461051251, 20.889600715506365 ], [ -99.076564410931041, 20.889541170564037 ], [ -99.076550783113163, 20.889469562758997 ], [ -99.076474292828138, 20.889406906579417 ], [ -99.076133038646503, 20.889195159613593 ], [ -99.07600624165984, 20.889023507745698 ], [ -99.07594913428197, 20.888872827104901 ], [ -99.075925283957133, 20.8887774377759 ], [ -99.075891521979798, 20.88874834342954 ], [ -99.075816833923341, 20.888724976535226 ], [ -99.075532730439065, 20.888893091094683 ], [ -99.075267076012807, 20.888879583699353 ], [ -99.074732853334737, 20.888645414340136 ], [ -99.074563063843456, 20.888448642910127 ], [ -99.0745221391293, 20.887829622411257 ], [ -99.07441218957571, 20.887717058537753 ], [ -99.07433506451892, 20.887729654547286 ], [ -99.074188540113752, 20.887785837216317 ], [ -99.073889982154498, 20.887879661139891 ], [ -99.073759560666844, 20.887896930822247 ], [ -99.073480051024518, 20.887720957895304 ], [ -99.073132469794785, 20.887291177584881 ], [ -99.072987236523346, 20.887286884156641 ], [ -99.072723397050936, 20.887556014080836 ], [ -99.072712833453579, 20.887760295619337 ], [ -99.072993276000048, 20.887979911927658 ], [ -99.073353654245935, 20.888073848286293 ], [ -99.073921260397071, 20.888308294591337 ], [ -99.073962086055715, 20.888403929139226 ], [ -99.073659787413916, 20.888819926778318 ], [ -99.073628809494735, 20.889033867542764 ], [ -99.073804218749146, 20.889313778054156 ], [ -99.07426105644565, 20.889445650698029 ], [ -99.074296426035545, 20.889604193283169 ], [ -99.074171413576991, 20.889662961773613 ], [ -99.073464561424672, 20.889493385415175 ], [ -99.073101219549073, 20.88918189698779 ], [ -99.072923508293982, 20.888874540727105 ], [ -99.072954712778952, 20.888739234686266 ], [ -99.072919815543841, 20.888610051157425 ], [ -99.072675713330113, 20.888453963682835 ], [ -99.072186428396563, 20.88814733555229 ], [ -99.071740715482107, 20.887700355353228 ], [ -99.071658009539988, 20.887243140836311 ], [ -99.071686885356684, 20.886863683978369 ], [ -99.071665130309029, 20.886775854680611 ], [ -99.071522539833481, 20.886705518664787 ], [ -99.070865629943071, 20.886461930908595 ], [ -99.070653438755286, 20.88627912944429 ], [ -99.070501537131392, 20.885991062402891 ], [ -99.070494755784864, 20.885613648057635 ], [ -99.070614327826831, 20.885259577162589 ], [ -99.070568724403543, 20.885116706312775 ], [ -99.070182717618295, 20.885002183799557 ], [ -99.069764277675674, 20.884800268503902 ], [ -99.069438555618916, 20.884402029659427 ], [ -99.06914389442349, 20.88389014532536 ], [ -99.069093538445514, 20.883445022487088 ], [ -99.06917974040384, 20.883205404129381 ], [ -99.069137204032103, 20.883121308487631 ], [ -99.068991108180896, 20.883058464760115 ], [ -99.06853021221545, 20.88293267020061 ], [ -99.068440721779766, 20.882805783433579 ], [ -99.06840665292556, 20.88266987026449 ], [ -99.068249314955708, 20.882044603706944 ], [ -99.068124724379217, 20.881793201132059 ], [ -99.068121961107806, 20.881658689510079 ], [ -99.068259353692426, 20.881536787728166 ], [ -99.068191450578482, 20.881412466241329 ], [ -99.067222827394801, 20.881025150143735 ], [ -99.067063058480585, 20.880819685837771 ], [ -99.066941211476959, 20.880466845314945 ], [ -99.067428905875985, 20.880091614559042 ], [ -99.067449516897298, 20.87982612380948 ], [ -99.066874920952188, 20.878972031631768 ], [ -99.066773967667174, 20.878778815236327 ], [ -99.06674559479633, 20.878595658432101 ], [ -99.066830366247146, 20.878123750717531 ], [ -99.06701119606906, 20.877108737297437 ], [ -99.06702765208405, 20.876991775664127 ], [ -99.06695335207624, 20.876894222069769 ], [ -99.066492593350077, 20.876640937584799 ], [ -99.066195336054079, 20.876406253939447 ], [ -99.065999686834786, 20.876106286863333 ], [ -99.065902962789409, 20.875965422475783 ], [ -99.065772932946174, 20.875928563088909 ], [ -99.065609730216352, 20.875964160788435 ], [ -99.065496003942812, 20.876217921650991 ], [ -99.065517891638734, 20.876365967223617 ], [ -99.065908120566704, 20.877032833814713 ], [ -99.065906850325604, 20.87719943855501 ], [ -99.065673117603211, 20.87735022874368 ], [ -99.065131724992369, 20.877824518505413 ], [ -99.064946232398967, 20.877981250993958 ], [ -99.064901555682155, 20.878135020516485 ], [ -99.065019455502238, 20.878374141381819 ], [ -99.065164815851475, 20.878649064103843 ], [ -99.065225829227771, 20.878804467505589 ], [ -99.065217474362356, 20.878950872446183 ], [ -99.065072650685707, 20.87902938795056 ], [ -99.064960239189858, 20.87900247698499 ], [ -99.064665218896877, 20.878500143472753 ], [ -99.064434942766269, 20.87805835416156 ], [ -99.064435143996846, 20.878054643782118 ], [ -99.06438591172045, 20.877900889594326 ], [ -99.064355223216751, 20.877692441840406 ], [ -99.064355444514504, 20.877688983693108 ], [ -99.064316175487633, 20.877442485488761 ], [ -99.064164202025466, 20.87728943724948 ], [ -99.063949670776964, 20.877209337587054 ], [ -99.063615353009126, 20.877223643459587 ], [ -99.063284723278755, 20.87717517034616 ], [ -99.063096459295807, 20.877106155417366 ], [ -99.062970218323457, 20.876972024817189 ], [ -99.062967651244094, 20.87675480388501 ], [ -99.063298074577048, 20.876207992224995 ], [ -99.063526183634309, 20.875988691505281 ], [ -99.063740633850244, 20.875831101613755 ], [ -99.063970167339164, 20.875687353453046 ], [ -99.064048698733458, 20.875584235480339 ], [ -99.064027118641675, 20.875465635879142 ], [ -99.063849288837034, 20.875288827985425 ], [ -99.063564774620872, 20.875039852563742 ], [ -99.063410069188464, 20.874974465585417 ], [ -99.063310633568832, 20.874910368452497 ], [ -99.063130480040087, 20.87466735843207 ], [ -99.06282080029483, 20.874503710876166 ], [ -99.06080026713677, 20.87395019104158 ], [ -99.060641821136713, 20.873812860799685 ], [ -99.060432731551614, 20.873475676702817 ], [ -99.060362451433861, 20.87331118245503 ], [ -99.060187681262008, 20.873128240390201 ], [ -99.059456185571719, 20.8727397978383 ] ] } },
{ "type": "Feature", "properties": { "ID_OBRA": "46_Agua Blanca de Iturbide", "No.": 46.0, "Municipio": "Agua Blanca de Iturbide", "Rubro": "Infraestructura Carretera", "Ejercicio": 2024.0, "Obra": "Reconstrucción de la C.E. Agua Blanca-Zacualpa (Segunda etapa); en el municipio de Agua Blanca de Iturbide", "Localidad": "Agua Blanca de Iturbide", "Inversión": 7746081.48, "Habitantes.beneficiados": 2325.0, "Ejecutora": "DGIVC", "Trabajos": "Considera trabajos para la reconstrucción y/o conservación de Infraestructura Carretera en la localidad de Agua Blanca de Iturbide municipio de Agua Blanca de Iturbide", "Geometria_tipo": "Línea", "extract": -0.013573513549937223 }, "geometry": { "type": "LineString", "coordinates": [ [ -98.384117975462203, 20.401252070378 ], [ -98.383660833591705, 20.4006258475797 ], [ -98.382711385091511, 20.400098500091005 ], [ -98.382711385091511, 20.398944921166397 ], [ -98.382465231776706, 20.398186850312999 ], [ -98.382605890813792, 20.397692454268793 ], [ -98.383590504073197, 20.397033257075595 ], [ -98.383942151665906, 20.3965718173624 ], [ -98.382887208887894, 20.395648933790397 ], [ -98.381550948035724, 20.395484132570999 ], [ -98.380953147128182, 20.395385251754696 ], [ -98.381304794720918, 20.394824925930696 ], [ -98.382641055573004, 20.394231637543498 ], [ -98.383027867924895, 20.393704268170801 ], [ -98.383695998351001, 20.392781367426199 ], [ -98.384223469740007, 20.392352875916099 ], [ -98.384821270647592, 20.391232200180998 ], [ -98.385208082999512, 20.390605936662396 ], [ -98.385243247758794, 20.390078554883704 ], [ -98.384856435406803, 20.389880786251503 ], [ -98.384575117332716, 20.390111516297701 ], [ -98.384082810703006, 20.389584132827501 ], [ -98.383906986906595, 20.389089709185395 ], [ -98.383731163110298, 20.388661207412898 ], [ -98.382992703165712, 20.38872713084 ], [ -98.382254243221098, 20.389155632429297 ], [ -98.380496005257683, 20.389913747707801 ], [ -98.379335568201896, 20.389913747707798 ], [ -98.378772932053593, 20.389650055859899 ], [ -98.378280625423884, 20.3902433618834 ], [ -98.377753154034906, 20.3903752073563 ], [ -98.377260847405196, 20.390869626875105 ], [ -98.377120188368096, 20.391232200181005 ], [ -98.3763465636642, 20.391726616950997 ], [ -98.375608103719614, 20.391627733723901 ], [ -98.375150961849187, 20.391199239006603 ], [ -98.375608103719614, 20.390803704364199 ], [ -98.375889421793801, 20.390572975354097 ], [ -98.376030080830816, 20.390276323262199 ], [ -98.375326785645498, 20.390210400497594 ], [ -98.374728984737899, 20.390474091386899 ], [ -98.374060854311907, 20.390012632034498 ], [ -98.373322394367307, 20.3903422459986 ], [ -98.372689428700497, 20.3902433618834 ], [ -98.372302616348506, 20.389979670599292 ], [ -98.371704815441021, 20.390144477704698 ], [ -98.371458662126102, 20.389880786251496 ], [ -98.371950968755911, 20.389518209766795 ], [ -98.372970746774598, 20.389320440415702 ], [ -98.373533382922901, 20.389353401991805 ], [ -98.373779536237691, 20.388694169129995 ], [ -98.373111405811699, 20.388331589854296 ], [ -98.371704815441021, 20.387804200294596 ], [ -98.372970746774598, 20.387441618925696 ], [ -98.373533382922901, 20.387408656940796 ], [ -98.374342172385994, 20.387705314551305 ], [ -98.374764149497196, 20.387837162194895 ], [ -98.375186126608398, 20.387738276472792 ], [ -98.375326785645498, 20.387507542874399 ], [ -98.375045467571397, 20.387111998759494 ], [ -98.373498218163618, 20.386749415762697 ], [ -98.372865252496808, 20.386650529342795 ], [ -98.372302616348506, 20.387013112572202 ], [ -98.372091627792898, 20.386716453629802 ], [ -98.372337781107788, 20.386353869702699 ], [ -98.372794922978187, 20.3859583226279 ], [ -98.372900417256105, 20.3856286992905 ], [ -98.372759758219004, 20.385299075248305 ], [ -98.373181735330206, 20.385463887357503 ], [ -98.373357559126504, 20.385694624014306 ], [ -98.373568547682098, 20.385958322627896 ], [ -98.373920195274835, 20.38576054871 ], [ -98.373814700997002, 20.385430924949695 ], [ -98.373181735330206, 20.384969450501401 ], [ -98.372548769663396, 20.384606862466001 ], [ -98.374060854311907, 20.384837600405397 ], [ -98.374623490460124, 20.384573899875001 ], [ -98.375432279923302, 20.384277236239299 ], [ -98.3757487627567, 20.384211310909404 ], [ -98.376381728423482, 20.383947609307999 ], [ -98.377120188368096, 20.383980572032797 ], [ -98.377682824516398, 20.383321316197097 ], [ -98.378315790183194, 20.382431316347997 ], [ -98.378561943498099, 20.3820687223443 ], [ -98.379722380553886, 20.381541311362398 ], [ -98.380917982368899, 20.380882045098495 ], [ -98.381586112795006, 20.380387593551205 ], [ -98.382465231776706, 20.380288703051399 ], [ -98.383731163110298, 20.380519447452105 ] ] } },
{ "type": "Feature", "properties": { "ID_OBRA": "460_Jacala de Ledezma", "No.": 460.0, "Municipio": "Jacala de Ledezma", "Rubro": "Infraestructura Carretera", "Ejercicio": 2023.0, "Obra": "Modernización del camino Jacala - Quetzalapa en el municipio de Jacala", "Localidad": "Octupilla", "Inversión": 7732742.41, "Habitantes.beneficiados": 5044.0, "Ejecutora": "DGCCE", "Trabajos": "Considera los trabajos de modernización del camino en la localidad de Octupilla municipio de Jacala de Ledezma.", "Geometria_tipo": "Línea", "extract": 0.17600179216995734 }, "geometry": { "type": "LineString", "coordinates": [ [ -99.184419520427369, 20.997652939633127 ], [ -99.184084592243948, 20.995593712234118 ], [ -99.183496932321816, 20.994592067948616 ], [ -99.182092406180473, 20.994041418637497 ], [ -99.182257282652287, 20.993661644415806 ], [ -99.182650111024216, 20.993500383592608 ], [ -99.183437046995138, 20.993286694519583 ], [ -99.184005893575076, 20.992329822139514 ], [ -99.183936347934335, 20.991359601021227 ], [ -99.184114232663561, 20.990369667179642 ], [ -99.183353742747542, 20.989236627810161 ], [ -99.183359612480658, 20.988630702235749 ], [ -99.183979181893577, 20.987314360573091 ], [ -99.184111745911935, 20.986527094907956 ], [ -99.183893297015572, 20.985874198801913 ], [ -99.18397279408012, 20.985211685014821 ], [ -99.183962986161276, 20.984675252830097 ], [ -99.184540388012707, 20.984160229791122 ], [ -99.184934576501007, 20.983669143363855 ], [ -99.18554774781451, 20.98369548690831 ], [ -99.186116846891352, 20.983340612313476 ], [ -99.186232913736831, 20.983028588204878 ], [ -99.185261202130761, 20.982216932512635 ], [ -99.184328939114764, 20.980626884099209 ], [ -99.183136772308345, 20.979893113307451 ], [ -99.18184382895231, 20.979095319294487 ], [ -99.180360538313877, 20.979188704334305 ], [ -99.178934728257545, 20.978522163706963 ], [ -99.17696447927618, 20.978704162236269 ], [ -99.176556547599461, 20.978529479110932 ], [ -99.176197736728511, 20.977993124957269 ], [ -99.175189633306417, 20.977299629972265 ], [ -99.173728472677283, 20.976761353453814 ], [ -99.173531756326241, 20.976387773614888 ], [ -99.17340390075266, 20.975793388542364 ], [ -99.173555582107028, 20.975319920647024 ], [ -99.173550031476381, 20.974886609289438 ], [ -99.172999691198513, 20.974709642905101 ], [ -99.171603548807767, 20.974444523557857 ], [ -99.170681852713813, 20.974273731951982 ], [ -99.170249730019449, 20.974045301824486 ], [ -99.169987902589256, 20.973731386507577 ], [ -99.169225612269898, 20.973077756743681 ], [ -99.16851719492945, 20.97276672930489 ], [ -99.167960402341734, 20.973146057155116 ], [ -99.167591067416112, 20.973535047538356 ], [ -99.167004096403261, 20.973788071861801 ], [ -99.166064473435327, 20.974304916644446 ], [ -99.165296953542651, 20.974466370086127 ], [ -99.164664521706229, 20.974164267145802 ], [ -99.164684767335061, 20.973723421503575 ], [ -99.164751160554275, 20.97311575759262 ], [ -99.164407989454944, 20.972681193425835 ], [ -99.163784441255174, 20.972212925374631 ], [ -99.163582607561111, 20.971852205038967 ], [ -99.163922743251291, 20.971580432492143 ], [ -99.164407967708499, 20.971259423124366 ], [ -99.164514982234962, 20.971126956542751 ], [ -99.164434172735312, 20.970837788504781 ], [ -99.164115362805049, 20.97071991357971 ], [ -99.163604071224583, 20.970796389207823 ], [ -99.163501301295625, 20.97079610101957 ], [ -99.163464699475995, 20.970782990958366 ], [ -99.163093373187735, 20.970613637315189 ], [ -99.162740355128207, 20.970356523887908 ], [ -99.16272981064057, 20.97034377711697 ], [ -99.162374818092715, 20.970127856696323 ], [ -99.161616841287909, 20.969938035795057 ], [ -99.161559038417124, 20.969912988463747 ], [ -99.161025254695815, 20.96948123027126 ], [ -99.16050731143612, 20.968738464700799 ], [ -99.16019171470171, 20.968386872622265 ], [ -99.159781177474542, 20.968247148956653 ], [ -99.159480838784418, 20.968329378175373 ], [ -99.159380602265017, 20.968749588882545 ], [ -99.159124209136664, 20.969106109907923 ], [ -99.159110689950595, 20.969106073964621 ], [ -99.158869124255006, 20.96909102213262 ], [ -99.158607813513811, 20.968918196480526 ], [ -99.158245938672636, 20.968619456448661 ], [ -99.158071872221342, 20.968256296869001 ], [ -99.157940671389326, 20.967723952431459 ], [ -99.157548612693958, 20.96740245020252 ], [ -99.157584703551848, 20.966867045013874 ], [ -99.157447167231041, 20.966471374970403 ], [ -99.156893213480387, 20.966181678473369 ], [ -99.156835067433931, 20.966156662034599 ], [ -99.15680208182782, 20.966131751334917 ], [ -99.156505512505987, 20.966044287926465 ], [ -99.156230187100405, 20.966043482611319 ], [ -99.155555620990995, 20.96637775987147 ], [ -99.15527979723359, 20.966201861914382 ], [ -99.155211834047165, 20.965844020081757 ], [ -99.155386203640532, 20.965202714715989 ], [ -99.155540707302393, 20.964704157384425 ], [ -99.155354811694295, 20.964149434431231 ], [ -99.154873981223488, 20.963802743400276 ], [ -99.154507689737827, 20.963590687253252 ], [ -99.154252005480757, 20.963333012661547 ], [ -99.154187966559022, 20.962796809135035 ], [ -99.154423620786403, 20.962305144789848 ], [ -99.154714790386663, 20.962124285544721 ], [ -99.154983396152986, 20.961722103298278 ], [ -99.155076258620923, 20.96112537494751 ], [ -99.154983458594344, 20.960699236405723 ], [ -99.154916588719118, 20.960295838929884 ], [ -99.154873396340449, 20.959766163347076 ], [ -99.155023134617949, 20.9590952010869 ], [ -99.155037986405759, 20.959082311733621 ], [ -99.155283591029118, 20.958661108368101 ], [ -99.155285615831176, 20.958648474074611 ], [ -99.155530492695661, 20.958286285999051 ], [ -99.155561131074364, 20.958249232610907 ], [ -99.155809502131433, 20.957918966544192 ], [ -99.155839563509502, 20.957882640239816 ], [ -99.156305256946226, 20.957452579814539 ], [ -99.156319050905083, 20.957440780390481 ], [ -99.156781685306569, 20.9571486406087 ], [ -99.157889466868554, 20.956189870112439 ], [ -99.158492989259813, 20.955315647457283 ], [ -99.158720054583227, 20.953731280833779 ], [ -99.159091937949526, 20.952460043860075 ], [ -99.160478763557379, 20.951675619312752 ], [ -99.160591904909339, 20.950056284682507 ], [ -99.161236859486593, 20.949473149439086 ], [ -99.162190730326998, 20.948937167734361 ] ] } },
{ "type": "Feature", "properties": { "ID_OBRA": "461_Jacala de Ledezma", "No.": 461.0, "Municipio": "Jacala de Ledezma", "Rubro": "Infraestructura Carretera", "Ejercicio": 2023.0, "Obra": "Modernización del camino La Palma - Quetzalapa en el municipio de Jacala de Ledezma.", "Localidad": "Octupilla", "Inversión": 5998800.0, "Habitantes.beneficiados": null, "Ejecutora": "DGCCE", "Trabajos": "Considera los trabajos de modernización del camino en la localidad de Octupilla municipio de Jacala de Ledezma.", "Geometria_tipo": "Línea", "extract": 0.13771047605698067 }, "geometry": { "type": "LineString", "coordinates": [ [ -99.050505352900814, 20.854156084270297 ], [ -99.05538127717638, 20.856689571291557 ], [ -99.055822149756025, 20.856429506104142 ], [ -99.056300720974235, 20.856663017692128 ], [ -99.056323554712293, 20.85729471876364 ], [ -99.058257808623893, 20.861857558306561 ], [ -99.05799568579333, 20.863413515453779 ], [ -99.05753891382021, 20.86421172388313 ], [ -99.057256398126086, 20.865114373156707 ], [ -99.057039241289061, 20.865501911515636 ], [ -99.05686991793101, 20.866257784423485 ], [ -99.055991573143132, 20.867517277196111 ], [ -99.0558017823207, 20.86828615034214 ], [ -99.055946444025437, 20.869143918019351 ], [ -99.056299877343051, 20.870137305094918 ], [ -99.056769635297172, 20.870744508024359 ], [ -99.057794188201385, 20.871767127677874 ], [ -99.058396010394176, 20.872255388507092 ], [ -99.059093515491611, 20.872430630557574 ], [ -99.060258695096792, 20.873155194281935 ] ] } },
{ "type": "Feature", "properties": { "ID_OBRA": "462_Jacala de Ledezma", "No.": 462.0, "Municipio": "Jacala de Ledezma", "Rubro": "Infraestructura Carretera", "Ejercicio": 2024.0, "Obra": "Modernización del camino Jacala - Quetzalapa en el municipio de Jacala (Segunda etapa)", "Localidad": "Octupilla", "Inversión": 9677870.11, "Habitantes.beneficiados": 5044.0, "Ejecutora": "DGCCE", "Trabajos": "Considera los trabajos de modernización del camino en la localidad de Octupilla municipio de Jacala de Ledezma.", "Geometria_tipo": "Línea", "extract": -0.065581439981695452 }, "geometry": { "type": "LineString", "coordinates": [ [ -99.162192317983553, 20.948877071548285 ], [ -99.162817028925105, 20.948558320271957 ], [ -99.164316398421462, 20.94652274093016 ], [ -99.164339964364885, 20.946227380666116 ], [ -99.164157234687778, 20.946062452776353 ], [ -99.163294409075647, 20.94588686489929 ], [ -99.163062415480979, 20.945728236271449 ], [ -99.162870987870463, 20.945469381903809 ], [ -99.162633779573227, 20.944863218667539 ], [ -99.160633262944842, 20.943303006038889 ], [ -99.158239920806267, 20.94065252810563 ], [ -99.156847835893061, 20.93997327363827 ], [ -99.156139765162351, 20.939647486758105 ], [ -99.155934724887956, 20.939480151032512 ], [ -99.155831379517821, 20.939258626750352 ], [ -99.154757650319965, 20.935373718014997 ], [ -99.154532199555888, 20.934917866440323 ], [ -99.154186229690708, 20.934587356712139 ], [ -99.153576368094036, 20.934251674125218 ], [ -99.152489099544013, 20.933985489167181 ], [ -99.151621907980171, 20.933426530708605 ], [ -99.150561478491312, 20.933126453875875 ], [ -99.150146147916516, 20.932802391804834 ], [ -99.149684923318887, 20.932293043511088 ], [ -99.149381070438452, 20.932169969313069 ], [ -99.148916955768129, 20.932149126212789 ], [ -99.148350031976378, 20.932224349347351 ], [ -99.147634129356078, 20.931982297119131 ], [ -99.146852421590197, 20.931477490918152 ], [ -99.145128689012324, 20.930016291108693 ], [ -99.144027737843288, 20.929416721840642 ], [ -99.143725731490747, 20.929478672604279 ], [ -99.143697886353408, 20.929881340580081 ], [ -99.143846852839545, 20.930836138994515 ], [ -99.143531561189533, 20.931100565670903 ], [ -99.141955182506123, 20.930675202875204 ], [ -99.141863855518892, 20.930369464633731 ], [ -99.142085081377161, 20.929683776247131 ], [ -99.139494286057001, 20.926597908452329 ], [ -99.139687368310206, 20.925423162430185 ], [ -99.139667310038746, 20.925078189069385 ], [ -99.139436036426801, 20.924933350656001 ], [ -99.138923537530218, 20.924640596224503 ], [ -99.138131855048599, 20.92377013945811 ], [ -99.137901950120394, 20.923586525447327 ], [ -99.137602365577223, 20.923559535237345 ], [ -99.136859862751123, 20.923880057403924 ], [ -99.136585547101831, 20.923808280437566 ], [ -99.136557174006455, 20.923538366477814 ], [ -99.136709899090491, 20.92252424061061 ], [ -99.136621521758542, 20.922179242198908 ], [ -99.136232342585927, 20.921801035284194 ], [ -99.135153951229597, 20.921247461820915 ], [ -99.134466724465895, 20.921217364656091 ], [ -99.132553655873934, 20.921264808603269 ], [ -99.131714772944974, 20.921125133159389 ], [ -99.131118541967922, 20.920739087212301 ], [ -99.129020755017464, 20.916930405802745 ], [ -99.128496081345986, 20.913210359722619 ], [ -99.127193115794256, 20.91204662013584 ], [ -99.127210010582388, 20.911705559044549 ], [ -99.127434416060481, 20.911374021620546 ], [ -99.128154734598823, 20.911209060732073 ], [ -99.129503727048046, 20.909297620600135 ], [ -99.130301330012941, 20.908609082671596 ], [ -99.131251638526948, 20.907680786894915 ], [ -99.132062443553394, 20.907193711365494 ], [ -99.132119151701716, 20.907031378807925 ], [ -99.13196108835831, 20.906851442292826 ] ] } },
{ "type": "Feature", "properties": { "ID_OBRA": "474_Jaltocán", "No.": 474.0, "Municipio": "Jaltocán", "Rubro": "Infraestructura Carretera", "Ejercicio": 2023.0, "Obra": "Rehabilitación de la Carretera Estatal Vinazco a Jaltocán, en el municipio de Jaltocán.", "Localidad": "Vinazco", "Inversión": 11916183.17, "Habitantes.beneficiados": 10776.0, "Ejecutora": "DGCCE", "Trabajos": "Considera trabajos para la reconstrucción y/o conservación de Infraestructura Carretera en la localidad de Vinazco municipio de Jaltocán", "Geometria_tipo": "Línea", "extract": 0.58342008083972796 }, "geometry": { "type": "LineString", "coordinates": [ [ -98.532072184446676, 21.141664615265569 ], [ -98.531171347495061, 21.142762627669949 ], [ -98.530440477617347, 21.143953193555781 ], [ -98.529887599841999, 21.144886896858939 ], [ -98.52863776287009, 21.145940481519212 ], [ -98.525772435287081, 21.148418029163867 ], [ -98.525258510402622, 21.148878402921838 ], [ -98.524217557486807, 21.151139055251587 ], [ -98.523963093537461, 21.151720297707794 ], [ -98.523838805318164, 21.152073897660451 ], [ -98.523879596158153, 21.152366403163541 ], [ -98.524065592660264, 21.152767738122705 ], [ -98.524023717764578, 21.153036312762538 ], [ -98.523817650613154, 21.153841510612864 ], [ -98.5232283386093, 21.15513680519221 ], [ -98.522716033504565, 21.155989033490069 ], [ -98.522397910085957, 21.156512211080091 ], [ -98.522209709268537, 21.157443557382308 ] ] } },
{ "type": "Feature", "properties": { "ID_OBRA": "475_Juárez Hidalgo", "No.": 475.0, "Municipio": "Juárez Hidalgo", "Rubro": "Infraestructura Carretera", "Ejercicio": 2023.0, "Obra": "Reconstrucción de la carretera Eloxochitlán - Juárez Hidalgo; en el Municipio de Juárez Hidalgo", "Localidad": "Juárez Hidalgo", "Inversión": 25594228.3, "Habitantes.beneficiados": 616.0, "Ejecutora": "DGCCE", "Trabajos": "Considera trabajos para la reconstrucción y/o conservación de Infraestructura Carretera en la localidad de Juárez Hidalgo municipio de Juárez Hidalgo", "Geometria_tipo": "Línea", "extract": 0.53304715148919546 }, "geometry": { "type": "LineString", "coordinates": [ [ -98.806103846084412, 20.742825086878931 ], [ -98.807338770536916, 20.744932671516729 ], [ -98.808037191280661, 20.746438665262989 ], [ -98.808454318709039, 20.749785679985244 ], [ -98.80872373084496, 20.751714530551528 ], [ -98.810096984702867, 20.752324078590295 ], [ -98.811798709067972, 20.751786022908899 ], [ -98.812231762903835, 20.752540821453636 ], [ -98.811861670221305, 20.754117451285602 ], [ -98.811966782299606, 20.754806950828048 ], [ -98.811421350184261, 20.75541270870055 ], [ -98.811502182534909, 20.756155972950758 ], [ -98.811894413389695, 20.756646704693576 ], [ -98.812545185286794, 20.757142251964289 ], [ -98.812867615639405, 20.758877688034559 ], [ -98.813120522595611, 20.760145413357758 ], [ -98.813417771384422, 20.761625575440551 ], [ -98.814154243850993, 20.762820180912815 ], [ -98.815229916711871, 20.764356985922735 ], [ -98.81549607925902, 20.765207732517805 ], [ -98.815369810480959, 20.766105973489207 ], [ -98.81533248781227, 20.76672448357942 ], [ -98.814996711155388, 20.76717357950594 ], [ -98.815031273340907, 20.768114339640022 ] ] } },
{ "type": "Feature", "properties": { "ID_OBRA": "477_Juárez Hidalgo", "No.": 477.0, "Municipio": "Juárez Hidalgo", "Rubro": "Infraestructura Carretera", "Ejercicio": 2024.0, "Obra": "Reconstrucción de la carretera Eloxochitlán - Juárez Hidalgo; en el Municipio de Juárez Hidalgo (Segunda etapa)", "Localidad": "Juárez Hidalgo", "Inversión": 6648897.22, "Habitantes.beneficiados": null, "Ejecutora": "DGCCE", "Trabajos": "Considera trabajos para la reconstrucción y/o conservación de Infraestructura Carretera en la localidad de Juárez Hidalgo municipio de Juárez Hidalgo", "Geometria_tipo": "Línea", "extract": 0.6279050476724316 }, "geometry": { "type": "LineString", "coordinates": [ [ -98.826182283792662, 20.7891389616799 ], [ -98.827587861461666, 20.788224298572235 ], [ -98.828289521176956, 20.787073961010041 ], [ -98.8283754708374, 20.78621202850649 ], [ -98.828873895727384, 20.78488935965969 ], [ -98.829036874720288, 20.783967972300982 ], [ -98.828893080518583, 20.783165247769155 ], [ -98.828687843742131, 20.782815529742482 ], [ -98.828012656151031, 20.782253089781971 ], [ -98.827207343511148, 20.782443347529224 ], [ -98.826103437205489, 20.782787126290536 ], [ -98.825390950786499, 20.782538711887554 ], [ -98.824975066084534, 20.781902794059569 ], [ -98.824907166067035, 20.781506016330678 ], [ -98.824007706872194, 20.781000236404317 ], [ -98.822528912851112, 20.780707011126278 ], [ -98.820933696005724, 20.780719282777685 ], [ -98.819255172061858, 20.780744199820237 ], [ -98.818608645106124, 20.780605091211548 ], [ -98.818460498540773, 20.780230492151667 ], [ -98.818474763004858, 20.779961806747824 ], [ -98.818712060997498, 20.779832341878951 ], [ -98.818864302746192, 20.779754116427316 ], [ -98.818966741217451, 20.77950947576581 ], [ -98.819027153374051, 20.779197715499865 ], [ -98.819285773046403, 20.778890180674559 ], [ -98.819382179660806, 20.77863045713649 ], [ -98.819469338524371, 20.778264027997157 ], [ -98.819612657126925, 20.778216388445898 ], [ -98.819754376465482, 20.778318077711678 ], [ -98.81972154360254, 20.778605630810368 ], [ -98.819672679218712, 20.779237971170289 ], [ -98.819765825285131, 20.779420510657019 ], [ -98.819966144466775, 20.779420574469366 ], [ -98.820454684129828, 20.778858439148522 ], [ -98.82058651063538, 20.778494603530458 ], [ -98.820527049668442, 20.777918579398982 ], [ -98.820309638046325, 20.77667961448822 ], [ -98.820274130793038, 20.776545737236109 ], [ -98.820159164081545, 20.776465114563269 ], [ -98.819684427653115, 20.776375897771445 ], [ -98.819532833917833, 20.776298040086509 ], [ -98.819398414877952, 20.776152341147728 ], [ -98.819173058289877, 20.775896612108919 ], [ -98.818800504026271, 20.77575644328147 ], [ -98.818557837825281, 20.775766244548581 ], [ -98.818142186339642, 20.775739850079564 ], [ -98.817864533380927, 20.775671476950919 ], [ -98.817718194256216, 20.77547191014596 ], [ -98.817663092198302, 20.775222328331118 ], [ -98.817725322044041, 20.775030058769499 ], [ -98.817929006654737, 20.77457688354103 ], [ -98.817964473553175, 20.774110059731701 ], [ -98.818006732861207, 20.773602259655515 ], [ -98.818018711573586, 20.773286182158781 ], [ -98.817966634271571, 20.773027882724197 ], [ -98.817721442552582, 20.772719704768466 ], [ -98.817502511084314, 20.772461548278429 ], [ -98.817440241991576, 20.772356854560702 ], [ -98.817419139127935, 20.772215977469415 ], [ -98.817533361456896, 20.771103595944719 ], [ -98.817494133858474, 20.770872068474805 ], [ -98.817390587677963, 20.770665919112346 ], [ -98.817026990648699, 20.770258079326695 ], [ -98.816941254314031, 20.770102955162375 ], [ -98.816872881186853, 20.769786545528934 ], [ -98.81679093721273, 20.769470625605031 ], [ -98.816587737298491, 20.769230735916821 ], [ -98.816386790501284, 20.769095816400547 ], [ -98.816084973062885, 20.769188057353425 ], [ -98.815779826709061, 20.76922618451248 ], [ -98.81552406534081, 20.769066461175512 ], [ -98.815294629992678, 20.768879275577653 ], [ -98.815168662426146, 20.768675402219024 ], [ -98.815089686379451, 20.768383943333628 ], [ -98.815025507384576, 20.768104979687376 ] ] } },
{ "type": "Feature", "properties": { "ID_OBRA": "495_Lolotla", "No.": 495.0, "Municipio": "Lolotla", "Rubro": "Infraestructura Carretera", "Ejercicio": 2024.0, "Obra": "Rehabilitación de la C.E. Chantasco - Xalcuatla, municipio de Lolotla", "Localidad": "Chantasco", "Inversión": 8605715.62, "Habitantes.beneficiados": 641.0, "Ejecutora": "DGCCE", "Trabajos": "Considera trabajos para la reconstrucción y/o conservación de Infraestructura Carretera en la localidad de Chantasco municipio de Lolotla", "Geometria_tipo": "Línea", "extract": 0.51567261615128723 }, "geometry": { "type": "LineString", "coordinates": [ [ -98.7402279, 21.1667103 ], [ -98.74028, 21.16732 ], [ -98.74064, 21.16826 ], [ -98.74079, 21.16859 ], [ -98.74108, 21.16881 ], [ -98.74146, 21.16882 ], [ -98.74191, 21.16875 ], [ -98.74259, 21.16863 ], [ -98.74282, 21.16835 ], [ -98.74299, 21.16785 ], [ -98.74334, 21.16742 ], [ -98.74335, 21.1667 ], [ -98.74326, 21.16599 ], [ -98.74319, 21.16555 ], [ -98.74318, 21.16534 ], [ -98.74328, 21.16528 ], [ -98.74345, 21.16533 ], [ -98.74367, 21.16597 ], [ -98.74379, 21.16631 ], [ -98.74402, 21.16648 ], [ -98.74411, 21.16645 ], [ -98.74417, 21.16633 ], [ -98.74414, 21.16604 ], [ -98.74394, 21.16543 ], [ -98.74375, 21.16474 ], [ -98.74383, 21.16444 ], [ -98.74405, 21.16436 ], [ -98.74455, 21.1646 ], [ -98.74516, 21.1653 ], [ -98.74561, 21.1657 ], [ -98.7462, 21.16589 ], [ -98.74679, 21.16587 ], [ -98.74724, 21.16595 ], [ -98.74784, 21.16615 ], [ -98.7487, 21.16638 ], [ -98.74919, 21.16668 ], [ -98.74913, 21.16743 ], [ -98.74899, 21.16777 ], [ -98.74898, 21.16822 ], [ -98.74931, 21.16861 ], [ -98.74974, 21.16911 ], [ -98.7509, 21.16998 ], [ -98.7515, 21.16984 ], [ -98.75234, 21.16957 ], [ -98.75298, 21.16963 ], [ -98.75281, 21.17023 ], [ -98.75253, 21.17116 ], [ -98.75253, 21.17195 ], [ -98.75273, 21.17256 ], [ -98.75305, 21.173 ], [ -98.75344, 21.1734 ], [ -98.75385, 21.17401 ], [ -98.75417, 21.17457 ], [ -98.75439, 21.17472 ], [ -98.75467, 21.17456 ], [ -98.75492, 21.17405 ], [ -98.7554, 21.174 ], [ -98.75588, 21.17398 ], [ -98.7566, 21.17381 ], [ -98.75705, 21.17327 ], [ -98.75723, 21.17298 ], [ -98.75747, 21.17307 ], [ -98.75809, 21.17371 ], [ -98.75856, 21.17393 ], [ -98.75863, 21.17428 ], [ -98.7588, 21.17462 ], [ -98.75924, 21.17497 ], [ -98.75955, 21.17506 ], [ -98.75965, 21.17531 ], [ -98.75976, 21.17597 ], [ -98.75966, 21.17629 ], [ -98.75938, 21.17653 ], [ -98.75898, 21.1769 ], [ -98.75854, 21.17714 ], [ -98.75841, 21.17772 ], [ -98.75842, 21.17826 ], [ -98.75872, 21.17857 ], [ -98.7592, 21.17849 ], [ -98.75967, 21.17843 ], [ -98.75975, 21.17863 ], [ -98.75976, 21.17907 ], [ -98.75984, 21.17957 ], [ -98.75994, 21.17992 ], [ -98.7604, 21.18046 ], [ -98.76063, 21.18057 ], [ -98.761, 21.1805 ], [ -98.76119, 21.18058 ], [ -98.7612, 21.18093 ], [ -98.76119, 21.18123 ], [ -98.76125, 21.18164 ], [ -98.76143, 21.18219 ], [ -98.76168, 21.18302 ], [ -98.76177, 21.18359 ], [ -98.76201, 21.18391 ], [ -98.76226, 21.18393 ], [ -98.76294, 21.18352 ], [ -98.76363, 21.18317 ], [ -98.76396, 21.18363 ], [ -98.76431, 21.184 ], [ -98.764887499999986, 21.1841265 ] ] } },
{ "type": "Feature", "properties": { "ID_OBRA": "497_Lolotla", "No.": 497.0, "Municipio": "Lolotla", "Rubro": "Infraestructura Carretera", "Ejercicio": 2023.0, "Obra": "Rehabilitación del tramo Comontla - Ixtacuatla, del km 0+000 al km 4+500; en el municipio de Lolotla.", "Localidad": "Comontla", "Inversión": 3484576.8, "Habitantes.beneficiados": 10380.0, "Ejecutora": "DGOPI", "Trabajos": "Se consideran trabajos de revestimiento, cunetas y limpieza de cunetas.", "Geometria_tipo": "Línea", "extract": 0.26662829265175325 }, "geometry": { "type": "LineString", "coordinates": [ [ -98.739655199999987, 21.0512275 ], [ -98.7398072, 21.0513276 ], [ -98.7397, 21.0508 ], [ -98.73952, 21.05029 ], [ -98.73932, 21.04985 ], [ -98.73923, 21.04964 ], [ -98.73917, 21.04952 ], [ -98.73901, 21.04933 ], [ -98.73898, 21.04926 ], [ -98.73905, 21.04918 ], [ -98.7393, 21.04899 ], [ -98.73942, 21.04881 ], [ -98.7394, 21.04861 ], [ -98.73932, 21.04846 ], [ -98.73924, 21.04838 ], [ -98.73914, 21.0483 ], [ -98.73911, 21.04808 ], [ -98.73935, 21.0476 ], [ -98.73958, 21.04712 ], [ -98.73958, 21.04686 ], [ -98.73953, 21.04668 ], [ -98.73946, 21.04623 ], [ -98.73946, 21.04533 ], [ -98.73928, 21.04459 ], [ -98.73935, 21.04441 ], [ -98.73974, 21.04389 ], [ -98.73967, 21.04339 ], [ -98.73951, 21.04275 ], [ -98.73941, 21.04234 ], [ -98.73953, 21.04213 ], [ -98.74003, 21.04208 ], [ -98.7408, 21.04185 ], [ -98.74129, 21.04182 ], [ -98.74183, 21.04165 ], [ -98.74208, 21.04154 ], [ -98.74248, 21.04118 ], [ -98.74292, 21.04115 ], [ -98.74317, 21.04123 ], [ -98.7432, 21.0418 ], [ -98.74347, 21.04207 ], [ -98.7437, 21.04286 ], [ -98.74389, 21.04327 ], [ -98.74438, 21.04394 ], [ -98.74493, 21.04447 ], [ -98.74512, 21.04452 ], [ -98.74559, 21.04452 ], [ -98.74594, 21.0443 ], [ -98.74624, 21.04401 ], [ -98.74674, 21.04407 ], [ -98.74718, 21.04402 ], [ -98.74738, 21.04382 ], [ -98.74737, 21.04357 ], [ -98.74733, 21.04319 ], [ -98.74771, 21.04303 ], [ -98.7481, 21.04266 ], [ -98.74845, 21.04253 ], [ -98.7487, 21.04225 ], [ -98.74873, 21.04158 ], [ -98.74865, 21.04075 ], [ -98.74871, 21.04055 ], [ -98.74909, 21.04057 ], [ -98.74966, 21.04066 ], [ -98.75034, 21.041 ], [ -98.75054, 21.04087 ], [ -98.75053, 21.04057 ], [ -98.75034, 21.04 ], [ -98.75013, 21.03989 ], [ -98.74967, 21.03975 ], [ -98.74952, 21.03951 ], [ -98.74983, 21.03931 ], [ -98.75038, 21.03897 ], [ -98.75067, 21.03898 ], [ -98.75078, 21.03879 ], [ -98.75066, 21.03848 ], [ -98.75061, 21.03794 ], [ -98.75029, 21.03742 ], [ -98.74988, 21.03723 ], [ -98.74982, 21.03672 ], [ -98.74964, 21.03643 ], [ -98.74914, 21.03589 ], [ -98.74923, 21.03558 ], [ -98.74948, 21.0356 ], [ -98.7503, 21.03598 ], [ -98.7505, 21.03608 ], [ -98.75072, 21.03632 ], [ -98.75111, 21.03638 ], [ -98.75147, 21.03643 ], [ -98.75195, 21.0368 ], [ -98.75223, 21.03691 ], [ -98.75226, 21.03711 ], [ -98.75239, 21.03751 ], [ -98.75303, 21.03789 ], [ -98.75331, 21.03807 ], [ -98.75348, 21.03823 ], [ -98.7536, 21.0383 ], [ -98.75373, 21.0384 ], [ -98.75411, 21.03872 ], [ -98.75438, 21.03883 ], [ -98.75455, 21.03887 ], [ -98.75469, 21.03904 ], [ -98.75468, 21.03913 ], [ -98.75477, 21.03912 ], [ -98.7548, 21.03905 ], [ -98.75469, 21.03878 ], [ -98.7545, 21.03858 ], [ -98.754443, 21.0385132 ] ] } },
{ "type": "Feature", "properties": { "ID_OBRA": "498_Lolotla", "No.": 498.0, "Municipio": "Lolotla", "Rubro": "Infraestructura Carretera", "Ejercicio": 2023.0, "Obra": "Rehabilitación del tramo acceso a La Florida, del km 0+000 al km 6+000; en el municipio de Lolotla.", "Localidad": "La Florida", "Inversión": 4694159.22, "Habitantes.beneficiados": 95.0, "Ejecutora": "DGOPI", "Trabajos": "Se consideran trabajos de revestimiento, cunetas y limpieza de cunetas.", "Geometria_tipo": "Línea", "extract": 0.4709404907579981 }, "geometry": { "type": "LineString", "coordinates": [ [ -98.734763251107623, 21.107474642650367 ], [ -98.73426286691064, 21.107601281889085 ], [ -98.73388375080188, 21.107855396740025 ], [ -98.733993270068652, 21.108149025175123 ], [ -98.733829949502464, 21.108251513055688 ], [ -98.733543749745053, 21.108149030280657 ], [ -98.733121964412589, 21.108046731336817 ], [ -98.732578553607638, 21.107944614907275 ], [ -98.731976289610216, 21.10821307428802 ], [ -98.731714703168478, 21.108367045374973 ], [ -98.731329154145271, 21.108534314747889 ], [ -98.73100582835427, 21.108922185236111 ], [ -98.730778593855774, 21.109234370698815 ], [ -98.730478293170904, 21.109653255765117 ], [ -98.730133047164443, 21.110114899155295 ], [ -98.730034613620603, 21.110606930749807 ], [ -98.729965415105482, 21.111035834240951 ], [ -98.729907992353475, 21.111522124177814 ], [ -98.729658049871119, 21.11186220307636 ], [ -98.729403424364307, 21.111903146248849 ], [ -98.72918557614301, 21.111712330989327 ], [ -98.728993219649425, 21.111251472079203 ], [ -98.728741536441376, 21.110914892529561 ], [ -98.728591567343869, 21.110513528761409 ], [ -98.728461447801081, 21.110313874499845 ], [ -98.728056376330642, 21.110367048760697 ], [ -98.72774711893689, 21.110167892836639 ], [ -98.727308471200857, 21.10982429174561 ], [ -98.726988873785402, 21.10961384821579 ], [ -98.726846270650427, 21.109692673516371 ], [ -98.727060005444827, 21.11006195128429 ], [ -98.727368051843115, 21.110513528168116 ], [ -98.728155584081321, 21.11091489379999 ], [ -98.728414146443043, 21.111373116553558 ], [ -98.728637560215546, 21.112714129729042 ], [ -98.728774088626679, 21.112838815283098 ], [ -98.729686781587844, 21.113536290250078 ], [ -98.7295787961597, 21.113775299473364 ], [ -98.728891960883416, 21.114156874594965 ], [ -98.728699144260233, 21.114313026537637 ], [ -98.72863172922284, 21.114898617998687 ], [ -98.728546859766709, 21.115200762849192 ], [ -98.728356288729145, 21.115591456425808 ], [ -98.728181665537193, 21.115926256923544 ], [ -98.728275120353302, 21.116116301977179 ], [ -98.728680939380112, 21.116527638250794 ], [ -98.728654276314757, 21.116823153361853 ], [ -98.72848996260133, 21.116897258733076 ], [ -98.728265765157701, 21.116660454742345 ], [ -98.727970759816387, 21.116395136673084 ], [ -98.727823323110087, 21.116424564557406 ], [ -98.72782671536018, 21.11666046647554 ], [ -98.727943288218313, 21.116986312658902 ], [ -98.728293285165336, 21.117373630669366 ], [ -98.728467465627475, 21.117636252237087 ], [ -98.72871186685957, 21.118766539263408 ], [ -98.728996992862577, 21.119725274239141 ], [ -98.729055411461687, 21.120043696050661 ], [ -98.729467314067136, 21.12084022017175 ], [ -98.730107230036651, 21.121904625613769 ], [ -98.73011911777057, 21.121990594298541 ] ] } },
{ "type": "Feature", "properties": { "ID_OBRA": "50_Ajacuba", "No.": 50.0, "Municipio": "Ajacuba", "Rubro": "Infraestructura Carretera", "Ejercicio": 2025.0, "Obra": "Reconstrucción de la C.E. Tecamatl - Ajacuba, en el municipio de Ajacuba", "Localidad": "Ajacuba", "Inversión": 25679733.25, "Habitantes.beneficiados": null, "Ejecutora": "SIPDUS", "Trabajos": null, "Geometria_tipo": "Línea", "extract": 0.25797476701967254 }, "geometry": { "type": "LineString", "coordinates": [ [ -98.885978551997411, 20.135074337320201 ], [ -98.887305153677488, 20.132836989909102 ], [ -98.888017587913097, 20.131545310841197 ], [ -98.88828782158869, 20.130530412656402 ], [ -98.886985786606402, 20.128039270992797 ], [ -98.885560918135212, 20.125732622946 ], [ -98.885020450783998, 20.124579286160998 ], [ -98.885192417668506, 20.123587409721704 ], [ -98.885732885019706, 20.121949646481301 ], [ -98.886568152744118, 20.119896651432992 ], [ -98.8871823201886, 20.1189508806021 ], [ -98.887649087446405, 20.118466459181199 ], [ -98.889172222708694, 20.117958968464496 ], [ -98.891825426068905, 20.117636018969201 ], [ -98.896271998366998, 20.117082389711797 ], [ -98.897893400420401, 20.117174661390798 ], [ -98.903642007700796, 20.1199197189428 ], [ -98.904575542216406, 20.120150393853702 ], [ -98.906418044549895, 20.120542540421301 ], [ -98.915139222261615, 20.122341788537298 ], [ -98.917325658363893, 20.122503258509795 ], [ -98.9185539932529, 20.122410989974505 ], [ -98.919487527768595, 20.122088049672197 ], [ -98.920396495586402, 20.121442167066903 ], [ -98.921035229728702, 20.120450270729098 ], [ -98.922779465271006, 20.118143510733791 ], [ -98.923295365924304, 20.117497611838601 ], [ -98.925752035702303, 20.116713302451597 ] ] } },
{ "type": "Feature", "properties": { "ID_OBRA": "500_Lolotla", "No.": 500.0, "Municipio": "Lolotla", "Rubro": "Infraestructura Carretera", "Ejercicio": 2024.0, "Obra": "Rehabilitación de camino E.C. de Cuatitlanapa a La Unión a la Florida, en el municipio de Lolotla.", "Localidad": "La Florida", "Inversión": 2428036.26, "Habitantes.beneficiados": null, "Ejecutora": "DGOPI", "Trabajos": "Considera los trabajos de preliminares, revestimiento de camino en la localidad de La Florida municipio de Lolotla", "Geometria_tipo": "Línea", "extract": 0.41311919875132597 }, "geometry": { "type": "LineString", "coordinates": [ [ -98.745833399756364, 21.085395780265326 ], [ -98.746417366520234, 21.085514791759376 ], [ -98.746456644373737, 21.085652925315735 ], [ -98.746482887972718, 21.086185429597442 ], [ -98.746562045798811, 21.086662668870819 ], [ -98.746779087604196, 21.087051472383092 ], [ -98.746820717276606, 21.087297728109625 ], [ -98.746767873282096, 21.087486588394309 ], [ -98.746830879050151, 21.088051924396336 ], [ -98.747176060641749, 21.088641068253395 ], [ -98.74706096071013, 21.089524821333825 ], [ -98.74687422052051, 21.08965522375555 ], [ -98.746533057739654, 21.089600842070563 ], [ -98.746367571801557, 21.089644374171453 ], [ -98.746388498337197, 21.089764436117168 ], [ -98.746641370866385, 21.090017310862791 ], [ -98.746672975893432, 21.090496952996219 ], [ -98.746694051773432, 21.090928412611458 ], [ -98.746998564790289, 21.0915345176134 ], [ -98.747683470846809, 21.092590590091746 ], [ -98.748006792663034, 21.093209316858204 ], [ -98.748363115402711, 21.093577518085159 ], [ -98.749532583574805, 21.094319655697635 ], [ -98.749674672696059, 21.094494925112805 ], [ -98.750017446762925, 21.095028106374397 ], [ -98.750367144682997, 21.095401205805757 ], [ -98.750449003473889, 21.095607021197665 ], [ -98.750491792581954, 21.09573360725059 ], [ -98.750533153610576, 21.095837637686145 ], [ -98.750658958545273, 21.095849212811256 ], [ -98.750769969348895, 21.09581446438683 ], [ -98.750699757306805, 21.095481026500735 ], [ -98.750656559381156, 21.095050514307125 ], [ -98.750529219303715, 21.094527854332071 ], [ -98.750375721684009, 21.093918845826057 ], [ -98.750097495920102, 21.093345272987577 ], [ -98.749764106021942, 21.093011538523655 ], [ -98.749577318764395, 21.092743660790678 ], [ -98.749592388032255, 21.092631194554961 ], [ -98.749796780798079, 21.09266179754303 ], [ -98.750074312731783, 21.092990800229895 ], [ -98.750637910703688, 21.093482112466294 ], [ -98.75124479809827, 21.093972553873851 ], [ -98.751312949235711, 21.094123754574678 ], [ -98.751422274422808, 21.094483788053189 ], [ -98.75145115162492, 21.094804461433309 ], [ -98.751485476671405, 21.09518562323268 ], [ -98.751517271130851, 21.095664400369273 ], [ -98.75144153686702, 21.096222612833134 ], [ -98.751478748011991, 21.09691333479995 ], [ -98.75146244825207, 21.09767209208125 ], [ -98.750907679411682, 21.098761179579714 ], [ -98.750933990705263, 21.099613939842623 ], [ -98.750820672108418, 21.099734110578531 ], [ -98.750092136005748, 21.100016560802494 ], [ -98.749683532643814, 21.100692782281261 ], [ -98.749632975413931, 21.100949050939576 ], [ -98.749775758685445, 21.101010382968401 ], [ -98.749915062187952, 21.100901489003071 ], [ -98.750299144119325, 21.100773181089451 ], [ -98.75084849612179, 21.100813523069814 ], [ -98.751040435361034, 21.100908175461097 ], [ -98.751061308681884, 21.101037619434297 ], [ -98.750922327390953, 21.101188923527292 ], [ -98.750378785726241, 21.101673526075857 ], [ -98.750043522904889, 21.101918090203 ], [ -98.749787129448222, 21.102049157506936 ], [ -98.749656371931721, 21.102151864224158 ], [ -98.74974525896387, 21.102240425230129 ], [ -98.749972702197624, 21.102218217891682 ], [ -98.750190048696112, 21.10216654827191 ], [ -98.750311277219254, 21.102159173491074 ], [ -98.750125955348494, 21.102336914189408 ], [ -98.750111169913865, 21.10234436462385 ], [ -98.749599763956581, 21.102660506792706 ], [ -98.749000511770987, 21.102774998490354 ], [ -98.74868157800303, 21.102744423583225 ], [ -98.748482863791381, 21.10290574783863 ], [ -98.74826843132324, 21.103249121741356 ], [ -98.748136916774911, 21.103599965129749 ], [ -98.748011109691817, 21.104149117696707 ], [ -98.747888745121827, 21.105340637322225 ], [ -98.747810387783602, 21.106306271671979 ], [ -98.747595002376897, 21.107257903437677 ], [ -98.747412890921098, 21.107620515360225 ], [ -98.74676497646621, 21.108032063765375 ], [ -98.74533340843422, 21.10859189876879 ], [ -98.744725353882529, 21.108399978437955 ], [ -98.744226881536221, 21.108084386756563 ], [ -98.743808621701078, 21.107774075272989 ], [ -98.743602008886342, 21.107774096403613 ], [ -98.743540215013638, 21.107880220274481 ], [ -98.743793353912267, 21.10816804435548 ], [ -98.743826064521031, 21.108341947725808 ], [ -98.743954016189491, 21.10885443192571 ], [ -98.744020945990755, 21.109061651402349 ], [ -98.744054707758792, 21.109240293571634 ], [ -98.743724122817127, 21.109751646096175 ], [ -98.741637574908921, 21.110688798338227 ], [ -98.741311743433172, 21.110704367942549 ], [ -98.740482768580861, 21.111254143677318 ], [ -98.740162609548833, 21.111111915427411 ], [ -98.739775497295682, 21.111222464887195 ], [ -98.739524040270041, 21.111652249205545 ], [ -98.739185640283708, 21.111941745754766 ], [ -98.73892914369118, 21.112429640749262 ], [ -98.738615048820449, 21.112659657070825 ], [ -98.737899506306817, 21.113074157565848 ], [ -98.737561359019551, 21.113074145548637 ], [ -98.737158843688945, 21.11310750419845 ], [ -98.737045956911842, 21.113426110341251 ], [ -98.736689227782762, 21.113561106376359 ], [ -98.736380695972187, 21.113611856073401 ], [ -98.736299699271214, 21.113551142678418 ], [ -98.736441594793689, 21.11323952899145 ], [ -98.73639972812154, 21.113034466292234 ], [ -98.736163096330671, 21.112977872448841 ], [ -98.736033317532289, 21.113250970348485 ], [ -98.735851943098936, 21.113844059470654 ], [ -98.73579119891464, 21.11411737085967 ], [ -98.735789617348559, 21.114153294198385 ], [ -98.735938503909182, 21.114418693542362 ], [ -98.736069444338412, 21.114552701017114 ], [ -98.735941828782259, 21.114960032661116 ], [ -98.735936395298452, 21.115097616401499 ], [ -98.736073910866722, 21.115464764462995 ], [ -98.735859609829873, 21.117041842088931 ], [ -98.735993183685963, 21.11734650384658 ], [ -98.736427129792176, 21.11796882600396 ], [ -98.736498626041865, 21.118344943368246 ], [ -98.736377816245181, 21.11881669128632 ], [ -98.736651731229387, 21.119481831310711 ], [ -98.736827451742244, 21.119775137860959 ], [ -98.736181752285219, 21.120823735754811 ], [ -98.734932009739566, 21.121200404646881 ], [ -98.734504748757189, 21.12134944114359 ], [ -98.733437155552139, 21.121667159819619 ], [ -98.733115035961319, 21.122006216643733 ], [ -98.732917368046301, 21.12285748017235 ], [ -98.732794164355809, 21.123052710040636 ], [ -98.732606804020264, 21.122981537175328 ], [ -98.732516014883714, 21.122558769854901 ], [ -98.732313382339782, 21.121836082342984 ], [ -98.7321952600564, 21.121717702267244 ], [ -98.732442441264894, 21.121449292634704 ], [ -98.732564748698863, 21.121249941383176 ], [ -98.732696162136122, 21.12095400872278 ], [ -98.732935177973033, 21.120565102164669 ], [ -98.733615990233943, 21.119915294834669 ], [ -98.733394678552088, 21.119728486194951 ], [ -98.732919750983484, 21.120150925113023 ], [ -98.732345691994468, 21.120245846378793 ], [ -98.731943798568707, 21.120774953114768 ], [ -98.731511921296843, 21.121366019590376 ], [ -98.731051916586495, 21.121667140680959 ], [ -98.730490763469746, 21.12202328458082 ], [ -98.730255544047537, 21.122419451242287 ] ] } },
{ "type": "Feature", "properties": { "ID_OBRA": "501_Lolotla", "No.": 501.0, "Municipio": "Lolotla", "Rubro": "Infraestructura Carretera", "Ejercicio": 2023.0, "Obra": "Rehabilitación del tramo E.C. (Pachuca - Huejutla) - Tlaltepingo, del Km 0+000 al Km 5+000; en el municipio de Lolotla", "Localidad": "Tlaltepingo", "Inversión": 3875328.0, "Habitantes.beneficiados": 928.0, "Ejecutora": "DGOPI", "Trabajos": "Se consideran trabajos de revestimiento, cunetas y limpieza de cunetas.", "Geometria_tipo": "Línea", "extract": 0.1891939150828964 }, "geometry": { "type": "LineString", "coordinates": [ [ -98.7164025, 20.9086935 ], [ -98.71668, 20.90969 ], [ -98.716769500000012, 20.9104234 ], [ -98.71636, 20.91088 ], [ -98.71619, 20.91116 ], [ -98.71654, 20.91177 ], [ -98.71669, 20.91217 ], [ -98.71677, 20.91255 ], [ -98.71685, 20.91297 ], [ -98.7167, 20.91343 ], [ -98.71641, 20.91362 ], [ -98.71657, 20.91385 ], [ -98.71652, 20.91423 ], [ -98.71604, 20.91442 ], [ -98.7159, 20.91474 ], [ -98.71509, 20.91505 ], [ -98.71513, 20.91529 ], [ -98.71479, 20.91552 ], [ -98.71507, 20.91585 ], [ -98.71474, 20.91609 ], [ -98.71433, 20.91643 ], [ -98.7142, 20.91678 ], [ -98.71381, 20.9171 ], [ -98.71381, 20.91723 ], [ -98.71425, 20.91712 ], [ -98.71497, 20.91683 ], [ -98.71548, 20.91694 ], [ -98.71585, 20.91702 ], [ -98.71614, 20.9169 ], [ -98.71658, 20.91655 ], [ -98.71722, 20.9171 ], [ -98.71762, 20.91677 ], [ -98.718, 20.91653 ], [ -98.71817, 20.9166 ], [ -98.71826, 20.91728 ], [ -98.71841, 20.91744 ], [ -98.71896, 20.91701 ], [ -98.71923, 20.91695 ], [ -98.71928, 20.91764 ], [ -98.71931, 20.91781 ], [ -98.71961, 20.91772 ], [ -98.71999, 20.91766 ], [ -98.72048, 20.91758 ], [ -98.72107, 20.91731 ], [ -98.72164, 20.91696 ], [ -98.72227, 20.91658 ], [ -98.72276, 20.91657 ], [ -98.72331, 20.91684 ], [ -98.72371, 20.91676 ], [ -98.72378, 20.91694 ], [ -98.72319, 20.91753 ], [ -98.72264, 20.91869 ], [ -98.72229, 20.91969 ], [ -98.72233, 20.92043 ], [ -98.72257, 20.92109 ], [ -98.72314, 20.92152 ], [ -98.72407, 20.92172 ], [ -98.72424, 20.92204 ], [ -98.72425, 20.92227 ], [ -98.72501, 20.92216 ], [ -98.72571, 20.92236 ], [ -98.72643, 20.9227 ], [ -98.72705, 20.92297 ], [ -98.72738, 20.92336 ], [ -98.72738, 20.92396 ], [ -98.72764, 20.924 ], [ -98.72806, 20.92441 ], [ -98.72814, 20.92464 ], [ -98.72824, 20.92488 ], [ -98.72911, 20.92508 ], [ -98.72965, 20.92525 ], [ -98.73047, 20.92535 ], [ -98.73099, 20.92569 ], [ -98.73145, 20.92603 ], [ -98.73114, 20.92657 ], [ -98.7309, 20.92718 ], [ -98.73048, 20.92761 ], [ -98.7303, 20.92798 ], [ -98.73004, 20.92835 ], [ -98.72982, 20.92864 ] ] } },
{ "type": "Feature", "properties": { "ID_OBRA": "507_Lolotla", "No.": 507.0, "Municipio": "Lolotla", "Rubro": "Infraestructura Carretera", "Ejercicio": 2023.0, "Obra": "Modernización del camino rural Xuchitlan - Toscalao, subtramo: Toscalao - Tetlapaya", "Localidad": "Xuchitlán", "Inversión": 4163284.03, "Habitantes.beneficiados": 835.0, "Ejecutora": "DGCCE", "Trabajos": "Considera los trabajos de modernización del camino en la localidad de Xuchitlán municipio de Lolotla.", "Geometria_tipo": "Línea", "extract": -0.038302602992508386 }, "geometry": { "type": "LineString", "coordinates": [ [ -98.721709, 20.974084 ], [ -98.721663937591643, 20.974302603532539 ], [ -98.721798044826443, 20.974743392568669 ], [ -98.721781948027186, 20.97525430539303 ], [ -98.721921422251597, 20.975394556786505 ], [ -98.72192678494595, 20.975655022203636 ], [ -98.722340861003488, 20.976036529835053 ], [ -98.722340859065042, 20.976637603709463 ], [ -98.722641269243965, 20.976717747394471 ], [ -98.722770016541418, 20.977088410164949 ], [ -98.723156251950527, 20.977228643881851 ], [ -98.723338641175658, 20.977489107316725 ], [ -98.723617592051838, 20.977529179574379 ], [ -98.724046746558699, 20.978370675125213 ], [ -98.724186245185507, 20.978460811794299 ], [ -98.724282797810673, 20.978911605405457 ], [ -98.724508099268292, 20.979162048540925 ], [ -98.724432993595471, 20.97944253980161 ], [ -98.724894321688367, 20.980384197612771 ], [ -98.724819213157431, 20.981315835548891 ], [ -98.725226916353535, 20.981606338508971 ], [ -98.725216180388998, 20.982357650873304 ], [ -98.725591691920769, 20.982507915664016 ], [ -98.72572213793373, 20.982830378668826 ], [ -98.725976949127556, 20.982862167921748 ] ] } },
{ "type": "Feature", "properties": { "ID_OBRA": "51_Ajacuba", "No.": 51.0, "Municipio": "Ajacuba", "Rubro": "Infraestructura Carretera", "Ejercicio": 2023.0, "Obra": "Reconstrucción de carpeta asfáltica de la C.E. Ajacuba - San Juan Tepa, municipio de Ajacuba", "Localidad": "San Nicolás Tecomatlán", "Inversión": 15856116.2, "Habitantes.beneficiados": 14299.0, "Ejecutora": "DGIVC", "Trabajos": "Considera trabajos para la reconstrucción y/o conservación de Infraestructura Carretera en la localidad de San Nicolás Tecomatlán municipio de Ajacuba", "Geometria_tipo": "Línea", "extract": -0.19186197946654018 }, "geometry": { "type": "LineString", "coordinates": [ [ -99.110962766364395, 20.1231224195583 ], [ -99.106846533578704, 20.133997129425392 ], [ -99.104613435630299, 20.139723650918601 ] ] } },
{ "type": "Feature", "properties": { "ID_OBRA": "531_Mineral de la Reforma", "No.": 531.0, "Municipio": "Mineral de la Reforma", "Rubro": "Vialidades Urbanas", "Ejercicio": 2023.0, "Obra": "Reconstrucción de carpeta de concreto hidráulico en la calle Heroico Colegio Militar del Km. 0+000 al Km. 0+250 y rehabilitación de áreas verdes y espacios públicos en la colonia Militar, municipio de Mineral de la Reforma.", "Localidad": "Colonia Militar", "Inversión": 7778392.53, "Habitantes.beneficiados": 1861.0, "Ejecutora": "DGIVC", "Trabajos": "Considera los trabajos de preliminares, riego de impregnación, piso para pavimento de concreto hidráulico.", "Geometria_tipo": "Línea", "extract": 0.71283918060549645 }, "geometry": { "type": "LineString", "coordinates": [ [ -98.707388069129706, 20.111884400337004 ], [ -98.705560273780193, 20.111903500105701 ], [ -98.703749378211413, 20.112243603738996 ] ] } },
{ "type": "Feature", "properties": { "ID_OBRA": "553_Mineral de la Reforma", "No.": 553.0, "Municipio": "Mineral de la Reforma", "Rubro": "Vialidades Urbanas", "Ejercicio": 2023.0, "Obra": "Reconstrucción de la calle Sur 2, Fraccionamiento Magisterio, entre calle Oriente 1 y calle Puerto Ángel, en el municipio de Mineral de la Reforma", "Localidad": "Magisterio Digno", "Inversión": 1499232.43, "Habitantes.beneficiados": 2026.0, "Ejecutora": "DGCCE", "Trabajos": "Considera los trabajos de preliminares, piso para pavimento de concreto hidráulico.", "Geometria_tipo": "Línea", "extract": 0.48863834323588978 }, "geometry": { "type": "LineString", "coordinates": [ [ -98.769412350282806, 20.05638498621699 ], [ -98.766531926875601, 20.054813942479097 ], [ -98.766595348767112, 20.054642140469898 ] ] } },
{ "type": "Feature", "properties": { "ID_OBRA": "559_Mineral de la Reforma", "No.": 559.0, "Municipio": "Mineral de la Reforma", "Rubro": "Vialidades Urbanas", "Ejercicio": 2022.0, "Obra": "Reconstrucción de pavimento de concreto hidráulico en la colonia PRI Chacón, municipio de Mineral de la reforma", "Localidad": "Nuevo Centro de Población Agrícola El Chacón", "Inversión": 1223058.7, "Habitantes.beneficiados": 2218.0, "Ejecutora": "DGOPI", "Trabajos": "Considera los trabajos de preliminares, riego de impregnación, piso para pavimento de concreto hidráulico.", "Geometria_tipo": "Línea", "extract": 0.62137850302392417 }, "geometry": { "type": "LineString", "coordinates": [ [ -98.737330915068, 20.079114714445396 ], [ -98.735412771961805, 20.083393282799097 ] ] } },
{ "type": "Feature", "properties": { "ID_OBRA": "569_Mineral de la Reforma", "No.": 569.0, "Municipio": "Mineral de la Reforma", "Rubro": "Vialidades Urbanas", "Ejercicio": 2024.0, "Obra": "Reconstrucción de pavimento hidráulico en Boulevard San Carlos, Fraccionamiento San José, municipio de Mineral de la Reforma", "Localidad": "San José", "Inversión": 21524768.61, "Habitantes.beneficiados": 1440.0, "Ejecutora": "DGOPI", "Trabajos": "Considera los trabajos de Preliminares, piso para pavimento de concreto en  Boulevard San Carlos, Fraccionamiento San José, municipio de Mineral de la Reforma.", "Geometria_tipo": "Línea", "extract": 0.37365718719358709 }, "geometry": { "type": "LineString", "coordinates": [ [ -98.756134393399407, 20.058726066724301 ], [ -98.755380457447501, 20.0576344630724 ], [ -98.755221955139405, 20.057535610037196 ], [ -98.754033443254002, 20.058309408175198 ], [ -98.753724002313703, 20.059559174886392 ], [ -98.754044682923407, 20.058243822335502 ], [ -98.755190161757199, 20.057496150467703 ], [ -98.754449178218906, 20.056385992837395 ], [ -98.754253597890894, 20.056314555869903 ], [ -98.754311339603305, 20.056129548665702 ], [ -98.754425259310196, 20.055912667783002 ], [ -98.754347361779097, 20.056120089423899 ], [ -98.754238395259407, 20.056276520306 ], [ -98.754480088800193, 20.0564002988826 ], [ -98.755221282980997, 20.057451814366601 ], [ -98.756424524289699, 20.0567551536104 ], [ -98.756490977561796, 20.0565293348156 ] ] } },
{ "type": "Feature", "properties": { "ID_OBRA": "58_Alfajayucan", "No.": 58.0, "Municipio": "Alfajayucan", "Rubro": "Infraestructura Carretera", "Ejercicio": 2025.0, "Obra": "Rehabilitación del camino Zundhó - Sifón - San Agustín, en el municipio de Alfajayucan", "Localidad": "Alfajayucan", "Inversión": 14137493.01, "Habitantes.beneficiados": null, "Ejecutora": "SIPDUS", "Trabajos": null, "Geometria_tipo": "Línea", "extract": -0.49317355847654937 }, "geometry": { "type": "LineString", "coordinates": [ [ -99.347925490754392, 20.400677986751099 ], [ -99.346203514707497, 20.400503045844001 ], [ -99.3453846729509, 20.400429683469103 ], [ -99.344668186413898, 20.4002773153479 ], [ -99.34383128197139, 20.400198309596096 ], [ -99.343150920805996, 20.400232169208898 ], [ -99.342819771566198, 20.400339391267298 ], [ -99.341657738779205, 20.401084300349297 ], [ -99.341248317901005, 20.401377748392701 ], [ -99.341001461194907, 20.401439823868699 ], [ -99.340778688070003, 20.401417250971203 ], [ -99.339995971684999, 20.400869857194898 ], [ -99.339598592597198, 20.400480472809296 ], [ -99.339357756786413, 20.400181379786801 ], [ -99.339159067242505, 20.399921789145701 ], [ -99.339068753813507, 20.399543688951201 ], [ -99.338960377698697, 20.398979358576593 ], [ -99.339038649337198, 20.3984319561383 ], [ -99.339068753813507, 20.398144145828798 ], [ -99.338779750840601, 20.3977716846302 ], [ -99.338677395621005, 20.397376649041803 ], [ -99.338520852344004, 20.396868744654302 ], [ -99.338496768762894, 20.396496280372801 ], [ -99.338520852344004, 20.396135102027895 ], [ -99.338376350857601, 20.395773922836494 ], [ -99.338207765790003, 20.3956384804214 ], [ -99.337810386702202, 20.395243439364204 ], [ -99.337364840452281, 20.394340484573696 ], [ -99.337292589709094, 20.394058310116694 ] ] } },
{ "type": "Feature", "properties": { "ID_OBRA": "585_Mineral de la Reforma", "No.": 585.0, "Municipio": "Mineral de la Reforma", "Rubro": "Vialidades Urbanas", "Ejercicio": 2023.0, "Obra": "Reconstrucción de carpeta de concreto hidráulico en calle Avenida Santiago Jaltepec del km 0+000 al km. 1+725 en la colonia Militar, municipio de Mineral de la Reforma", "Localidad": "Santiago Jaltepec", "Inversión": 17391358.16, "Habitantes.beneficiados": 1958.0, "Ejecutora": "DGIVC", "Trabajos": "Considera los trabajos de preliminares, riego de impregnación, piso para pavimento de concreto hidráulico.", "Geometria_tipo": "Línea", "extract": 0.71547206232062577 }, "geometry": { "type": "LineString", "coordinates": [ [ -98.714625842652694, 20.113959986393798 ], [ -98.714253073933094, 20.113811136658601 ], [ -98.714026734466898, 20.113533225496397 ], [ -98.713658647482504, 20.112899732825699 ], [ -98.712990692661705, 20.112211012108403 ], [ -98.711315906628499, 20.110747505189 ], [ -98.710769217221596, 20.1104164566786 ], [ -98.709949591902998, 20.110078976360896 ], [ -98.7077585305816, 20.109683821066898 ], [ -98.703123217797895, 20.1095298345763 ], [ -98.702037111070396, 20.109836270250099 ], [ -98.701517685792098, 20.110366036012305 ], [ -98.701319175209505, 20.110896824123593 ], [ -98.701346972906407, 20.111833834993398 ], [ -98.701555972708505, 20.112685300952101 ], [ -98.701617574599098, 20.11284432760629 ] ] } },
{ "type": "Feature", "properties": { "ID_OBRA": "622_Molango de Escamilla", "No.": 622.0, "Municipio": "Molango de Escamilla", "Rubro": "Infraestructura Carretera", "Ejercicio": 2024.0, "Obra": "Modernización del Camino Eloxochitlán - Molango, en el municipio de Eloxochitlán (segunda etapa)", "Localidad": "Ixmolintla", "Inversión": 19853530.56, "Habitantes.beneficiados": 285.0, "Ejecutora": "DGCCE", "Trabajos": "Considera los trabajos de terracerías, sub rasante, pavimento de concreto hidráulico, construcción de cunetas, señalamiento, muros de contención y obras de drenaje.", "Geometria_tipo": "Línea", "extract": 0.27109209724616279 }, "geometry": { "type": "LineString", "coordinates": [ [ -98.727680243613477, 20.77408005912908 ], [ -98.727744770098994, 20.773798204800979 ], [ -98.727884905330114, 20.773609760905234 ], [ -98.727883270220261, 20.773490580209881 ], [ -98.727742894723249, 20.773501095204306 ], [ -98.72753618002244, 20.773442963598185 ], [ -98.727236513784973, 20.773244746743295 ], [ -98.727317567666276, 20.77302840386476 ], [ -98.72751229683459, 20.772787374653625 ], [ -98.727676326967853, 20.772519747383011 ], [ -98.727676051944798, 20.772370323386255 ], [ -98.727513763406662, 20.772197281339306 ], [ -98.727413620229441, 20.772028284103484 ], [ -98.72741436484921, 20.771858542125749 ], [ -98.727465044833494, 20.771707837880488 ], [ -98.727650308488819, 20.771598090756559 ], [ -98.72758924035513, 20.77143375822396 ], [ -98.727601479570794, 20.771215192952656 ], [ -98.727553446566191, 20.771042445547213 ], [ -98.727421380343316, 20.77081145479999 ], [ -98.727530657371432, 20.770561259089561 ], [ -98.727508457895269, 20.770170555989001 ], [ -98.727451822413016, 20.769782443904745 ], [ -98.727453423330559, 20.769516851747738 ], [ -98.72754561363729, 20.769338870219478 ], [ -98.72743406235962, 20.768960726009073 ], [ -98.72750311495551, 20.768615389545499 ], [ -98.727525946951815, 20.768354264851773 ], [ -98.727612833646887, 20.767860370564705 ], [ -98.727686065916373, 20.767604694570448 ], [ -98.727736116711071, 20.767211796472225 ], [ -98.727795962856604, 20.767027703946731 ], [ -98.727779467600456, 20.766807549425476 ] ] } },
{ "type": "Feature", "properties": { "ID_OBRA": "628_Nicolás Flores", "No.": 628.0, "Municipio": "Nicolás Flores", "Rubro": "Infraestructura Carretera", "Ejercicio": 2023.0, "Obra": "Reconstrucción de la C.E. Acceso a Nicolás Flores", "Localidad": "Nicolás Flores", "Inversión": 7710298.72, "Habitantes.beneficiados": 404.0, "Ejecutora": "DGOPI", "Trabajos": "Considera trabajos para la reconstrucción y/o conservación de Infraestructura Carretera en la localidad de Nicolás Flores municipio de Nicolás Flores", "Geometria_tipo": "Línea", "extract": -0.091126366569385053 }, "geometry": { "type": "LineString", "coordinates": [ [ -99.147403931757339, 20.754431146251207 ], [ -99.14700566237201, 20.753907946898416 ], [ -99.146936222981523, 20.753629445997849 ], [ -99.146861937363511, 20.753349688313588 ], [ -99.147057360783535, 20.753216768277706 ], [ -99.147256197275595, 20.753129746047229 ], [ -99.147496066918521, 20.75299491483899 ], [ -99.147683538343742, 20.75285866648353 ], [ -99.147824040517875, 20.752678661332716 ], [ -99.147957408010598, 20.752496391052372 ], [ -99.148051041304896, 20.752272909511895 ], [ -99.148092340519099, 20.752003940194452 ], [ -99.148139478625012, 20.751781310209736 ], [ -99.148168074799301, 20.75152173375028 ], [ -99.148090793595117, 20.751303547629679 ], [ -99.148015052351482, 20.751084981270523 ], [ -99.147841055557791, 20.750910394103631 ], [ -99.147688030295868, 20.750909151714183 ], [ -99.147408353318269, 20.751080363033513 ], [ -99.147253385379614, 20.751256690536703 ], [ -99.147149142647123, 20.751388616582169 ], [ -99.146991451434076, 20.751607915382312 ], [ -99.146837352732035, 20.751783201774309 ], [ -99.146671509394309, 20.751954168477248 ], [ -99.146506523370348, 20.752035937666442 ], [ -99.146166801343739, 20.751946655168986 ], [ -99.146023116554417, 20.751902738485946 ], [ -99.145832805437934, 20.751770884130256 ], [ -99.145645314144673, 20.751551416170969 ], [ -99.145456048727183, 20.751375515844856 ], [ -99.145313682285703, 20.75124340872096 ], [ -99.145121714830609, 20.751155179563376 ], [ -99.144975216620537, 20.751198971843177 ], [ -99.144727547696519, 20.751329670412694 ], [ -99.144526367894343, 20.751326804475184 ], [ -99.144385670541041, 20.75128389799378 ], [ -99.144295887094643, 20.751197691502085 ], [ -99.144061457637093, 20.75093432636017 ], [ -99.14386916871463, 20.750846011805539 ], [ -99.143662725897173, 20.75084179851175 ], [ -99.143359206466002, 20.750792922479391 ], [ -99.143132132855882, 20.750797280096631 ], [ -99.142945007768034, 20.750887481117012 ], [ -99.142742575401527, 20.75090029970039 ], [ -99.142454851822663, 20.75099356132505 ], [ -99.142396668976275, 20.751029308444437 ], [ -99.14229941587152, 20.751083570038823 ], [ -99.142202395555188, 20.751088189105481 ], [ -99.142124807356126, 20.751075263001631 ], [ -99.142046816387449, 20.751078956302123 ], [ -99.141971608561164, 20.751059793188855 ], [ -99.141876786274523, 20.751058112883733 ], [ -99.141801012411435, 20.751056770231969 ], [ -99.141723172757665, 20.751091540744717 ], [ -99.141664320112966, 20.751126380505301 ], [ -99.141623763129999, 20.751178713004016 ], [ -99.141524224451047, 20.751265675001299 ], [ -99.141445270328205, 20.75131767280952 ], [ -99.141349180604223, 20.751333703901842 ], [ -99.141275342796177, 20.751296630763417 ], [ -99.141219563712568, 20.751277783981489 ], [ -99.141124168896596, 20.751293117306275 ], [ -99.141066396666716, 20.751325570960038 ], [ -99.141046420669184, 20.751342785275938 ], [ -99.14096190489424, 20.751450415707019 ], [ -99.140879135043164, 20.75153926969184 ], [ -99.140818582133804, 20.751591508505047 ], [ -99.14077136569091, 20.751700859829484 ], [ -99.140708476029047, 20.75177253666703 ], [ -99.140610322526683, 20.751839003013636 ], [ -99.140534288085462, 20.751869192637265 ], [ -99.140461950065401, 20.751878248174403 ], [ -99.140385453440075, 20.75194170613338 ], [ -99.140291434840023, 20.752002769637105 ], [ -99.1402150945448, 20.752066104016578 ], [ -99.14014041121338, 20.752111162073223 ], [ -99.140046824842216, 20.752171934830887 ], [ -99.139991428457591, 20.752201047092338 ], [ -99.139933953053031, 20.75224893646628 ], [ -99.139825604764553, 20.752360508652167 ], [ -99.139742037167565, 20.752416624109085 ], [ -99.139660258024691, 20.752454176677098 ], [ -99.139563113250773, 20.752454302790905 ], [ -99.139489754798177, 20.752416951940742 ], [ -99.139442552359981, 20.752323779332187 ], [ -99.13944356454175, 20.752204888834061 ], [ -99.13947510699343, 20.752127452280824 ], [ -99.139530841616178, 20.752013006568834 ], [ -99.139606907793947, 20.751881812355887 ], [ -99.139675922044177, 20.751790004241037 ], [ -99.13974900611025, 20.751678419247948 ], [ -99.139818095412892, 20.751586902359495 ], [ -99.139900829797497, 20.751516303448618 ], [ -99.140001015002156, 20.751431282561416 ], [ -99.140105094507248, 20.75131105476073 ], [ -99.140107985122967, 20.751292557368611 ], [ -99.140188975988508, 20.751208108831417 ], [ -99.140228044371469, 20.751079289795108 ], [ -99.140245667145933, 20.751000629225604 ], [ -99.140263086175111, 20.75092287911928 ], [ -99.140300756303873, 20.750828710848371 ], [ -99.14035405537436, 20.750737458690978 ], [ -99.140414736617515, 20.750686198494801 ], [ -99.140483020629262, 20.750598107334561 ], [ -99.140566663301385, 20.750512451357 ], [ -99.140606337036147, 20.750479007141852 ], [ -99.140633190677008, 20.750426383432185 ], [ -99.140731642476396, 20.750328770857848 ], [ -99.140795088276249, 20.750245845260302 ], [ -99.140829322263883, 20.750231923496695 ], [ -99.140935366536894, 20.750172547077135 ], [ -99.141003963294565, 20.750144639605129 ], [ -99.141078653969473, 20.750081836330093 ], [ -99.141150155697744, 20.750036571370789 ], [ -99.141221564045907, 20.749991364749476 ], [ -99.141327119419145, 20.749932291982514 ], [ -99.141434773403148, 20.749856542136921 ], [ -99.141507956262046, 20.749794891999159 ], [ -99.141592274184589, 20.749768607305995 ], [ -99.141646958195892, 20.749722477901489 ], [ -99.141717540658561, 20.749677881610658 ], [ -99.141786052449518, 20.749650015237009 ], [ -99.141842327181934, 20.749587503298226 ], [ -99.141896538928975, 20.749541708623642 ], [ -99.141937998052697, 20.749462104619504 ], [ -99.141977307278694, 20.749399450545592 ], [ -99.142011505190183, 20.749385302240007 ], [ -99.142101877220256, 20.749308807074151 ], [ -99.142136306233098, 20.749294341922759 ], [ -99.142208029634119, 20.749233589412345 ], [ -99.142313554262628, 20.749158816157408 ], [ -99.142400822957327, 20.749099441314883 ], [ -99.142487985278422, 20.7490399829537 ], [ -99.142608531081152, 20.748980887218 ], [ -99.142661367791135, 20.748935540250255 ], [ -99.142745697183017, 20.748907455478388 ], [ -99.142812653210328, 20.748894425432475 ], [ -99.142880443931503, 20.74886587535654 ], [ -99.142948126528466, 20.748837508967341 ], [ -99.142999124828037, 20.748808501572306 ], [ -99.143117561426635, 20.748751245446567 ], [ -99.143218703442884, 20.748739417247045 ], [ -99.143286472903768, 20.748711013722303 ], [ -99.14338808791112, 20.748668292682758 ], [ -99.143523616620669, 20.748625731815132 ], [ -99.143624763543443, 20.748582504641806 ], [ -99.143726503132058, 20.748554371480278 ], [ -99.143792736321174, 20.748510717561921 ], [ -99.143874733337768, 20.748452804977241 ], [ -99.143922894331268, 20.748409509208756 ], [ -99.143986617320067, 20.74833834860857 ], [ -99.144001072377165, 20.748282072762045 ], [ -99.144032549930301, 20.7482262026307 ], [ -99.144029027414945, 20.748156643346736 ], [ -99.144008586728617, 20.748087721706963 ], [ -99.143989013491705, 20.74803310242903 ], [ -99.143952222494605, 20.747965547062389 ], [ -99.143932475591853, 20.747898622070782 ], [ -99.14389587256214, 20.747819338556944 ], [ -99.143827225464136, 20.747741449912539 ], [ -99.14379241754564, 20.747677035458079 ], [ -99.143742180498819, 20.747600116294688 ], [ -99.143708450077654, 20.747523629535319 ], [ -99.143691445915465, 20.747472894424092 ], [ -99.143674294854492, 20.74740976923966 ], [ -99.143657156995985, 20.747347258212816 ], [ -99.143640079265836, 20.74728533045986 ], [ -99.143623129208862, 20.747223868160518 ], [ -99.143606306311924, 20.747162865132399 ], [ -99.143589822883754, 20.747114523797233 ], [ -99.143573238232506, 20.747054342290504 ], [ -99.143572628156164, 20.747018009886975 ], [ -99.143556329764337, 20.746945238949912 ], [ -99.143540497202267, 20.746896810332689 ], [ -99.143509258579456, 20.746837419173566 ], [ -99.143493460186718, 20.746790239241637 ], [ -99.143477742385215, 20.746743300753931 ], [ -99.143431776967802, 20.746698890146153 ], [ -99.143401094027084, 20.746629987280368 ], [ -99.143355936255858, 20.7466100301619 ], [ -99.143334836306181, 20.746395358787687 ], [ -99.143227162345298, 20.74618453158239 ], [ -99.143136736363331, 20.746116222239952 ], [ -99.143069587672116, 20.746065496466652 ], [ -99.143023919649821, 20.746016828439512 ], [ -99.142936014668152, 20.745907153436661 ], [ -99.142893386483451, 20.745860388526449 ], [ -99.1428702300163, 20.745800329288546 ], [ -99.142806502177933, 20.745723643936365 ], [ -99.142764530303239, 20.745677699875088 ], [ -99.142723488927871, 20.745646513493625 ], [ -99.142662399591998, 20.745585839289507 ], [ -99.142601743299252, 20.74549725552712 ], [ -99.142523578283942, 20.745423047165513 ], [ -99.142485048714335, 20.745393298691624 ], [ -99.142388608100418, 20.745305110355623 ], [ -99.142314346027234, 20.745233003161978 ], [ -99.142225321715486, 20.745175713236556 ], [ -99.142154856818763, 20.745174802313578 ], [ -99.142102445153242, 20.745202075419986 ], [ -99.14201510753702, 20.745228805825285 ], [ -99.141963523293498, 20.745186674037868 ], [ -99.141912595837312, 20.745144782541544 ], [ -99.14189590387052, 20.745158698672125 ], [ -99.141863066128764, 20.745242297512316 ], [ -99.141813252790087, 20.745311943115119 ], [ -99.14176330270034, 20.745367643018241 ], [ -99.141713352152024, 20.745423344078457 ], [ -99.141646459064887, 20.745465044886284 ], [ -99.141579581176828, 20.745506736075289 ], [ -99.141512718496656, 20.745548417809868 ], [ -99.141462782758694, 20.745604101317614 ], [ -99.141394641680222, 20.745672595777979 ], [ -99.141309702537527, 20.745726921832734 ], [ -99.141259068648012, 20.745767976094186 ], [ -99.141175528524911, 20.745795479545418 ], [ -99.141125473352062, 20.745809252052268 ], [ -99.141059818070204, 20.745796373312114 ], [ -99.140994093696307, 20.745783493904199 ], [ -99.140928282921692, 20.745770597616957 ], [ -99.140862385988413, 20.745757684240473 ], [ -99.140780081332821, 20.745731328409065 ], [ -99.140697379645516, 20.745718525875105 ], [ -99.140614353617025, 20.745719334281809 ], [ -99.140547351386203, 20.745760895670941 ], [ -99.140480878424739, 20.745761597442868 ], [ -99.140396902328376, 20.745760998541684 ], [ -99.140363285892221, 20.745802289147971 ], [ -99.140262628798467, 20.745884506644845 ], [ -99.14022909204138, 20.745953317513685 ], [ -99.140178880998121, 20.745994309824848 ], [ -99.140128723883834, 20.746021466897368 ], [ -99.140078610195985, 20.74606238612353 ], [ -99.139995191408019, 20.746102951155351 ], [ -99.13991200379364, 20.746130562730418 ], [ -99.139862221718147, 20.746145499223818 ], [ -99.139762500747977, 20.746189214498699 ], [ -99.139662514506881, 20.746205418755345 ], [ -99.139578956696866, 20.746193615697404 ], [ -99.139511938471571, 20.746167551536779 ], [ -99.139444756196312, 20.746127584708237 ], [ -99.139378131471588, 20.74611182988798 ], [ -99.139311461026793, 20.74613906829105 ], [ -99.139244628124843, 20.746181170698261 ], [ -99.139176833979263, 20.746240683557385 ], [ -99.139125805194084, 20.7462854789507 ], [ -99.139041201290397, 20.746329932319025 ], [ -99.138990548373044, 20.746358879664186 ], [ -99.138906041046383, 20.746360255536711 ], [ -99.138804470978002, 20.74639008633304 ], [ -99.138736644018039, 20.746433500273373 ], [ -99.138668733072549, 20.746476967942506 ], [ -99.138583786014237, 20.746478423896409 ], [ -99.138516284458589, 20.746464562188748 ], [ -99.138482622997898, 20.746464518958209 ], [ -99.138365365884894, 20.746435398749 ], [ -99.138298838819125, 20.746406128083457 ], [ -99.138232532289194, 20.746362667654822 ], [ -99.138182972426918, 20.746319455484453 ], [ -99.138103927397907, 20.746257639594674 ], [ -99.138052940499421, 20.746272511068057 ], [ -99.137967406398673, 20.746302490959486 ], [ -99.137900161038232, 20.746344746773797 ], [ -99.137849755912626, 20.746386912901798 ], [ -99.137782759312159, 20.746414887787292 ], [ -99.137716324645865, 20.74644229267388 ], [ -99.137633908065709, 20.746468963303361 ], [ -99.137535889061766, 20.746480649251009 ], [ -99.137454835168512, 20.746478317395994 ], [ -99.137390688013966, 20.746462018844973 ], [ -99.137326696879981, 20.746445759953588 ], [ -99.137214038758088, 20.746442567464126 ], [ -99.137148405227933, 20.746441878554062 ], [ -99.137082046299753, 20.746441790720592 ], [ -99.137000194227141, 20.746454758363967 ], [ -99.136919425758762, 20.74646697870384 ], [ -99.136855933538001, 20.746464915946447 ], [ -99.136762265891434, 20.746447087962608 ], [ -99.136686076525692, 20.746415142608107 ], [ -99.136611607863017, 20.746368706954577 ], [ -99.136568793382352, 20.746323466167187 ], [ -99.136549895965402, 20.746260436720721 ], [ -99.136551010624942, 20.746195958139921 ], [ -99.136611495544642, 20.746135097930086 ], [ -99.136671522792625, 20.746074698067417 ], [ -99.136742200530321, 20.74603088047121 ], [ -99.13680895964805, 20.74600265303928 ], [ -99.136901881525475, 20.745991189313688 ], [ -99.136998459065481, 20.745964270635735 ], [ -99.137080052314886, 20.745936711256466 ], [ -99.137194816066625, 20.745895099691648 ], [ -99.137273211290562, 20.745882871815315 ], [ -99.137348818336903, 20.745885925427924 ], [ -99.13742882353587, 20.745872871691965 ], [ -99.137524484627889, 20.74586017799782 ], [ -99.137589020664251, 20.745846733948426 ], [ -99.137630431819332, 20.745773235886112 ], [ -99.137657277513938, 20.74569925326734 ], [ -99.13770005563957, 20.74562587200149 ], [ -99.137730473496717, 20.745564247155556 ], [ -99.137794886971037, 20.745488691943859 ], [ -99.137832581329107, 20.745458971331278 ], [ -99.137891939436855, 20.745400013649697 ], [ -99.137960112185866, 20.745357812587756 ], [ -99.138042204652521, 20.745316434032706 ], [ -99.138135174724781, 20.745290335040941 ], [ -99.13821065844985, 20.74527829300051 ], [ -99.138287666576588, 20.745265416311703 ], [ -99.138367280119425, 20.745238071040166 ], [ -99.138457225157865, 20.745239611940654 ], [ -99.138521530838574, 20.745212059380453 ], [ -99.138580973612733, 20.745213537605892 ], [ -99.138655248717242, 20.74520274700307 ], [ -99.138718596044242, 20.745162829255445 ], [ -99.13876714724438, 20.745122423294475 ], [ -99.138846140371129, 20.745069406371513 ], [ -99.138898115891635, 20.744988173056591 ], [ -99.138947633392192, 20.744921919990613 ], [ -99.138994107230545, 20.744870567889535 ], [ -99.13905506706611, 20.744819669890713 ], [ -99.139101868177832, 20.744755602189478 ], [ -99.139148448208843, 20.744691836790714 ], [ -99.139208566526733, 20.744654087582692 ], [ -99.139254836186552, 20.744590669764555 ], [ -99.139286034027677, 20.74454006957977 ], [ -99.139302639701498, 20.744477224361265 ], [ -99.139289377660674, 20.744427399076489 ], [ -99.139276235786895, 20.744378025348979 ], [ -99.139264381011699, 20.74429260989616 ], [ -99.139265542628408, 20.744256337092736 ], [ -99.139266749841696, 20.744220304471121 ], [ -99.139283053536076, 20.744160538121005 ], [ -99.139299912118943, 20.744077822744789 ], [ -99.139330791232666, 20.743995936056287 ], [ -99.139374938830187, 20.743937656635207 ], [ -99.139446954761638, 20.743890653257861 ], [ -99.139532715835742, 20.743866267837603 ], [ -99.139604236514032, 20.743853511955749 ], [ -99.139675943464354, 20.74385198672525 ], [ -99.139748023563968, 20.743850244059161 ], [ -99.139849611919502, 20.743847787647322 ], [ -99.139937322277149, 20.743845666783514 ], [ -99.139995661689753, 20.74383296013454 ], [ -99.140068395024016, 20.743808462869445 ], [ -99.140096010417579, 20.743762196363331 ], [ -99.140122952861162, 20.743704976679005 ], [ -99.140314775851863, 20.743514731081898 ], [ -99.140120022038786, 20.743297305239096 ], [ -99.139999418656458, 20.743013423486655 ], [ -99.140032437633138, 20.742972262786257 ], [ -99.140135557226628, 20.742899450726021 ], [ -99.140187297916029, 20.7428648488645 ], [ -99.140251429229508, 20.742754449778658 ], [ -99.140299993247993, 20.74268272138989 ], [ -99.14036488218126, 20.742594615662565 ], [ -99.14039814527176, 20.74256092663763 ], [ -99.140445773959897, 20.742490499002791 ], [ -99.140511700812425, 20.742423783443368 ], [ -99.14055639021457, 20.742334586642983 ], [ -99.140619194620129, 20.742249310968564 ], [ -99.140664775770574, 20.742165556172576 ], [ -99.140728762673675, 20.742071520234781 ], [ -99.140796531000461, 20.742013775101224 ], [ -99.140826455681562, 20.741949654477651 ], [ -99.140854240470233, 20.741868387723823 ], [ -99.140846301605336, 20.741798967137676 ], [ -99.140838434571521, 20.741730172889341 ], [ -99.140884455177044, 20.741653516344083 ], [ -99.140950997103573, 20.741596884194905 ], [ -99.14103848411159, 20.741559889168212 ], [ -99.141088451468505, 20.741517356460459 ], [ -99.141119961123124, 20.741472799540617 ], [ -99.141183360331112, 20.741384621081977 ], [ -99.141227633207322, 20.7412943576524 ], [ -99.141254904304432, 20.741218367273586 ], [ -99.141263203967839, 20.741140588488449 ], [ -99.141219505116041, 20.741088606837771 ], [ -99.141172242410136, 20.741005835655358 ], [ -99.141111444439176, 20.740926284708234 ], [ -99.141036160934519, 20.740848675357089 ], [ -99.140981201416167, 20.740802053195871 ], [ -99.140927077049241, 20.74075620498807 ], [ -99.140840054777485, 20.740722924592735 ], [ -99.140770589336114, 20.740690825477863 ], [ -99.140685416535618, 20.740658743088371 ], [ -99.140634792639517, 20.740642477676722 ], [ -99.140549248586794, 20.740596095861463 ], [ -99.14046485722757, 20.740563764684357 ], [ -99.140414103842119, 20.74053348415897 ], [ -99.140330752114181, 20.740501591940077 ], [ -99.140215197732161, 20.740441886591253 ], [ -99.140149398596876, 20.740385438249309 ], [ -99.140083702476076, 20.740316006240178 ], [ -99.14005087361133, 20.74027481995596 ], [ -99.139970307329705, 20.740218797214006 ], [ -99.139905948124621, 20.740176327424269 ], [ -99.13982686345075, 20.740147187812809 ], [ -99.139763752570147, 20.740118576974538 ], [ -99.139700046276403, 20.740075656724464 ], [ -99.139651527052948, 20.740006894879574 ], [ -99.139619585588036, 20.739965878110791 ], [ -99.139557301630063, 20.739924153815 ], [ -99.139480459674601, 20.739882484318727 ], [ -99.139435249197717, 20.739881557883106 ], [ -99.139374798906289, 20.739854460972545 ], [ -99.139284817583317, 20.739826929538889 ], [ -99.139254924673992, 20.739813514020369 ], [ -99.139165688985372, 20.739773157325658 ], [ -99.139062510464527, 20.73974551221346 ], [ -99.138974814356942, 20.739705818798807 ], [ -99.138887678972466, 20.739666935706111 ], [ -99.138815585945139, 20.73962851451541 ], [ -99.1387439375805, 20.739590330019858 ], [ -99.138672923566645, 20.739540057069419 ], [ -99.138616430070698, 20.739502547272821 ], [ -99.138574202423555, 20.739477606569153 ], [ -99.138490567553248, 20.73943972344405 ], [ -99.138436953610068, 20.739401640395258 ], [ -99.138367622526289, 20.73940066503576 ], [ -99.138338247694364, 20.739424971064928 ], [ -99.138293765100784, 20.739509305234815 ], [ -99.138263752554892, 20.739593733381888 ], [ -99.138275977801484, 20.73965500238409 ], [ -99.138316089320668, 20.739717375760911 ], [ -99.138370917660694, 20.739756104680762 ], [ -99.138439035431858, 20.739845527839297 ], [ -99.138508540845891, 20.7399108103888 ], [ -99.138579143072789, 20.739963845938018 ], [ -99.138636501293746, 20.74000328478968 ], [ -99.13870884948112, 20.740030778643732 ], [ -99.138767050725363, 20.740045415148089 ], [ -99.138869635327538, 20.74006145386749 ], [ -99.138958213961615, 20.740064134257906 ], [ -99.139032380518699, 20.740066378546196 ], [ -99.139091946956455, 20.740081253135791 ], [ -99.139181732643976, 20.740084004023817 ], [ -99.139272078276562, 20.740099823607888 ], [ -99.139332934635704, 20.740128740753221 ], [ -99.139424439807044, 20.740157706491399 ], [ -99.13951671745383, 20.740212530563674 ], [ -99.139547600160441, 20.740226610529668 ], [ -99.13962545324236, 20.740307113139199 ], [ -99.13967256587074, 20.740373807106486 ], [ -99.139720576115792, 20.740442482728735 ], [ -99.13975300802494, 20.740497624337248 ], [ -99.139770162391898, 20.740578621703197 ], [ -99.139787180517388, 20.740646634850705 ], [ -99.139804275735756, 20.740714955901119 ], [ -99.139805428220157, 20.74078230006101 ], [ -99.139822400730978, 20.740850575283638 ], [ -99.13983892395423, 20.740891880439737 ], [ -99.139856448848633, 20.740961760994654 ], [ -99.139874593964123, 20.741046445618085 ], [ -99.139892856759005, 20.741131679099603 ], [ -99.139959844971742, 20.741194789036481 ], [ -99.140009830516334, 20.74124076812474 ], [ -99.14007693271742, 20.741302492174306 ], [ -99.140128138602734, 20.74135036630674 ], [ -99.140145576476641, 20.74136707786106 ], [ -99.140250582254765, 20.741453478252804 ], [ -99.140339836638873, 20.741525230452787 ], [ -99.140361685592737, 20.741590992624111 ], [ -99.140384889346095, 20.741673416177616 ], [ -99.140373100581769, 20.741751639298865 ], [ -99.140342889656537, 20.741812463733734 ], [ -99.14029468677515, 20.741870207200698 ], [ -99.140246392009971, 20.741928061091567 ], [ -99.140179042189544, 20.741965413965723 ], [ -99.140110170962643, 20.741970200673336 ], [ -99.140024695151311, 20.741972860246122 ], [ -99.139956923432337, 20.741978233717369 ], [ -99.139907326699813, 20.742002919433709 ], [ -99.139841609482261, 20.742041458135031 ], [ -99.139809105674914, 20.742068877456276 ], [ -99.139744662271028, 20.742140144511247 ], [ -99.139681211847744, 20.742218097538181 ], [ -99.139618195988717, 20.742288489841535 ], [ -99.139551547378673, 20.742295287049107 ], [ -99.139487743571536, 20.742366235889023 ], [ -99.139405100995162, 20.742390700326759 ], [ -99.139339303717406, 20.742418890234276 ], [ -99.139257188522222, 20.742465020306419 ], [ -99.139208362561362, 20.742544019817981 ], [ -99.139142072908811, 20.742599219126703 ], [ -99.139075283531668, 20.742654834510599 ], [ -99.138974312519537, 20.742727641559963 ], [ -99.138874109666887, 20.742732406594975 ], [ -99.138772822815952, 20.742782749747317 ], [ -99.138688576937795, 20.74281335944481 ], [ -99.138624038352631, 20.742778564854792 ], [ -99.138556371387111, 20.742812143454088 ], [ -99.138490157743348, 20.742821658853007 ], [ -99.13845486673803, 20.742860556221068 ], [ -99.138369778590956, 20.742909364295929 ], [ -99.138283140541503, 20.742978470678615 ], [ -99.138233115624743, 20.742990236458695 ], [ -99.138165368031196, 20.743020136418476 ], [ -99.138095724854978, 20.743071539476738 ], [ -99.138007729686038, 20.743141544098275 ], [ -99.137971540348644, 20.743178398090649 ], [ -99.137880418100707, 20.743271193317806 ], [ -99.13784164376527, 20.743329928153596 ], [ -99.137827578395346, 20.74346485729297 ], [ -99.137804956322967, 20.743526751086186 ], [ -99.137758703068585, 20.743668304953971 ] ] } },
{ "type": "Feature", "properties": { "ID_OBRA": "629_Nicolás Flores", "No.": 629.0, "Municipio": "Nicolás Flores", "Rubro": "Infraestructura Carretera", "Ejercicio": 2025.0, "Obra": "Reconstrucción de la C.E. Acceso a Nicolás Flores, segunda etapa, en la localidad Santa Cruz, en el municipio de Nicolás Flores", "Localidad": "Santa Cruz", "Inversión": 20000000.0, "Habitantes.beneficiados": null, "Ejecutora": "SIPDUS", "Trabajos": null, "Geometria_tipo": "Línea", "extract": 0.12747044051572445 }, "geometry": { "type": "LineString", "coordinates": [ [ -99.147715960149583, 20.754948975159767 ], [ -99.14780499806983, 20.755099202870309 ], [ -99.147875141281233, 20.75514871393046 ], [ -99.147911036023373, 20.755215677189174 ], [ -99.14796434597784, 20.755282447929979 ], [ -99.148000243521324, 20.755349414646997 ], [ -99.148053346906991, 20.755399425992174 ], [ -99.148124464000048, 20.755482996497353 ], [ -99.148213212145237, 20.75553305469143 ], [ -99.14826715576487, 20.755583368362831 ], [ -99.148321267242508, 20.755650439598334 ], [ -99.148357556437858, 20.755717460744389 ], [ -99.148393224004721, 20.755734197536498 ], [ -99.148464983451021, 20.75583464613257 ], [ -99.148500967884175, 20.75590156914415 ], [ -99.148536664371747, 20.755968549410717 ], [ -99.148607836325453, 20.756018970980929 ], [ -99.148679105155793, 20.756052712354524 ], [ -99.14875055177157, 20.756086455252575 ], [ -99.148786395567001, 20.756136818681401 ], [ -99.148858011290159, 20.756170575634695 ], [ -99.148911849076782, 20.756204168255735 ], [ -99.149001586298894, 20.756237796754931 ], [ -99.149055437026433, 20.756254626764168 ], [ -99.149145206807134, 20.756271514571967 ], [ -99.1492529573203, 20.756271517437757 ], [ -99.149324759431508, 20.756271407616133 ], [ -99.149414537461837, 20.756271417760313 ], [ -99.149486387874347, 20.756305049245416 ], [ -99.149558318114671, 20.75630519666958 ], [ -99.149630080206279, 20.756305094210401 ], [ -99.149701816098997, 20.756304991834625 ], [ -99.14982721804877, 20.756321533744117 ], [ -99.149934607486827, 20.756338088450271 ], [ -99.150006307472012, 20.756321269875595 ], [ -99.150113682244807, 20.756321111593795 ], [ -99.150220997671781, 20.756320953524817 ], [ -99.150292631883744, 20.756304146792761 ], [ -99.150399824722442, 20.756303976851651 ], [ -99.150471242044077, 20.756303859900378 ], [ -99.150560471687328, 20.756303714014145 ], [ -99.150667790451493, 20.756303651713321 ], [ -99.150757286431457, 20.756320376395475 ], [ -99.15082882097272, 20.75633708502766 ], [ -99.150900346124416, 20.756353791082155 ], [ -99.150991419714913, 20.756371057440603 ], [ -99.151064821383315, 20.756388391195632 ], [ -99.151137757470565, 20.756422342646278 ], [ -99.151210067034242, 20.7564560880291 ], [ -99.151263020263386, 20.75652290895216 ], [ -99.151316461378983, 20.756573101327991 ], [ -99.151369981943418, 20.756640091292191 ], [ -99.151424399769724, 20.756690668243575 ], [ -99.151495865054329, 20.756774432434579 ], [ -99.151547976323116, 20.756840757851865 ], [ -99.151565505763216, 20.756857338924092 ], [ -99.151654796734448, 20.756940989445983 ], [ -99.151690124133836, 20.757007773588128 ], [ -99.151726021690649, 20.757058075081765 ], [ -99.151780166911266, 20.757125308279939 ], [ -99.151835190121218, 20.757159489686906 ], [ -99.151908403557798, 20.757210584302559 ], [ -99.152000569279892, 20.757262226235216 ], [ -99.152055236595388, 20.757313031380662 ], [ -99.152110215149307, 20.757364018615327 ], [ -99.15216523425515, 20.757415043713031 ], [ -99.152220961850716, 20.757483301143751 ], [ -99.152277920299255, 20.757552314980394 ], [ -99.152354917675055, 20.757605721583257 ], [ -99.152392550417915, 20.757674103992159 ], [ -99.152410995700279, 20.757724959749229 ], [ -99.152409072858092, 20.757808098375651 ], [ -99.152426947441924, 20.757892303973087 ], [ -99.152465166337009, 20.757961194429619 ], [ -99.152483061082037, 20.758062323068458 ], [ -99.152501884111274, 20.758113490511125 ], [ -99.15251978039808, 20.75821463112883 ], [ -99.152537988766227, 20.758299125994359 ], [ -99.152536421645621, 20.758382277363467 ], [ -99.152534543396627, 20.758481956637031 ], [ -99.152532666824271, 20.758581524645933 ], [ -99.15255116178372, 20.758649326996917 ], [ -99.152569261353861, 20.75871679867581 ], [ -99.152587219575423, 20.758784147010459 ], [ -99.152605176815001, 20.758851492985361 ], [ -99.152623133540132, 20.758918835990961 ], [ -99.152640174118446, 20.75901901395719 ], [ -99.152677925768501, 20.759088032947098 ], [ -99.152676074958038, 20.759153650640872 ], [ -99.152653529689843, 20.759250167018649 ], [ -99.152651236569341, 20.759331921610663 ], [ -99.15266937822733, 20.759382525411716 ], [ -99.15270616473579, 20.759467455958152 ], [ -99.152723798281741, 20.759534347372508 ], [ -99.152722267084769, 20.759583138828372 ], [ -99.152720658462385, 20.759631802873994 ], [ -99.152696989321427, 20.759742944949121 ], [ -99.152713525137003, 20.759825195650375 ], [ -99.152711153788928, 20.759889486902338 ], [ -99.152689326679308, 20.759951838921413 ], [ -99.152686975696326, 20.76001593147754 ], [ -99.152722468183526, 20.760082487425581 ], [ -99.152757368159286, 20.760148312378323 ], [ -99.152811239939567, 20.760232189472816 ], [ -99.152848832280171, 20.760318061642206 ], [ -99.152887555676458, 20.76037190515704 ], [ -99.152945477804053, 20.76046086414172 ], [ -99.153024994137695, 20.760520818998398 ], [ -99.153084988436945, 20.760561918244438 ], [ -99.15312528465418, 20.760584014558638 ], [ -99.153224304513017, 20.760695997774569 ], [ -99.153263283015505, 20.760733257152712 ], [ -99.153333079969855, 20.760797835696177 ], [ -99.153405627126219, 20.760848879345804 ], [ -99.153481069712342, 20.760886487530453 ], [ -99.153560079314815, 20.760928227310405 ], [ -99.153638090903669, 20.760985584394472 ], [ -99.153735229997508, 20.761060967145486 ], [ -99.153816333402901, 20.761104726361101 ], [ -99.15389773504377, 20.761148646871678 ], [ -99.153935812781398, 20.761184589079978 ], [ -99.153990210300407, 20.76125243149426 ], [ -99.154063668638244, 20.761338269371215 ], [ -99.15412374919714, 20.761378503646029 ], [ -99.154175326468717, 20.761460185884278 ], [ -99.154208276490493, 20.761524340705623 ], [ -99.154264105769158, 20.761593822601451 ], [ -99.154345071941421, 20.76165415868444 ], [ -99.154361744572654, 20.761686475187911 ], [ -99.154478515352196, 20.761780071649284 ], [ -99.154535620328588, 20.761833923033265 ], [ -99.154593192091482, 20.761964586303669 ], [ -99.154666812034421, 20.76206677233592 ], [ -99.154721731403399, 20.76215206793708 ], [ -99.154779647314143, 20.762185527224375 ], [ -99.154816725144926, 20.762236713647713 ], [ -99.154870309103984, 20.762339474112039 ], [ -99.154926539462764, 20.762390586355117 ], [ -99.154961683829967, 20.762459090268063 ], [ -99.154996784226554, 20.762527507244538 ], [ -99.154990763901154, 20.762612940131568 ], [ -99.15500462988264, 20.762697974464519 ], [ -99.155019654847223, 20.762765790274315 ], [ -99.155017459556944, 20.762833506443904 ], [ -99.154976864929523, 20.762900837876394 ], [ -99.15495614238155, 20.762968161126079 ], [ -99.154955178595515, 20.76303562432766 ], [ -99.154953975109805, 20.763119871741733 ], [ -99.15497170940246, 20.763187361111036 ], [ -99.154967571332534, 20.76325378179904 ], [ -99.154944296873992, 20.763319605878145 ], [ -99.154882011589606, 20.763400763021966 ], [ -99.154877869326654, 20.763482916755287 ], [ -99.154898625056802, 20.7635510164259 ], [ -99.154938552813618, 20.763619818931737 ], [ -99.154978628020714, 20.763688875452701 ], [ -99.154999620051967, 20.763757587315705 ], [ -99.155002321546306, 20.763860011059752 ], [ -99.155022941791771, 20.76391199624328 ], [ -99.154986666206241, 20.763996222670144 ], [ -99.15498846012369, 20.764064816718157 ], [ -99.154990123390348, 20.764133430772496 ], [ -99.154955870677824, 20.764202314122659 ], [ -99.154905718382807, 20.764289933506234 ], [ -99.154853644512002, 20.764359514329136 ], [ -99.15482038976954, 20.764429901705469 ], [ -99.154767944725734, 20.764499666671998 ], [ -99.154695171747221, 20.764550599411525 ], [ -99.15462240352737, 20.764601528704485 ], [ -99.154549599626989, 20.764652410626908 ], [ -99.15451482677301, 20.764705205583759 ], [ -99.154441912702552, 20.764756053740218 ], [ -99.154350847276589, 20.764823934118134 ], [ -99.154297610024443, 20.764876829411865 ], [ -99.154225536717234, 20.764929015611163 ], [ -99.154171097088209, 20.76496339150556 ], [ -99.154137008077328, 20.765018389141837 ], [ -99.154065958866369, 20.765090115927663 ], [ -99.154011324062338, 20.765124622807743 ], [ -99.15395783927778, 20.76517859535554 ], [ -99.15388524862, 20.765231186869965 ], [ -99.153812586681838, 20.76528382983782 ], [ -99.15375878000853, 20.765338083194937 ], [ -99.153685942412935, 20.765390860836092 ], [ -99.153631916420807, 20.765445313228437 ], [ -99.15359750386655, 20.765521438108188 ], [ -99.153562913050763, 20.765597958004967 ], [ -99.153547161737606, 20.765676746574975 ], [ -99.153531371252527, 20.765756279326322 ], [ -99.153477243418081, 20.765832360098546 ], [ -99.153422184309179, 20.76588810864493 ], [ -99.153347318771949, 20.765921249263297 ], [ -99.153290932045479, 20.765935754908725 ], [ -99.153216255989165, 20.765968936218009 ], [ -99.153141255441639, 20.765981661157571 ], [ -99.153066804956737, 20.766014884294936 ], [ -99.15301115567847, 20.766050071498587 ], [ -99.152955546887426, 20.766086036683312 ], [ -99.152863229939058, 20.766202564351747 ], [ -99.152807407694567, 20.766257994847354 ], [ -99.152751475184331, 20.76631248834471 ], [ -99.152695471549919, 20.766386815708291 ], [ -99.15262081126572, 20.766400302806819 ], [ -99.152546115152703, 20.766453323166736 ], [ -99.152471536365425, 20.76648653287176 ], [ -99.152415556779275, 20.76652133643961 ], [ -99.152322107825341, 20.766592591749845 ], [ -99.152247635258817, 20.766625736301886 ], [ -99.152155142313447, 20.766637281340714 ], [ -99.152044992824329, 20.766627286725647 ], [ -99.151970895683746, 20.766643303917153 ], [ -99.151878899019223, 20.766638910442161 ], [ -99.151806208239819, 20.766614683732062 ], [ -99.151733767687631, 20.766590540800244 ], [ -99.151643342220154, 20.76656562317163 ], [ -99.151570566384052, 20.766561927206784 ], [ -99.151497992549892, 20.766558027589031 ], [ -99.1514255619294, 20.766554135593164 ], [ -99.151390504233547, 20.766531713386769 ], [ -99.151281084828852, 20.766546501299388 ], [ -99.151224363830195, 20.766585157014482 ] ] } },
{ "type": "Feature", "properties": { "ID_OBRA": "635_Nopala de Villagrán", "No.": 635.0, "Municipio": "Nopala de Villagrán", "Rubro": "Infraestructura Carretera", "Ejercicio": 2025.0, "Obra": "Reconstrucción de pavimentación asfáltica de la C.E. Saucillo - Nopala (tercera etapa), en el municipio de Nopala de Villagrán", "Localidad": "San Sebastián Tenochtitlán", "Inversión": 33000000.0, "Habitantes.beneficiados": 9051.0, "Ejecutora": "DGCCE", "Trabajos": "Se realizaran los trabajos de preliminares, terracerías, construcción de base hidráulica, riego de impregnación, carpeta asfáltica, señalamiento horizontal y obras complementarias.", "Geometria_tipo": "Línea", "extract": -0.40326807218380512 }, "geometry": { "type": "LineString", "coordinates": [ [ -99.689813500913559, 20.280853613724194 ], [ -99.68954796975072, 20.280627400983807 ], [ -99.689451770173591, 20.28060467668433 ], [ -99.689333031026678, 20.280605543059821 ], [ -99.689259787671801, 20.280582016610975 ], [ -99.689113385303415, 20.28053498621561 ], [ -99.689015955909696, 20.280511224320218 ], [ -99.688918577563271, 20.280487475200939 ], [ -99.688799552092007, 20.280443142268112 ], [ -99.688680880035719, 20.28044404257346 ], [ -99.688608721654035, 20.280421322474457 ], [ -99.688536571698734, 20.280398605226772 ], [ -99.688392295678739, 20.280353177847697 ], [ -99.688320298275386, 20.280308124265016 ], [ -99.688224097749512, 20.280285296703866 ], [ -99.688103961486036, 20.280240010890896 ], [ -99.687983725082844, 20.280217073669853 ], [ -99.68788757834416, 20.280194259939091 ], [ -99.687791511584692, 20.28014906320276 ], [ -99.687719109245521, 20.280148494168621 ], [ -99.687598565181034, 20.280102749286705 ], [ -99.687550369143167, 20.280079977497742 ], [ -99.687405742203794, 20.280056465136941 ], [ -99.687309337393231, 20.280055722477268 ], [ -99.687188877537366, 20.280054794609995 ], [ -99.687068508201577, 20.280031490209502 ], [ -99.68692412184491, 20.280008011841922 ], [ -99.686827915515096, 20.279984908891404 ], [ -99.68670772625984, 20.279939266301771 ], [ -99.686635594710808, 20.279938726162186 ], [ -99.686539513001179, 20.27989328480648 ], [ -99.686419404383358, 20.279870037505543 ], [ -99.686299344463819, 20.279846799498365 ], [ -99.686203337148882, 20.279823746306221 ], [ -99.686131358960949, 20.279800874255905 ], [ -99.686011414672834, 20.279777661545033 ], [ -99.685915473007896, 20.279776968659117 ], [ -99.685819563938139, 20.279776275982471 ], [ -99.685699795646116, 20.279708418702647 ], [ -99.685580048327608, 20.279662913345277 ], [ -99.685483509457669, 20.279638694769481 ], [ -99.685362805782731, 20.279613774832232 ], [ -99.685290017839009, 20.279566823377383 ], [ -99.685169116343843, 20.279496524307365 ], [ -99.685073150798445, 20.279472695841548 ], [ -99.684929444475813, 20.279448325555474 ], [ -99.684833664583763, 20.279424538673535 ], [ -99.684737960706556, 20.279400770768561 ], [ -99.684642501929147, 20.279399663535816 ], [ -99.684546940398604, 20.279375922039598 ], [ -99.684427853044127, 20.27937474285169 ], [ -99.684309172086145, 20.279374501914809 ], [ -99.68421436332531, 20.279396932626756 ], [ -99.684142927089596, 20.279351545917347 ], [ -99.684024085170208, 20.279306086777567 ], [ -99.683929114711788, 20.27928329553632 ], [ -99.683810463957329, 20.279260464245642 ], [ -99.683715482203922, 20.27921510201017 ], [ -99.683596917700228, 20.279192292378688 ], [ -99.683502030825835, 20.279146965965843 ], [ -99.683430828580413, 20.279079152776745 ], [ -99.683383346944481, 20.279011429454265 ], [ -99.68328857011943, 20.278943665255902 ], [ -99.683217538156327, 20.278898502054755 ], [ -99.683075596547852, 20.278853236478827 ], [ -99.682957373271606, 20.27880803692085 ], [ -99.682862833660394, 20.278785385466751 ], [ -99.682768322333189, 20.278762740988899 ], [ -99.682650282207035, 20.278695123308136 ], [ -99.682555895422098, 20.278650046877011 ], [ -99.68246165926216, 20.278560111815306 ], [ -99.682414629832181, 20.278492750418579 ], [ -99.682344111475956, 20.278402991820382 ], [ -99.682250086516831, 20.278313278149334 ], [ -99.682132590828914, 20.278223612348985 ], [ -99.682038654862595, 20.278156410276452 ], [ -99.681944681476381, 20.278111592990463 ], [ -99.681827335045313, 20.278044451856051 ], [ -99.681756859701309, 20.278022063575872 ], [ -99.681663053886595, 20.27793311052481 ], [ -99.681592745383412, 20.277866407844797 ], [ -99.681499047660324, 20.27777751560382 ], [ -99.681428809982435, 20.27771087934881 ], [ -99.681358726173897, 20.27760000895708 ], [ -99.681335332097376, 20.277577817877081 ], [ -99.681265431358881, 20.277422796845254 ], [ -99.681242186321668, 20.277356409723179 ], [ -99.681148858461071, 20.277223593781777 ], [ -99.681078798401572, 20.277157173279825 ], [ -99.680985507935375, 20.277046580375 ], [ -99.680915520713214, 20.276980233798856 ], [ -99.680869120594792, 20.276869835683801 ], [ -99.680822662729881, 20.276781544049449 ], [ -99.680799690572471, 20.276671282553622 ], [ -99.680776729206983, 20.276561071477861 ], [ -99.680729837670526, 20.276451088982078 ], [ -99.680706383053717, 20.276363106707485 ], [ -99.680706457670496, 20.276231112005014 ], [ -99.680706788329417, 20.276099072968954 ], [ -99.680706953657847, 20.276033068426479 ], [ -99.680707339058017, 20.275879095241471 ], [ -99.680731045064832, 20.275747163676371 ], [ -99.680731263196677, 20.275659226551745 ], [ -99.680754936356578, 20.275571306872667 ], [ -99.680755315887637, 20.275483416530431 ], [ -99.680778814590099, 20.275439471387926 ], [ -99.680779471265993, 20.275285755582061 ], [ -99.680803017948676, 20.275197909604373 ], [ -99.680803122137533, 20.275153999765188 ], [ -99.680803624643701, 20.2750003883306 ], [ -99.680827399114406, 20.274912669197722 ], [ -99.680851475708423, 20.274759249337272 ], [ -99.680875411178093, 20.274627809788281 ], [ -99.680852326393463, 20.274562136384407 ], [ -99.680852867335361, 20.274408865812134 ], [ -99.680853486175522, 20.274233797059715 ], [ -99.68085387197543, 20.274124431484605 ], [ -99.680854258143796, 20.274015105412627 ], [ -99.680854489576603, 20.27394952923019 ], [ -99.680854952976645, 20.273818420418266 ], [ -99.680855415328722, 20.273687368988831 ], [ -99.680855646374766, 20.273621865094011 ], [ -99.680879457414335, 20.273468999164439 ], [ -99.680903182180487, 20.273338013425512 ], [ -99.680950311029335, 20.273163380770988 ], [ -99.680950458130653, 20.273119780712037 ], [ -99.681020681632234, 20.272988729558996 ], [ -99.681067695913327, 20.272836026518988 ], [ -99.68106790373642, 20.272770688804069 ], [ -99.681114886211319, 20.272596180987168 ], [ -99.68111501821069, 20.272530774400956 ], [ -99.68109201850794, 20.272465682301469 ], [ -99.681092417466871, 20.272357024360229 ], [ -99.681092413227688, 20.272313286831281 ], [ -99.681138855868653, 20.272159886748707 ], [ -99.681162163463696, 20.272050532087434 ], [ -99.681208819289338, 20.271919382448431 ], [ -99.681232194272454, 20.271810181664925 ], [ -99.68123234042649, 20.271679315815248 ], [ -99.68123243695571, 20.271592083651004 ], [ -99.681232477130962, 20.271504729388869 ], [ -99.681232514420671, 20.271417372302651 ], [ -99.681255776743498, 20.271307952028405 ], [ -99.681255830818699, 20.271176923053297 ], [ -99.681255876156541, 20.271067739632276 ], [ -99.681232697386591, 20.270980642423964 ], [ -99.681232752144751, 20.270849643369534 ], [ -99.681232798420851, 20.270740485431954 ], [ -99.681255963389475, 20.270652661183625 ], [ -99.681255902011188, 20.270543191279561 ], [ -99.681232717479418, 20.27043425890815 ], [ -99.681209511030318, 20.270281556700887 ], [ -99.681163210361703, 20.27015134077655 ], [ -99.68114006600301, 20.270086249205569 ], [ -99.68109380191521, 20.269977984021516 ], [ -99.681047568271737, 20.269891641563646 ], [ -99.681024416330047, 20.269782837865108 ], [ -99.680954818740048, 20.269630733359307 ], [ -99.680908410769419, 20.269543852103769 ], [ -99.680885194767072, 20.269478537178458 ], [ -99.680792438754978, 20.269348582216043 ], [ -99.680769263074126, 20.269327037375596 ], [ -99.680699683131735, 20.269174924524087 ], [ -99.680607221002845, 20.269045701528935 ], [ -99.680515005880252, 20.268917082219986 ], [ -99.680468921734331, 20.268852806226729 ], [ -99.680422909339256, 20.268701470474699 ], [ -99.680376858615418, 20.268637255900874 ], [ -99.680330867228008, 20.268507779063285 ], [ -99.68023883255232, 20.268401238409517 ], [ -99.680169867139625, 20.268294197329059 ], [ -99.680100953415888, 20.268165471710201 ], [ -99.680032061342601, 20.268058550540914 ], [ -99.679986164570892, 20.267972812761801 ], [ -99.67989435204106, 20.267888315189161 ], [ -99.679802548387968, 20.267869016076123 ], [ -99.679641894050334, 20.267733660703751 ], [ -99.679430231538532, 20.267582709286057 ], [ -99.679195448696532, 20.267432133811194 ], [ -99.679078323567467, 20.267324324922427 ], [ -99.678985136713621, 20.26730298166315 ], [ -99.678915200430779, 20.26725989674992 ], [ -99.678821999131131, 20.267195234737763 ], [ -99.669825634520919, 20.262125337097569 ] ] } },
{ "type": "Feature", "properties": { "ID_OBRA": "638_Nopala de Villagrán", "No.": 638.0, "Municipio": "Nopala de Villagrán", "Rubro": "Infraestructura Carretera", "Ejercicio": 2023.0, "Obra": "Reconstrucción de la C.E. Maravillas - Límites del Estado de Hidalgo (El Tepeyac)", "Localidad": "Maravillas", "Inversión": 14509694.99, "Habitantes.beneficiados": 1098.0, "Ejecutora": "DGCCE", "Trabajos": "Considera trabajos para la reconstrucción y/o conservación de Infraestructura Carretera en la localidad de Maravillas municipio de Nopala de Villagrán", "Geometria_tipo": "Línea", "extract": -0.94144394322174896 }, "geometry": { "type": "LineString", "coordinates": [ [ -99.588642846822921, 20.206492262474484 ], [ -99.589062553541012, 20.203362412876348 ], [ -99.588328897335117, 20.202650272078913 ], [ -99.587553683135198, 20.202018599393959 ], [ -99.586846141245715, 20.201280620494579 ], [ -99.586199418519328, 20.200604510922439 ], [ -99.585735675350875, 20.200039614735548 ], [ -99.585055170253042, 20.199307930002249 ], [ -99.584608298416654, 20.198343333336197 ], [ -99.584195591361009, 20.197463595363185 ], [ -99.583724446394001, 20.195997996105191 ], [ -99.583502513113558, 20.195105557950459 ], [ -99.58384031059272, 20.194263555570618 ], [ -99.584177340527376, 20.192969725319045 ], [ -99.584797912015347, 20.190856337839868 ], [ -99.593202084375847, 20.16902427841805 ], [ -99.585430288906593, 20.189041780191172 ] ] } },
{ "type": "Feature", "properties": { "ID_OBRA": "640_Nopala de Villagrán", "No.": 640.0, "Municipio": "Nopala de Villagrán", "Rubro": "Infraestructura Carretera", "Ejercicio": 2024.0, "Obra": "Reconstrucción de pavimentación asfáltica de la C.E. Saucillo - Nopala (Segunda etapa), en el municipio de Nopala de Villagran", "Localidad": "San Sebastián Tenochtitlán", "Inversión": 19359738.96, "Habitantes.beneficiados": 9051.0, "Ejecutora": "DGIVC", "Trabajos": "Considera los trabajos de la operación de escarificación, disgregado, construcción de base hidráulica, suministro y aplicación de riego de liga con emulsión asfáltica.", "Geometria_tipo": "Línea", "extract": -0.34060239852057289 }, "geometry": { "type": "LineString", "coordinates": [ [ -99.701107536248429, 20.293703621228506 ], [ -99.695907994213684, 20.286640011490935 ], [ -99.693878051620402, 20.283938521081904 ], [ -99.692937000035769, 20.282614763677806 ], [ -99.692277830328806, 20.282117655846367 ], [ -99.69122020653198, 20.28156743311817 ], [ -99.69000903338376, 20.280970136949581 ], [ -99.689021189232989, 20.280458823235922 ], [ -99.687849510323645, 20.280161714630061 ] ] } },
{ "type": "Feature", "properties": { "ID_OBRA": "72_Apan", "No.": 72.0, "Municipio": "Apan", "Rubro": "Infraestructura Carretera", "Ejercicio": 2023.0, "Obra": "Reconstrucción de la C.E. Apan - La Unión (Limites con el Estado de Tlaxcala).", "Localidad": "Apan", "Inversión": 35631549.8, "Habitantes.beneficiados": null, "Ejecutora": "DGIVC", "Trabajos": "Considera trabajos para la reconstrucción y/o conservación de Infraestructura Carretera en la localidad de Apan municipio de Apan", "Geometria_tipo": "Línea", "extract": -0.40367944375065618 }, "geometry": { "type": "LineString", "coordinates": [ [ -98.342613186938294, 19.659740000699497 ], [ -98.345826832247297, 19.660947807112596 ], [ -98.348121778505018, 19.661782409600299 ], [ -98.348687408901299, 19.661918116911199 ], [ -98.350488779590194, 19.662074180176898 ], [ -98.355078672105606, 19.662467730346293 ], [ -98.356390069967119, 19.6626712903997 ], [ -98.357038563415088, 19.662888420838598 ] ] } },
{ "type": "Feature", "properties": { "ID_OBRA": "73_Apan", "No.": 73.0, "Municipio": "Apan", "Rubro": "Infraestructura Carretera", "Ejercicio": 2023.0, "Obra": "Reconstrucción de la carretera estatal Apan - La Unión", "Localidad": "Apan", "Inversión": 8878583.87, "Habitantes.beneficiados": null, "Ejecutora": "DGIVC", "Trabajos": "Considera trabajos para la reconstrucción y/o conservación de Infraestructura Carretera en la localidad de Apan municipio de Apan", "Geometria_tipo": "Línea", "extract": 0.088672191797820432 }, "geometry": { "type": "LineString", "coordinates": [ [ -98.374409647943196, 19.668874611871694 ], [ -98.376680776787097, 19.669850370666005 ], [ -98.378624838623793, 19.670636154403798 ], [ -98.379236178823987, 19.670900959777196 ], [ -98.379572415934106, 19.671096685206795 ], [ -98.382494622091102, 19.672771854841603 ], [ -98.388155632345203, 19.676053064210301 ], [ -98.395076003411603, 19.680036477211399 ], [ -98.403830395078799, 19.683190901625199 ], [ -98.412804869217993, 19.685953850073595 ], [ -98.418331384628004, 19.687772765115394 ], [ -98.423075384581708, 19.689188741636499 ] ] } },
{ "type": "Feature", "properties": { "ID_OBRA": "74_Apan", "No.": 74.0, "Municipio": "Apan", "Rubro": "Vialidades Urbanas", "Ejercicio": 2022.0, "Obra": "Rehabilitación de la calle Jaime Nunó oriente del km 0+000 al km 0+766, en el municipio de Apan", "Localidad": "Apan", "Inversión": 9532481.6, "Habitantes.beneficiados": 28792.0, "Ejecutora": "DGIVC", "Trabajos": "Considera los trabajos de preliminares, piso para pavimento de concreto hidráulico.", "Geometria_tipo": "Línea", "extract": 0.46538968107744405 }, "geometry": { "type": "LineString", "coordinates": [ [ -98.45013761685901, 19.707763492389603 ], [ -98.4484434819352, 19.706551308022799 ], [ -98.447125904113804, 19.704626685793698 ], [ -98.446102029371403, 19.703813660277799 ], [ -98.445367757116202, 19.703327281900201 ] ] } },
{ "type": "Feature", "properties": { "ID_OBRA": "744_Pachuca de Soto", "No.": 744.0, "Municipio": "Pachuca de Soto", "Rubro": "Infraestructura Carretera", "Ejercicio": 2023.0, "Obra": "Reconstrucción asfáltica y rehabilitación del Río de las Avenidas en el municipio de Pachuca de Soto", "Localidad": "Pachuca de Soto", "Inversión": 43321171.73, "Habitantes.beneficiados": null, "Ejecutora": "DGCCE", "Trabajos": "Considera trabajos para la reconstrucción y/o conservación de Infraestructura Carretera en la localidad de Pachuca de Soto municipio de Pachuca de Soto", "Geometria_tipo": "Línea", "extract": 0.46367505499454931 }, "geometry": { "type": "LineString", "coordinates": [ [ -98.748677642770545, 20.102611179107047 ], [ -98.748669581061662, 20.102220719605537 ], [ -98.748672390735521, 20.101562472944437 ], [ -98.748659708612109, 20.101119370904787 ], [ -98.748645100984064, 20.100540793320693 ], [ -98.748634513282781, 20.100004567458029 ], [ -98.74863422692242, 20.099540276090117 ], [ -98.748625024544921, 20.098643135312429 ], [ -98.748624767000848, 20.098395135760445 ], [ -98.748624439285962, 20.098079617021099 ], [ -98.748618451366411, 20.096000780895597 ], [ -98.748620311141934, 20.095557637840642 ], [ -98.748639389528122, 20.094683512298509 ], [ -98.748716441444017, 20.093587444467076 ], [ -98.748834461839508, 20.092695622307232 ], [ -98.748857378682601, 20.092538197943295 ], [ -98.748927280733128, 20.092058026719442 ], [ -98.748983206036073, 20.091909639707708 ], [ -98.749080023108704, 20.091467819722286 ], [ -98.749362702792212, 20.090285703762284 ], [ -98.749414409374836, 20.090031097019434 ], [ -98.74942992594444, 20.089954691684177 ], [ -98.749459092614856, 20.089811073931859 ], [ -98.749466778091062, 20.089773230811982 ], [ -98.749490859287135, 20.089654656904511 ], [ -98.7494979778849, 20.089619603458779 ], [ -98.749523222653778, 20.089495295709252 ], [ -98.749526646010921, 20.089478440206783 ], [ -98.749558132006072, 20.089323404447605 ], [ -98.749829389873398, 20.08799804395543 ], [ -98.749933565091069, 20.087511661892588 ], [ -98.749999999958035, 20.086939795823398 ], [ -98.750096472205882, 20.08643895869324 ], [ -98.750413263936906, 20.084855231655403 ], [ -98.750860334814419, 20.082697266446701 ], [ -98.750920316200549, 20.082411359065759 ], [ -98.750954147746739, 20.082288228812729 ] ] } },
{ "type": "Feature", "properties": { "ID_OBRA": "744_Pachuca de Soto", "No.": 744.0, "Municipio": "Pachuca de Soto", "Rubro": "Infraestructura Carretera", "Ejercicio": 2023.0, "Obra": "Reconstrucción asfáltica y rehabilitación del Río de las Avenidas en el municipio de Pachuca de Soto", "Localidad": "Pachuca de Soto", "Inversión": 43321171.73, "Habitantes.beneficiados": null, "Ejecutora": "DGCCE", "Trabajos": "Considera trabajos para la reconstrucción y/o conservación de Infraestructura Carretera en la localidad de Pachuca de Soto municipio de Pachuca de Soto", "Geometria_tipo": "Línea", "extract": 0.61292751312202354 }, "geometry": { "type": "LineString", "coordinates": [ [ -98.74830839940833, 20.107978395408281 ], [ -98.748275444344941, 20.107403090400059 ], [ -98.7482905230802, 20.106269505843741 ], [ -98.748292370799987, 20.105979580995747 ], [ -98.748295458391695, 20.105793699804135 ], [ -98.748295445887564, 20.105637563292387 ], [ -98.748332423946593, 20.105439226611235 ], [ -98.748358121787604, 20.105375457342394 ], [ -98.748458756417492, 20.105175679711195 ], [ -98.748486613085092, 20.105120378904921 ], [ -98.748540865039544, 20.105002358023995 ], [ -98.7485932131097, 20.104870059429508 ], [ -98.748614151766191, 20.104799627039853 ], [ -98.748658634762037, 20.104519755448202 ], [ -98.748647169285036, 20.104099455318597 ], [ -98.748642409915803, 20.103023938690594 ], [ -98.748677642770545, 20.102611179107047 ] ] } },
{ "type": "Feature", "properties": { "ID_OBRA": "744_Pachuca de Soto", "No.": 744.0, "Municipio": "Pachuca de Soto", "Rubro": "Infraestructura Carretera", "Ejercicio": 2023.0, "Obra": "Reconstrucción asfáltica y rehabilitación del Río de las Avenidas en el municipio de Pachuca de Soto", "Localidad": "Pachuca de Soto", "Inversión": 43321171.73, "Habitantes.beneficiados": null, "Ejecutora": "DGCCE", "Trabajos": "Considera trabajos para la reconstrucción y/o conservación de Infraestructura Carretera en la localidad de Pachuca de Soto municipio de Pachuca de Soto", "Geometria_tipo": "Línea", "extract": 0.61292751312202354 }, "geometry": { "type": "LineString", "coordinates": [ [ -98.74830839940833, 20.107978395408281 ], [ -98.748321941105274, 20.107835533929183 ], [ -98.748339787108293, 20.107660644153118 ], [ -98.748346924805972, 20.107400092847222 ], [ -98.74835406382995, 20.106689824140691 ], [ -98.748375479097106, 20.106161582858096 ], [ -98.748378049592148, 20.105891574606655 ], [ -98.748378659903025, 20.105827530092345 ], [ -98.748378849439177, 20.105807697023046 ], [ -98.748379048298986, 20.105786818442411 ], [ -98.748385620180528, 20.105677287197906 ], [ -98.748387282079563, 20.105649581809971 ], [ -98.748389755737335, 20.10560835895517 ], [ -98.748391294042321, 20.105562215288273 ], [ -98.748393324715735, 20.105501283164902 ], [ -98.748407602231467, 20.105422760857032 ], [ -98.748436155313783, 20.105358514905081 ], [ -98.748482555308328, 20.105251438721119 ], [ -98.748553938408506, 20.105101533421834 ], [ -98.748611044555659, 20.104994457997449 ], [ -98.748653876233945, 20.104890950619584 ], [ -98.748689567812789, 20.10479101423115 ], [ -98.748703844243153, 20.10471962983242 ], [ -98.748718120615479, 20.104644676912105 ], [ -98.74873239784165, 20.104562586047994 ], [ -98.748739535853147, 20.10447335610942 ], [ -98.748739536441164, 20.104366279733 ], [ -98.74873239763258, 20.104080744604016 ], [ -98.748721690450708, 20.103616750368175 ], [ -98.748713586224056, 20.102906365639871 ], [ -98.748677642770545, 20.102611179107047 ] ] } },
{ "type": "Feature", "properties": { "ID_OBRA": "744_Pachuca de Soto", "No.": 744.0, "Municipio": "Pachuca de Soto", "Rubro": "Infraestructura Carretera", "Ejercicio": 2023.0, "Obra": "Reconstrucción asfáltica y rehabilitación del Río de las Avenidas en el municipio de Pachuca de Soto", "Localidad": "Pachuca de Soto", "Inversión": 43321171.73, "Habitantes.beneficiados": null, "Ejecutora": "DGCCE", "Trabajos": "Considera trabajos para la reconstrucción y/o conservación de Infraestructura Carretera en la localidad de Pachuca de Soto municipio de Pachuca de Soto", "Geometria_tipo": "Línea", "extract": 0.46355919744595775 }, "geometry": { "type": "LineString", "coordinates": [ [ -98.751279539797522, 20.08232439704296 ], [ -98.7511968537423, 20.082462276659442 ], [ -98.751104931099491, 20.082877508015489 ], [ -98.75089396580708, 20.083988550174244 ], [ -98.750698799160475, 20.084912339241658 ], [ -98.750467516004889, 20.086106827791387 ], [ -98.750431443733632, 20.086328640905371 ], [ -98.750261420618202, 20.086986138206797 ], [ -98.750052028826275, 20.087995030194499 ], [ -98.750003149339136, 20.088237067770176 ], [ -98.749877926993392, 20.088825233715742 ], [ -98.749776011324442, 20.08932943167607 ], [ -98.749380069261889, 20.091173990330322 ], [ -98.749213272965946, 20.091903737796432 ], [ -98.749145930078342, 20.092308517423074 ], [ -98.749155212955486, 20.092615672240601 ], [ -98.749132935445203, 20.092761027463713 ], [ -98.749100309767144, 20.092973895229125 ], [ -98.749004874716192, 20.093596574144595 ], [ -98.748934506942064, 20.0945847618421 ], [ -98.748924787123244, 20.094721264609277 ], [ -98.748922707716559, 20.09479501686479 ], [ -98.748909696915021, 20.095256486445045 ], [ -98.748902082848488, 20.095964612884192 ], [ -98.748915407631344, 20.09773493184354 ], [ -98.748919214962555, 20.098639127982942 ], [ -98.748926141557277, 20.099614791979317 ], [ -98.748940244108425, 20.099954558077837 ], [ -98.748942057913666, 20.099998275725525 ], [ -98.748932337108528, 20.100531196047676 ], [ -98.748944919842074, 20.101118119577251 ], [ -98.748960825722051, 20.101471666162688 ], [ -98.748957706313192, 20.102199555941827 ], [ -98.748957188151934, 20.102361379349329 ], [ -98.748956982075825, 20.102988690444995 ], [ -98.748967184750711, 20.103192321170724 ] ] } },
{ "type": "Feature", "properties": { "ID_OBRA": "744_Pachuca de Soto", "No.": 744.0, "Municipio": "Pachuca de Soto", "Rubro": "Infraestructura Carretera", "Ejercicio": 2023.0, "Obra": "Reconstrucción asfáltica y rehabilitación del Río de las Avenidas en el municipio de Pachuca de Soto", "Localidad": "Pachuca de Soto", "Inversión": 43321171.73, "Habitantes.beneficiados": null, "Ejecutora": "DGCCE", "Trabajos": "Considera trabajos para la reconstrucción y/o conservación de Infraestructura Carretera en la localidad de Pachuca de Soto municipio de Pachuca de Soto", "Geometria_tipo": "Línea", "extract": 0.610075571073597 }, "geometry": { "type": "LineString", "coordinates": [ [ -98.748967184750711, 20.103192321170724 ], [ -98.749008639130167, 20.103444123023351 ], [ -98.749011495172965, 20.104040892266319 ], [ -98.749014087610263, 20.10448196194065 ], [ -98.749010035469524, 20.104660786097657 ], [ -98.748979861775211, 20.104821947369981 ], [ -98.748865601077298, 20.10511477117613 ], [ -98.748771193874191, 20.105397080262883 ], [ -98.748743476432153, 20.105479063425808 ], [ -98.748684750835181, 20.105688511243862 ], [ -98.748645595309796, 20.105852471804948 ], [ -98.748642724088768, 20.10608224185118 ], [ -98.748634924157415, 20.106208499745346 ], [ -98.748625866279795, 20.106839832747511 ], [ -98.748621060448926, 20.10784562130911 ], [ -98.748584921772832, 20.107973458137558 ] ] } },
{ "type": "Feature", "properties": { "ID_OBRA": "744_Pachuca de Soto", "No.": 744.0, "Municipio": "Pachuca de Soto", "Rubro": "Infraestructura Carretera", "Ejercicio": 2023.0, "Obra": "Reconstrucción asfáltica y rehabilitación del Río de las Avenidas en el municipio de Pachuca de Soto", "Localidad": "Pachuca de Soto", "Inversión": 43321171.73, "Habitantes.beneficiados": null, "Ejecutora": "DGCCE", "Trabajos": "Considera trabajos para la reconstrucción y/o conservación de Infraestructura Carretera en la localidad de Pachuca de Soto municipio de Pachuca de Soto", "Geometria_tipo": "Línea", "extract": 0.610075571073597 }, "geometry": { "type": "LineString", "coordinates": [ [ -98.748967184750711, 20.103192321170724 ], [ -98.748944169982408, 20.103427583046063 ], [ -98.748937032274583, 20.104155698280497 ], [ -98.748937031618254, 20.104598276971355 ], [ -98.748908478311677, 20.104762459637168 ], [ -98.748887063219968, 20.104862398316545 ], [ -98.748815678999335, 20.105040857335279 ], [ -98.748705034395655, 20.10528356243735 ], [ -98.748640788595608, 20.10543346802281 ], [ -98.748609289882069, 20.105562613667935 ], [ -98.748605097364546, 20.105579805083906 ], [ -98.748589066010226, 20.105675988581389 ], [ -98.748583692922537, 20.105708225916882 ], [ -98.748576542646646, 20.105751125612979 ], [ -98.748570354252848, 20.105839841802634 ], [ -98.748569251883154, 20.105855639671873 ], [ -98.748565836084055, 20.105904601863255 ], [ -98.748565836177164, 20.10591292991414 ], [ -98.748565836082832, 20.106075923311813 ], [ -98.748551558774764, 20.107824826849374 ], [ -98.748584921772832, 20.107973458137558 ] ] } },
{ "type": "Feature", "properties": { "ID_OBRA": "744_Pachuca de Soto", "No.": 744.0, "Municipio": "Pachuca de Soto", "Rubro": "Infraestructura Carretera", "Ejercicio": 2023.0, "Obra": "Reconstrucción asfáltica y rehabilitación del Río de las Avenidas en el municipio de Pachuca de Soto", "Localidad": "Pachuca de Soto", "Inversión": 43321171.73, "Habitantes.beneficiados": null, "Ejecutora": "DGCCE", "Trabajos": "Considera trabajos para la reconstrucción y/o conservación de Infraestructura Carretera en la localidad de Pachuca de Soto municipio de Pachuca de Soto", "Geometria_tipo": "Línea", "extract": 0.60999047046685162 }, "geometry": { "type": "LineString", "coordinates": [ [ -98.748282680078631, 20.109259641920644 ], [ -98.74830839940833, 20.107978395408281 ] ] } },
{ "type": "Feature", "properties": { "ID_OBRA": "744_Pachuca de Soto", "No.": 744.0, "Municipio": "Pachuca de Soto", "Rubro": "Infraestructura Carretera", "Ejercicio": 2023.0, "Obra": "Reconstrucción asfáltica y rehabilitación del Río de las Avenidas en el municipio de Pachuca de Soto", "Localidad": "Pachuca de Soto", "Inversión": 43321171.73, "Habitantes.beneficiados": null, "Ejecutora": "DGCCE", "Trabajos": "Considera trabajos para la reconstrucción y/o conservación de Infraestructura Carretera en la localidad de Pachuca de Soto municipio de Pachuca de Soto", "Geometria_tipo": "Línea", "extract": 0.61021828034236592 }, "geometry": { "type": "LineString", "coordinates": [ [ -98.744561553909932, 20.112544926153667 ], [ -98.744674590824559, 20.112449298340927 ], [ -98.745262827793027, 20.112069722791009 ], [ -98.746258494108446, 20.11144912360319 ], [ -98.74691522505411, 20.111040809057933 ], [ -98.747006248601579, 20.1109806010573 ], [ -98.747257484295829, 20.110820358052319 ], [ -98.747379602665021, 20.110750904872663 ], [ -98.747504616633606, 20.11067670435558 ], [ -98.747605981533525, 20.110609603333611 ], [ -98.748057128149, 20.110249827992 ], [ -98.748166625040483, 20.110113872826808 ], [ -98.74819226020756, 20.11002582785634 ], [ -98.748220813689812, 20.109678426580189 ], [ -98.748282680078631, 20.109259641920644 ] ] } },
{ "type": "Feature", "properties": { "ID_OBRA": "744_Pachuca de Soto", "No.": 744.0, "Municipio": "Pachuca de Soto", "Rubro": "Infraestructura Carretera", "Ejercicio": 2023.0, "Obra": "Reconstrucción asfáltica y rehabilitación del Río de las Avenidas en el municipio de Pachuca de Soto", "Localidad": "Pachuca de Soto", "Inversión": 43321171.73, "Habitantes.beneficiados": null, "Ejecutora": "DGCCE", "Trabajos": "Considera trabajos para la reconstrucción y/o conservación de Infraestructura Carretera en la localidad de Pachuca de Soto municipio de Pachuca de Soto", "Geometria_tipo": "Línea", "extract": 0.60989824449358288 }, "geometry": { "type": "LineString", "coordinates": [ [ -98.744561553909932, 20.112544926153667 ], [ -98.744737308841593, 20.112479315304441 ], [ -98.746299527643387, 20.111500607573365 ], [ -98.746954913099287, 20.11108371801425 ], [ -98.747095604014561, 20.110995217417081 ], [ -98.747137056951146, 20.110969141454586 ], [ -98.747207393231207, 20.110924895601276 ], [ -98.747263686685486, 20.110890948388818 ], [ -98.747383705189819, 20.110818573406874 ], [ -98.747462066623626, 20.110771318037319 ], [ -98.747631681447089, 20.110653861157523 ], [ -98.747936043867384, 20.110407549936376 ], [ -98.74811709136776, 20.110266960992611 ], [ -98.748214452378576, 20.110156702759088 ], [ -98.748263644274445, 20.110025827621669 ], [ -98.748287439398652, 20.109583247929418 ], [ -98.748282680078631, 20.109259641920644 ] ] } },
{ "type": "Feature", "properties": { "ID_OBRA": "744_Pachuca de Soto", "No.": 744.0, "Municipio": "Pachuca de Soto", "Rubro": "Infraestructura Carretera", "Ejercicio": 2023.0, "Obra": "Reconstrucción asfáltica y rehabilitación del Río de las Avenidas en el municipio de Pachuca de Soto", "Localidad": "Pachuca de Soto", "Inversión": 43321171.73, "Habitantes.beneficiados": null, "Ejecutora": "DGCCE", "Trabajos": "Considera trabajos para la reconstrucción y/o conservación de Infraestructura Carretera en la localidad de Pachuca de Soto municipio de Pachuca de Soto", "Geometria_tipo": "Línea", "extract": 0.6007744691580803 }, "geometry": { "type": "LineString", "coordinates": [ [ -98.748584921772832, 20.107973458137558 ], [ -98.74857359721598, 20.108338277580263 ], [ -98.74855931987166, 20.10878371383405 ], [ -98.748527827763283, 20.109744818351498 ], [ -98.748527806368216, 20.109913904966046 ] ] } },
{ "type": "Feature", "properties": { "ID_OBRA": "744_Pachuca de Soto", "No.": 744.0, "Municipio": "Pachuca de Soto", "Rubro": "Infraestructura Carretera", "Ejercicio": 2023.0, "Obra": "Reconstrucción asfáltica y rehabilitación del Río de las Avenidas en el municipio de Pachuca de Soto", "Localidad": "Pachuca de Soto", "Inversión": 43321171.73, "Habitantes.beneficiados": null, "Ejecutora": "DGCCE", "Trabajos": "Considera trabajos para la reconstrucción y/o conservación de Infraestructura Carretera en la localidad de Pachuca de Soto municipio de Pachuca de Soto", "Geometria_tipo": "Línea", "extract": 0.60423340599697029 }, "geometry": { "type": "LineString", "coordinates": [ [ -98.748741500344792, 20.105867343341 ], [ -98.748738331255581, 20.105982336594852 ], [ -98.748746897221537, 20.106223614661346 ], [ -98.748765100110305, 20.106432531328682 ], [ -98.74880507456578, 20.106925079996021 ], [ -98.748830773134628, 20.107243452127406 ], [ -98.748836482689413, 20.107548973882942 ], [ -98.748837910718009, 20.108404153403846 ], [ -98.748839339265203, 20.109182236049275 ], [ -98.748843621633327, 20.109704765681482 ], [ -98.748827917173898, 20.109766156345859 ], [ -98.748793653147729, 20.109834684725911 ], [ -98.748715549565659, 20.109952870436711 ] ] } },
{ "type": "Feature", "properties": { "ID_OBRA": "744_Pachuca de Soto", "No.": 744.0, "Municipio": "Pachuca de Soto", "Rubro": "Infraestructura Carretera", "Ejercicio": 2023.0, "Obra": "Reconstrucción asfáltica y rehabilitación del Río de las Avenidas en el municipio de Pachuca de Soto", "Localidad": "Pachuca de Soto", "Inversión": 43321171.73, "Habitantes.beneficiados": null, "Ejecutora": "DGCCE", "Trabajos": "Considera trabajos para la reconstrucción y/o conservación de Infraestructura Carretera en la localidad de Pachuca de Soto municipio de Pachuca de Soto", "Geometria_tipo": "Línea", "extract": 0.64577094790349043 }, "geometry": { "type": "LineString", "coordinates": [ [ -98.741949585768623, 20.113811741570942 ], [ -98.742807098807788, 20.113425975085551 ], [ -98.74325541501041, 20.113238912935348 ], [ -98.743886026963793, 20.112947826836844 ], [ -98.744124843534294, 20.112812565326006 ], [ -98.744182551157593, 20.112779880856703 ], [ -98.744561553909932, 20.112544926153667 ] ] } },
{ "type": "Feature", "properties": { "ID_OBRA": "744_Pachuca de Soto", "No.": 744.0, "Municipio": "Pachuca de Soto", "Rubro": "Infraestructura Carretera", "Ejercicio": 2023.0, "Obra": "Reconstrucción asfáltica y rehabilitación del Río de las Avenidas en el municipio de Pachuca de Soto", "Localidad": "Pachuca de Soto", "Inversión": 43321171.73, "Habitantes.beneficiados": null, "Ejecutora": "DGCCE", "Trabajos": "Considera trabajos para la reconstrucción y/o conservación de Infraestructura Carretera en la localidad de Pachuca de Soto municipio de Pachuca de Soto", "Geometria_tipo": "Línea", "extract": 0.60788141861320422 }, "geometry": { "type": "LineString", "coordinates": [ [ -98.748527806368216, 20.109913904966046 ], [ -98.748525087051149, 20.110101086955581 ], [ -98.748499708001191, 20.110205569750239 ], [ -98.748457870528057, 20.110288763456229 ], [ -98.748431525605298, 20.110333134004581 ], [ -98.748392325213786, 20.110399156665341 ], [ -98.748280242222549, 20.110491630018895 ], [ -98.747903384034728, 20.110801936911805 ], [ -98.747721156549744, 20.110942299827332 ], [ -98.747537516916196, 20.111070026587157 ], [ -98.747393113891221, 20.111152293357545 ], [ -98.747291522097854, 20.111225779120005 ], [ -98.747094237059542, 20.111336919231071 ], [ -98.746758999214848, 20.11154129589627 ], [ -98.74638250465739, 20.111777471706255 ], [ -98.745338140628036, 20.112426925303136 ], [ -98.744968155578519, 20.112652529296351 ], [ -98.744868531167285, 20.112680738166347 ] ] } },
{ "type": "Feature", "properties": { "ID_OBRA": "744_Pachuca de Soto", "No.": 744.0, "Municipio": "Pachuca de Soto", "Rubro": "Infraestructura Carretera", "Ejercicio": 2023.0, "Obra": "Reconstrucción asfáltica y rehabilitación del Río de las Avenidas en el municipio de Pachuca de Soto", "Localidad": "Pachuca de Soto", "Inversión": 43321171.73, "Habitantes.beneficiados": null, "Ejecutora": "DGCCE", "Trabajos": "Considera trabajos para la reconstrucción y/o conservación de Infraestructura Carretera en la localidad de Pachuca de Soto municipio de Pachuca de Soto", "Geometria_tipo": "Línea", "extract": 0.60788141861320422 }, "geometry": { "type": "LineString", "coordinates": [ [ -98.748527806368216, 20.109913904966046 ], [ -98.748468299381173, 20.110095639212915 ], [ -98.74842832370112, 20.110209854288239 ], [ -98.748384065714404, 20.110288376264055 ], [ -98.748315991703095, 20.110377988193175 ], [ -98.748079536552751, 20.110574297759289 ], [ -98.747868912744394, 20.110743851577411 ], [ -98.747680460412809, 20.110886620109994 ], [ -98.747545587072466, 20.110977616351239 ], [ -98.747391672145881, 20.111077835893528 ], [ -98.747283195248514, 20.11114846981117 ], [ -98.747210278415722, 20.11119594977546 ], [ -98.747191053791951, 20.111207834149059 ], [ -98.746343961824238, 20.111731518064808 ], [ -98.745300730804999, 20.112380264612227 ], [ -98.744937767752731, 20.112601066743817 ], [ -98.744868531167285, 20.112680738166347 ] ] } },
{ "type": "Feature", "properties": { "ID_OBRA": "744_Pachuca de Soto", "No.": 744.0, "Municipio": "Pachuca de Soto", "Rubro": "Infraestructura Carretera", "Ejercicio": 2023.0, "Obra": "Reconstrucción asfáltica y rehabilitación del Río de las Avenidas en el municipio de Pachuca de Soto", "Localidad": "Pachuca de Soto", "Inversión": 43321171.73, "Habitantes.beneficiados": null, "Ejecutora": "DGCCE", "Trabajos": "Considera trabajos para la reconstrucción y/o conservación de Infraestructura Carretera en la localidad de Pachuca de Soto municipio de Pachuca de Soto", "Geometria_tipo": "Línea", "extract": 0.65958831589312228 }, "geometry": { "type": "LineString", "coordinates": [ [ -98.73937447072305, 20.114962949277835 ], [ -98.73954293684919, 20.114867294670709 ], [ -98.739817993641324, 20.114752851243008 ], [ -98.740263848566983, 20.114558472695233 ], [ -98.740426018095533, 20.114490563568946 ], [ -98.740492608711904, 20.114442228625609 ], [ -98.740685857462665, 20.114354331059712 ], [ -98.741793608320705, 20.11384454081729 ], [ -98.741949585768623, 20.113811741570942 ] ] } },
{ "type": "Feature", "properties": { "ID_OBRA": "744_Pachuca de Soto", "No.": 744.0, "Municipio": "Pachuca de Soto", "Rubro": "Infraestructura Carretera", "Ejercicio": 2023.0, "Obra": "Reconstrucción asfáltica y rehabilitación del Río de las Avenidas en el municipio de Pachuca de Soto", "Localidad": "Pachuca de Soto", "Inversión": 43321171.73, "Habitantes.beneficiados": null, "Ejecutora": "DGCCE", "Trabajos": "Considera trabajos para la reconstrucción y/o conservación de Infraestructura Carretera en la localidad de Pachuca de Soto municipio de Pachuca de Soto", "Geometria_tipo": "Línea", "extract": 0.65958831589312228 }, "geometry": { "type": "LineString", "coordinates": [ [ -98.73937447072305, 20.114962949277835 ], [ -98.739592711153819, 20.114910616851638 ], [ -98.739853687037353, 20.11480995763975 ], [ -98.74032735321849, 20.114596436365279 ], [ -98.740396205172402, 20.114562772835875 ], [ -98.740455883924383, 20.114533595958097 ], [ -98.7405394659297, 20.11449273117211 ], [ -98.740635217813804, 20.114445917440769 ], [ -98.741819314967245, 20.113902668693964 ], [ -98.741949585768623, 20.113811741570942 ] ] } },
{ "type": "Feature", "properties": { "ID_OBRA": "744_Pachuca de Soto", "No.": 744.0, "Municipio": "Pachuca de Soto", "Rubro": "Infraestructura Carretera", "Ejercicio": 2023.0, "Obra": "Reconstrucción asfáltica y rehabilitación del Río de las Avenidas en el municipio de Pachuca de Soto", "Localidad": "Pachuca de Soto", "Inversión": 43321171.73, "Habitantes.beneficiados": null, "Ejecutora": "DGCCE", "Trabajos": "Considera trabajos para la reconstrucción y/o conservación de Infraestructura Carretera en la localidad de Pachuca de Soto municipio de Pachuca de Soto", "Geometria_tipo": "Línea", "extract": 0.64630760363719597 }, "geometry": { "type": "LineString", "coordinates": [ [ -98.744868531167285, 20.112680738166347 ], [ -98.744706726659984, 20.112784244034827 ], [ -98.744636828981854, 20.112820780460595 ], [ -98.744224127205882, 20.113081866105581 ], [ -98.744034960145569, 20.113186839858123 ], [ -98.743668847900381, 20.113358945171697 ], [ -98.743279995030633, 20.113523504573603 ], [ -98.742102403403209, 20.114037507123001 ] ] } },
{ "type": "Feature", "properties": { "ID_OBRA": "744_Pachuca de Soto", "No.": 744.0, "Municipio": "Pachuca de Soto", "Rubro": "Infraestructura Carretera", "Ejercicio": 2023.0, "Obra": "Reconstrucción asfáltica y rehabilitación del Río de las Avenidas en el municipio de Pachuca de Soto", "Localidad": "Pachuca de Soto", "Inversión": 43321171.73, "Habitantes.beneficiados": null, "Ejecutora": "DGCCE", "Trabajos": "Considera trabajos para la reconstrucción y/o conservación de Infraestructura Carretera en la localidad de Pachuca de Soto municipio de Pachuca de Soto", "Geometria_tipo": "Línea", "extract": 0.65930463656953253 }, "geometry": { "type": "LineString", "coordinates": [ [ -98.737404139082599, 20.115825753976058 ], [ -98.737537455457399, 20.115710615085611 ], [ -98.738177408917707, 20.115413547978857 ], [ -98.73843299536388, 20.11529755608629 ], [ -98.738661262474835, 20.115205440241262 ], [ -98.73927739007992, 20.114972942942963 ], [ -98.73937447072305, 20.114962949277835 ] ] } },
{ "type": "Feature", "properties": { "ID_OBRA": "744_Pachuca de Soto", "No.": 744.0, "Municipio": "Pachuca de Soto", "Rubro": "Infraestructura Carretera", "Ejercicio": 2023.0, "Obra": "Reconstrucción asfáltica y rehabilitación del Río de las Avenidas en el municipio de Pachuca de Soto", "Localidad": "Pachuca de Soto", "Inversión": 43321171.73, "Habitantes.beneficiados": null, "Ejecutora": "DGCCE", "Trabajos": "Considera trabajos para la reconstrucción y/o conservación de Infraestructura Carretera en la localidad de Pachuca de Soto municipio de Pachuca de Soto", "Geometria_tipo": "Línea", "extract": 0.65930463656953253 }, "geometry": { "type": "LineString", "coordinates": [ [ -98.737404139082599, 20.115825753976058 ], [ -98.737569578263717, 20.11577843029027 ], [ -98.737919600995468, 20.115607494060882 ], [ -98.738388351704202, 20.115401645455162 ], [ -98.738478165015394, 20.115362204210609 ], [ -98.738543527188185, 20.115333500892007 ], [ -98.739291666427164, 20.115027194787867 ], [ -98.73937447072305, 20.114962949277835 ] ] } },
{ "type": "Feature", "properties": { "ID_OBRA": "744_Pachuca de Soto", "No.": 744.0, "Municipio": "Pachuca de Soto", "Rubro": "Infraestructura Carretera", "Ejercicio": 2023.0, "Obra": "Reconstrucción asfáltica y rehabilitación del Río de las Avenidas en el municipio de Pachuca de Soto", "Localidad": "Pachuca de Soto", "Inversión": 43321171.73, "Habitantes.beneficiados": null, "Ejecutora": "DGCCE", "Trabajos": "Considera trabajos para la reconstrucción y/o conservación de Infraestructura Carretera en la localidad de Pachuca de Soto municipio de Pachuca de Soto", "Geometria_tipo": "Línea", "extract": 0.66160095552339204 }, "geometry": { "type": "LineString", "coordinates": [ [ -98.742102403403209, 20.114037507123001 ], [ -98.741950935250117, 20.114133440290889 ], [ -98.741640099367146, 20.114286191005949 ], [ -98.740841678474794, 20.114658056367233 ], [ -98.740702176984172, 20.114717307894928 ], [ -98.740637964752295, 20.114754508022813 ], [ -98.740492276659964, 20.114824020267001 ], [ -98.740099311729978, 20.115003138772167 ], [ -98.739699194943654, 20.115155010730003 ], [ -98.739501700426345, 20.115207360370974 ] ] } },
{ "type": "Feature", "properties": { "ID_OBRA": "744_Pachuca de Soto", "No.": 744.0, "Municipio": "Pachuca de Soto", "Rubro": "Infraestructura Carretera", "Ejercicio": 2023.0, "Obra": "Reconstrucción asfáltica y rehabilitación del Río de las Avenidas en el municipio de Pachuca de Soto", "Localidad": "Pachuca de Soto", "Inversión": 43321171.73, "Habitantes.beneficiados": null, "Ejecutora": "DGCCE", "Trabajos": "Considera trabajos para la reconstrucción y/o conservación de Infraestructura Carretera en la localidad de Pachuca de Soto municipio de Pachuca de Soto", "Geometria_tipo": "Línea", "extract": 0.66160095552339204 }, "geometry": { "type": "LineString", "coordinates": [ [ -98.742102403403209, 20.114037507123001 ], [ -98.74191152359937, 20.114082206208327 ], [ -98.741713862384046, 20.114177926085617 ], [ -98.740373203855441, 20.114806504892915 ], [ -98.739706634851089, 20.115089122135966 ], [ -98.739501700426345, 20.115207360370974 ] ] } },
{ "type": "Feature", "properties": { "ID_OBRA": "744_Pachuca de Soto", "No.": 744.0, "Municipio": "Pachuca de Soto", "Rubro": "Infraestructura Carretera", "Ejercicio": 2023.0, "Obra": "Reconstrucción asfáltica y rehabilitación del Río de las Avenidas en el municipio de Pachuca de Soto", "Localidad": "Pachuca de Soto", "Inversión": 43321171.73, "Habitantes.beneficiados": null, "Ejecutora": "DGCCE", "Trabajos": "Considera trabajos para la reconstrucción y/o conservación de Infraestructura Carretera en la localidad de Pachuca de Soto municipio de Pachuca de Soto", "Geometria_tipo": "Línea", "extract": 0.66823483567240627 }, "geometry": { "type": "LineString", "coordinates": [ [ -98.735863895091427, 20.116945140659343 ], [ -98.736329649413506, 20.116543474981317 ], [ -98.736549031910215, 20.116369159890073 ], [ -98.736777995814123, 20.116210362734925 ], [ -98.737068984612634, 20.116015146691488 ], [ -98.737404139082599, 20.115825753976058 ] ] } },
{ "type": "Feature", "properties": { "ID_OBRA": "744_Pachuca de Soto", "No.": 744.0, "Municipio": "Pachuca de Soto", "Rubro": "Infraestructura Carretera", "Ejercicio": 2023.0, "Obra": "Reconstrucción asfáltica y rehabilitación del Río de las Avenidas en el municipio de Pachuca de Soto", "Localidad": "Pachuca de Soto", "Inversión": 43321171.73, "Habitantes.beneficiados": null, "Ejecutora": "DGCCE", "Trabajos": "Considera trabajos para la reconstrucción y/o conservación de Infraestructura Carretera en la localidad de Pachuca de Soto municipio de Pachuca de Soto", "Geometria_tipo": "Línea", "extract": 0.66162537108980157 }, "geometry": { "type": "LineString", "coordinates": [ [ -98.739501700426345, 20.115207360370974 ], [ -98.739305393723839, 20.115323952918441 ], [ -98.739238358275969, 20.115351048261125 ], [ -98.738612086150383, 20.115606815612477 ], [ -98.738352342741791, 20.115711216799902 ], [ -98.738072910779266, 20.115835711738285 ], [ -98.737899613986613, 20.115923009817205 ], [ -98.737554735954248, 20.116068436389185 ], [ -98.737443546173438, 20.116115322130227 ] ] } },
{ "type": "Feature", "properties": { "ID_OBRA": "744_Pachuca de Soto", "No.": 744.0, "Municipio": "Pachuca de Soto", "Rubro": "Infraestructura Carretera", "Ejercicio": 2023.0, "Obra": "Reconstrucción asfáltica y rehabilitación del Río de las Avenidas en el municipio de Pachuca de Soto", "Localidad": "Pachuca de Soto", "Inversión": 43321171.73, "Habitantes.beneficiados": null, "Ejecutora": "DGCCE", "Trabajos": "Considera trabajos para la reconstrucción y/o conservación de Infraestructura Carretera en la localidad de Pachuca de Soto municipio de Pachuca de Soto", "Geometria_tipo": "Línea", "extract": 0.66162537108980157 }, "geometry": { "type": "LineString", "coordinates": [ [ -98.739501700426345, 20.115207360370974 ], [ -98.739278061174005, 20.11525271213544 ], [ -98.737996620103019, 20.115796718891872 ], [ -98.737780728426813, 20.115895004305621 ], [ -98.737443546173438, 20.116115322130227 ] ] } },
{ "type": "Feature", "properties": { "ID_OBRA": "744_Pachuca de Soto", "No.": 744.0, "Municipio": "Pachuca de Soto", "Rubro": "Infraestructura Carretera", "Ejercicio": 2023.0, "Obra": "Reconstrucción asfáltica y rehabilitación del Río de las Avenidas en el municipio de Pachuca de Soto", "Localidad": "Pachuca de Soto", "Inversión": 43321171.73, "Habitantes.beneficiados": null, "Ejecutora": "DGCCE", "Trabajos": "Considera trabajos para la reconstrucción y/o conservación de Infraestructura Carretera en la localidad de Pachuca de Soto municipio de Pachuca de Soto", "Geometria_tipo": "Línea", "extract": 0.67861633674088528 }, "geometry": { "type": "LineString", "coordinates": [ [ -98.734443535024212, 20.118867166291661 ], [ -98.734639126442673, 20.118434067813904 ], [ -98.734898456016339, 20.117967294632077 ], [ -98.735482425813984, 20.11726300777088 ], [ -98.735863895091427, 20.116945140659343 ] ] } },
{ "type": "Feature", "properties": { "ID_OBRA": "744_Pachuca de Soto", "No.": 744.0, "Municipio": "Pachuca de Soto", "Rubro": "Infraestructura Carretera", "Ejercicio": 2023.0, "Obra": "Reconstrucción asfáltica y rehabilitación del Río de las Avenidas en el municipio de Pachuca de Soto", "Localidad": "Pachuca de Soto", "Inversión": 43321171.73, "Habitantes.beneficiados": null, "Ejecutora": "DGCCE", "Trabajos": "Considera trabajos para la reconstrucción y/o conservación de Infraestructura Carretera en la localidad de Pachuca de Soto municipio de Pachuca de Soto", "Geometria_tipo": "Línea", "extract": 0.68512415451987796 }, "geometry": { "type": "LineString", "coordinates": [ [ -98.734018538188238, 20.12025412424099 ], [ -98.733994742689973, 20.120179765921264 ], [ -98.734110676696403, 20.119681768047737 ], [ -98.734377718958541, 20.119050648028505 ], [ -98.734406798790644, 20.119000015179108 ], [ -98.7344111089009, 20.118992511441707 ], [ -98.734424285857145, 20.118958781794998 ], [ -98.734426020171469, 20.118954342970856 ], [ -98.734464610699405, 20.118882560064687 ], [ -98.734664344965879, 20.118511036134663 ], [ -98.734850976198487, 20.11818000194971 ], [ -98.734936328552408, 20.118039768211496 ], [ -98.734966880347926, 20.118001062933388 ], [ -98.735003694539827, 20.117954422174609 ], [ -98.735239213129972, 20.117657213205757 ], [ -98.735607336237493, 20.117236889840616 ], [ -98.735863895091427, 20.116945140659343 ] ] } },
{ "type": "Feature", "properties": { "ID_OBRA": "744_Pachuca de Soto", "No.": 744.0, "Municipio": "Pachuca de Soto", "Rubro": "Infraestructura Carretera", "Ejercicio": 2023.0, "Obra": "Reconstrucción asfáltica y rehabilitación del Río de las Avenidas en el municipio de Pachuca de Soto", "Localidad": "Pachuca de Soto", "Inversión": 43321171.73, "Habitantes.beneficiados": null, "Ejecutora": "DGCCE", "Trabajos": "Considera trabajos para la reconstrucción y/o conservación de Infraestructura Carretera en la localidad de Pachuca de Soto municipio de Pachuca de Soto", "Geometria_tipo": "Línea", "extract": 0.6693885308446198 }, "geometry": { "type": "LineString", "coordinates": [ [ -98.737443546173438, 20.116115322130227 ], [ -98.737200766369781, 20.116266367042705 ], [ -98.736948663039797, 20.116431890440779 ], [ -98.736575024273577, 20.116706579907746 ], [ -98.736122150627537, 20.117063269176676 ] ] } },
{ "type": "Feature", "properties": { "ID_OBRA": "744_Pachuca de Soto", "No.": 744.0, "Municipio": "Pachuca de Soto", "Rubro": "Infraestructura Carretera", "Ejercicio": 2023.0, "Obra": "Reconstrucción asfáltica y rehabilitación del Río de las Avenidas en el municipio de Pachuca de Soto", "Localidad": "Pachuca de Soto", "Inversión": 43321171.73, "Habitantes.beneficiados": null, "Ejecutora": "DGCCE", "Trabajos": "Considera trabajos para la reconstrucción y/o conservación de Infraestructura Carretera en la localidad de Pachuca de Soto municipio de Pachuca de Soto", "Geometria_tipo": "Línea", "extract": 0.68089571081937261 }, "geometry": { "type": "LineString", "coordinates": [ [ -98.736122150627537, 20.117063269176676 ], [ -98.73574980913844, 20.117381200222628 ], [ -98.735576506461229, 20.117573268696837 ], [ -98.735345086851623, 20.117859791394476 ], [ -98.735150166061743, 20.1181097662719 ], [ -98.735132228758118, 20.118132769740054 ], [ -98.73508040162244, 20.118218442793829 ], [ -98.735024200727068, 20.118311348394109 ], [ -98.734670137296789, 20.118977597159635 ], [ -98.734669976680493, 20.119032561383129 ], [ -98.734712566918134, 20.11900510120665 ], [ -98.734828988973121, 20.118820178215095 ], [ -98.734958906888536, 20.118584611422428 ], [ -98.735042663848546, 20.118429471354368 ], [ -98.735130936606339, 20.118289428065037 ], [ -98.735216370180595, 20.118138339677031 ], [ -98.735325036659987, 20.118000874289002 ], [ -98.735433377312049, 20.117855660451244 ], [ -98.735507615806853, 20.11776857144671 ], [ -98.735768044357386, 20.117477496936754 ], [ -98.735862940929067, 20.117377344844552 ], [ -98.736002539399777, 20.117206314098141 ], [ -98.736122150627537, 20.117063269176676 ] ] } },
{ "type": "Feature", "properties": { "ID_OBRA": "745_Pachuca de Soto", "No.": 745.0, "Municipio": "Pachuca de Soto", "Rubro": "Infraestructura Carretera", "Ejercicio": 2023.0, "Obra": "Rehabilitación de Carpeta Asfáltica en el Blvd. Everardo Márquez, en la Colonia Periodistas, en el Municipio de Pachuca", "Localidad": "Pachuca de Soto", "Inversión": 1634689.96, "Habitantes.beneficiados": null, "Ejecutora": "DGCCE", "Trabajos": "Considera trabajos para la reconstrucción y/o conservación de Infraestructura Carretera en la localidad de Pachuca de Soto municipio de Pachuca de Soto", "Geometria_tipo": "Línea", "extract": 0.60250824426442473 }, "geometry": { "type": "LineString", "coordinates": [ [ -98.747287953248204, 20.111882748846259 ], [ -98.747301515606921, 20.111808271314523 ], [ -98.747300566388304, 20.11165110522165 ], [ -98.747291522097854, 20.111225779120005 ], [ -98.747281402444358, 20.111131822899875 ], [ -98.747263584640649, 20.110889560235062 ], [ -98.747257484295829, 20.110820358052319 ], [ -98.747229313697858, 20.110460220080778 ] ] } },
{ "type": "Feature", "properties": { "ID_OBRA": "745_Pachuca de Soto", "No.": 745.0, "Municipio": "Pachuca de Soto", "Rubro": "Infraestructura Carretera", "Ejercicio": 2023.0, "Obra": "Rehabilitación de Carpeta Asfáltica en el Blvd. Everardo Márquez, en la Colonia Periodistas, en el Municipio de Pachuca", "Localidad": "Pachuca de Soto", "Inversión": 1634689.96, "Habitantes.beneficiados": null, "Ejecutora": "DGCCE", "Trabajos": "Considera trabajos para la reconstrucción y/o conservación de Infraestructura Carretera en la localidad de Pachuca de Soto municipio de Pachuca de Soto", "Geometria_tipo": "Línea", "extract": 0.61715972989155077 }, "geometry": { "type": "LineString", "coordinates": [ [ -98.746673476280208, 20.114233088373467 ], [ -98.746746148689809, 20.114162510103242 ], [ -98.747064522174654, 20.1134648517877 ], [ -98.74714161603201, 20.113260694836704 ], [ -98.747219438301642, 20.113005534141891 ], [ -98.747259888947127, 20.112812798260141 ], [ -98.747297959987478, 20.112498708620556 ], [ -98.747321303885144, 20.112245618680987 ], [ -98.747322931253862, 20.112215158949471 ], [ -98.747318647928452, 20.111928195841084 ], [ -98.747287953248204, 20.111882748846259 ] ] } },
{ "type": "Feature", "properties": { "ID_OBRA": "745_Pachuca de Soto", "No.": 745.0, "Municipio": "Pachuca de Soto", "Rubro": "Infraestructura Carretera", "Ejercicio": 2023.0, "Obra": "Rehabilitación de Carpeta Asfáltica en el Blvd. Everardo Márquez, en la Colonia Periodistas, en el Municipio de Pachuca", "Localidad": "Pachuca de Soto", "Inversión": 1634689.96, "Habitantes.beneficiados": null, "Ejecutora": "DGCCE", "Trabajos": "Considera trabajos para la reconstrucción y/o conservación de Infraestructura Carretera en la localidad de Pachuca de Soto municipio de Pachuca de Soto", "Geometria_tipo": "Línea", "extract": 0.61715972989155077 }, "geometry": { "type": "LineString", "coordinates": [ [ -98.746673476280208, 20.114233088373467 ], [ -98.746664431366099, 20.114106907714582 ], [ -98.746922355551334, 20.113454730302639 ], [ -98.747047748691259, 20.113193113583396 ], [ -98.747108779471517, 20.11299181534514 ], [ -98.747201578388044, 20.112600632430269 ], [ -98.747227275750532, 20.112432166434136 ], [ -98.747232841307053, 20.112155314837381 ], [ -98.747243565063954, 20.111973187669658 ], [ -98.747287953248204, 20.111882748846259 ] ] } },
{ "type": "Feature", "properties": { "ID_OBRA": "745_Pachuca de Soto", "No.": 745.0, "Municipio": "Pachuca de Soto", "Rubro": "Infraestructura Carretera", "Ejercicio": 2023.0, "Obra": "Rehabilitación de Carpeta Asfáltica en el Blvd. Everardo Márquez, en la Colonia Periodistas, en el Municipio de Pachuca", "Localidad": "Pachuca de Soto", "Inversión": 1634689.96, "Habitantes.beneficiados": null, "Ejecutora": "DGCCE", "Trabajos": "Considera trabajos para la reconstrucción y/o conservación de Infraestructura Carretera en la localidad de Pachuca de Soto municipio de Pachuca de Soto", "Geometria_tipo": "Línea", "extract": 0.63537620568157649 }, "geometry": { "type": "LineString", "coordinates": [ [ -98.746218622095782, 20.115211132979329 ], [ -98.746313923601861, 20.114967001662251 ], [ -98.746557696305132, 20.114428058116225 ], [ -98.746673476280208, 20.114233088373467 ] ] } },
{ "type": "Feature", "properties": { "ID_OBRA": "746_Pachuca de Soto", "No.": 746.0, "Municipio": "Pachuca de Soto", "Rubro": "Infraestructura Carretera", "Ejercicio": 2023.0, "Obra": "Rehabilitación de pavimento asfáltico, Boulevard Nuevo Hidalgo tramo Blvd. Rojo Gómez - Blvd. Colosio", "Localidad": "Pachuca de Soto", "Inversión": 13294254.15, "Habitantes.beneficiados": null, "Ejecutora": "DGIVC", "Trabajos": "Considera trabajos para la reconstrucción y/o conservación de Infraestructura Carretera en la localidad de Pachuca de Soto municipio de Pachuca de Soto", "Geometria_tipo": "Línea", "extract": 0.51255766873796937 }, "geometry": { "type": "LineString", "coordinates": [ [ -98.753615557289606, 20.106624701232533 ], [ -98.75370573946995, 20.106499180722267 ], [ -98.753758827626683, 20.106286366260509 ], [ -98.753853053892058, 20.105896610027031 ], [ -98.754198964046523, 20.104485340681777 ], [ -98.754290210035435, 20.104098143624551 ], [ -98.754384198651152, 20.103719809719585 ], [ -98.754475808310843, 20.103372408957437 ], [ -98.754536846857192, 20.103164264458499 ], [ -98.754723272154735, 20.102776353655663 ], [ -98.754885076179534, 20.102526509957396 ], [ -98.755372864750385, 20.101717493777404 ], [ -98.755836032778888, 20.100936136298149 ], [ -98.756180692289703, 20.100401651567392 ], [ -98.756394836391195, 20.10012575499141 ], [ -98.756646411055499, 20.09980241288352 ], [ -98.757074523526384, 20.099233564288298 ], [ -98.757457158110242, 20.09874026432221 ], [ -98.757778499538759, 20.098318434198529 ], [ -98.758079502056773, 20.098007913717122 ], [ -98.758274617525885, 20.097835402656475 ], [ -98.758514943255136, 20.097622440676091 ], [ -98.758837360028934, 20.097380211885568 ], [ -98.759486367176891, 20.096930674419909 ], [ -98.759566401117894, 20.096888755468445 ], [ -98.759606061718031, 20.096865000043465 ], [ -98.759701083636003, 20.096816952988124 ], [ -98.759838855217808, 20.096730410606352 ], [ -98.759919995342187, 20.096683703636707 ], [ -98.760132387577087, 20.096545554579567 ], [ -98.760308818601345, 20.096413199451838 ], [ -98.760402094067231, 20.096333248885021 ], [ -98.76047122270306, 20.096248598134153 ], [ -98.760537740532641, 20.096033259328639 ] ] } },
{ "type": "Feature", "properties": { "ID_OBRA": "746_Pachuca de Soto", "No.": 746.0, "Municipio": "Pachuca de Soto", "Rubro": "Infraestructura Carretera", "Ejercicio": 2023.0, "Obra": "Rehabilitación de pavimento asfáltico, Boulevard Nuevo Hidalgo tramo Blvd. Rojo Gómez - Blvd. Colosio", "Localidad": "Pachuca de Soto", "Inversión": 13294254.15, "Habitantes.beneficiados": null, "Ejecutora": "DGIVC", "Trabajos": "Considera trabajos para la reconstrucción y/o conservación de Infraestructura Carretera en la localidad de Pachuca de Soto municipio de Pachuca de Soto", "Geometria_tipo": "Línea", "extract": 0.51363968200294252 }, "geometry": { "type": "LineString", "coordinates": [ [ -98.760672798792584, 20.096197544974743 ], [ -98.760594002876616, 20.096358053395736 ], [ -98.760350677603114, 20.096545694756227 ], [ -98.759980102425743, 20.096779693675082 ], [ -98.759817222024253, 20.096880192355382 ], [ -98.759798641910322, 20.096888336996937 ], [ -98.759734282719535, 20.096923611144764 ], [ -98.759702032521545, 20.096940494467152 ], [ -98.759649706352548, 20.096967886135577 ], [ -98.759573017556505, 20.096997213664196 ], [ -98.758930588941652, 20.097451547982168 ], [ -98.758607979687184, 20.09768954216122 ], [ -98.758498524556884, 20.097774250841443 ], [ -98.758351950097421, 20.097907500750615 ], [ -98.758144294547733, 20.098092794951771 ], [ -98.757869628989951, 20.098372883218669 ], [ -98.757536271225248, 20.098804082334734 ], [ -98.75715555673095, 20.09930472005864 ], [ -98.75671963969296, 20.09987293637575 ], [ -98.756486083563445, 20.100186089466437 ], [ -98.756284178525462, 20.100450507693218 ], [ -98.75593904646982, 20.10099995826004 ], [ -98.755525151306415, 20.10168037403843 ], [ -98.755234505250883, 20.102147758411849 ], [ -98.754968356609311, 20.102580761600489 ], [ -98.754817022873965, 20.102848214026267 ], [ -98.754666640905313, 20.103163253944071 ], [ -98.75462285892776, 20.103392633907816 ], [ -98.754519779465099, 20.103755095320327 ], [ -98.754438213034163, 20.104124557363331 ], [ -98.754341320476755, 20.104486064854189 ], [ -98.754134241630055, 20.105332429433666 ], [ -98.75408381811063, 20.105504437035982 ], [ -98.753927192716546, 20.106156960584503 ], [ -98.753865093591187, 20.106381981708839 ], [ -98.753818958894158, 20.106527676340871 ], [ -98.753719912263918, 20.106646200213312 ] ] } },
{ "type": "Feature", "properties": { "ID_OBRA": "747_Pachuca de Soto", "No.": 747.0, "Municipio": "Pachuca de Soto", "Rubro": "Infraestructura Carretera", "Ejercicio": 2023.0, "Obra": "Rehabilitación de pavimento asfáltico, Antigua Carretera México - Pachuca, colonia Santa Julia", "Localidad": "Pachuca de Soto", "Inversión": 7030355.86, "Habitantes.beneficiados": null, "Ejecutora": "DGIVC", "Trabajos": "Considera trabajos para la reconstrucción y/o conservación de Infraestructura Carretera en la localidad de Pachuca de Soto municipio de Pachuca de Soto", "Geometria_tipo": "Línea", "extract": 0.5452790635476592 }, "geometry": { "type": "LineString", "coordinates": [ [ -98.761372289066415, 20.102859247947372 ], [ -98.761103577542883, 20.103440074656408 ], [ -98.760735236801722, 20.104319523177619 ], [ -98.760521390312121, 20.104756895287601 ], [ -98.760445418946389, 20.10487060714107 ], [ -98.760396071868357, 20.104945225173999 ], [ -98.760265961546793, 20.105100216345527 ], [ -98.760110937340585, 20.105238736116146 ], [ -98.759875493587799, 20.105435722850466 ], [ -98.759555063123841, 20.105707926411682 ], [ -98.759332258571206, 20.105921842370698 ], [ -98.75907704936526, 20.10614499881639 ], [ -98.758539078102643, 20.106635722587001 ], [ -98.758520349128517, 20.106652807601201 ], [ -98.758376308046806, 20.106784198364419 ], [ -98.757999867413048, 20.107150797277285 ], [ -98.757844448940858, 20.107293639324855 ], [ -98.757680316449182, 20.107444490978438 ], [ -98.757352414555214, 20.107743996629967 ], [ -98.756741617100317, 20.108304671949242 ], [ -98.756449410237892, 20.108566338583422 ], [ -98.756274452843641, 20.108712811110159 ], [ -98.756106939078819, 20.108833687881578 ], [ -98.755885012167226, 20.108964965236979 ], [ -98.755684175665891, 20.109061742093207 ], [ -98.7551110105628, 20.10928241337902 ], [ -98.754642412198223, 20.10944178718497 ], [ -98.754589351006487, 20.109465540857602 ] ] } },
{ "type": "Feature", "properties": { "ID_OBRA": "75_Apan", "No.": 75.0, "Municipio": "Apan", "Rubro": "Vialidades Urbanas", "Ejercicio": 2022.0, "Obra": "Rehabilitación de avenida Morelos, entre Av. Reforma y Av. Zaragoza, colonia Centro, municipio de Apan", "Localidad": "Apan", "Inversión": 1952414.01, "Habitantes.beneficiados": null, "Ejecutora": "DGIVC", "Trabajos": "Considera trabajos en la rehabilitación y/o mejoramiento de las vialidades urbanas en la localidad de Apan muncipio de Apan", "Geometria_tipo": "Línea", "extract": 0.4802514966552614 }, "geometry": { "type": "LineString", "coordinates": [ [ -98.452799116772098, 19.708548903934105 ], [ -98.451015341144796, 19.708686159645296 ] ] } },
{ "type": "Feature", "properties": { "ID_OBRA": "750_Pachuca de Soto", "No.": 750.0, "Municipio": "Pachuca de Soto", "Rubro": "Vialidades Urbanas", "Ejercicio": 2023.0, "Obra": "Rehabilitación de calle Principal, en la colonia San Cayetano; en el municipio de Pachuca de Soto.", "Localidad": "Pachuca de Soto", "Inversión": 5809440.35, "Habitantes.beneficiados": null, "Ejecutora": "DGOPI", "Trabajos": "Considera los trabajos de preliminares, piso para pavimento de concreto hidráulico.", "Geometria_tipo": "Línea", "extract": 0.48974473856959405 }, "geometry": { "type": "LineString", "coordinates": [ [ -98.769517761893496, 20.100500316648311 ], [ -98.769824355679035, 20.100285575988998 ], [ -98.770524821391362, 20.099793087275948 ], [ -98.770589067282302, 20.099739549832357 ], [ -98.770646663918441, 20.099695915894635 ], [ -98.770706849951708, 20.099650319856316 ], [ -98.770878170865132, 20.099511121327907 ], [ -98.771185443036515, 20.09927390798542 ], [ -98.771231521141161, 20.099236294417505 ], [ -98.771388565860278, 20.099100664377236 ], [ -98.771620562603061, 20.098900790182569 ], [ -98.771639703278936, 20.098885130240159 ], [ -98.771816868805331, 20.098740175739774 ], [ -98.771995328333702, 20.098575992986365 ], [ -98.772311354171975, 20.098250230911571 ], [ -98.772529803186345, 20.098004247165125 ], [ -98.772734121447471, 20.09779388864585 ], [ -98.772856660290415, 20.097658258003474 ], [ -98.772921224197077, 20.097580702792591 ], [ -98.77296286459331, 20.097514077580644 ], [ -98.772995740409641, 20.097425927808537 ] ] } },
{ "type": "Feature", "properties": { "ID_OBRA": "750_Pachuca de Soto", "No.": 750.0, "Municipio": "Pachuca de Soto", "Rubro": "Vialidades Urbanas", "Ejercicio": 2023.0, "Obra": "Rehabilitación de calle Principal, en la colonia San Cayetano; en el municipio de Pachuca de Soto.", "Localidad": "Pachuca de Soto", "Inversión": 5809440.35, "Habitantes.beneficiados": null, "Ejecutora": "DGOPI", "Trabajos": "Considera los trabajos de preliminares, piso para pavimento de concreto hidráulico.", "Geometria_tipo": "Línea", "extract": 0.5090721016948716 }, "geometry": { "type": "LineString", "coordinates": [ [ -98.769517761893496, 20.100500316648311 ], [ -98.769450657421856, 20.10056733878486 ], [ -98.769032568098126, 20.100829289728981 ], [ -98.768721260283343, 20.101024337629472 ], [ -98.768679711218198, 20.101050369824392 ], [ -98.768098928884896, 20.101419278413776 ], [ -98.767378012242119, 20.101877199946742 ], [ -98.767016468477024, 20.102106849899524 ], [ -98.766689086226691, 20.102299111358366 ], [ -98.766466368935767, 20.102443307200417 ], [ -98.766252217417971, 20.102614628197774 ], [ -98.766058053451744, 20.102765962233555 ], [ -98.765955229187867, 20.102787376194428 ], [ -98.765988540845811, 20.102711233425271 ], [ -98.766164620698277, 20.102580363114146 ], [ -98.767159696733103, 20.10194422963994 ], [ -98.768018220790125, 20.101395390908451 ], [ -98.768308597084356, 20.10121415713758 ], [ -98.76939830867093, 20.100534026805722 ], [ -98.769517761893496, 20.100500316648311 ] ] } },
{ "type": "Feature", "properties": { "ID_OBRA": "751_Pachuca de Soto", "No.": 751.0, "Municipio": "Pachuca de Soto", "Rubro": "Vialidades Urbanas", "Ejercicio": 2023.0, "Obra": "Rehabilitación de Circuito 11 de Julio, colonia 11 de Julio; en el municipio de Pachuca de Soto.", "Localidad": "Pachuca de Soto", "Inversión": 4839177.8, "Habitantes.beneficiados": null, "Ejecutora": "DGOPI", "Trabajos": "Considera trabajos en la rehabilitación y/o mejoramiento de las vialidades urbanas en el muncipio de Pachuca de Soto", "Geometria_tipo": "Línea", "extract": 0.67241185854356922 }, "geometry": { "type": "LineString", "coordinates": [ [ -98.723401192836477, 20.100033167406647 ], [ -98.723277050065064, 20.101090846584746 ], [ -98.723261251926203, 20.101225444035386 ] ] } },
{ "type": "Feature", "properties": { "ID_OBRA": "751_Pachuca de Soto", "No.": 751.0, "Municipio": "Pachuca de Soto", "Rubro": "Vialidades Urbanas", "Ejercicio": 2023.0, "Obra": "Rehabilitación de Circuito 11 de Julio, colonia 11 de Julio; en el municipio de Pachuca de Soto.", "Localidad": "Pachuca de Soto", "Inversión": 4839177.8, "Habitantes.beneficiados": null, "Ejecutora": "DGOPI", "Trabajos": "Considera trabajos en la rehabilitación y/o mejoramiento de las vialidades urbanas en el muncipio de Pachuca de Soto", "Geometria_tipo": "Línea", "extract": 0.67377646689461934 }, "geometry": { "type": "LineString", "coordinates": [ [ -98.723415337377659, 20.101255075017569 ], [ -98.723261251926203, 20.101225444035386 ] ] } },
{ "type": "Feature", "properties": { "ID_OBRA": "751_Pachuca de Soto", "No.": 751.0, "Municipio": "Pachuca de Soto", "Rubro": "Vialidades Urbanas", "Ejercicio": 2023.0, "Obra": "Rehabilitación de Circuito 11 de Julio, colonia 11 de Julio; en el municipio de Pachuca de Soto.", "Localidad": "Pachuca de Soto", "Inversión": 4839177.8, "Habitantes.beneficiados": null, "Ejecutora": "DGOPI", "Trabajos": "Considera trabajos en la rehabilitación y/o mejoramiento de las vialidades urbanas en el muncipio de Pachuca de Soto", "Geometria_tipo": "Línea", "extract": 0.69780191486117515 }, "geometry": { "type": "LineString", "coordinates": [ [ -98.720368443530504, 20.103416485414982 ], [ -98.720208602591754, 20.103351365338852 ], [ -98.720098384074021, 20.103322817742015 ] ] } },
{ "type": "Feature", "properties": { "ID_OBRA": "751_Pachuca de Soto", "No.": 751.0, "Municipio": "Pachuca de Soto", "Rubro": "Vialidades Urbanas", "Ejercicio": 2023.0, "Obra": "Rehabilitación de Circuito 11 de Julio, colonia 11 de Julio; en el municipio de Pachuca de Soto.", "Localidad": "Pachuca de Soto", "Inversión": 4839177.8, "Habitantes.beneficiados": null, "Ejecutora": "DGOPI", "Trabajos": "Considera trabajos en la rehabilitación y/o mejoramiento de las vialidades urbanas en el muncipio de Pachuca de Soto", "Geometria_tipo": "Línea", "extract": 0.6929663618223767 }, "geometry": { "type": "LineString", "coordinates": [ [ -98.720776628801218, 20.104197359452847 ], [ -98.720673737848912, 20.10408805286216 ], [ -98.720422467269458, 20.103519838332137 ], [ -98.720368443530504, 20.103416485414982 ] ] } },
{ "type": "Feature", "properties": { "ID_OBRA": "751_Pachuca de Soto", "No.": 751.0, "Municipio": "Pachuca de Soto", "Rubro": "Vialidades Urbanas", "Ejercicio": 2023.0, "Obra": "Rehabilitación de Circuito 11 de Julio, colonia 11 de Julio; en el municipio de Pachuca de Soto.", "Localidad": "Pachuca de Soto", "Inversión": 4839177.8, "Habitantes.beneficiados": null, "Ejecutora": "DGOPI", "Trabajos": "Considera trabajos en la rehabilitación y/o mejoramiento de las vialidades urbanas en el muncipio de Pachuca de Soto", "Geometria_tipo": "Línea", "extract": 0.68834022885527657 }, "geometry": { "type": "LineString", "coordinates": [ [ -98.723261251926203, 20.101225444035386 ], [ -98.723106006597689, 20.101195588801303 ], [ -98.723075750857575, 20.101190744750703 ], [ -98.722879566742165, 20.101159338567847 ], [ -98.722624297135823, 20.101118474781579 ], [ -98.722475168141443, 20.101108853206568 ], [ -98.72243988778682, 20.101106577452775 ], [ -98.722205869543487, 20.101102699459489 ], [ -98.722041795125904, 20.101114148805909 ], [ -98.72200081682594, 20.101124658774964 ], [ -98.721949876977718, 20.101137724828508 ], [ -98.721864822213661, 20.101166200368308 ], [ -98.721781411358279, 20.101198162933986 ], [ -98.721748265720123, 20.101215581851282 ], [ -98.721656726908861, 20.101276686011488 ], [ -98.721582380792441, 20.101356101708106 ], [ -98.72153109157064, 20.10141088771811 ], [ -98.721506636682392, 20.101459518828094 ], [ -98.721426394891637, 20.101661207104389 ], [ -98.721401649393314, 20.101769709989334 ], [ -98.721386421327267, 20.101883923602923 ], [ -98.721353690244015, 20.10219675719372 ], [ -98.721306681538948, 20.10264603836735 ], [ -98.721304976754013, 20.102662335716229 ], [ -98.721274411034528, 20.102900594437632 ], [ -98.721233643019801, 20.103218373599049 ], [ -98.721203814023511, 20.10340077071201 ], [ -98.721167717411404, 20.103621490746331 ], [ -98.721128486598403, 20.103717061129966 ], [ -98.721111532875497, 20.103747846090506 ], [ -98.721092319098148, 20.103782733662683 ], [ -98.720995236693938, 20.10390932161912 ], [ -98.720928427986507, 20.104004353145978 ], [ -98.720847982927523, 20.10411340398668 ] ] } },
{ "type": "Feature", "properties": { "ID_OBRA": "751_Pachuca de Soto", "No.": 751.0, "Municipio": "Pachuca de Soto", "Rubro": "Vialidades Urbanas", "Ejercicio": 2023.0, "Obra": "Rehabilitación de Circuito 11 de Julio, colonia 11 de Julio; en el municipio de Pachuca de Soto.", "Localidad": "Pachuca de Soto", "Inversión": 4839177.8, "Habitantes.beneficiados": null, "Ejecutora": "DGOPI", "Trabajos": "Considera trabajos en la rehabilitación y/o mejoramiento de las vialidades urbanas en el muncipio de Pachuca de Soto", "Geometria_tipo": "Línea", "extract": 0.6929663618223767 }, "geometry": { "type": "LineString", "coordinates": [ [ -98.720368443530504, 20.103416485414982 ], [ -98.720471008281706, 20.103461302685783 ], [ -98.720575227705282, 20.10368687601299 ], [ -98.720758833228885, 20.104051171332948 ], [ -98.720847982927523, 20.10411340398668 ] ] } },
{ "type": "Feature", "properties": { "ID_OBRA": "751_Pachuca de Soto", "No.": 751.0, "Municipio": "Pachuca de Soto", "Rubro": "Vialidades Urbanas", "Ejercicio": 2023.0, "Obra": "Rehabilitación de Circuito 11 de Julio, colonia 11 de Julio; en el municipio de Pachuca de Soto.", "Localidad": "Pachuca de Soto", "Inversión": 4839177.8, "Habitantes.beneficiados": null, "Ejecutora": "DGOPI", "Trabajos": "Considera trabajos en la rehabilitación y/o mejoramiento de las vialidades urbanas en el muncipio de Pachuca de Soto", "Geometria_tipo": "Línea", "extract": 0.69101363645530423 }, "geometry": { "type": "LineString", "coordinates": [ [ -98.720847982927523, 20.10411340398668 ], [ -98.720776628801218, 20.104197359452847 ] ] } },
{ "type": "Feature", "properties": { "ID_OBRA": "751_Pachuca de Soto", "No.": 751.0, "Municipio": "Pachuca de Soto", "Rubro": "Vialidades Urbanas", "Ejercicio": 2023.0, "Obra": "Rehabilitación de Circuito 11 de Julio, colonia 11 de Julio; en el municipio de Pachuca de Soto.", "Localidad": "Pachuca de Soto", "Inversión": 4839177.8, "Habitantes.beneficiados": null, "Ejecutora": "DGOPI", "Trabajos": "Considera trabajos en la rehabilitación y/o mejoramiento de las vialidades urbanas en el muncipio de Pachuca de Soto", "Geometria_tipo": "Línea", "extract": 0.67050646630384492 }, "geometry": { "type": "LineString", "coordinates": [ [ -98.720847982927523, 20.10411340398668 ], [ -98.72089402671547, 20.104136662672847 ], [ -98.720922154185828, 20.104150870970592 ], [ -98.721219345733999, 20.104337952605974 ], [ -98.721307580897431, 20.104407421820365 ], [ -98.722695445059145, 20.105370996184579 ], [ -98.722934236216815, 20.10553699136965 ], [ -98.723468174834011, 20.105908159199654 ], [ -98.723532753104664, 20.10594544559423 ], [ -98.723597974793833, 20.105973701895792 ], [ -98.723646544641511, 20.105988435177537 ], [ -98.72373360392649, 20.10600082771786 ], [ -98.723809731840419, 20.106002437922577 ], [ -98.723851535303552, 20.105996082921269 ], [ -98.723740741942876, 20.106123607871041 ], [ -98.723667931079206, 20.106129318780827 ], [ -98.723603685287756, 20.106122181428656 ], [ -98.723529446238089, 20.106097909650593 ], [ -98.72308760984626, 20.105804010386862 ], [ -98.72292810481909, 20.105691121829334 ], [ -98.722691756675275, 20.105515311415939 ], [ -98.722430321175707, 20.105331347351637 ], [ -98.722280890742155, 20.105229505819239 ], [ -98.722222222449929, 20.105190882738786 ], [ -98.721996871460249, 20.105022418217231 ], [ -98.721740923597281, 20.104850964684417 ], [ -98.721304771267597, 20.104542053997061 ], [ -98.721174852194721, 20.104456394189047 ], [ -98.720953799326679, 20.10429988229134 ], [ -98.720877330308866, 20.10425104557677 ], [ -98.720776628801218, 20.104197359452847 ] ] } },
{ "type": "Feature", "properties": { "ID_OBRA": "752_Pachuca de Soto", "No.": 752.0, "Municipio": "Pachuca de Soto", "Rubro": "Vialidades Urbanas", "Ejercicio": 2023.0, "Obra": "Reconstrucción de carpeta asfáltica Av. Ayuntamiento y Prolongación Ayuntamiento, en fraccionamiento Colosio, en el municipio de Pachuca de Soto.", "Localidad": "Pachuca de Soto", "Inversión": 7409411.87, "Habitantes.beneficiados": null, "Ejecutora": "DGIVC", "Trabajos": "Se realizan los siguientes trabajos: trazo y nivelación de plazas, suministro y aplicación de carpeta asfáltica compactado,  en el municipio de Pachuca de Soto", "Geometria_tipo": "Línea", "extract": 0.47166362026313874 }, "geometry": { "type": "LineString", "coordinates": [ [ -98.786973924369306, 20.119888863829061 ], [ -98.78687874841637, 20.119823860302926 ], [ -98.786779621220845, 20.119756157258347 ], [ -98.785731605431607, 20.118901739352811 ], [ -98.785620348253133, 20.118811034727276 ], [ -98.784889778829807, 20.118239274787808 ], [ -98.784884695653417, 20.11823529703744 ], [ -98.783676597995438, 20.117245047906625 ], [ -98.78335964936538, 20.11700288045677 ] ] } },
{ "type": "Feature", "properties": { "ID_OBRA": "752_Pachuca de Soto", "No.": 752.0, "Municipio": "Pachuca de Soto", "Rubro": "Vialidades Urbanas", "Ejercicio": 2023.0, "Obra": "Reconstrucción de carpeta asfáltica Av. Ayuntamiento y Prolongación Ayuntamiento, en fraccionamiento Colosio, en el municipio de Pachuca de Soto.", "Localidad": "Pachuca de Soto", "Inversión": 7409411.87, "Habitantes.beneficiados": null, "Ejecutora": "DGIVC", "Trabajos": "Se realizan los siguientes trabajos: trazo y nivelación de plazas, suministro y aplicación de carpeta asfáltica compactado,  en el municipio de Pachuca de Soto", "Geometria_tipo": "Línea", "extract": 0.44101658550410766 }, "geometry": { "type": "LineString", "coordinates": [ [ -98.788784582648844, 20.1203099468595 ], [ -98.788624919919087, 20.120302240776581 ], [ -98.787973159010406, 20.120273927655301 ], [ -98.787728339269506, 20.120259409637978 ], [ -98.787611270024286, 20.120252271698263 ], [ -98.787517042958441, 20.120242277653762 ], [ -98.787470150003202, 20.120231220989638 ], [ -98.787288614615065, 20.120103794137638 ], [ -98.786973924369306, 20.119888863829061 ] ] } },
{ "type": "Feature", "properties": { "ID_OBRA": "752_Pachuca de Soto", "No.": 752.0, "Municipio": "Pachuca de Soto", "Rubro": "Vialidades Urbanas", "Ejercicio": 2023.0, "Obra": "Reconstrucción de carpeta asfáltica Av. Ayuntamiento y Prolongación Ayuntamiento, en fraccionamiento Colosio, en el municipio de Pachuca de Soto.", "Localidad": "Pachuca de Soto", "Inversión": 7409411.87, "Habitantes.beneficiados": null, "Ejecutora": "DGIVC", "Trabajos": "Se realizan los siguientes trabajos: trazo y nivelación de plazas, suministro y aplicación de carpeta asfáltica compactado,  en el municipio de Pachuca de Soto", "Geometria_tipo": "Línea", "extract": 0.44038063668081084 }, "geometry": { "type": "LineString", "coordinates": [ [ -98.786973924369306, 20.119888863829061 ], [ -98.787158222407612, 20.119919958731465 ], [ -98.787368027599058, 20.11995982432046 ], [ -98.787725170477756, 20.120039756082775 ], [ -98.788104174417043, 20.12012668416445 ], [ -98.788473434849706, 20.120208599840797 ], [ -98.788784582648844, 20.1203099468595 ] ] } },
{ "type": "Feature", "properties": { "ID_OBRA": "752_Pachuca de Soto", "No.": 752.0, "Municipio": "Pachuca de Soto", "Rubro": "Vialidades Urbanas", "Ejercicio": 2023.0, "Obra": "Reconstrucción de carpeta asfáltica Av. Ayuntamiento y Prolongación Ayuntamiento, en fraccionamiento Colosio, en el municipio de Pachuca de Soto.", "Localidad": "Pachuca de Soto", "Inversión": 7409411.87, "Habitantes.beneficiados": null, "Ejecutora": "DGIVC", "Trabajos": "Se realizan los siguientes trabajos: trazo y nivelación de plazas, suministro y aplicación de carpeta asfáltica compactado,  en el municipio de Pachuca de Soto", "Geometria_tipo": "Línea", "extract": 0.42354382718987216 }, "geometry": { "type": "LineString", "coordinates": [ [ -98.790383175780619, 20.120102063462749 ], [ -98.789347536035521, 20.120249181872808 ], [ -98.788822438693799, 20.12031177420036 ], [ -98.788784582648844, 20.1203099468595 ] ] } },
{ "type": "Feature", "properties": { "ID_OBRA": "753_Pachuca de Soto", "No.": 753.0, "Municipio": "Pachuca de Soto", "Rubro": "Vialidades Urbanas", "Ejercicio": 2023.0, "Obra": "Reconstrucción de carpeta asfáltica Av. Piracantos (2 Cuerpos), en fraccionamiento Piracantos, en el municipio de Pachuca de Soto.", "Localidad": "Pachuca de Soto", "Inversión": 9173715.19, "Habitantes.beneficiados": null, "Ejecutora": "DGIVC", "Trabajos": "Se realizan los siguientes trabajos: trazo y nivelación de plazas, suministro y aplicación de carpeta asfáltica compactado,  en el municipio de Pachuca de Soto", "Geometria_tipo": "Línea", "extract": 0.53825120048964725 }, "geometry": { "type": "LineString", "coordinates": [ [ -98.775907734311076, 20.123301895392217 ], [ -98.775934939730007, 20.122689194968636 ], [ -98.775936761879436, 20.122523566186903 ], [ -98.775899584994292, 20.122395980345509 ], [ -98.775873959807114, 20.122362180143174 ], [ -98.775680813951297, 20.122107416695073 ], [ -98.775657048334224, 20.122069177381686 ], [ -98.775453741951978, 20.121742057160763 ], [ -98.775379574284869, 20.121622721417491 ], [ -98.775259502221701, 20.121441003228551 ], [ -98.775118255614629, 20.121225211993703 ], [ -98.774688431270377, 20.120565362148557 ], [ -98.774669141414378, 20.120515205644629 ], [ -98.774641464596385, 20.120120805152265 ], [ -98.774634331585219, 20.119967109364005 ], [ -98.774603631767391, 20.119305601929533 ], [ -98.774597748023027, 20.119136712826371 ], [ -98.774579360849813, 20.118608894596306 ], [ -98.774567836321651, 20.118378715343635 ], [ -98.774554377243604, 20.118109923297954 ], [ -98.774552700190057, 20.118019774696847 ], [ -98.774545388705107, 20.117626864936081 ], [ -98.774544846868991, 20.117597734135114 ], [ -98.774525859477336, 20.117378172255204 ], [ -98.774500473578854, 20.11719352289548 ], [ -98.774477997098003, 20.117034167744041 ], [ -98.774443018301426, 20.116118312824426 ], [ -98.77444021498296, 20.115930286448403 ], [ -98.774435880371684, 20.115822785218249 ], [ -98.774412323449326, 20.115052552890237 ], [ -98.774411646706511, 20.114994089373479 ], [ -98.7743916601693, 20.114931270858648 ], [ -98.774367651987149, 20.114896364612985 ], [ -98.774328841922582, 20.114847037928349 ], [ -98.773864808753856, 20.114470774792149 ], [ -98.773306451869288, 20.11402621593875 ], [ -98.773243872169928, 20.113966967091869 ], [ -98.773018050418955, 20.113764862278934 ], [ -98.772994255095526, 20.113693478408294 ], [ -98.772990367616572, 20.113671991794977 ], [ -98.772913477322163, 20.113246906281816 ] ] } },
{ "type": "Feature", "properties": { "ID_OBRA": "753_Pachuca de Soto", "No.": 753.0, "Municipio": "Pachuca de Soto", "Rubro": "Vialidades Urbanas", "Ejercicio": 2023.0, "Obra": "Reconstrucción de carpeta asfáltica Av. Piracantos (2 Cuerpos), en fraccionamiento Piracantos, en el municipio de Pachuca de Soto.", "Localidad": "Pachuca de Soto", "Inversión": 9173715.19, "Habitantes.beneficiados": null, "Ejecutora": "DGIVC", "Trabajos": "Se realizan los siguientes trabajos: trazo y nivelación de plazas, suministro y aplicación de carpeta asfáltica compactado,  en el municipio de Pachuca de Soto", "Geometria_tipo": "Línea", "extract": 0.53684122228411546 }, "geometry": { "type": "LineString", "coordinates": [ [ -98.773078740211233, 20.113221230245465 ], [ -98.773139565784007, 20.113605833117656 ], [ -98.773145298446977, 20.113642078734941 ], [ -98.773179562322724, 20.113677770958805 ], [ -98.773259290135755, 20.113741563747272 ], [ -98.773503834007911, 20.113946319212143 ], [ -98.77446875422342, 20.114754239256577 ], [ -98.774533000450148, 20.114811346338481 ], [ -98.774559941235395, 20.114854654849811 ], [ -98.774575830224052, 20.114895578953689 ], [ -98.774589485832152, 20.114978283250377 ], [ -98.774588641126556, 20.115058408968995 ], [ -98.774591137313095, 20.115124360661248 ], [ -98.774605816540372, 20.115512338779681 ], [ -98.774618324174114, 20.115842880718404 ], [ -98.774621806642713, 20.115934930220394 ], [ -98.774646194455272, 20.116366241764588 ], [ -98.774660024938584, 20.116610861651619 ], [ -98.774680122713093, 20.117180804989722 ], [ -98.774684625840294, 20.11738254642087 ], [ -98.774686436667039, 20.117468182363229 ], [ -98.774690577289519, 20.117569661387805 ], [ -98.77469183516348, 20.117600508233892 ], [ -98.774711420735102, 20.118080655011653 ], [ -98.77473508294284, 20.118707080111381 ], [ -98.774738415061606, 20.118795304234155 ], [ -98.774739974641875, 20.118836610321768 ], [ -98.77475639352825, 20.119305601927874 ], [ -98.774776736563979, 20.119810889154209 ], [ -98.774792359543895, 20.120237855391601 ], [ -98.774826439750072, 20.12041783484193 ], [ -98.774874029269256, 20.120560602909585 ], [ -98.775126251805233, 20.120946075321712 ], [ -98.775150165363115, 20.120981003919898 ], [ -98.775363233047656, 20.121292230874406 ], [ -98.775457479321219, 20.121487696789785 ], [ -98.776101830668097, 20.12244989517205 ], [ -98.776101830576962, 20.123317036854164 ] ] } },
{ "type": "Feature", "properties": { "ID_OBRA": "755_Pachuca de Soto", "No.": 755.0, "Municipio": "Pachuca de Soto", "Rubro": "Vialidades Urbanas", "Ejercicio": 2023.0, "Obra": "Rehabilitación de acceso a fraccionamiento Bosques del Peñar en el municipio de Pachuca de Soto", "Localidad": "Pachuca de Soto", "Inversión": 8278807.6, "Habitantes.beneficiados": null, "Ejecutora": "DGOPI", "Trabajos": "Considera trabajos en la rehabilitación y/o mejoramiento de las vialidades urbanas en el muncipio de Pachuca de Soto", "Geometria_tipo": "Línea", "extract": 0.48432116657847346 }, "geometry": { "type": "LineString", "coordinates": [ [ -98.741829907884224, 20.089409735940546 ], [ -98.741787249748896, 20.089056405908892 ], [ -98.741749035536259, 20.088572437664006 ], [ -98.741721304010042, 20.088208009066701 ], [ -98.741706302991531, 20.087986943711378 ], [ -98.741656712633684, 20.087851936822549 ], [ -98.741607824934917, 20.087763293758304 ], [ -98.741523479887078, 20.087679905029351 ], [ -98.741407710048975, 20.087624557578813 ], [ -98.741264942908572, 20.087569353937454 ], [ -98.741165593310001, 20.087532136880252 ], [ -98.741019382077923, 20.087464658194889 ], [ -98.740884816018806, 20.08736652740517 ], [ -98.740812606773176, 20.087291195042106 ], [ -98.740782233380983, 20.087255635996783 ] ] } },
{ "type": "Feature", "properties": { "ID_OBRA": "755_Pachuca de Soto", "No.": 755.0, "Municipio": "Pachuca de Soto", "Rubro": "Vialidades Urbanas", "Ejercicio": 2023.0, "Obra": "Rehabilitación de acceso a fraccionamiento Bosques del Peñar en el municipio de Pachuca de Soto", "Localidad": "Pachuca de Soto", "Inversión": 8278807.6, "Habitantes.beneficiados": null, "Ejecutora": "DGOPI", "Trabajos": "Considera trabajos en la rehabilitación y/o mejoramiento de las vialidades urbanas en el muncipio de Pachuca de Soto", "Geometria_tipo": "Línea", "extract": 0.46946054870064152 }, "geometry": { "type": "LineString", "coordinates": [ [ -98.741337728355717, 20.089584109127511 ], [ -98.741400825569244, 20.089561912058272 ], [ -98.741456834281109, 20.089555328740403 ], [ -98.741554713974665, 20.089562881992617 ], [ -98.741599900940741, 20.089571919593563 ], [ -98.74166533711275, 20.089560022070593 ], [ -98.741718873982109, 20.089527305033052 ], [ -98.741829907884224, 20.089409735940546 ] ] } },
{ "type": "Feature", "properties": { "ID_OBRA": "755_Pachuca de Soto", "No.": 755.0, "Municipio": "Pachuca de Soto", "Rubro": "Vialidades Urbanas", "Ejercicio": 2023.0, "Obra": "Rehabilitación de acceso a fraccionamiento Bosques del Peñar en el municipio de Pachuca de Soto", "Localidad": "Pachuca de Soto", "Inversión": 8278807.6, "Habitantes.beneficiados": null, "Ejecutora": "DGOPI", "Trabajos": "Considera trabajos en la rehabilitación y/o mejoramiento de las vialidades urbanas en el muncipio de Pachuca de Soto", "Geometria_tipo": "Línea", "extract": 0.46763527131991722 }, "geometry": { "type": "LineString", "coordinates": [ [ -98.741884111869282, 20.08970548310679 ], [ -98.741829907884224, 20.089409735940546 ] ] } },
{ "type": "Feature", "properties": { "ID_OBRA": "755_Pachuca de Soto", "No.": 755.0, "Municipio": "Pachuca de Soto", "Rubro": "Vialidades Urbanas", "Ejercicio": 2023.0, "Obra": "Rehabilitación de acceso a fraccionamiento Bosques del Peñar en el municipio de Pachuca de Soto", "Localidad": "Pachuca de Soto", "Inversión": 8278807.6, "Habitantes.beneficiados": null, "Ejecutora": "DGOPI", "Trabajos": "Considera trabajos en la rehabilitación y/o mejoramiento de las vialidades urbanas en el muncipio de Pachuca de Soto", "Geometria_tipo": "Línea", "extract": 0.47635111064939323 }, "geometry": { "type": "LineString", "coordinates": [ [ -98.740524717743327, 20.08927920578822 ], [ -98.740573759348791, 20.089339921978496 ], [ -98.740639194367418, 20.08940833244014 ], [ -98.740720982221987, 20.089468423467885 ], [ -98.740828057530535, 20.089524935161119 ], [ -98.740924728574925, 20.089565970931282 ], [ -98.741008010293271, 20.089583817356321 ], [ -98.74113888052652, 20.08959571428958 ], [ -98.741248930930837, 20.089592739928818 ], [ -98.741337728355717, 20.089584109127511 ] ] } },
{ "type": "Feature", "properties": { "ID_OBRA": "755_Pachuca de Soto", "No.": 755.0, "Municipio": "Pachuca de Soto", "Rubro": "Vialidades Urbanas", "Ejercicio": 2023.0, "Obra": "Rehabilitación de acceso a fraccionamiento Bosques del Peñar en el municipio de Pachuca de Soto", "Localidad": "Pachuca de Soto", "Inversión": 8278807.6, "Habitantes.beneficiados": null, "Ejecutora": "DGOPI", "Trabajos": "Considera trabajos en la rehabilitación y/o mejoramiento de las vialidades urbanas en el muncipio de Pachuca de Soto", "Geometria_tipo": "Línea", "extract": 0.46693552484237238 }, "geometry": { "type": "LineString", "coordinates": [ [ -98.741884111869282, 20.08970548310679 ], [ -98.741778512200241, 20.089670999837754 ], [ -98.741712060034601, 20.089656138761587 ], [ -98.741647629671988, 20.08965252928682 ], [ -98.741590058714166, 20.089661007145281 ], [ -98.741549932849239, 20.089691488257269 ] ] } },
{ "type": "Feature", "properties": { "ID_OBRA": "755_Pachuca de Soto", "No.": 755.0, "Municipio": "Pachuca de Soto", "Rubro": "Vialidades Urbanas", "Ejercicio": 2023.0, "Obra": "Rehabilitación de acceso a fraccionamiento Bosques del Peñar en el municipio de Pachuca de Soto", "Localidad": "Pachuca de Soto", "Inversión": 8278807.6, "Habitantes.beneficiados": null, "Ejecutora": "DGOPI", "Trabajos": "Considera trabajos en la rehabilitación y/o mejoramiento de las vialidades urbanas en el muncipio de Pachuca de Soto", "Geometria_tipo": "Línea", "extract": 0.47233433645076084 }, "geometry": { "type": "LineString", "coordinates": [ [ -98.742028468289448, 20.090500221597015 ], [ -98.741943577960797, 20.090084673991626 ], [ -98.741884111869282, 20.08970548310679 ] ] } },
{ "type": "Feature", "properties": { "ID_OBRA": "755_Pachuca de Soto", "No.": 755.0, "Municipio": "Pachuca de Soto", "Rubro": "Vialidades Urbanas", "Ejercicio": 2023.0, "Obra": "Rehabilitación de acceso a fraccionamiento Bosques del Peñar en el municipio de Pachuca de Soto", "Localidad": "Pachuca de Soto", "Inversión": 8278807.6, "Habitantes.beneficiados": null, "Ejecutora": "DGOPI", "Trabajos": "Considera trabajos en la rehabilitación y/o mejoramiento de las vialidades urbanas en el muncipio de Pachuca de Soto", "Geometria_tipo": "Línea", "extract": 0.47311110346209001 }, "geometry": { "type": "LineString", "coordinates": [ [ -98.741337728355717, 20.089584109127511 ], [ -98.741362177068709, 20.089715626398025 ] ] } },
{ "type": "Feature", "properties": { "ID_OBRA": "755_Pachuca de Soto", "No.": 755.0, "Municipio": "Pachuca de Soto", "Rubro": "Vialidades Urbanas", "Ejercicio": 2023.0, "Obra": "Rehabilitación de acceso a fraccionamiento Bosques del Peñar en el municipio de Pachuca de Soto", "Localidad": "Pachuca de Soto", "Inversión": 8278807.6, "Habitantes.beneficiados": null, "Ejecutora": "DGOPI", "Trabajos": "Considera trabajos en la rehabilitación y/o mejoramiento de las vialidades urbanas en el muncipio de Pachuca de Soto", "Geometria_tipo": "Línea", "extract": 0.4700233141522312 }, "geometry": { "type": "LineString", "coordinates": [ [ -98.741475064086515, 20.089720523251987 ], [ -98.741441752635225, 20.089727522963489 ], [ -98.741362177068709, 20.089715626398025 ] ] } },
{ "type": "Feature", "properties": { "ID_OBRA": "755_Pachuca de Soto", "No.": 755.0, "Municipio": "Pachuca de Soto", "Rubro": "Vialidades Urbanas", "Ejercicio": 2023.0, "Obra": "Rehabilitación de acceso a fraccionamiento Bosques del Peñar en el municipio de Pachuca de Soto", "Localidad": "Pachuca de Soto", "Inversión": 8278807.6, "Habitantes.beneficiados": null, "Ejecutora": "DGOPI", "Trabajos": "Considera trabajos en la rehabilitación y/o mejoramiento de las vialidades urbanas en el muncipio de Pachuca de Soto", "Geometria_tipo": "Línea", "extract": 0.47513099003273185 }, "geometry": { "type": "LineString", "coordinates": [ [ -98.741362177068709, 20.089715626398025 ], [ -98.74132269390627, 20.089712902780672 ], [ -98.741132423382979, 20.089726570887823 ], [ -98.741022882134388, 20.089745024586914 ], [ -98.74079088470198, 20.089784286715545 ], [ -98.740626702443592, 20.089809271062418 ], [ -98.74040303226144, 20.089847342150652 ], [ -98.740304951568888, 20.089865917980006 ] ] } },
{ "type": "Feature", "properties": { "ID_OBRA": "755_Pachuca de Soto", "No.": 755.0, "Municipio": "Pachuca de Soto", "Rubro": "Vialidades Urbanas", "Ejercicio": 2023.0, "Obra": "Rehabilitación de acceso a fraccionamiento Bosques del Peñar en el municipio de Pachuca de Soto", "Localidad": "Pachuca de Soto", "Inversión": 8278807.6, "Habitantes.beneficiados": null, "Ejecutora": "DGOPI", "Trabajos": "Considera trabajos en la rehabilitación y/o mejoramiento de las vialidades urbanas en el muncipio de Pachuca de Soto", "Geometria_tipo": "Línea", "extract": 0.47856146816298512 }, "geometry": { "type": "LineString", "coordinates": [ [ -98.740900650195528, 20.087247632639368 ], [ -98.740959419716205, 20.087318321259815 ], [ -98.74106007722682, 20.087395364330206 ], [ -98.741193194693437, 20.087455993982925 ], [ -98.741330042661787, 20.087506097830765 ], [ -98.741466590276062, 20.087555680629261 ], [ -98.741600165032736, 20.087632773393679 ], [ -98.741691777633392, 20.087730715203207 ], [ -98.741735711890442, 20.087800539659153 ], [ -98.741786521129839, 20.087971006741977 ], [ -98.741809362535889, 20.088210856943277 ], [ -98.741842311982367, 20.088575293157678 ], [ -98.741873683911891, 20.089037484195881 ], [ -98.741899559689017, 20.089255689084549 ], [ -98.741986919598062, 20.089734666828576 ], [ -98.742050751898375, 20.090145736789903 ], [ -98.742115043537922, 20.090454006060188 ] ] } },
{ "type": "Feature", "properties": { "ID_OBRA": "756_Pachuca de Soto", "No.": 756.0, "Municipio": "Pachuca de Soto", "Rubro": "Vialidades Urbanas", "Ejercicio": 2023.0, "Obra": "Rehabilitación de calle principal colonia Santa Julia; en el municipio de Pachuca de Soto", "Localidad": "Pachuca de Soto", "Inversión": 4928798.79, "Habitantes.beneficiados": null, "Ejecutora": "DGOPI", "Trabajos": "Considera los trabajos de preliminares, piso para pavimento de concreto hidráulico.", "Geometria_tipo": "Línea", "extract": 0.56811019576603017 }, "geometry": { "type": "LineString", "coordinates": [ [ -98.752644842836816, 20.11329021003823 ], [ -98.752531361686039, 20.113276161750935 ], [ -98.752272000835291, 20.113126256129341 ], [ -98.752064988183079, 20.112995385925139 ], [ -98.751767555338802, 20.112812167179769 ], [ -98.751546160030628, 20.112682665040069 ], [ -98.75142654056387, 20.112611698183194 ], [ -98.751339452877986, 20.112551735681638 ] ] } },
{ "type": "Feature", "properties": { "ID_OBRA": "756_Pachuca de Soto", "No.": 756.0, "Municipio": "Pachuca de Soto", "Rubro": "Vialidades Urbanas", "Ejercicio": 2023.0, "Obra": "Rehabilitación de calle principal colonia Santa Julia; en el municipio de Pachuca de Soto", "Localidad": "Pachuca de Soto", "Inversión": 4928798.79, "Habitantes.beneficiados": null, "Ejecutora": "DGOPI", "Trabajos": "Considera los trabajos de preliminares, piso para pavimento de concreto hidráulico.", "Geometria_tipo": "Línea", "extract": 0.56811019576603017 }, "geometry": { "type": "LineString", "coordinates": [ [ -98.751414833636986, 20.112491414798942 ], [ -98.751649449674304, 20.112643224264627 ], [ -98.752030162943583, 20.112871651574714 ], [ -98.752284765121118, 20.113026792945828 ], [ -98.752489399166109, 20.113141007078951 ], [ -98.752587208817729, 20.113205852925777 ], [ -98.752644842836816, 20.11329021003823 ] ] } },
{ "type": "Feature", "properties": { "ID_OBRA": "756_Pachuca de Soto", "No.": 756.0, "Municipio": "Pachuca de Soto", "Rubro": "Vialidades Urbanas", "Ejercicio": 2023.0, "Obra": "Rehabilitación de calle principal colonia Santa Julia; en el municipio de Pachuca de Soto", "Localidad": "Pachuca de Soto", "Inversión": 4928798.79, "Habitantes.beneficiados": null, "Ejecutora": "DGOPI", "Trabajos": "Considera los trabajos de preliminares, piso para pavimento de concreto hidráulico.", "Geometria_tipo": "Línea", "extract": 0.60682123798413556 }, "geometry": { "type": "LineString", "coordinates": [ [ -98.752644842836816, 20.11329021003823 ], [ -98.752695370416035, 20.113308503909423 ], [ -98.752744002038114, 20.11332611194852 ], [ -98.752834908898322, 20.113365238213419 ], [ -98.752988114159862, 20.113423865718723 ], [ -98.753232226628029, 20.113515492400747 ], [ -98.753529068989067, 20.113637273164063 ], [ -98.753654316389941, 20.113714290079429 ], [ -98.753778965076691, 20.113744815043614 ], [ -98.754348099865723, 20.11385933034277 ], [ -98.7554021242712, 20.114071409049707 ], [ -98.756470053441376, 20.114292975456923 ], [ -98.757571237057405, 20.114529014242457 ], [ -98.757651331095772, 20.114546181626221 ], [ -98.759224682858701, 20.114879044673192 ], [ -98.759616620752141, 20.114955418188146 ] ] } },
{ "type": "Feature", "properties": { "ID_OBRA": "757_Pachuca de Soto", "No.": 757.0, "Municipio": "Pachuca de Soto", "Rubro": "Vialidades Urbanas", "Ejercicio": 2023.0, "Obra": "Rehabilitación de carpeta asfáltica de 1.70 km de calle Plan de San Luis del km 0+000 al km. 1+700 en la col. 20 de Noviembre en el municipio de Pachuca de Soto", "Localidad": "Pachuca de Soto", "Inversión": 2705701.14, "Habitantes.beneficiados": null, "Ejecutora": "DGIVC", "Trabajos": "Se realizan los siguientes trabajos: trazo y nivelación de plazas, suministro y aplicación de carpeta asfáltica compactado.", "Geometria_tipo": "Línea", "extract": 0.50754105441538744 }, "geometry": { "type": "LineString", "coordinates": [ [ -98.769012195659911, 20.133404723569019 ], [ -98.768947409601935, 20.132816688975332 ], [ -98.76892906904358, 20.132622800455447 ], [ -98.768880784768669, 20.13211236936554 ], [ -98.768871665090941, 20.131948835666808 ], [ -98.768865261847182, 20.131834010440059 ], [ -98.76885443908543, 20.131639934755455 ], [ -98.768786796295302, 20.131180810026326 ], [ -98.768621423917438, 20.129884003684186 ], [ -98.768441775268769, 20.128471793000386 ], [ -98.768269263241478, 20.127365344062277 ], [ -98.768157344579052, 20.126748190891128 ], [ -98.768061060850656, 20.12621725376799 ], [ -98.76792222697074, 20.125443944917642 ], [ -98.767792181655224, 20.12482764860113 ], [ -98.7677337116194, 20.1245663858919 ] ] } },
{ "type": "Feature", "properties": { "ID_OBRA": "758_Pachuca de Soto", "No.": 758.0, "Municipio": "Pachuca de Soto", "Rubro": "Vialidades Urbanas", "Ejercicio": 2023.0, "Obra": "Rehabilitación de Av. Ayuntamiento en fraccionamiento Colosio; municipio de Pachuca de Soto", "Localidad": "Pachuca de Soto", "Inversión": 2422257.71, "Habitantes.beneficiados": null, "Ejecutora": "DGIVC", "Trabajos": "Considera trabajos en la rehabilitación y/o mejoramiento de las vialidades urbanas en el muncipio de Pachuca de Soto", "Geometria_tipo": "Línea", "extract": 0.44032435955773247 }, "geometry": { "type": "LineString", "coordinates": [ [ -98.801069142925485, 20.12149000527441 ], [ -98.800989623452637, 20.12139388984173 ], [ -98.80080229337193, 20.121088120955541 ], [ -98.80070232356664, 20.120924948458001 ], [ -98.800657688039607, 20.120812112257319 ], [ -98.800626940408236, 20.120749582709163 ], [ -98.800462671623421, 20.120415525384594 ], [ -98.80037453152417, 20.120236281972023 ], [ -98.800316234857732, 20.120125636932681 ], [ -98.800295823528344, 20.120100896215131 ], [ -98.800276974004859, 20.12007804770484 ], [ -98.800178841716061, 20.119984584725476 ], [ -98.799773734067429, 20.119612292141408 ], [ -98.799532580975381, 20.119390672125082 ], [ -98.799318050527958, 20.119180991312103 ], [ -98.799224144823654, 20.119156699069389 ], [ -98.799123312529971, 20.119131787114195 ], [ -98.798861779770917, 20.11907403569198 ], [ -98.798667269395281, 20.119031085429789 ], [ -98.798607607433325, 20.119017468844255 ], [ -98.798380543744059, 20.118965649692246 ], [ -98.798284175443783, 20.118963270416327 ], [ -98.798097289891672, 20.118986162939215 ], [ -98.79785111332319, 20.119023947272577 ], [ -98.797204578807197, 20.119116994129808 ], [ -98.79713909542167, 20.119126418006196 ], [ -98.796982749560755, 20.119148918853398 ], [ -98.796433945831581, 20.119230983029507 ], [ -98.796066182069069, 20.119285974590465 ], [ -98.795963820037045, 20.119301221887664 ], [ -98.794937766271261, 20.119454051116655 ], [ -98.794877976579912, 20.119462956653528 ], [ -98.794615163095287, 20.11949813898363 ], [ -98.794450886189736, 20.119520130429922 ], [ -98.79433012733206, 20.119536295129709 ], [ -98.794021825871454, 20.119584452371289 ], [ -98.79377247865726, 20.11961947205501 ], [ -98.793443064128468, 20.11966573845142 ], [ -98.793276898794502, 20.11969105202877 ], [ -98.792958753830845, 20.119739517566636 ], [ -98.792880493808937, 20.119751439719437 ], [ -98.792809833379621, 20.119762204151765 ], [ -98.792758331754015, 20.119770049685187 ], [ -98.792009556473289, 20.119873479379734 ], [ -98.791384353617971, 20.119959839355918 ], [ -98.791108952764816, 20.119998961357432 ], [ -98.790698491262148, 20.120057269861253 ], [ -98.790585383425338, 20.120073338054166 ], [ -98.790383175780619, 20.120102063462749 ] ] } },
{ "type": "Feature", "properties": { "ID_OBRA": "759_Pachuca de Soto", "No.": 759.0, "Municipio": "Pachuca de Soto", "Rubro": "Vialidades Urbanas", "Ejercicio": 2023.0, "Obra": "Rehabilitación de calle principal, colonia Cubitos; en el municipio de Pachuca de Soto", "Localidad": "Pachuca de Soto", "Inversión": 2906072.3, "Habitantes.beneficiados": null, "Ejecutora": "DGOPI", "Trabajos": "Considera los trabajos de preliminares, piso para pavimento de concreto hidráulico.", "Geometria_tipo": "Línea", "extract": 0.59795650571696235 }, "geometry": { "type": "LineString", "coordinates": [ [ -98.745155407409314, 20.105173217685831 ], [ -98.74514155137318, 20.10487097783912 ], [ -98.745105211303255, 20.10438562665372 ], [ -98.745037170920895, 20.10347126180832 ], [ -98.745019257425923, 20.103163070912153 ], [ -98.745003372010132, 20.10290624738726 ], [ -98.744956823180601, 20.102068806036485 ], [ -98.74488511026118, 20.10092945978003 ], [ -98.744828338725512, 20.099939646854999 ], [ -98.744813727409777, 20.099577528851327 ], [ -98.744772323791935, 20.098901257289423 ], [ -98.744745751544571, 20.09853220719862 ], [ -98.744731027596771, 20.098167752126777 ], [ -98.744700262440148, 20.09773291368813 ], [ -98.744681665757952, 20.09753357188638 ], [ -98.74468047656589, 20.097250417137346 ], [ -98.744703082348238, 20.096989866410961 ], [ -98.744745316579198, 20.096744632949054 ], [ -98.744770544690951, 20.096548057328722 ], [ -98.744873337524041, 20.096251099578517 ], [ -98.745026093945071, 20.095822591573018 ], [ -98.745408466788817, 20.094855770202376 ], [ -98.745536319633729, 20.094519110016872 ], [ -98.745763280444393, 20.094004813334507 ], [ -98.745958789264421, 20.093497421952794 ], [ -98.746043022242915, 20.093196182273971 ] ] } },
{ "type": "Feature", "properties": { "ID_OBRA": "759_Pachuca de Soto", "No.": 759.0, "Municipio": "Pachuca de Soto", "Rubro": "Vialidades Urbanas", "Ejercicio": 2023.0, "Obra": "Rehabilitación de calle principal, colonia Cubitos; en el municipio de Pachuca de Soto", "Localidad": "Pachuca de Soto", "Inversión": 2906072.3, "Habitantes.beneficiados": null, "Ejecutora": "DGOPI", "Trabajos": "Considera los trabajos de preliminares, piso para pavimento de concreto hidráulico.", "Geometria_tipo": "Línea", "extract": 0.59589078773187998 }, "geometry": { "type": "LineString", "coordinates": [ [ -98.746169203008051, 20.093087637181366 ], [ -98.74607147616625, 20.0934442884645 ], [ -98.745665780233495, 20.094566768157481 ], [ -98.745572180028347, 20.094805371893568 ], [ -98.745247488574392, 20.095591513919047 ], [ -98.745145067127254, 20.095858284147777 ], [ -98.745057620525358, 20.096104705808106 ], [ -98.744945786839835, 20.096416416286711 ], [ -98.744887490119822, 20.096638895226498 ], [ -98.744860721599395, 20.096770806908605 ], [ -98.744830383280387, 20.096933948156948 ], [ -98.744819674717704, 20.097088612603869 ], [ -98.744810157200476, 20.097230191177001 ], [ -98.744811347368142, 20.097451481009955 ], [ -98.744817295960644, 20.09771084224932 ], [ -98.744831313192037, 20.097908183054241 ], [ -98.744867740301643, 20.098518032684932 ], [ -98.744895329172806, 20.098886795061478 ], [ -98.744924371183643, 20.099569200796392 ], [ -98.744938387669961, 20.099939646892167 ], [ -98.74500170392038, 20.100923511469684 ], [ -98.745069223715291, 20.102058902672809 ], [ -98.745111159065331, 20.102886567057087 ], [ -98.745130195428146, 20.103142358637321 ], [ -98.745149623367368, 20.103516194757486 ], [ -98.745240993019337, 20.104626269898002 ], [ -98.745260981457861, 20.10485612619371 ], [ -98.745252823818305, 20.105181152350109 ] ] } },
{ "type": "Feature", "properties": { "ID_OBRA": "760_Pachuca de Soto", "No.": 760.0, "Municipio": "Pachuca de Soto", "Rubro": "Vialidades Urbanas", "Ejercicio": 2023.0, "Obra": "Reconstrucción de concreto hidráulico de calle Canarios y calle 24 de Febrero, San Antonio el Desmonte; en el municipio de Pachuca de Soto", "Localidad": "Pachuca de Soto", "Inversión": 4508958.66, "Habitantes.beneficiados": null, "Ejecutora": "DGOPI", "Trabajos": "Considera los trabajos de preliminares, riego de impregnación, piso para pavimento de concreto hidráulico.", "Geometria_tipo": "Línea", "extract": 0.62848738549044858 }, "geometry": { "type": "LineString", "coordinates": [ [ -98.789813339788992, 20.056239742974249 ], [ -98.789903800398918, 20.056070609724429 ], [ -98.789930827912769, 20.056020074919246 ], [ -98.790271801407059, 20.055382556451978 ], [ -98.790400652918478, 20.055156436758711 ], [ -98.790738197537308, 20.0545640871314 ], [ -98.791156983334432, 20.053770298803649 ], [ -98.79161297333664, 20.052874962997521 ], [ -98.792086333842505, 20.052030449112159 ], [ -98.792544379723665, 20.051183361230891 ], [ -98.792610135046388, 20.05105914366662 ], [ -98.792677326329141, 20.050932214974232 ], [ -98.792861005342317, 20.050585229019394 ], [ -98.792970549356781, 20.050378291028462 ], [ -98.793157662851769, 20.050024816866728 ], [ -98.793331458279795, 20.05007705365179 ], [ -98.79339570355512, 20.050076340726939 ], [ -98.793444245281691, 20.050057067254723 ], [ -98.793831733248567, 20.04984653575579 ], [ -98.794764635798671, 20.0493651932807 ], [ -98.794890646998425, 20.049297590319245 ], [ -98.795945774384379, 20.048731526906689 ] ] } },
{ "type": "Feature", "properties": { "ID_OBRA": "760_Pachuca de Soto", "No.": 760.0, "Municipio": "Pachuca de Soto", "Rubro": "Vialidades Urbanas", "Ejercicio": 2023.0, "Obra": "Reconstrucción de concreto hidráulico de calle Canarios y calle 24 de Febrero, San Antonio el Desmonte; en el municipio de Pachuca de Soto", "Localidad": "Pachuca de Soto", "Inversión": 4508958.66, "Habitantes.beneficiados": null, "Ejecutora": "DGOPI", "Trabajos": "Considera los trabajos de preliminares, riego de impregnación, piso para pavimento de concreto hidráulico.", "Geometria_tipo": "Línea", "extract": 0.62011086243202285 }, "geometry": { "type": "LineString", "coordinates": [ [ -98.787772460915264, 20.054595631449615 ], [ -98.7883620089641, 20.055079730317996 ], [ -98.788580373075831, 20.055259036121139 ], [ -98.789108839324484, 20.055679241285585 ], [ -98.789813339788992, 20.056239742974249 ] ] } },
{ "type": "Feature", "properties": { "ID_OBRA": "760_Pachuca de Soto", "No.": 760.0, "Municipio": "Pachuca de Soto", "Rubro": "Vialidades Urbanas", "Ejercicio": 2023.0, "Obra": "Reconstrucción de concreto hidráulico de calle Canarios y calle 24 de Febrero, San Antonio el Desmonte; en el municipio de Pachuca de Soto", "Localidad": "Pachuca de Soto", "Inversión": 4508958.66, "Habitantes.beneficiados": null, "Ejecutora": "DGOPI", "Trabajos": "Considera los trabajos de preliminares, riego de impregnación, piso para pavimento de concreto hidráulico.", "Geometria_tipo": "Línea", "extract": 0.61950291076027553 }, "geometry": { "type": "LineString", "coordinates": [ [ -98.789813339788992, 20.056239742974249 ], [ -98.789784521354662, 20.056293624588381 ] ] } },
{ "type": "Feature", "properties": { "ID_OBRA": "760_Pachuca de Soto", "No.": 760.0, "Municipio": "Pachuca de Soto", "Rubro": "Vialidades Urbanas", "Ejercicio": 2023.0, "Obra": "Reconstrucción de concreto hidráulico de calle Canarios y calle 24 de Febrero, San Antonio el Desmonte; en el municipio de Pachuca de Soto", "Localidad": "Pachuca de Soto", "Inversión": 4508958.66, "Habitantes.beneficiados": null, "Ejecutora": "DGOPI", "Trabajos": "Considera los trabajos de preliminares, riego de impregnación, piso para pavimento de concreto hidráulico.", "Geometria_tipo": "Línea", "extract": 0.61809163913905474 }, "geometry": { "type": "LineString", "coordinates": [ [ -98.790186610434503, 20.056577383756728 ], [ -98.789784521354662, 20.056293624588381 ] ] } },
{ "type": "Feature", "properties": { "ID_OBRA": "760_Pachuca de Soto", "No.": 760.0, "Municipio": "Pachuca de Soto", "Rubro": "Vialidades Urbanas", "Ejercicio": 2023.0, "Obra": "Reconstrucción de concreto hidráulico de calle Canarios y calle 24 de Febrero, San Antonio el Desmonte; en el municipio de Pachuca de Soto", "Localidad": "Pachuca de Soto", "Inversión": 4508958.66, "Habitantes.beneficiados": null, "Ejecutora": "DGOPI", "Trabajos": "Considera los trabajos de preliminares, riego de impregnación, piso para pavimento de concreto hidráulico.", "Geometria_tipo": "Línea", "extract": 0.62158650200140897 }, "geometry": { "type": "LineString", "coordinates": [ [ -98.789455384897735, 20.05688101301876 ], [ -98.789645205134491, 20.056554101082323 ], [ -98.789784521354662, 20.056293624588381 ] ] } },
{ "type": "Feature", "properties": { "ID_OBRA": "761_Pachuca de Soto", "No.": 761.0, "Municipio": "Pachuca de Soto", "Rubro": "Vialidades Urbanas", "Ejercicio": 2023.0, "Obra": "Rehabilitación de acceso principal a colonia Loma Bonita; municipio de Pachuca de Soto.", "Localidad": "Pachuca de Soto", "Inversión": 9682650.0, "Habitantes.beneficiados": null, "Ejecutora": "DGIVC", "Trabajos": "Considera trabajos en la rehabilitación y/o mejoramiento de las vialidades urbanas en el muncipio de Pachuca de Soto", "Geometria_tipo": "Línea", "extract": 0.43420709050785777 }, "geometry": { "type": "LineString", "coordinates": [ [ -98.801635918117327, 20.116301917904465 ], [ -98.801891449190933, 20.117518300329486 ], [ -98.802181819799259, 20.118786655147094 ], [ -98.802276999283919, 20.119179266086746 ], [ -98.802318915784667, 20.119390975610695 ], [ -98.80235790020005, 20.119579016078998 ], [ -98.802445940295257, 20.120000179736646 ], [ -98.802513640083774, 20.120319503325511 ], [ -98.802530615031387, 20.120402406239574 ], [ -98.802584218587199, 20.120664201046424 ], [ -98.802705300614548, 20.121208947063511 ], [ -98.802835696410412, 20.121761813663959 ], [ -98.80286038478792, 20.121871338623379 ], [ -98.802981000148577, 20.122382254743556 ], [ -98.803015825198941, 20.122554345422781 ], [ -98.803040806370802, 20.122677787823715 ], [ -98.803252616006446, 20.123541512748236 ], [ -98.803282150414276, 20.123679594830602 ], [ -98.80347497040583, 20.124512173733223 ], [ -98.803512088740135, 20.124679688031719 ], [ -98.803503522761829, 20.124755830144419 ], [ -98.803475028298109, 20.124820364320691 ], [ -98.803451233791336, 20.124853080722485 ] ] } },
{ "type": "Feature", "properties": { "ID_OBRA": "762_Pachuca de Soto", "No.": 762.0, "Municipio": "Pachuca de Soto", "Rubro": "Vialidades Urbanas", "Ejercicio": 2023.0, "Obra": "Rehabilitación de calle principal en la colonia Real Toledo; municipio de Pachuca de Soto.", "Localidad": "Pachuca de Soto", "Inversión": 5958000.0, "Habitantes.beneficiados": null, "Ejecutora": "DGIVC", "Trabajos": "Considera los trabajos de preliminares, piso para pavimento de concreto hidráulico.", "Geometria_tipo": "Línea", "extract": 0.4684692535824464 }, "geometry": { "type": "LineString", "coordinates": [ [ -98.792321248364985, 20.032913068073178 ], [ -98.792194605067834, 20.032848789309586 ], [ -98.789871219737307, 20.031655747451925 ], [ -98.789175727220382, 20.031296380226493 ], [ -98.789038439006504, 20.031225441913474 ], [ -98.787564095292197, 20.030463637242391 ], [ -98.787447025060828, 20.030397964102129 ], [ -98.787050449795842, 20.03020344429406 ], [ -98.786571573962419, 20.029959952587561 ], [ -98.78637027199045, 20.029850022467006 ], [ -98.784501240278175, 20.028895747256644 ], [ -98.784317799689205, 20.0288028443588 ], [ -98.783952346653109, 20.028617759955939 ], [ -98.782767839656174, 20.02801786709195 ], [ -98.782697091995686, 20.02798520960209 ], [ -98.782200808047591, 20.027731180590454 ], [ -98.782234834810566, 20.027702901718676 ], [ -98.782262845533623, 20.027688519168251 ], [ -98.782318525170865, 20.027689946754759 ], [ -98.782709203762153, 20.027890330126372 ], [ -98.784532852374241, 20.028819239330279 ], [ -98.787089860177716, 20.03012770979392 ], [ -98.787565522253075, 20.030375120846156 ], [ -98.789829817647274, 20.031530112012799 ], [ -98.7899611642774, 20.031598639828768 ], [ -98.790143069343983, 20.03169357464218 ], [ -98.792251712465315, 20.032794061068696 ], [ -98.792324377709349, 20.032831706116326 ] ] } },
{ "type": "Feature", "properties": { "ID_OBRA": "763_Pachuca de Soto", "No.": 763.0, "Municipio": "Pachuca de Soto", "Rubro": "Vialidades Urbanas", "Ejercicio": 2023.0, "Obra": "Rehabilitación de Av. Federalismo, colonia El Palmar; en el municipio de Pachuca de Soto.", "Localidad": "Pachuca de Soto", "Inversión": 6773808.98, "Habitantes.beneficiados": null, "Ejecutora": "DGIVC", "Trabajos": "Considera trabajos en la rehabilitación y/o mejoramiento de las vialidades urbanas en el muncipio de Pachuca de Soto", "Geometria_tipo": "Línea", "extract": 0.50068187253227769 }, "geometry": { "type": "LineString", "coordinates": [ [ -98.770029679635954, 20.114432802114475 ], [ -98.770018908656297, 20.114271048898075 ], [ -98.770007488045707, 20.113713302946469 ], [ -98.769999536188323, 20.113645302732174 ], [ -98.770038722761129, 20.113500635821062 ], [ -98.770040302558499, 20.113368790584598 ], [ -98.769998634248495, 20.112395494318523 ], [ -98.769952479032739, 20.111256418055831 ], [ -98.769907458008262, 20.110290117764816 ], [ -98.769880661004791, 20.109769009956047 ], [ -98.76986529431035, 20.109470163023019 ], [ -98.76999880810591, 20.109535326893507 ], [ -98.770017845883345, 20.109955158630221 ], [ -98.770034456522453, 20.110321458453189 ], [ -98.770049437943896, 20.11065182964591 ], [ -98.770070336037023, 20.111112668763745 ], [ -98.770092183239157, 20.111594459357729 ], [ -98.770120410642718, 20.112216939654473 ], [ -98.770140270142747, 20.112654876086211 ], [ -98.770156677395377, 20.113016672629147 ], [ -98.770177917984398, 20.113485087374507 ], [ -98.770196087381265, 20.113613108786605 ], [ -98.770200699405748, 20.11371140046688 ], [ -98.770224097257014, 20.114406012818037 ] ] } },
{ "type": "Feature", "properties": { "ID_OBRA": "764_Pachuca de Soto", "No.": 764.0, "Municipio": "Pachuca de Soto", "Rubro": "Vialidades Urbanas", "Ejercicio": 2023.0, "Obra": "Rehabilitación de Av. Principal, en la colonia Plutarco Elías Calles; en el municipio de Pachuca de Soto.", "Localidad": "Pachuca de Soto", "Inversión": 9678130.0, "Habitantes.beneficiados": null, "Ejecutora": "DGIVC", "Trabajos": "Considera los trabajos de preliminares, piso para pavimento de concreto hidráulico.", "Geometria_tipo": "Línea", "extract": 0.57432799639019738 }, "geometry": { "type": "LineString", "coordinates": [ [ -98.76070417069684, 20.114805289710667 ], [ -98.760774220848461, 20.115259445888675 ], [ -98.76082824627764, 20.115609701994462 ], [ -98.760886213799751, 20.115985524087296 ], [ -98.760945648080238, 20.116370850928668 ], [ -98.760997941040287, 20.116765004860159 ], [ -98.76104631180884, 20.117129589605845 ], [ -98.761093979061897, 20.117488878882089 ], [ -98.761127117181175, 20.117738651281812 ], [ -98.761173256589245, 20.118207225062779 ], [ -98.761186856698856, 20.118345344806791 ], [ -98.761208830120978, 20.118555082975316 ], [ -98.76124748764974, 20.11892408685479 ], [ -98.76128555503017, 20.119287443000307 ], [ -98.761298778989612, 20.119386068160935 ], [ -98.761341276295695, 20.11973540923135 ], [ -98.761384651600181, 20.120091971635386 ], [ -98.761433844026442, 20.120496345902261 ], [ -98.761439638135741, 20.120542808606668 ], [ -98.761400673004687, 20.120581110429622 ], [ -98.761417619885307, 20.120663812862265 ], [ -98.761462723920971, 20.120961982755617 ], [ -98.761479987725892, 20.121076113667467 ], [ -98.761534561278381, 20.121436877746437 ], [ -98.761586537550926, 20.12184628991745 ], [ -98.761601016681325, 20.121960340232171 ], [ -98.761632222291496, 20.122206132847928 ], [ -98.761649793027445, 20.122344536192415 ], [ -98.761675178704124, 20.122544496816218 ], [ -98.761699525535917, 20.122723561826167 ], [ -98.761724899034348, 20.12291016646769 ], [ -98.761753410094471, 20.123119854569541 ], [ -98.761759828943312, 20.123167066317901 ], [ -98.761774089711295, 20.123271949680337 ], [ -98.761823325089253, 20.123634051011702 ], [ -98.761853974761522, 20.123859475424961 ], [ -98.761871750730052, 20.123990208819233 ], [ -98.761924710732316, 20.124379705666925 ], [ -98.761932516049612, 20.124435082850717 ], [ -98.761958045670625, 20.124616231398772 ] ] } },
{ "type": "Feature", "properties": { "ID_OBRA": "765_Pachuca de Soto", "No.": 765.0, "Municipio": "Pachuca de Soto", "Rubro": "Vialidades Urbanas", "Ejercicio": 2023.0, "Obra": "Reconstrucción del Boulevard Centenario de la Revolución de 1910; en el municipio de Pachuca de Soto.", "Localidad": "Pachuca de Soto", "Inversión": 12500844.72, "Habitantes.beneficiados": null, "Ejecutora": "DGOPI", "Trabajos": "Considera trabajos en la rehabilitación y/o mejoramiento de las vialidades urbanas en el muncipio de Pachuca de Soto", "Geometria_tipo": "Línea", "extract": 0.4454454962389936 }, "geometry": { "type": "LineString", "coordinates": [ [ -98.756182730720738, 20.093331055757936 ], [ -98.756188483431501, 20.093335924452735 ], [ -98.756236489545287, 20.093352870986116 ], [ -98.756286040789988, 20.093359717702487 ], [ -98.756322150662555, 20.093360485954523 ], [ -98.756366941616392, 20.093345442311893 ], [ -98.75710767378807, 20.092670879326054 ], [ -98.758160539015904, 20.091672082753451 ], [ -98.758275269797991, 20.091563224951351 ], [ -98.758575082196117, 20.091220583083079 ], [ -98.758751162431366, 20.090985016332386 ], [ -98.758989108456717, 20.090611441154802 ], [ -98.759272263806452, 20.09004512918732 ], [ -98.759404080755289, 20.089632409679002 ], [ -98.759495934395488, 20.089336049695429 ], [ -98.759555897883459, 20.089015759046188 ], [ -98.759596865531591, 20.088772191613618 ], [ -98.759619666261699, 20.088429474947567 ], [ -98.759626803540385, 20.088196287787209 ], [ -98.75960300901798, 20.087760847005786 ], [ -98.759560835758805, 20.087189821356301 ], [ -98.759564904687736, 20.08688698719309 ], [ -98.759583974462657, 20.08657587518978 ], [ -98.759631562979266, 20.086242750128239 ], [ -98.75971722283451, 20.08580017115581 ], [ -98.759800504605451, 20.085474183743905 ], [ -98.759912338631977, 20.08515533691536 ], [ -98.759987362929223, 20.085051956050659 ], [ -98.760169926643655, 20.084595751229145 ] ] } },
{ "type": "Feature", "properties": { "ID_OBRA": "765_Pachuca de Soto", "No.": 765.0, "Municipio": "Pachuca de Soto", "Rubro": "Vialidades Urbanas", "Ejercicio": 2023.0, "Obra": "Reconstrucción del Boulevard Centenario de la Revolución de 1910; en el municipio de Pachuca de Soto.", "Localidad": "Pachuca de Soto", "Inversión": 12500844.72, "Habitantes.beneficiados": null, "Ejecutora": "DGOPI", "Trabajos": "Considera trabajos en la rehabilitación y/o mejoramiento de las vialidades urbanas en el muncipio de Pachuca de Soto", "Geometria_tipo": "Línea", "extract": 0.44752341647085564 }, "geometry": { "type": "LineString", "coordinates": [ [ -98.760395461044695, 20.084534039591233 ], [ -98.760104215256945, 20.085087978147214 ], [ -98.760026823636366, 20.085196439802413 ], [ -98.7599132100964, 20.085513201361941 ], [ -98.759777582287498, 20.086140139217569 ], [ -98.759717791212438, 20.086538497858648 ], [ -98.75969548994226, 20.086890863606882 ], [ -98.759696117545687, 20.087262780368832 ], [ -98.759724494205088, 20.087720606384881 ], [ -98.759765380231102, 20.088089905786457 ], [ -98.75975405623474, 20.088396710639604 ], [ -98.759753641594983, 20.088661802309097 ], [ -98.759715601928889, 20.088924920700336 ], [ -98.759690470220235, 20.089069482828126 ], [ -98.759637139370184, 20.089308282937694 ], [ -98.759522504900261, 20.089724915371519 ], [ -98.759390377050295, 20.090111496364404 ], [ -98.759286540732347, 20.090330664302456 ], [ -98.759098564153092, 20.090689962593341 ], [ -98.758851100303929, 20.091068297109871 ], [ -98.758603635883588, 20.091391904198275 ], [ -98.758329726837061, 20.091668442277971 ], [ -98.758254009869745, 20.091746060930554 ], [ -98.757220639032056, 20.092759612602151 ], [ -98.756492697998894, 20.093427169605231 ], [ -98.756462062962498, 20.093457567800879 ], [ -98.756438325916605, 20.093485830236006 ], [ -98.756431605675203, 20.09353942114269 ], [ -98.75644616212756, 20.093598884424967 ] ] } },
{ "type": "Feature", "properties": { "ID_OBRA": "766_Pachuca de Soto", "No.": 766.0, "Municipio": "Pachuca de Soto", "Rubro": "Vialidades Urbanas", "Ejercicio": 2023.0, "Obra": "Reconstrucción de carpeta asfáltica en calle General Nicolás Flores del km. 0+000 al km. 0+600 en la colonia Juan C. Doria, municipio de Pachuca de Soto", "Localidad": "Pachuca de Soto", "Inversión": 4485745.94, "Habitantes.beneficiados": null, "Ejecutora": "DGIVC", "Trabajos": "Se realizan los siguientes trabajos: trazo y nivelación de plazas, suministro y aplicación de carpeta asfáltica compactado.", "Geometria_tipo": "Línea", "extract": 0.57379444728082818 }, "geometry": { "type": "LineString", "coordinates": [ [ -98.778564511062058, 20.069143917591347 ], [ -98.778595177980861, 20.068760004069091 ], [ -98.778616006703245, 20.068499254735812 ], [ -98.778632307660018, 20.068295205984516 ], [ -98.778665757389604, 20.067876456314956 ], [ -98.778701115882924, 20.06743382535954 ], [ -98.778707779724854, 20.067338503335751 ], [ -98.778774110122527, 20.066520051314331 ], [ -98.77877469322442, 20.066512751400364 ], [ -98.778828230298814, 20.06558119240065 ], [ -98.778827398748859, 20.065548775377131 ], [ -98.778824661153052, 20.065441994035325 ], [ -98.778841828839376, 20.065190909119551 ], [ -98.778938874918225, 20.063771612062737 ], [ -98.778952363784271, 20.063644996743005 ] ] } },
{ "type": "Feature", "properties": { "ID_OBRA": "767_Pachuca de Soto", "No.": 767.0, "Municipio": "Pachuca de Soto", "Rubro": "Vialidades Urbanas", "Ejercicio": 2023.0, "Obra": "Rehabilitación de calle principal, colonia El Arbolito; en el municipio de Pachuca de Soto.", "Localidad": "Pachuca de Soto", "Inversión": 2905602.63, "Habitantes.beneficiados": null, "Ejecutora": "DGOPI", "Trabajos": "Considera los trabajos de preliminares, piso para pavimento de concreto hidráulico.", "Geometria_tipo": "Línea", "extract": 0.69875245039212408 }, "geometry": { "type": "LineString", "coordinates": [ [ -98.731530184368395, 20.130840920070671 ], [ -98.731542081428771, 20.130911113676035 ], [ -98.731543913126586, 20.13097528811392 ], [ -98.731532834320049, 20.131086512999318 ], [ -98.73147966733211, 20.131343509873599 ], [ -98.731443332751795, 20.131482184332004 ], [ -98.731400761047922, 20.131630325829477 ], [ -98.731304657547582, 20.131904824105366 ], [ -98.731258924670726, 20.13201756305147 ], [ -98.731185294682732, 20.132161408174142 ], [ -98.731031972007528, 20.132497310414269 ], [ -98.730982000343332, 20.132626218101365 ], [ -98.730978516906788, 20.132633948911796 ], [ -98.730917472053292, 20.132746867703638 ], [ -98.730884206539173, 20.132819250595194 ], [ -98.730752099543011, 20.133079992433125 ], [ -98.730715027367182, 20.133173315120146 ], [ -98.730581967971816, 20.133452377716615 ], [ -98.730536045897139, 20.133539841135416 ], [ -98.730383178998707, 20.13388452778571 ], [ -98.730262810383294, 20.134260445284667 ], [ -98.730211058424445, 20.13445037239703 ], [ -98.730171387919611, 20.134569900360287 ], [ -98.730150096478283, 20.134656384768569 ], [ -98.730126302241899, 20.134824136674279 ], [ -98.730127490964037, 20.134926453967267 ], [ -98.730133957083993, 20.135313145408844 ], [ -98.73014212089646, 20.135497889626055 ], [ -98.730149973284654, 20.135769862433996 ], [ -98.730195024330001, 20.136053256457828 ], [ -98.73025807997962, 20.13651368172815 ], [ -98.730262045944983, 20.13657721329335 ], [ -98.730216439280923, 20.13676233512432 ], [ -98.730177177952228, 20.136861083408174 ], [ -98.730143865812281, 20.136961020051842 ], [ -98.730103572934013, 20.137077613767371 ], [ -98.729979682866073, 20.137322698196751 ], [ -98.729930904086032, 20.137420256187429 ], [ -98.729883711064105, 20.137515910802055 ], [ -98.729857140836302, 20.137721258205122 ], [ -98.729861583396357, 20.137897100272902 ], [ -98.729870894853718, 20.138074778782887 ], [ -98.729886982567251, 20.138147149425016 ], [ -98.729916547739933, 20.138224038174588 ], [ -98.729993960228697, 20.138450562857411 ], [ -98.729999909208885, 20.138492592461709 ], [ -98.729991580405525, 20.138531463628972 ], [ -98.729978670253232, 20.138557614365766 ], [ -98.729949939992252, 20.138576674337116 ] ] } },
{ "type": "Feature", "properties": { "ID_OBRA": "772_Pachuca de Soto", "No.": 772.0, "Municipio": "Pachuca de Soto", "Rubro": "Vialidades Urbanas", "Ejercicio": 2023.0, "Obra": "Rehabilitación de Carpeta Asfáltica en la Calle Felipe Angeles, en la Colonia Periodistas, en el Municipio de Pachuca..", "Localidad": "Pachuca de Soto", "Inversión": 1508854.87, "Habitantes.beneficiados": null, "Ejecutora": "DGCCE", "Trabajos": "Se realizan los siguientes trabajos: trazo y nivelación de plazas, suministro y aplicación de carpeta asfáltica compactado.", "Geometria_tipo": "Línea", "extract": 0.66821321894144281 }, "geometry": { "type": "LineString", "coordinates": [ [ -98.739435461280308, 20.116693127597724 ], [ -98.738981486332221, 20.117011124751638 ], [ -98.738529850198603, 20.117325876458622 ], [ -98.737958594246706, 20.117724202235024 ], [ -98.737569127347228, 20.117980190897018 ] ] } },
{ "type": "Feature", "properties": { "ID_OBRA": "772_Pachuca de Soto", "No.": 772.0, "Municipio": "Pachuca de Soto", "Rubro": "Vialidades Urbanas", "Ejercicio": 2023.0, "Obra": "Rehabilitación de Carpeta Asfáltica en la Calle Felipe Angeles, en la Colonia Periodistas, en el Municipio de Pachuca..", "Localidad": "Pachuca de Soto", "Inversión": 1508854.87, "Habitantes.beneficiados": null, "Ejecutora": "DGCCE", "Trabajos": "Se realizan los siguientes trabajos: trazo y nivelación de plazas, suministro y aplicación de carpeta asfáltica compactado.", "Geometria_tipo": "Línea", "extract": 0.684751788350344 }, "geometry": { "type": "LineString", "coordinates": [ [ -98.737559359436318, 20.1179866112494 ], [ -98.737128204040175, 20.11828708769519 ], [ -98.736682350001985, 20.118611806811188 ], [ -98.736258003477488, 20.118907339243609 ], [ -98.735830781059178, 20.119188300398569 ], [ -98.735236569231546, 20.119604183126878 ] ] } },
{ "type": "Feature", "properties": { "ID_OBRA": "775_Pachuca de Soto", "No.": 775.0, "Municipio": "Pachuca de Soto", "Rubro": "Vialidades Urbanas", "Ejercicio": 2023.0, "Obra": "Rehabilitación de pavimento asfáltico, Av. Universidad - Entronque Blvd. Colosio", "Localidad": "Pachuca de Soto", "Inversión": 13816996.37, "Habitantes.beneficiados": null, "Ejecutora": "DGOPI", "Trabajos": "Se realizan los siguientes trabajos: trazo y nivelación de plazas, suministro y aplicación de carpeta asfáltica compactado,  en el municipio de Pachuca de Soto", "Geometria_tipo": "Línea", "extract": 0.70885057277782726 }, "geometry": { "type": "LineString", "coordinates": [ [ -98.722575331144654, 20.111456088795968 ], [ -98.721811274194664, 20.111487312972859 ], [ -98.721041436822958, 20.11151968769256 ], [ -98.720267825337871, 20.111553610955422 ], [ -98.719850908401895, 20.11155944927474 ], [ -98.719411220619392, 20.11157648636291 ], [ -98.717985562587273, 20.11163577760906 ], [ -98.71729091774472, 20.111645879983879 ], [ -98.717189687275308, 20.111627509190178 ], [ -98.7169415829363, 20.11146425291826 ], [ -98.716614563981963, 20.111265902846206 ], [ -98.716211007231479, 20.111016536452137 ], [ -98.716158474677343, 20.110986663144505 ], [ -98.715974780939007, 20.110879587797896 ], [ -98.715804298683821, 20.110739091304136 ] ] } },
{ "type": "Feature", "properties": { "ID_OBRA": "775_Pachuca de Soto", "No.": 775.0, "Municipio": "Pachuca de Soto", "Rubro": "Vialidades Urbanas", "Ejercicio": 2023.0, "Obra": "Rehabilitación de pavimento asfáltico, Av. Universidad - Entronque Blvd. Colosio", "Localidad": "Pachuca de Soto", "Inversión": 13816996.37, "Habitantes.beneficiados": null, "Ejecutora": "DGOPI", "Trabajos": "Se realizan los siguientes trabajos: trazo y nivelación de plazas, suministro y aplicación de carpeta asfáltica compactado,  en el municipio de Pachuca de Soto", "Geometria_tipo": "Línea", "extract": 0.70769725243076687 }, "geometry": { "type": "LineString", "coordinates": [ [ -98.715820986659395, 20.110657267469495 ], [ -98.716000029565166, 20.110816445310718 ], [ -98.716047794363021, 20.110843549439519 ], [ -98.716133627883949, 20.110892255099579 ], [ -98.716175675969467, 20.110916114931356 ], [ -98.716263476618366, 20.110972670077846 ], [ -98.716462141040026, 20.111082438568289 ], [ -98.716810726312715, 20.111303965091022 ], [ -98.717065956927428, 20.111414709281931 ], [ -98.717258636979594, 20.111447138423397 ], [ -98.717615612425604, 20.111439693961486 ], [ -98.718126555404652, 20.111411429002729 ], [ -98.71888488897369, 20.111394117925038 ], [ -98.719803361345484, 20.111375678149773 ], [ -98.720220019882262, 20.11136908769177 ], [ -98.720750582710522, 20.111353902165479 ], [ -98.720950440398482, 20.111346297946422 ], [ -98.721029254748828, 20.11134329868915 ], [ -98.721719029884142, 20.111314774691039 ], [ -98.722278811864356, 20.111315971346979 ], [ -98.722520185426902, 20.111318858817366 ] ] } },
{ "type": "Feature", "properties": { "ID_OBRA": "8_Acaxochitlán", "No.": 8.0, "Municipio": "Acaxochitlán", "Rubro": "Infraestructura Carretera", "Ejercicio": 2025.0, "Obra": "Reconstrucción de la C.E. San Pedro Tlachichilco - Honey, (Primera etapa) en el municipio de Acaxochitlán", "Localidad": "Acaxochitlán", "Inversión": 20000000.0, "Habitantes.beneficiados": null, "Ejecutora": "SIPDUS", "Trabajos": null, "Geometria_tipo": "Línea", "extract": 0.35789574495980553 }, "geometry": { "type": "LineString", "coordinates": [ [ -98.262860366770894, 20.162374581919192 ], [ -98.261383597221894, 20.169648770001995 ], [ -98.260835517801695, 20.172535485400502 ], [ -98.260439682664796, 20.174378953911798 ], [ -98.260256989524692, 20.174836245052795 ], [ -98.260028623099601, 20.175093470730292 ], [ -98.259602339106095, 20.175322115420794 ], [ -98.259358748252708, 20.175350695983504 ], [ -98.258216916127097, 20.175164922232099 ], [ -98.256420433583003, 20.174836245052802 ], [ -98.255887578591114, 20.174979148259396 ], [ -98.255339499170901, 20.175536469513599 ], [ -98.254760970893898, 20.177051230037492 ], [ -98.254167218188698, 20.177608543885594 ], [ -98.253558241055117, 20.177822894835202 ], [ -98.251746534082613, 20.178280175875997 ], [ -98.251000537093901, 20.178680295686597 ], [ -98.248838668269585, 20.180666589543495 ], [ -98.247301001007315, 20.182338486338296 ] ] } },
{ "type": "Feature", "properties": { "ID_OBRA": "82_Apan", "No.": 82.0, "Municipio": "Apan", "Rubro": "Infraestructura Carretera", "Ejercicio": 2023.0, "Obra": "Reconstrucción de la C.E. Chimalpa -Cárdenas, en el municipio de Apan", "Localidad": "Lázaro Cárdenas", "Inversión": 27089714.51, "Habitantes.beneficiados": 2957.0, "Ejecutora": "DGIVC", "Trabajos": "Considera trabajos para la reconstrucción y/o conservación de Infraestructura Carretera en la localidad de Lázaro Cárdenas municipio de Apan", "Geometria_tipo": "Línea", "extract": -0.049290217103956931 }, "geometry": { "type": "LineString", "coordinates": [ [ -98.516555817750003, 19.6558070284247 ], [ -98.512082779634497, 19.653356417057303 ], [ -98.509112363889301, 19.651721093427298 ], [ -98.507032575310603, 19.650559019513899 ], [ -98.50664448079111, 19.650184155165892 ], [ -98.506316093120802, 19.649631228653998 ], [ -98.506047412299594, 19.649040813495603 ], [ -98.504843324175184, 19.646613528355399 ], [ -98.50305211870068, 19.644607944596 ], [ -98.501400229207519, 19.643483307222496 ], [ -98.499191075789, 19.642171220327896 ], [ -98.496225635614621, 19.641646382567298 ], [ -98.49037436439788, 19.640596701898495 ], [ -98.477417978132479, 19.640709168012702 ] ] } },
{ "type": "Feature", "properties": { "ID_OBRA": "83_Apan", "No.": 83.0, "Municipio": "Apan", "Rubro": "Infraestructura Carretera", "Ejercicio": 2023.0, "Obra": "Rehabilitación de carretera de acceso a Malayerba; en el municipio de Apan", "Localidad": "Malayerba", "Inversión": 5093623.22, "Habitantes.beneficiados": 484.0, "Ejecutora": "DGIVC", "Trabajos": "Considera trabajos para la reconstrucción y/o conservación de Infraestructura Carretera en la localidad de Malayerba municipio de Apan", "Geometria_tipo": "Línea", "extract": -0.42354821781613161 }, "geometry": { "type": "LineString", "coordinates": [ [ -98.439373456799089, 19.637711562106198 ], [ -98.439373456799089, 19.639383077261801 ], [ -98.439387431205205, 19.639567337710098 ], [ -98.442224235649405, 19.646746749803697 ], [ -98.444264498944307, 19.651984688353799 ], [ -98.44479552637722, 19.653379688380301 ], [ -98.445445336262196, 19.655064200546796 ], [ -98.445305592200896, 19.655320823894595 ], [ -98.444956232047701, 19.655768268749696 ], [ -98.443988504423217, 19.657044795741701 ], [ -98.444030427641593, 19.657206005902196 ], [ -98.444351838982485, 19.6574231458623 ], [ -98.446077678139503, 19.658650310111593 ] ] } },
{ "type": "Feature", "properties": { "ID_OBRA": "86_Apan", "No.": 86.0, "Municipio": "Apan", "Rubro": "Infraestructura Carretera", "Ejercicio": 2023.0, "Obra": "Reconstrucción de carpeta asfáltica de la C.E. Cárdenas - San Juan Ixtilmaco, en el municipio de Apan.", "Localidad": "San Juan Ixtilmaco", "Inversión": 13772926.91, "Habitantes.beneficiados": 4831.0, "Ejecutora": "DGIVC", "Trabajos": "Considera trabajos para la reconstrucción y/o conservación de Infraestructura Carretera en la localidad de San Juan Ixtilmaco municipio de Apan", "Geometria_tipo": "Línea", "extract": -0.24367858210286883 }, "geometry": { "type": "LineString", "coordinates": [ [ -98.468543684918501, 19.6412756735402 ], [ -98.462065192100397, 19.645501139035101 ], [ -98.459380838560804, 19.647207373700994 ], [ -98.451251895156602, 19.652522491067501 ], [ -98.451014761451717, 19.653112056263499 ], [ -98.450777627746803, 19.6539338708006 ], [ -98.450597406131081, 19.654684219527301 ], [ -98.450246448247796, 19.655130854007897 ], [ -98.448586512313511, 19.656533278194296 ] ] } },
{ "type": "Feature", "properties": { "ID_OBRA": "87_Atitalaquia", "No.": 87.0, "Municipio": "Atitalaquia", "Rubro": "Infraestructura Carretera", "Ejercicio": 2025.0, "Obra": "Modernización de carretera Tlaxcoapan - Apaxco (tramo El Tablón - Texas) con concreto hidráulico, municipio de Atitalaquia", "Localidad": "Atitalaquia", "Inversión": 40000000.0, "Habitantes.beneficiados": null, "Ejecutora": "SIPDUS", "Trabajos": null, "Geometria_tipo": "Línea", "extract": 0.2484644183211584 }, "geometry": { "type": "LineString", "coordinates": [ [ -99.219371227290807, 20.056515286512905 ], [ -99.218038598799794, 20.056535477011099 ], [ -99.217576477629507, 20.056333571911505 ], [ -99.216695223304782, 20.054960610345791 ], [ -99.215932186023593, 20.053446300572695 ], [ -99.215480811857304, 20.0526184717204 ], [ -99.211353962336702, 20.044471191472702 ], [ -99.206668268610102, 20.035222960928895 ], [ -99.202133032938903, 20.026398268359692 ] ] } },
{ "type": "Feature", "properties": { "ID_OBRA": "936_Pacula", "No.": 936.0, "Municipio": "Pacula", "Rubro": "Vialidades Urbanas", "Ejercicio": 2024.0, "Obra": "Rehabilitación de pavimento de concreto hidráulico en calle de acceso principal en la localidad de Pacula, municipio de Pacula", "Localidad": "Pacula", "Inversión": 8480503.06, "Habitantes.beneficiados": 540.0, "Ejecutora": "DGOPI", "Trabajos": "Considera los trabajos de preliminares, riego de impregnación, piso para pavimento de concreto hidráulico.", "Geometria_tipo": "Línea", "extract": 0.43972614317166697 }, "geometry": { "type": "LineString", "coordinates": [ [ -99.303824431457201, 21.051008493785098 ], [ -99.302508985068002, 21.051019298895095 ], [ -99.301598972505516, 21.051020916578796 ], [ -99.300652766905699, 21.050946470582005 ], [ -99.300175133988105, 21.050896566464399 ], [ -99.299625302763801, 21.050787581659403 ], [ -99.298877032687102, 21.050568988974597 ], [ -99.298327102451495, 21.050409251538202 ] ] } },
{ "type": "Feature", "properties": { "ID_OBRA": "958_San Agustín Metzquititlán", "No.": 958.0, "Municipio": "San Agustín Metzquititlán", "Rubro": "Infraestructura Carretera", "Ejercicio": 2023.0, "Obra": "Reconstrucción de la C.E. Enzuelado - Carpinteros (Segunda Etapa)", "Localidad": "Carpinteros", "Inversión": 16197325.98, "Habitantes.beneficiados": 1671.0, "Ejecutora": "DGCCE", "Trabajos": "Considera trabajos para la reconstrucción y/o conservación de Infraestructura Carretera en la localidad de Carpinteros municipio de San Agustín Metzquititlán", "Geometria_tipo": "Línea", "extract": -0.27530050718310078 }, "geometry": { "type": "LineString", "coordinates": [ [ -98.531850404567777, 20.590487116780761 ], [ -98.532980776185553, 20.589981067236305 ], [ -98.534166332977563, 20.588826197242987 ], [ -98.535549205258192, 20.588265250133311 ], [ -98.537082258948203, 20.587575576031583 ], [ -98.538769967909332, 20.586975236675752 ], [ -98.540295859114835, 20.586776076034099 ], [ -98.540930451339307, 20.585931797151684 ], [ -98.541799992161557, 20.585087213092002 ], [ -98.54290364475942, 20.584022118452275 ], [ -98.543949681965273, 20.583386893022446 ], [ -98.544626816714313, 20.582563623652259 ], [ -98.544900476473629, 20.582409079064423 ], [ -98.546018374086657, 20.581469886046765 ], [ -98.546975419390009, 20.580489761265795 ], [ -98.550153909170788, 20.57677163467622 ] ] } },
{ "type": "Feature", "properties": { "ID_OBRA": "959_San Agustín Metzquititlán", "No.": 959.0, "Municipio": "San Agustín Metzquititlán", "Rubro": "Infraestructura Carretera", "Ejercicio": 2022.0, "Obra": "Reconstrucción de la carretera estatal Enzuelado - Carpinteros, municipio de San Agustín Mezquititlán", "Localidad": "El Enzuelado", "Inversión": 46354033.18, "Habitantes.beneficiados": 195.0, "Ejecutora": "DGCCE", "Trabajos": "Considera trabajos para la reconstrucción y/o conservación de Infraestructura Carretera en la localidad de El Enzuelado municipio de San Agustín Metzquititlán", "Geometria_tipo": "Línea", "extract": -0.19601626551589532 }, "geometry": { "type": "LineString", "coordinates": [ [ -98.61963773099319, 20.58838966456338 ], [ -98.619310299202269, 20.588457652976558 ], [ -98.619237944085242, 20.588474574002856 ], [ -98.619183504463393, 20.588508411113061 ], [ -98.619128935980029, 20.588559154100906 ], [ -98.619074520851356, 20.588592974304451 ], [ -98.618965590510925, 20.588677495331648 ], [ -98.618929119658674, 20.588728188424778 ], [ -98.618874750837648, 20.588761974861988 ], [ -98.618820144155279, 20.588829528479952 ], [ -98.618765591254302, 20.588897054826493 ], [ -98.61871133705958, 20.588947685189666 ], [ -98.618656917998209, 20.588998303273709 ], [ -98.618584310586314, 20.589048895948228 ], [ -98.618511403943415, 20.589099438071063 ], [ -98.618438397362098, 20.589149925753912 ], [ -98.618347456146637, 20.589200368442931 ], [ -98.618292872229986, 20.589233971982047 ], [ -98.618202062323292, 20.589284339943305 ], [ -98.618129580534642, 20.589317893979722 ], [ -98.618075116461469, 20.58935142808982 ], [ -98.617984744768506, 20.589384942217414 ], [ -98.617948562540889, 20.589401691549625 ], [ -98.617858268322024, 20.589435175984168 ], [ -98.617768026816975, 20.589468640506009 ], [ -98.617713949466463, 20.589485365206517 ], [ -98.617605841771734, 20.589518799544081 ], [ -98.61753404703866, 20.589518798574588 ], [ -98.617462081679975, 20.589535508403774 ], [ -98.617390137550117, 20.589552212724282 ], [ -98.617318214779004, 20.589568912520036 ], [ -98.6172283751294, 20.589585607094662 ], [ -98.617156622872514, 20.589585606210829 ], [ -98.617084746278167, 20.589602287537968 ], [ -98.617048728496613, 20.589618937363898 ], [ -98.616940978859319, 20.589635541278035 ], [ -98.61685102514457, 20.589685438675328 ], [ -98.616761254056684, 20.589718653630104 ], [ -98.616689529833479, 20.589735234082053 ], [ -98.616617837065903, 20.589751807221443 ], [ -98.616546176518213, 20.589768372883618 ], [ -98.616492444419478, 20.589784942883149 ], [ -98.61636718231378, 20.589784860873664 ], [ -98.616295614584075, 20.589784813860831 ], [ -98.616188257168005, 20.589768142956896 ], [ -98.616098806577895, 20.589768085094661 ], [ -98.615991494935258, 20.589767977153318 ], [ -98.615902152726207, 20.589767751976513 ], [ -98.615830568343583, 20.58973434725673 ], [ -98.615741186458948, 20.58971752880452 ], [ -98.615687523113053, 20.589700796834279 ], [ -98.615598161291942, 20.589683982792945 ], [ -98.61554462930232, 20.589683860805916 ], [ -98.61547327967557, 20.589683698616078 ], [ -98.615401805543556, 20.589666933567369 ], [ -98.615312513324966, 20.589650130636738 ], [ -98.615259052234151, 20.589650014071371 ], [ -98.615134176033308, 20.589633140953911 ], [ -98.61509856470812, 20.589633065206428 ], [ -98.614973756796473, 20.58961620014194 ], [ -98.614866781745008, 20.58959937783235 ], [ -98.614831213808159, 20.589599305644711 ], [ -98.614706240332808, 20.589565850912301 ], [ -98.614599110368246, 20.589532405947299 ], [ -98.614527837263253, 20.589515632391382 ], [ -98.614438842994616, 20.589498823677925 ], [ -98.614296372553881, 20.58946529411341 ], [ -98.614189373407939, 20.589431844464329 ], [ -98.614153952897581, 20.589431775886535 ], [ -98.614029280996959, 20.589398302147099 ], [ -98.613940017467257, 20.589364895318891 ], [ -98.613833065198691, 20.58933145990737 ], [ -98.613744237231273, 20.58931469012073 ], [ -98.613654609830334, 20.589281339345746 ], [ -98.613583124236669, 20.589264645567749 ], [ -98.613476162050361, 20.589247922977663 ], [ -98.613405236149987, 20.589247868325067 ], [ -98.613316026076916, 20.589231162889256 ], [ -98.613207318498723, 20.589197906677601 ], [ -98.613171282420126, 20.58919793552651 ], [ -98.613043272708566, 20.589148009386303 ], [ -98.612969989791935, 20.589114657877829 ], [ -98.612915899809479, 20.589114682496387 ], [ -98.612825085606104, 20.589098013325231 ], [ -98.612734197235071, 20.589081330556169 ], [ -98.612643902030115, 20.589081364095833 ], [ -98.612534809252764, 20.5890646700582 ], [ -98.612443706511499, 20.589047955538657 ], [ -98.612389437157006, 20.589047971522756 ], [ -98.612262752815894, 20.589048007567442 ], [ -98.6121538859162, 20.58904804520099 ], [ -98.612099422510894, 20.589048064230781 ], [ -98.611990445544762, 20.589048102568924 ], [ -98.61191775500123, 20.589048128702807 ], [ -98.611845452876807, 20.589064940114284 ], [ -98.611791376740058, 20.589081744214315 ], [ -98.611701527979363, 20.589115344240732 ], [ -98.611646564624522, 20.589115390032912 ], [ -98.611556284828325, 20.589132210976711 ], [ -98.611483791800879, 20.589132238676019 ], [ -98.611394162804416, 20.589149035278499 ], [ -98.611286406335921, 20.589165838795886 ], [ -98.611251184425555, 20.589182607449327 ], [ -98.611069601459704, 20.589244293265462 ], [ -98.61089148230856, 20.589243899683911 ], [ -98.61082045607283, 20.589243666922055 ], [ -98.610713239686277, 20.589260315160228 ], [ -98.610640935189949, 20.589294072151265 ], [ -98.610551470058653, 20.589310783053836 ], [ -98.610479636292737, 20.589327591296893 ], [ -98.610408330060579, 20.589327427821239 ], [ -98.610319165949363, 20.589327223282993 ], [ -98.610229967041107, 20.589327018778103 ], [ -98.610158055642543, 20.589343848376984 ], [ -98.610086660718906, 20.58934368718236 ], [ -98.609997384491081, 20.589343485830653 ], [ -98.609925609230629, 20.589343441469996 ], [ -98.609836012947099, 20.589326511275043 ], [ -98.609764113188092, 20.589326507585284 ], [ -98.609692213243704, 20.589326503488511 ], [ -98.60958411891059, 20.589343423161186 ], [ -98.60949425317304, 20.589343418264139 ], [ -98.609404160739516, 20.589360335224168 ], [ -98.60929633273939, 20.58936032919404 ], [ -98.609206268960349, 20.58937724244749 ], [ -98.609134628167425, 20.589377124702725 ], [ -98.609063159566219, 20.589393739397117 ], [ -98.608974008774879, 20.589393362805087 ], [ -98.608884613537313, 20.589409917395372 ], [ -98.608813526872041, 20.589375743123966 ], [ -98.608742047111235, 20.589375435837582 ], [ -98.608670675368359, 20.589358173503332 ], [ -98.608581197083112, 20.589357781691298 ], [ -98.608509700665195, 20.589340498061919 ], [ -98.608420086342903, 20.58934009902022 ], [ -98.608330520794766, 20.589322712734496 ], [ -98.608240866678017, 20.589305308871253 ], [ -98.608151225976314, 20.589270877991716 ], [ -98.608079475074121, 20.589236493828277 ], [ -98.608007650172695, 20.589202074025255 ], [ -98.607935751326252, 20.589167619578078 ], [ -98.607881740767354, 20.589150283571502 ], [ -98.607791597796549, 20.589132742576705 ], [ -98.607719283712981, 20.589115589097929 ], [ -98.607664958045333, 20.589115598409339 ], [ -98.607592484834086, 20.589115722229035 ], [ -98.607538128585745, 20.589132791373189 ], [ -98.607411352187782, 20.589149977356875 ], [ -98.607357031299017, 20.589167037701596 ], [ -98.607284623271426, 20.58918412327499 ], [ -98.607194137404804, 20.589218196751172 ], [ -98.607157951621517, 20.589235214900413 ], [ -98.60703134699537, 20.589303235555168 ], [ -98.606959029637807, 20.589320291560146 ], [ -98.606922879948129, 20.589337294032216 ], [ -98.606796396807852, 20.589388307032156 ], [ -98.606706099457455, 20.589439249673767 ], [ -98.606633884107865, 20.589473213707201 ], [ -98.60654363983771, 20.589507188163704 ], [ -98.6064895203004, 20.589541110854057 ], [ -98.606417371647268, 20.589575043500218 ], [ -98.606345245373717, 20.58960896484032 ], [ -98.606255108923293, 20.589642893421026 ], [ -98.606183010101532, 20.589659877494853 ], [ -98.606110953327956, 20.589693770372918 ], [ -98.606020900914586, 20.58972766749806 ], [ -98.605948865930102, 20.58974463248142 ], [ -98.605876878733866, 20.589778496451988 ], [ -98.605804944878145, 20.589829249135207 ], [ -98.605732970852586, 20.589846192872894 ], [ -98.605643055542487, 20.589880035958203 ], [ -98.605589078576457, 20.589880067642849 ], [ -98.605517160593195, 20.589896998400626 ], [ -98.605445261849027, 20.58991392441548 ], [ -98.605337426433508, 20.58993086464087 ], [ -98.605265572479567, 20.589947781289066 ], [ -98.605193829690393, 20.589998445281616 ], [ -98.605122016401083, 20.590015347738099 ], [ -98.605086092693114, 20.590015361520457 ], [ -98.604979663053669, 20.590066152708928 ], [ -98.604856646193298, 20.590116982891345 ], [ -98.604785321252024, 20.590133855691576 ], [ -98.604678511933088, 20.590167565962666 ], [ -98.60458918570437, 20.590167591333067 ], [ -98.604535844067627, 20.590184432398409 ], [ -98.60444633648288, 20.590167631487056 ], [ -98.604339258232613, 20.590167661562148 ], [ -98.604250065524923, 20.590167686710291 ], [ -98.60416063541544, 20.590150896437915 ], [ -98.604053400458213, 20.590134115967565 ], [ -98.603999937762751, 20.590134134353207 ], [ -98.603874942958583, 20.590117367509173 ], [ -98.603785428240585, 20.590117371974998 ], [ -98.603731615474544, 20.590117367229904 ], [ -98.603624019286073, 20.59013414750093 ], [ -98.603552153615198, 20.590150925879559 ], [ -98.603444209487819, 20.590167693847238 ], [ -98.603354288830971, 20.590184469893405 ], [ -98.603282402116264, 20.590201253255312 ], [ -98.603192754615051, 20.590234835328921 ], [ -98.60312028461361, 20.590251610786819 ], [ -98.60302993859176, 20.590285189212508 ], [ -98.602920748493972, 20.59030196691689 ], [ -98.602866925211998, 20.590335573890219 ], [ -98.602776494243841, 20.590369181981561 ], [ -98.602703798137867, 20.590385993305901 ], [ -98.602594413696778, 20.590402818691619 ], [ -98.602539980864677, 20.590419641021036 ], [ -98.602450012234613, 20.590470095350913 ], [ -98.602377200009045, 20.590486938196264 ], [ -98.602304358655417, 20.590503787896772 ], [ -98.602213728825618, 20.590537464428866 ], [ -98.60214082899671, 20.590554330163119 ], [ -98.602123070601252, 20.590571150530124 ], [ -98.601942649078808, 20.590638543698169 ], [ -98.601798986339958, 20.590689100837153 ], [ -98.601726920633524, 20.590722739810058 ], [ -98.601636942384914, 20.590756393715466 ], [ -98.601546969815757, 20.590790045134284 ], [ -98.601457002773458, 20.590823694199432 ], [ -98.601367041734079, 20.59085734119833 ], [ -98.601312967880887, 20.59089093166525 ], [ -98.601223026579021, 20.590924570830527 ], [ -98.601169085405104, 20.590941404421535 ], [ -98.601043161349708, 20.590991842051444 ], [ -98.600935211730828, 20.591042237089869 ], [ -98.600809384548754, 20.591092781295174 ], [ -98.600701539006934, 20.591126573588305 ], [ -98.600575666620557, 20.591177216959579 ], [ -98.600539703170838, 20.591177345418426 ], [ -98.600413747133729, 20.591194539253763 ], [ -98.600287662361396, 20.59119499810101 ], [ -98.600215560244877, 20.591178377165154 ], [ -98.600089506238248, 20.591161436684235 ], [ -98.59999937804885, 20.591127835096771 ], [ -98.599909271595621, 20.591094154214961 ], [ -98.599801158514595, 20.591060441481719 ], [ -98.599711033374462, 20.591026746715251 ], [ -98.599638912596632, 20.591009916197429 ], [ -98.599566480437502, 20.590976429880467 ], [ -98.599440462754814, 20.590942576575131 ], [ -98.599314435727393, 20.590891887875571 ], [ -98.599242559762288, 20.590874919795599 ], [ -98.599152797053293, 20.590857914412997 ], [ -98.599062803985191, 20.59082415524232 ], [ -98.598990939701579, 20.590807226359384 ], [ -98.598883054275049, 20.590773447002388 ], [ -98.598829120365821, 20.590756560261791 ], [ -98.598738888137987, 20.590706021931421 ], [ -98.598684408973313, 20.590655520287491 ], [ -98.598576195559758, 20.590604936224125 ], [ -98.598503683692272, 20.590554384045685 ], [ -98.598431735083039, 20.590537494382179 ], [ -98.59834157787833, 20.590503754337529 ], [ -98.598287545066285, 20.590486878311935 ], [ -98.598180486520945, 20.590503654975262 ], [ -98.598071367960529, 20.590503716638107 ], [ -98.598016723225996, 20.590503750394728 ], [ -98.597907354886587, 20.590503818053055 ], [ -98.59781613499527, 20.590503873363975 ], [ -98.597706193315631, 20.590503964109313 ], [ -98.597614411682571, 20.59050404278744 ], [ -98.597559296016613, 20.5905040900901 ], [ -98.597430081274524, 20.590487301214818 ], [ -98.597338203812328, 20.590487360740589 ], [ -98.597209430423547, 20.590487444024497 ], [ -98.597098918409387, 20.590487515637669 ], [ -98.5970067306869, 20.590487575039678 ], [ -98.596914455446125, 20.590487634940558 ], [ -98.596858507085642, 20.590470715510957 ], [ -98.596747815922569, 20.590453782075102 ], [ -98.596674950765617, 20.590436792989607 ], [ -98.596547338424202, 20.590402809592181 ], [ -98.596474441866931, 20.590385813217054 ], [ -98.596401534613733, 20.590368813944167 ], [ -98.5963101556315, 20.590334815489868 ], [ -98.596219374264749, 20.590334802621655 ], [ -98.59612861444306, 20.590317795805163 ], [ -98.59601948626036, 20.590283787286769 ], [ -98.595928723251191, 20.590266778464976 ], [ -98.595874153178428, 20.590249772861306 ], [ -98.595801484813649, 20.590232765471121 ], [ -98.59571072009912, 20.590215756210135 ], [ -98.595637755529083, 20.590181741368269 ], [ -98.59552859034936, 20.590147721809952 ], [ -98.595437509651006, 20.59011369860605 ], [ -98.59536379367573, 20.590079634323377 ], [ -98.595219282639079, 20.589992944806887 ], [ -98.595002491764561, 20.589909280008936 ], [ -98.594839634441215, 20.589859132785381 ], [ -98.594767400047701, 20.589808668460339 ], [ -98.594695014541031, 20.589775081676741 ], [ -98.594622609354772, 20.589741496316115 ], [ -98.594550076280271, 20.589724820670849 ], [ -98.594459458975038, 20.589691296013942 ], [ -98.59438686425726, 20.589674603736533 ], [ -98.594314347041021, 20.589640999443642 ], [ -98.59424169526369, 20.589624291168299 ], [ -98.594169017816569, 20.589607576993011 ], [ -98.594096402150228, 20.589573935141139 ], [ -98.593987555304665, 20.589557871890673 ], [ -98.593915141482938, 20.589524791627596 ], [ -98.593824408733255, 20.589508826615763 ], [ -98.593751757180598, 20.589492647701942 ], [ -98.593679034931299, 20.589476453096179 ], [ -98.593588018948495, 20.589460434283446 ], [ -98.593533376127723, 20.589444015959977 ], [ -98.593441802719312, 20.589409431808921 ], [ -98.593368532711125, 20.589391914053099 ], [ -98.593350219219047, 20.589391816473348 ], [ -98.593222082511161, 20.589374016867144 ], [ -98.593148908189974, 20.589339405040921 ], [ -98.593057488765666, 20.589321959043911 ], [ -98.592984385291587, 20.589287634009555 ], [ -98.592929561563949, 20.589270426244191 ], [ -98.592856481042219, 20.589252995053155 ], [ -98.592765171333809, 20.589235465056507 ], [ -98.592673901357529, 20.589200905105109 ], [ -98.592600849079616, 20.589183816917384 ], [ -98.592527791116552, 20.58913257308884 ], [ -98.592436463482713, 20.589081322465812 ], [ -98.592381666596296, 20.589064234134057 ], [ -98.592290375176759, 20.589047057938522 ], [ -98.592217381229247, 20.589029833869731 ], [ -98.592126159911274, 20.589012572354456 ], [ -98.592053192824665, 20.588995354046538 ], [ -98.591980237772859, 20.588978138674921 ], [ -98.591852565008978, 20.588926698002911 ], [ -98.591797838690582, 20.588892471661779 ], [ -98.591706645139055, 20.588841119220071 ], [ -98.591633766674121, 20.588840976773298 ], [ -98.591560842718678, 20.588806725196754 ], [ -98.59148792678134, 20.588772477136242 ], [ -98.591378533150731, 20.588704056882548 ], [ -98.591305643052792, 20.588669815271324 ], [ -98.591251088949775, 20.588635528450951 ], [ -98.591141522183378, 20.588601405786797 ], [ -98.591086716525652, 20.588584352124155 ], [ -98.590977024558782, 20.588533193240629 ], [ -98.590903811410016, 20.588482028227435 ], [ -98.590848761600284, 20.588413797776571 ], [ -98.590793847171923, 20.588379670521618 ], [ -98.590702361035426, 20.588311369881936 ], [ -98.590611202180582, 20.58826004738091 ], [ -98.590538245207128, 20.588225837729361 ], [ -98.590464760652438, 20.588208851284044 ], [ -98.590391315065034, 20.588174747756426 ], [ -98.590281031862659, 20.588140684798987 ], [ -98.590207524511072, 20.588106555401115 ], [ -98.590097292571045, 20.58803822161245 ], [ -98.590023727321551, 20.5880040620568 ], [ -98.589931869219498, 20.587935661167485 ], [ -98.589858660746614, 20.587884320378745 ], [ -98.589785447491195, 20.587832976215179 ], [ -98.589730513659191, 20.58779874558067 ], [ -98.589638837222083, 20.587764515536136 ], [ -98.589583892812982, 20.58773027926269 ], [ -98.589492192762961, 20.587696039364811 ], [ -98.58941885868461, 20.587661795921328 ], [ -98.589289626608675, 20.58751917700657 ], [ -98.588973351415149, 20.587403858931363 ], [ -98.588775159100209, 20.587286791089959 ], [ -98.588696001504459, 20.587228483168676 ], [ -98.588597762922774, 20.587170476527209 ], [ -98.588519533120078, 20.587131780193566 ], [ -98.588441438203304, 20.5870927822032 ], [ -98.588324837094433, 20.58705303796912 ], [ -98.58824701259914, 20.58699446223919 ], [ -98.588169681984766, 20.586955727386737 ], [ -98.588073352920247, 20.586916971224248 ], [ -98.588015667795773, 20.586878581246822 ], [ -98.587938960232066, 20.586859108515888 ], [ -98.587824077291643, 20.586839414563546 ], [ -98.587728817725804, 20.586782135155211 ], [ -98.587652784068865, 20.586744239405906 ], [ -98.587615017774851, 20.586706900068794 ], [ -98.587558298135264, 20.586669604502752 ], [ -98.587445249824327, 20.586595269895867 ], [ -98.587369949495752, 20.586558190593582 ], [ -98.587295198722572, 20.586502810698924 ], [ -98.587219871365932, 20.58648428959124 ], [ -98.587144661610452, 20.586465710058331 ], [ -98.587069567719425, 20.586447097383143 ], [ -98.586994572588779, 20.586428508754349 ], [ -98.586937963716522, 20.586428293182177 ], [ -98.586844357593733, 20.586409437717489 ], [ -98.586769774116405, 20.586390591826394 ], [ -98.586695307584719, 20.586371775531241 ], [ -98.586620957258361, 20.586352988374426 ], [ -98.58656545743591, 20.586334386690556 ], [ -98.586473399178445, 20.586297417101381 ], [ -98.586400267057854, 20.586260699757531 ], [ -98.586327325518923, 20.586224078285351 ], [ -98.586254574595628, 20.586187552295687 ], [ -98.586182955161121, 20.586133226241955 ], [ -98.586130138965615, 20.586079237327187 ], [ -98.58609503149529, 20.58604335018163 ], [ -98.586007323776954, 20.585970927273035 ], [ -98.585936149182473, 20.585934527745078 ], [ -98.585884672522369, 20.585880778288331 ], [ -98.585779658029182, 20.585809230858484 ], [ -98.585728408061797, 20.585756257962803 ], [ -98.585638176901469, 20.585738240775999 ], [ -98.585550813165412, 20.585685344368539 ], [ -98.585498834828627, 20.585650226094749 ], [ -98.585410718778832, 20.585614924044705 ], [ -98.585341157184828, 20.585579728862729 ], [ -98.585271793440256, 20.585544633857985 ], [ -98.585202823596404, 20.585509524764824 ], [ -98.585116131295194, 20.585474355282656 ], [ -98.585046960304211, 20.585439797892899 ], [ -98.584977964696648, 20.585405328356668 ], [ -98.584947368703126, 20.585353801004139 ], [ -98.584896836149738, 20.585319552170379 ], [ -98.584834245548265, 20.585234334900118 ], [ -98.584785465310418, 20.585183698011974 ], [ -98.58473685075657, 20.585133232137693 ], [ -98.584670312079481, 20.585082974505028 ], [ -98.584601980956592, 20.585049610505862 ], [ -98.584533794138167, 20.58501631652738 ], [ -98.584465749748972, 20.584983092461052 ], [ -98.58443178101021, 20.584966506214034 ], [ -98.584347890319449, 20.584916878581215 ], [ -98.584264107629323, 20.584867443148337 ], [ -98.584196415988856, 20.584834588127102 ], [ -98.584128857204448, 20.584801797536738 ], [ -98.584085891627353, 20.584719928355454 ], [ -98.584056648251845, 20.584671022849129 ], [ -98.583991799439445, 20.58462231586071 ], [ -98.583924898027377, 20.584589953947674 ], [ -98.583842668653688, 20.58454150156842 ], [ -98.583791722359592, 20.584525384918301 ], [ -98.583707733163934, 20.584493187248079 ], [ -98.583656929380354, 20.584477118348104 ], [ -98.583570698739479, 20.584461086434342 ], [ -98.583504818215857, 20.5844290060557 ], [ -98.583479585786222, 20.584364994696394 ], [ -98.583416593313416, 20.58431718893652 ], [ -98.583368830090507, 20.584285404909998 ] ] } },
{ "type": "Feature", "properties": { "ID_OBRA": "961_San Agustín Metzquititlán", "No.": 961.0, "Municipio": "San Agustín Metzquititlán", "Rubro": "Infraestructura Carretera", "Ejercicio": 2024.0, "Obra": "Reconstrucción de la C.E. Tuzanapa - C.E. El Enzuelado Carpinteros, San Agustín Metzquititlán", "Localidad": "Tuzanapa", "Inversión": 8228566.46, "Habitantes.beneficiados": 838.0, "Ejecutora": "DGOPI", "Trabajos": "Considera trabajos para la reconstrucción y/o conservación de Infraestructura Carretera en la localidad de Tuzanapa municipio de San Agustín Metzquititlán", "Geometria_tipo": "Línea", "extract": -0.12843057274266403 }, "geometry": { "type": "LineString", "coordinates": [ [ -98.589773866932035, 20.572723633244632 ], [ -98.589162537776886, 20.572431435425482 ], [ -98.589010405420183, 20.572472208829812 ], [ -98.588971191227287, 20.572484818002319 ], [ -98.588920705613063, 20.572533668031497 ], [ -98.588877949199897, 20.572580119863172 ], [ -98.588860516138794, 20.572602124138964 ], [ -98.588821203260565, 20.572614778980576 ], [ -98.5883658940011, 20.572943382212156 ], [ -98.588137250384747, 20.573185048680731 ], [ -98.588031013164468, 20.573355979991486 ], [ -98.587895996295671, 20.573503834162775 ], [ -98.587729806833849, 20.573697484058911 ], [ -98.587705541123839, 20.573731774614405 ], [ -98.587645734472829, 20.573768640677521 ], [ -98.587618553262047, 20.57379508990709 ], [ -98.587580442950582, 20.573842873836778 ], [ -98.587531267502428, 20.573885381332513 ], [ -98.587506657872481, 20.573893258525874 ], [ -98.587325176106049, 20.574058739717305 ], [ -98.587089429279516, 20.574260081392467 ], [ -98.586784302431369, 20.574511528997725 ], [ -98.586526036128475, 20.574749577235419 ], [ -98.586416475472021, 20.574980965661517 ], [ -98.586394521871824, 20.575035262451731 ], [ -98.586372481379897, 20.575089774029312 ], [ -98.586334289551374, 20.575187893052714 ], [ -98.586335218762216, 20.575225949563524 ], [ -98.58628215008099, 20.57566389537611 ], [ -98.586282872815715, 20.575703780997287 ], [ -98.586290663314017, 20.575771851787007 ], [ -98.586285787497218, 20.575864712408702 ], [ -98.586280147319471, 20.575917536572224 ], [ -98.586218329191865, 20.576050376207451 ], [ -98.586192782159145, 20.576142091623488 ], [ -98.586180137706549, 20.576209213370376 ], [ -98.586171668769467, 20.576254169881185 ], [ -98.586176697524394, 20.576316262908673 ], [ -98.586168214448747, 20.576361549100906 ], [ -98.586177710717635, 20.576400926401156 ], [ -98.586075611575026, 20.57684608329637 ], [ -98.585995092164495, 20.577430823773035 ], [ -98.58592246535315, 20.57776929415105 ], [ -98.585911137887564, 20.57779228890902 ], [ -98.585859974768766, 20.577896150401596 ], [ -98.585834087593554, 20.57793377656262 ], [ -98.58581118376776, 20.577980192497982 ], [ -98.585790903249034, 20.578006117334002 ], [ -98.585773318107144, 20.57801166582928 ], [ -98.585717818806344, 20.578048723657474 ], [ -98.585477909896497, 20.578045462760983 ], [ -98.585126603112158, 20.577957973348791 ], [ -98.584914422577683, 20.577971770970976 ], [ -98.584730167015636, 20.578030645833767 ], [ -98.584470912404825, 20.578292416821004 ], [ -98.584253981405951, 20.578579072058332 ], [ -98.583994040651191, 20.578920287295343 ], [ -98.583780746942836, 20.579281035206275 ], [ -98.583610999721628, 20.579527249514513 ], [ -98.583506281060863, 20.579717960949864 ], [ -98.583434608253256, 20.579930691543606 ], [ -98.583413413409801, 20.580192561439581 ], [ -98.583431220234715, 20.580426859358152 ], [ -98.583438613066718, 20.580624981644316 ], [ -98.583392600002597, 20.58091840269849 ], [ -98.583200735805647, 20.581190783188642 ], [ -98.583046060840871, 20.581437103812679 ], [ -98.582865382573829, 20.581791621406399 ], [ -98.582610433665124, 20.582024946160828 ], [ -98.58236002283104, 20.582216905587245 ], [ -98.581488882422889, 20.582969652516599 ] ] } },
{ "type": "Feature", "properties": { "ID_OBRA": "963_San Agustín Tlaxiaca", "No.": 963.0, "Municipio": "San Agustín Tlaxiaca", "Rubro": "Vialidades Urbanas", "Ejercicio": 2023.0, "Obra": "Rehabilitación asfáltica de la Av. Nicolas Bravo, Bo. Casa Grande en San Agustín Tlaxiaca", "Localidad": "Casa Grande (Barrio)", "Inversión": 4501686.84, "Habitantes.beneficiados": 6.0, "Ejecutora": "DGOPI", "Trabajos": "Se realizan los siguientes trabajos: trazo y nivelación de plazas, suministro y aplicación de carpeta asfáltica compactado,  en el municipio de San Agustín Tlaxiaca", "Geometria_tipo": "Línea", "extract": 0.31963077974465165 }, "geometry": { "type": "LineString", "coordinates": [ [ -98.882880272782103, 20.105192056402494 ], [ -98.8828809460244, 20.104286934024795 ], [ -98.882881251173501, 20.103876668243505 ], [ -98.882890407202098, 20.103605983351496 ], [ -98.882975885442505, 20.103056199002097 ], [ -98.882985223537105, 20.102540200478696 ], [ -98.882972159327295, 20.102045334805801 ], [ -98.882856249651894, 20.1013727598719 ], [ -98.882780431723901, 20.100975132053293 ], [ -98.882544038341507, 20.099765324162593 ], [ -98.882320634592205, 20.099151890827894 ], [ -98.881931801104798, 20.098238048620505 ] ] } },
{ "type": "Feature", "properties": { "ID_OBRA": "966_San Agustín Tlaxiaca", "No.": 966.0, "Municipio": "San Agustín Tlaxiaca", "Rubro": "Vialidades Urbanas", "Ejercicio": 2023.0, "Obra": "Reconstrucción de pavimentación asfáltica en calle Francisco Javier Mina, en la localidad de Ixcuinquitlapilco; en el municipio de San Agustín Tlaxiaca.", "Localidad": "Ixcuinquitlapilco", "Inversión": 6590648.69, "Habitantes.beneficiados": 2543.0, "Ejecutora": "DGIVC", "Trabajos": "Considera los trabajos de la operación de escarificación, disgregado, construcción de base hidráulica, suministro y aplicación de riego de liga con emulsión asfáltica.", "Geometria_tipo": "Línea", "extract": 0.061066646885166838 }, "geometry": { "type": "LineString", "coordinates": [ [ -98.932959411062399, 20.103890111486901 ], [ -98.933160746978501, 20.104232781480295 ], [ -98.933227857351298, 20.104351234308105 ], [ -98.933259139824798, 20.104490821314304 ], [ -98.933500807606507, 20.104753144691198 ], [ -98.934046795559794, 20.105358175319303 ], [ -98.934539077984795, 20.105916659259904 ], [ -98.934950815473201, 20.106365143828501 ], [ -98.935067186882904, 20.106466695888898 ], [ -98.935313378119602, 20.1066317387608 ], [ -98.935532729443594, 20.106737557786897 ], [ -98.935908715959599, 20.107029533690895 ], [ -98.936472630935498, 20.107634563208901 ], [ -98.936732169510506, 20.108019545450997 ], [ -98.936741073486203, 20.108146435117401 ], [ -98.936843882555294, 20.108577885947494 ], [ -98.936942090996908, 20.109318092102498 ], [ -98.937022395272905, 20.1100456031077 ], [ -98.937049074443706, 20.110510862919597 ], [ -98.937057978809804, 20.110637752535204 ], [ -98.937134080358106, 20.1106800751507 ], [ -98.937407189442794, 20.1107351563886 ], [ -98.937939962164506, 20.110879149249701 ], [ -98.938029496758105, 20.1109214762037 ], [ -98.9381637721538, 20.111052639305001 ], [ -98.938217451496101, 20.1111837740937 ], [ -98.938199468144305, 20.111369867892396 ] ] } },
{ "type": "Feature", "properties": { "ID_OBRA": "97_Atlapexco", "No.": 97.0, "Municipio": "Atlapexco", "Rubro": "Infraestructura Carretera", "Ejercicio": 2023.0, "Obra": "Modernización y ampliación del camino (Atlapexco - Calnali) - Tlachapa - Atlajco - Cochotla, municipio de Atlapexco", "Localidad": "Cochotla", "Inversión": 7530534.4, "Habitantes.beneficiados": 1410.0, "Ejecutora": "DGCCE", "Trabajos": "Considera los trabajos  de modernización y ampliación del camino en la localidad de Cochotla municipio de Atlapexco", "Geometria_tipo": "Línea", "extract": 0.087381222636976383 }, "geometry": { "type": "LineString", "coordinates": [ [ -98.371597438821794, 20.989048108250397 ], [ -98.3717639902126, 20.989175335897997 ], [ -98.371986058733583, 20.989274290660198 ], [ -98.372551324059813, 20.989297851308098 ], [ -98.372904614888682, 20.989246017877701 ], [ -98.373298281812282, 20.989099941749501 ], [ -98.373570820451704, 20.989066956797604 ], [ -98.373969534387186, 20.989165911631495 ], [ -98.374211790955599, 20.989349684720594 ], [ -98.374438906488393, 20.989698381755201 ], [ -98.374731633175202, 20.990023517445799 ], [ -98.375054641933005, 20.990249698378395 ], [ -98.375453355868501, 20.990480591060305 ], [ -98.375786458649998, 20.990617241663099 ], [ -98.376185172585508, 20.990852845856899 ], [ -98.376336582940695, 20.991121434184496 ], [ -98.376387053059105, 20.9913381893248 ], [ -98.376412288118303, 20.991620912947798 ], [ -98.376518275367005, 20.991950756498198 ], [ -98.376780719982705, 20.992219342851101 ], [ -98.377098681728796, 20.992379552024499 ], [ -98.377285421166903, 20.992516200889501 ], [ -98.377436831522104, 20.992676409744398 ], [ -98.37754281877082, 20.992770650167 ], [ -98.377709370161611, 20.992897874643198 ], [ -98.377981908801004, 20.992982690900401 ], [ -98.378320058594298, 20.993095779168396 ], [ -98.378567362174607, 20.993142899254796 ], [ -98.378764195636407, 20.993166459292404 ], [ -98.378945888062603, 20.993241851387801 ], [ -98.379031687263904, 20.993340803455197 ], [ -98.379092251406107, 20.993420907461793 ], [ -98.379203285666492, 20.993463315447901 ], [ -98.379359743033604, 20.993482163437797 ], [ -98.379652469720384, 20.993402059464099 ], [ -98.379819021111203, 20.993317243445098 ], [ -98.380611401970299, 20.992944994792001 ], [ -98.381035350964879, 20.992770650167003 ], [ -98.381333124663598, 20.9927235299632 ], [ -98.381741932622703, 20.992718817941899 ], [ -98.382327385996305, 20.992742378046504 ], [ -98.382514125434398, 20.992789498244395 ], [ -98.382675629813306, 20.9928083463194 ], [ -98.382801805109409, 20.992751802087305 ], [ -98.382938074429106, 20.992652849629497 ], [ -98.383099578808, 20.992440808427698 ], [ -98.383316600317201, 20.992299447459295 ], [ -98.383553809873703, 20.992242903034395 ], [ -98.383932335761799, 20.992181646550002 ], [ -98.3844319899341, 20.991950756498195 ], [ -98.385032584343193, 20.991507823562799 ], [ -98.385784589107502, 20.990914102886496 ], [ -98.385981422569415, 20.990819861292199 ], [ -98.386324619374605, 20.990791588802296 ], [ -98.386637534108701, 20.990914102886499 ], [ -98.387106906209993, 20.991220387657101 ], [ -98.387793299820402, 20.991635049114905 ], [ -98.3882323898506, 20.991865939654897 ], [ -98.388499881478111, 20.991936620360999 ], [ -98.388974300591215, 20.991969604679095 ], [ -98.389514330858205, 20.992063845547801 ], [ -98.389781822485787, 20.992209918776702 ], [ -98.389928185829206, 20.992388976088197 ], [ -98.390013985030507, 20.992591593313204 ], [ -98.390034173077893, 20.992751802087202 ], [ -98.389993796983106, 20.992992114925997 ], [ -98.389938279852899, 20.993114627204701 ], [ -98.389857527663395, 20.993364363461598 ], [ -98.389887809734518, 20.993519859410604 ], [ -98.389958467900314, 20.993665931215098 ], [ -98.390296617693593, 20.99378844294089 ], [ -98.390624673463279, 20.993788442940897 ], [ -98.3911596567185, 20.993812002876705 ], [ -98.391427148345983, 20.993764883001496 ], [ -98.391598746748699, 20.993755459024598 ], [ -98.391689592961782, 20.993859122737099 ], [ -98.391679498938117, 20.993991058267 ], [ -98.391649216867094, 20.9943114726399 ], [ -98.391593699736802, 20.9947167015975 ], [ -98.391583605713109, 20.995220880276594 ], [ -98.391639122843401, 20.995385798166598 ], [ -98.391772868657313, 20.995687361837096 ], [ -98.391941943553917, 20.995918246110595 ], [ -98.392093353909203, 20.996186825326493 ], [ -98.3921867236282, 20.996380013586496 ], [ -98.392275046335413, 20.996601472991696 ], [ -98.392317945936099, 20.996700422832401 ], [ -98.392469356291301, 20.996959576866601 ], [ -98.392706565847917, 20.997244645784495 ], [ -98.392825170626196, 20.997423697057894 ], [ -98.392847882179495, 20.997619239650597 ], [ -98.392870593732681, 20.997795934544197 ], [ -98.392941251898506, 20.997887815806202 ], [ -98.392996769028798, 20.997956137733595 ], [ -98.393539322801701, 20.9986205079489 ], [ -98.393645310050402, 20.9987218123673 ], [ -98.393804290923384, 20.998790133913001 ], [ -98.394023835938398, 20.9988089812304 ], [ -98.394374603261411, 20.998771286593204 ], [ -98.394518443098903, 20.998766574762804 ], [ -98.394745558631826, 20.998797201657293 ], [ -98.394881827951494, 20.999011589742693 ], [ -98.394912110022503, 20.999112893895699 ], [ -98.39492472755208, 20.999242468874897 ], [ -98.394909586516604, 20.999348484683303 ], [ -98.394904539504793, 20.999609990022105 ], [ -98.394949962611307, 20.999857359515495 ], [ -98.395035761812593, 21.000071746078202 ], [ -98.395161937108711, 21.000283776441698 ], [ -98.3952881124047, 21.000462824069597 ], [ -98.3954849458665, 21.000615956738898 ], [ -98.395654020763217, 21.0007643774839 ], [ -98.395787766576987, 21.000868036329297 ], [ -98.396115822346601, 21.001136606639403 ], [ -98.396254615172296, 21.001350991364603 ], [ -98.396310132302503, 21.001570087523802 ], [ -98.396370696444606, 21.001742066004105 ], [ -98.396484046613296, 21.0018707710556 ], [ -98.396658540755396, 21.001892784874798 ], [ -98.396894343650203, 21.001831146173 ], [ -98.397064121734402, 21.001782715746494 ], [ -98.397309356744998, 21.001835548938196 ], [ -98.397413110018704, 21.0020116594421 ], [ -98.397394245787098, 21.002209783510601 ], [ -98.397299924629181, 21.002350671576995 ], [ -98.397215035587095, 21.002473948526102 ], [ -98.39725276405018, 21.002729307596596 ], [ -98.397427258192394, 21.002980263498795 ], [ -98.397615900508214, 21.003231218979 ], [ -98.397710221666088, 21.003407327836001 ], [ -98.397776246476596, 21.0034953821865 ], [ -98.398115802645094, 21.003878418006799 ], [ -98.3987336062293, 21.004314285158003 ], [ -98.399266520771505, 21.004692916195498 ], [ -98.399492891550508, 21.004798580499596 ], [ -98.400063534555784, 21.004904244728895 ], [ -98.400888844687501, 21.005009908883398 ], [ -98.401318005955915, 21.005058338262504 ], [ -98.402110303682321, 21.005287276932901 ], [ -98.402662082456004, 21.005397343476407 ], [ -98.40296391016129, 21.005445772729701 ], [ -98.403100675840292, 21.00551181259539 ], [ -98.403416651719297, 21.005670308153697 ], [ -98.403628874324596, 21.005749555869698 ], [ -98.40383166481412, 21.005815595601003 ], [ -98.40405331953508, 21.005833206190999 ], [ -98.404237245793098, 21.005789179712 ], [ -98.404364579356212, 21.005661502849296 ], [ -98.404477764745721, 21.005529423221297 ], [ -98.404539073498398, 21.005322498235593 ], [ -98.404576801961497, 21.005150794306292 ], [ -98.404652258887808, 21.004974687506895 ], [ -98.404741863987795, 21.004864620651695 ], [ -98.404817320914205, 21.004692916195495 ], [ -98.404793740624683, 21.004512406169603 ], [ -98.404732431872119, 21.004248244762397 ], [ -98.404708851582598, 21.003984082887602 ], [ -98.404722999756302, 21.003737531382601 ], [ -98.404817320914205, 21.003623060902495 ], [ -98.404916358129995, 21.003552617486491 ], [ -98.405034259577405, 21.0035966446254 ], [ -98.405081420156307, 21.003702309705705 ], [ -98.404982382940489, 21.0039268477531 ], [ -98.404944654477305, 21.004151385462599 ], [ -98.404958802650995, 21.004336298616703 ], [ -98.405053123808898, 21.004490392736798 ], [ -98.405156877082632, 21.004675305470901 ], [ -98.405213469777408, 21.004895439379297 ], [ -98.405204037661619, 21.005238847628103 ], [ -98.405171025256308, 21.005679113457596 ], [ -98.405001247172109, 21.006123780626801 ], [ -98.404756012161499, 21.006489199189701 ], [ -98.4045437895563, 21.006854616857797 ], [ -98.404491912919397, 21.007004305764596 ], [ -98.404506061093116, 21.007114371041499 ], [ -98.404595666193117, 21.007220033630897 ], [ -98.40478902456681, 21.007316890938803 ], [ -98.405034259577405, 21.007369722171102 ], [ -98.405237050066901, 21.007264059687699 ], [ -98.405586038351089, 21.007391735179105 ], [ -98.405689791624781, 21.007484189776999 ], [ -98.405793544898501, 21.007532618353107 ], [ -98.405887866056403, 21.007523813158596 ], [ -98.405982187214306, 21.0074269559851 ], [ -98.405991619330095, 21.0072024232045 ], [ -98.406019915677504, 21.007070344940502 ], [ -98.406085940487998, 21.006964682245101 ], [ -98.40616139741428, 21.006898643022399 ], [ -98.406425496656496, 21.0068502142406 ], [ -98.406576410509103, 21.006806188061702 ], [ -98.4066943119565, 21.006740148768895 ], [ -98.406807497346009, 21.006590459597 ], [ -98.406878238214404, 21.006449575533399 ], [ -98.406939546966996, 21.006348315030497 ], [ -98.407052732356505, 21.006273470266798 ], [ -98.407392288525003, 21.006233846553197 ], [ -98.407505473914398, 21.0062910808028 ], [ -98.407632807477597, 21.006480393933696 ], [ -98.40774599286712, 21.006634485839601 ], [ -98.407920487009221, 21.006788577586399 ], [ -98.408094981151294, 21.007048331885095 ], [ -98.408170438077704, 21.007162799737593 ], [ -98.408264759235607, 21.007149591912892 ], [ -98.408382660683017, 21.007008708377299 ], [ -98.408509994246103, 21.006814993298502 ], [ -98.408566586940907, 21.006718135664794 ], [ -98.408712784735599, 21.006652096332992 ], [ -98.408901427051404, 21.006704927800797 ], [ -98.409090069367295, 21.0068502142406 ], [ -98.409316440146199, 21.007092357992601 ], [ -98.4094909342883, 21.007290475315596 ], [ -98.409637132083105, 21.007356514364801 ], [ -98.409802194109417, 21.007325696145497 ], [ -98.409948391904223, 21.007184812776096 ], [ -98.410165330567409, 21.007013110989796 ], [ -98.410335108651608, 21.006841409005801 ], [ -98.410429429809497, 21.006726940906795 ], [ -98.410490738562103, 21.006652096332996 ], [ -98.410603923951612, 21.006665304201697 ], [ -98.410778418093699, 21.006894240406499 ], [ -98.411009504930604, 21.007079150161701 ], [ -98.411127406378, 21.007109968432001 ], [ -98.411264172056889, 21.007039526661998 ], [ -98.411396221678018, 21.006982292699501 ], [ -98.4115565676464, 21.007065942329703 ], [ -98.411688617267501, 21.007145189304499 ], [ -98.411825382946489, 21.0071055658223 ], [ -98.4119857289149, 21.007017513602104 ], [ -98.412080050072802, 21.006995500538991 ], [ -98.412268692388594, 21.0071627997376 ], [ -98.412381877778117, 21.007259657082599 ], [ -98.412462050762301, 21.007286072711295 ], [ -98.412660125193895, 21.007246449266599 ], [ -98.412801606930813, 21.0073300987486 ], [ -98.412858199625504, 21.007435761185299 ], [ -98.4129336565519, 21.007598657295102 ], [ -98.412980817130801, 21.007695514357199 ], [ -98.413070422230803, 21.007730735091499 ], [ -98.4132354842572, 21.007682306579696 ], [ -98.413334521473004, 21.007594254699899 ], [ -98.413471287151907, 21.007629475458099 ], [ -98.413598620715092, 21.007845202420398 ], [ -98.413711806104601, 21.008016903249199 ], [ -98.413787263030912, 21.008078539395896 ], [ -98.413975905346689, 21.008047721325699 ], [ -98.414178695836199, 21.008038916161698 ], [ -98.414409782673118, 21.008210616767496 ], [ -98.4146974622047, 21.008404330034299 ], [ -98.414970993562605, 21.008549614819302 ], [ -98.415286969441595, 21.008659678956203 ], [ -98.415937785431097, 21.008901819771499 ], [ -98.4162914897733, 21.009029493861405 ], [ -98.416414107278513, 21.009135155094498 ], [ -98.416513144494289, 21.009218803517602 ], [ -98.416697070752193, 21.009333269704896 ], [ -98.416862132778604, 21.009368490052495 ], [ -98.417083787499607, 21.009412515475404 ], [ -98.41729601010492, 21.009509371359901 ], [ -98.417578973578699, 21.009632642394791 ], [ -98.417847788878703, 21.009711888006194 ], [ -98.418159048699707, 21.009773523452704 ], [ -98.418489172752402, 21.009927611957501 ], [ -98.418833444978802, 21.010055285169496 ], [ -98.419187149320905, 21.010156543156498 ], [ -98.419385223752499, 21.0102313859723 ], [ -98.419540853663108, 21.010315033780802 ], [ -98.419644606936714, 21.010455914194299 ], [ -98.419705915689406, 21.010592391968 ], [ -98.419734212036801, 21.010755284631301 ], [ -98.419753076268279, 21.010847737144896 ], [ -98.41980023684728, 21.010913774619496 ], [ -98.419932286468409, 21.0109093721221 ], [ -98.420059620031495, 21.0108477371449 ], [ -98.420403892257909, 21.010724467114102 ], [ -98.420823621410605, 21.010689247086592 ], [ -98.421101868826412, 21.010728869616898 ], [ -98.421677227889603, 21.010812517146498 ], [ -98.422002635884382, 21.0108213221468 ], [ -98.422219574547498, 21.0108433346455 ], [ -98.422361056284416, 21.0107772971397 ], [ -98.422346908110697, 21.010654027050691 ], [ -98.422153549737004, 21.010495536786596 ], [ -98.422007351942199, 21.010376668977997 ], [ -98.421894166552818, 21.010288618688399 ] ] } },
{ "type": "Feature", "properties": { "ID_OBRA": "976_San Agustín Tlaxiaca", "No.": 976.0, "Municipio": "San Agustín Tlaxiaca", "Rubro": "Infraestructura Carretera", "Ejercicio": 2023.0, "Obra": "Reconstrucción de pavimentación asfáltica en camino Benito Juárez - Llano Largo, municipio de San Agustín Tlaxiaca", "Localidad": "San Agustín Tlaxiaca", "Inversión": 5840877.1, "Habitantes.beneficiados": null, "Ejecutora": "DGCCE", "Trabajos": "Considera los trabajos de la operación de escarificación, disgregado, construcción de base hidráulica, suministro y aplicación de riego de liga con emulsión asfáltica.", "Geometria_tipo": "Línea", "extract": -0.33985640699471292 }, "geometry": { "type": "LineString", "coordinates": [ [ -98.97863549416472, 20.128503978643717 ], [ -98.981253456379292, 20.128945472408326 ], [ -98.981629440237654, 20.13089023736088 ], [ -98.982142050984962, 20.132596582612987 ], [ -98.983649151997895, 20.13678964838271 ], [ -98.984513039125346, 20.139338127490948 ], [ -98.985411592678787, 20.141921678954461 ] ] } },
{ "type": "Feature", "properties": { "ID_OBRA": "977_San Agustín Tlaxiaca", "No.": 977.0, "Municipio": "San Agustín Tlaxiaca", "Rubro": "Infraestructura Carretera", "Ejercicio": 2022.0, "Obra": "Reconstrucción de la carretera estatal Tecamatl - Ajacuba, municipios de San Agustín Tlaxiaca y Ajacuba", "Localidad": "San Agustín Tlaxiaca", "Inversión": 14844413.38, "Habitantes.beneficiados": 12328.0, "Ejecutora": "DGOPI", "Trabajos": "Considera trabajos para la reconstrucción y/o conservación de Infraestructura Carretera en la localidad de San Agustín Tlaxiaca municipio de San Agustín Tlaxiaca", "Geometria_tipo": "Línea", "extract": 0.32285375007107658 }, "geometry": { "type": "LineString", "coordinates": [ [ -98.908403769380399, 20.12091932747947 ], [ -98.907496700270258, 20.120770882507141 ], [ -98.906754086290917, 20.120569015634935 ], [ -98.905776628635351, 20.120367812082709 ], [ -98.905051639733472, 20.120277520162119 ], [ -98.904720750248117, 20.120186683589438 ], [ -98.904623353966969, 20.120186905478047 ], [ -98.904545504949525, 20.120187082457736 ], [ -98.904467931823262, 20.120168874244964 ], [ -98.904390391414196, 20.120150633006535 ], [ -98.90431271278706, 20.120150759247046 ], [ -98.904215652285231, 20.120114552855274 ], [ -98.90413808047785, 20.120078276940365 ], [ -98.903545396669443, 20.119969968470471 ], [ -98.903015758579969, 20.119645365760064 ], [ -98.90208062103865, 20.119180566996448 ], [ -98.900426524941082, 20.118397676674 ], [ -98.898848407947568, 20.117592787393487 ], [ -98.897023336012154, 20.117130319010062 ], [ -98.896165208483438, 20.117086615604908 ], [ -98.890750563460031, 20.117756293605328 ], [ -98.889243713275206, 20.117922340648661 ], [ -98.888946170826941, 20.117977163355356 ], [ -98.888612119755436, 20.118049562583661 ], [ -98.888537983847741, 20.118067558023675 ], [ -98.888463881232965, 20.118102898497934 ], [ -98.88837130151876, 20.118138377023886 ], [ -98.888297277856211, 20.118156338376558 ], [ -98.888204823926031, 20.11819220422505 ], [ -98.888112479174268, 20.118228252162449 ], [ -98.888038507483373, 20.118262839366331 ], [ -98.887964528306611, 20.118297429659922 ], [ -98.887890556175051, 20.118314720433688 ], [ -98.887798055141758, 20.118366617452029 ], [ -98.887724051571425, 20.118401218206792 ], [ -98.887650040108852, 20.118435822922351 ], [ -98.887613009480489, 20.11847043488817 ], [ -98.887538936454106, 20.118539670789435 ], [ -98.887464848028813, 20.118608920918994 ], [ -98.887390744048702, 20.118678185107196 ], [ -98.88731669373108, 20.118730213686057 ], [ -98.88726124132468, 20.118799790329248 ], [ -98.887224267383289, 20.118834575175239 ], [ -98.887113545361316, 20.11892179588521 ], [ -98.887095013976108, 20.11899122581579 ], [ -98.887058095316718, 20.119060786507458 ], [ -98.88700280244251, 20.11913046180608 ], [ -98.886965897365187, 20.119199999528245 ], [ -98.886910628928518, 20.119269640260264 ], [ -98.886855334744993, 20.119356584572298 ], [ -98.886836807636783, 20.119425987915889 ], [ -98.886781571066493, 20.119495578334515 ], [ -98.88674469644927, 20.119565062871171 ], [ -98.88672617043396, 20.119634457379341 ], [ -98.886689299837983, 20.119703930429402 ], [ -98.886652434569768, 20.119773393974885 ], [ -98.886615525350351, 20.119860180890814 ], [ -98.886596999178849, 20.11992957214774 ], [ -98.886578472579444, 20.119998965614187 ], [ -98.886559860927832, 20.120085691318653 ], [ -98.886541040086911, 20.1201550166545 ], [ -98.886503773258184, 20.120224376691787 ], [ -98.886447970942598, 20.12031111548928 ], [ -98.886410556832828, 20.120397870210635 ], [ -98.886410137422885, 20.120467298369405 ], [ -98.886372716049124, 20.120554124625787 ], [ -98.886353838009157, 20.120623612943543 ], [ -98.886316500235239, 20.12069312233594 ], [ -98.8862791515227, 20.120762653454818 ], [ -98.886260246871728, 20.120832213400966 ], [ -98.886204535051206, 20.120884379445091 ], [ -98.8861854953728, 20.120971385654194 ], [ -98.886148102215955, 20.121041003593387 ], [ -98.886129161876454, 20.121110658197509 ], [ -98.886110335519277, 20.121162911459244 ], [ -98.886072791162974, 20.12125002394118 ], [ -98.886072299922034, 20.121319773289134 ], [ -98.886053332013532, 20.12138952891414 ], [ -98.886015879041267, 20.12145928451157 ], [ -98.88599689554367, 20.121529087161981 ], [ -98.885977903787051, 20.121598916575955 ], [ -98.88595890522862, 20.121668771155896 ], [ -98.885939899155815, 20.12173865103561 ], [ -98.885883918583218, 20.121808480948754 ], [ -98.885827990404835, 20.12187829487884 ], [ -98.885809173371342, 20.121930700967948 ], [ -98.885790039834063, 20.122035574349521 ], [ -98.885771213289445, 20.122088011731055 ], [ -98.885733654789448, 20.122175418706416 ], [ -98.885696192861275, 20.12224534918473 ], [ -98.885677241470276, 20.122315333014434 ], [ -98.885639408580261, 20.122385521492085 ], [ -98.885637337107966, 20.122456670385741 ], [ -98.885616497398061, 20.12252803242896 ], [ -98.885409561212313, 20.123176280572135 ], [ -98.885236068045529, 20.123497130237549 ], [ -98.885081057377505, 20.123926733646535 ], [ -98.885114785476333, 20.124466566009037 ], [ -98.885114755463007, 20.124696321936277 ], [ -98.885152156684597, 20.124766607559742 ], [ -98.885189566060845, 20.124836908897148 ], [ -98.885208100053859, 20.124924804773517 ], [ -98.885226414624086, 20.124994658086848 ], [ -98.885282147638307, 20.125081778894302 ], [ -98.88531915464938, 20.125169102088812 ], [ -98.885374962552902, 20.125256352185335 ], [ -98.885430819914475, 20.125343681716 ], [ -98.885468465282202, 20.12539669546247 ], [ -98.885524926489381, 20.12548506006063 ], [ -98.885562555178836, 20.125555759244463 ], [ -98.885619338440463, 20.125626967897691 ], [ -98.885676332169965, 20.125716265009167 ], [ -98.885752070530586, 20.125787673172272 ], [ -98.88579007915979, 20.125859046060739 ], [ -98.885827997727461, 20.125912557217571 ], [ -98.88584702696015, 20.125948288782695 ], [ -98.885904529215608, 20.126056231129404 ], [ -98.885961812951081, 20.126146099465842 ], [ -98.885999516275632, 20.126199247399029 ], [ -98.886074379671427, 20.126269186053104 ], [ -98.88611182751805, 20.126321850838259 ], [ -98.886149285615531, 20.12639221265858 ], [ -98.886186756021814, 20.126462597534221 ], [ -98.886224238895394, 20.126533006089474 ], [ -98.886280491562772, 20.126603281985883 ], [ -98.88629924467206, 20.126656201384357 ], [ -98.886355531964767, 20.126744226651891 ], [ -98.886393073499789, 20.126797035264836 ], [ -98.886430622587682, 20.126885265645317 ], [ -98.886468245109327, 20.126973641303074 ], [ -98.886506017475568, 20.12704460008063 ], [ -98.88654371987019, 20.127115423470528 ], [ -98.8865814382102, 20.12718627600286 ], [ -98.886619197228768, 20.127257209030557 ], [ -98.886656889553407, 20.127292604209941 ], [ -98.886675764578541, 20.127328064120864 ], [ -98.886751172320487, 20.12741660991275 ], [ -98.886826574279837, 20.127505148796377 ], [ -98.886845478085021, 20.127576084637127 ], [ -98.886864357416201, 20.127629260795118 ], [ -98.886883282631544, 20.127717923032161 ], [ -98.886883394465443, 20.127788905209506 ], [ -98.88692113569158, 20.127842117829459 ], [ -98.886958902931383, 20.127930745601066 ], [ -98.887034252712596, 20.128001603367746 ], [ -98.88709074228008, 20.128072402834096 ], [ -98.887165971836438, 20.128125382538251 ], [ -98.88722239638993, 20.12817837310557 ], [ -98.887278819142097, 20.128249032482181 ], [ -98.887316427430349, 20.128319692756804 ], [ -98.887335227834853, 20.1283903352486 ], [ -98.887391658654835, 20.12846098114747 ], [ -98.887429279455134, 20.128531636936685 ], [ -98.887466907236842, 20.128602299281162 ], [ -98.88750453770092, 20.128672969901061 ], [ -98.887523347793149, 20.128761306045643 ], [ -98.887560984700855, 20.12883199171992 ], [ -98.887617452571519, 20.128902698414919 ], [ -98.88765509783461, 20.128991070847761 ], [ -98.887692842026354, 20.129061901861803 ], [ -98.887730650918328, 20.129132831728697 ], [ -98.887787301521385, 20.129186095892287 ], [ -98.88782513067089, 20.12923937106445 ], [ -98.887863070591067, 20.129328198739049 ], [ -98.887900997416196, 20.129399329202702 ], [ -98.887920069226951, 20.129470483369381 ], [ -98.887939154208354, 20.129541686711178 ], [ -98.887977163419521, 20.129630721549457 ], [ -98.888034027848235, 20.129701999276683 ], [ -98.888071915876708, 20.129755391103611 ], [ -98.888128791305377, 20.129844413994881 ], [ -98.888166755040871, 20.129915665284983 ], [ -98.888166934493796, 20.129986942114165 ], [ -98.888186063813791, 20.130076082576796 ], [ -98.88820519381791, 20.13014749325114 ], [ -98.888205480852406, 20.130219051506668 ], [ -98.888205641987668, 20.130272648767654 ], [ -98.888167931176881, 20.130379519350186 ], [ -98.888186940506628, 20.130450790125721 ], [ -98.888205954133255, 20.130522076133264 ], [ -98.888206065807069, 20.130611201742905 ], [ -98.888206155109657, 20.130682518911659 ], [ -98.888225177049833, 20.130753853631081 ], [ -98.888225349252778, 20.130825396484301 ], [ -98.888225592605394, 20.130897144106505 ], [ -98.888225836172651, 20.13096892938022 ], [ -98.888226079995263, 20.131040752921482 ], [ -98.888207347794534, 20.13113036150969 ], [ -98.888169586200277, 20.131219833513612 ], [ -98.888131810789915, 20.13130933805083 ], [ -98.888094021969721, 20.131398874372515 ], [ -98.888037217290588, 20.131488315221745 ], [ -98.887999399328876, 20.131577912223626 ], [ -98.887961533408358, 20.131649559297028 ], [ -98.887923682346582, 20.131739175366075 ], [ -98.887885745678076, 20.131828429493591 ], [ -98.88784778765563, 20.131917590049532 ], [ -98.887809828133783, 20.132006754494281 ], [ -98.887733854819615, 20.13209551653468 ], [ -98.887695886904297, 20.132166762525149 ], [ -98.887638920685106, 20.132237796739027 ], [ -98.887581967642362, 20.132326739017419 ], [ -98.887525018499062, 20.132415674760594 ], [ -98.887506041189184, 20.132451350764676 ], [ -98.887449167700197, 20.13257763989985 ], [ -98.887430238881407, 20.132668456259751 ], [ -98.887411282622892, 20.132723179780871 ], [ -98.887373336637069, 20.132832722834845 ], [ -98.887354325473723, 20.132904388114934 ], [ -98.887297282554442, 20.13299288260195 ], [ -98.887278269521616, 20.133046245809791 ], [ -98.887202250258667, 20.133152243771601 ], [ -98.887145252643322, 20.13325855970416 ], [ -98.887088272108073, 20.13336484354064 ], [ -98.887031319407768, 20.133435301852952 ], [ -98.886974368414613, 20.133559419767881 ], [ -98.886898485681456, 20.13366516703406 ], [ -98.886860560723363, 20.133753560831103 ], [ -98.886784754157034, 20.133841186352335 ], [ -98.886708987732604, 20.133946577480838 ], [ -98.886671064237319, 20.134035344667765 ], [ -98.886633062168428, 20.134124824679777 ], [ -98.886595094964306, 20.134178390991924 ], [ -98.886538129877124, 20.134267727340895 ], [ -98.886519066012497, 20.134357405055219 ], [ -98.886481042488739, 20.13444693373334 ], [ -98.886443037387821, 20.134518497921036 ], [ -98.88640500344934, 20.134608049722701 ], [ -98.886366989591281, 20.134679631536091 ], [ -98.886310017909878, 20.134751042911692 ], [ -98.88625307288261, 20.134804469747049 ], [ -98.886215049158167, 20.134876065255288 ] ] } },
{ "type": "Feature", "properties": { "ID_OBRA": "978_San Agustín Tlaxiaca", "No.": 978.0, "Municipio": "San Agustín Tlaxiaca", "Rubro": "Vialidades Urbanas", "Ejercicio": 2023.0, "Obra": "Reconstrucción de pavimentación asfáltica en avenida Emilio Carranza, Sector Huizache, San Agustín Tlaxiaca", "Localidad": "San Agustín Tlaxiaca", "Inversión": 7317898.27, "Habitantes.beneficiados": null, "Ejecutora": "DGCCE", "Trabajos": "Considera los trabajos de la operación de escarificación, disgregado, construcción de base hidráulica, suministro y aplicación de riego de liga con emulsión asfáltica.", "Geometria_tipo": "Línea", "extract": 0.36069324096248218 }, "geometry": { "type": "LineString", "coordinates": [ [ -98.898619487296202, 20.117287724926996 ], [ -98.898433977761897, 20.116796991352199 ], [ -98.898234917257199, 20.116490234817405 ], [ -98.8978210428578, 20.116005712960895 ], [ -98.897487711560203, 20.115610057336603 ], [ -98.897357966074097, 20.115445029727095 ], [ -98.896883705335895, 20.114873764859698 ], [ -98.896516858913799, 20.114382923059001 ], [ -98.896159053783208, 20.113765199509395 ], [ -98.895975629908321, 20.113524007474297 ], [ -98.895819013554998, 20.113371651487 ], [ -98.8955058126474, 20.113020414132993 ], [ -98.895027110884897, 20.112415305191099 ], [ -98.894740807475301, 20.112021787022101 ] ] } },
{ "type": "Feature", "properties": { "ID_OBRA": "98_Atlapexco", "No.": 98.0, "Municipio": "Atlapexco", "Rubro": "Infraestructura Carretera", "Ejercicio": 2023.0, "Obra": "Rehabilitación del tramo: E.C. Atlapexco-Cuatapa-Tenexco, del km 0+000 al km 3+900.", "Localidad": "Cuatapa", "Inversión": 2130447.0, "Habitantes.beneficiados": 923.0, "Ejecutora": "DGCCE", "Trabajos": "Se consideran trabajos de revestimiento, cunetas y limpieza de cunetas.", "Geometria_tipo": "Línea", "extract": 0.03607936555160822 }, "geometry": { "type": "LineString", "coordinates": [ [ -98.380578215995101, 21.0655107612459 ], [ -98.380419481697501, 21.065426117738902 ], [ -98.380266416481803, 21.065418182407598 ], [ -98.380164373004703, 21.065452568839998 ], [ -98.380019811412197, 21.065621855775696 ], [ -98.379940444263298, 21.065740885536997 ], [ -98.379914933394105, 21.065939268260795 ], [ -98.380019811412197, 21.066243454590193 ], [ -98.380116185807211, 21.066494738479999 ], [ -98.380204056579217, 21.066812149102589 ], [ -98.380229567448396, 21.066954983661695 ], [ -98.380048156822497, 21.0676982501721 ], [ -98.379934775181297, 21.068057979249105 ], [ -98.379810055375998, 21.068237843461301 ], [ -98.379537939437085, 21.068364806303599 ], [ -98.379390543303487, 21.068481188813898 ], [ -98.379254485334101, 21.068639892090204 ], [ -98.379095751036402, 21.068946717944304 ], [ -98.378982369395104, 21.069285283669299 ], [ -98.378903002246304, 21.069507467007501 ], [ -98.378619548143291, 21.0698989320815 ], [ -98.378483490173807, 21.070047053732701 ], [ -98.378358770368607, 21.070237495638803 ], [ -98.378347432204393, 21.070544318196905 ], [ -98.378381446696793, 21.070819399952097 ], [ -98.378404123025007, 21.071062741080699 ], [ -98.378290741383793, 21.071337821876995 ], [ -98.377927920131995, 21.071623482165297 ], [ -98.377746509505997, 21.071940881842 ], [ -98.377395026418299, 21.072247700885601 ], [ -98.377145586807586, 21.072416980086892 ], [ -98.376748751063403, 21.072554519296101 ], [ -98.376159166529106, 21.072713218225495 ], [ -98.375002673788899, 21.072861337073494 ], [ -98.373834842884406, 21.073104674860595 ], [ -98.372587644831214, 21.0732951128509 ], [ -98.371374461270321, 21.073422071375695 ], [ -98.370694171422997, 21.073506710331998 ], [ -98.37021796853, 21.073538449928101 ], [ -98.369934514426987, 21.073506710332001 ], [ -98.369242886415606, 21.073400911629104 ], [ -98.368063717347098, 21.073252793318602 ], [ -98.3678256159005, 21.073231633547898 ], [ -98.367394765664002, 21.073094094964997 ], [ -98.366997929919705, 21.072882496896799 ], [ -98.365365234286401, 21.072237120929099 ], [ -98.364764311588004, 21.071909141904801 ], [ -98.364152050725494, 21.071538842136999 ], [ -98.363834582130096, 21.071316661833805 ], [ -98.363290350252313, 21.070840560066099 ], [ -98.362371958958605, 21.070068213956496 ], [ -98.361963785050193, 21.069676749328096 ], [ -98.361464905828996, 21.0693805051406 ], [ -98.360886659458799, 21.069063099999202 ], [ -98.360217707775604, 21.068618731663197 ], [ -98.359446712615508, 21.068259003942497 ], [ -98.3585056449934, 21.067888695085902 ], [ -98.357666620848519, 21.067539545891002 ], [ -98.355977234394601, 21.066894146736601 ], [ -98.354854756146693, 21.066492093388696 ], [ -98.353919357606685, 21.066127070328896 ], [ -98.353533860026516, 21.065963074169897 ], [ -98.352859239261406, 21.065672112797603 ], [ -98.352405712696608, 21.065486955264401 ], [ -98.35211658951151, 21.065397021522198 ], [ -98.351748099177598, 21.065180122273304 ], [ -98.351504328649, 21.064973803182099 ], [ -98.351271896284501, 21.064862708168295 ] ] } },
{ "type": "Feature", "properties": { "ID_OBRA": "987_San Agustín Tlaxiaca", "No.": 987.0, "Municipio": "San Agustín Tlaxiaca", "Rubro": "Infraestructura Carretera", "Ejercicio": 2024.0, "Obra": "Reconstrucción asfáltica Paseo de Los Solares (dos cuerpos), municipio de San Agustín Tlaxiaca", "Localidad": "San Juan Tilcuautla", "Inversión": 7989200.0, "Habitantes.beneficiados": 3070.0, "Ejecutora": "DGIVC", "Trabajos": "Considera trabajos para la reconstrucción y/o conservación de Infraestructura Carretera en la localidad de San Juan Tilcuautla municipio de San Agustin Tlaxiaca", "Geometria_tipo": "Línea", "extract": 0.24189096895576143 }, "geometry": { "type": "LineString", "coordinates": [ [ -98.812151291255134, 20.144305258224041 ], [ -98.816765962179545, 20.145084292894332 ], [ -98.820859057289567, 20.145834829192442 ] ] } },
{ "type": "Feature", "properties": { "ID_OBRA": "99_Atlapexco", "No.": 99.0, "Municipio": "Atlapexco", "Rubro": "Infraestructura Carretera", "Ejercicio": 2023.0, "Obra": "Rehabilitación del tramo: Huitzotlaco - Ecuatitla, del km 0+000 al km 7+500", "Localidad": "Huitzotlaco", "Inversión": 5898886.79, "Habitantes.beneficiados": 655.0, "Ejecutora": "DGCCE", "Trabajos": "Se consideran trabajos de revestimiento, cunetas y limpieza de cunetas.", "Geometria_tipo": "Línea", "extract": 0.12718335795838145 }, "geometry": { "type": "LineString", "coordinates": [ [ -98.373815547779699, 21.042137976319392 ], [ -98.373965122959021, 21.042205661637304 ], [ -98.374286936223712, 21.042620233538091 ], [ -98.374722064018101, 21.043098258889199 ], [ -98.374975888564904, 21.043318234641497 ], [ -98.375356625384995, 21.043466295060998 ], [ -98.375782688017082, 21.0436566582413 ], [ -98.376031979982599, 21.043762415458499 ], [ -98.376526031332617, 21.043838560608393 ], [ -98.376761725554616, 21.043842790893297 ], [ -98.377047278169698, 21.043783566892891 ], [ -98.377323765622421, 21.043665118821401 ], [ -98.377604785656303, 21.043673579401098 ], [ -98.377953794408114, 21.043559361535095 ], [ -98.378080706681502, 21.043449373877696 ], [ -98.378688072561204, 21.043149022553198 ], [ -98.378941897107993, 21.042890973748396 ], [ -98.379490339432195, 21.042565239372696 ], [ -98.379880141414802, 21.042412947731897 ], [ -98.38045577922621, 21.0421633583172 ], [ -98.380827450883899, 21.042066060635396 ], [ -98.380931700251296, 21.042125285318797 ], [ -98.380986091225594, 21.042222582961902 ], [ -98.381017819294016, 21.042332571525399 ], [ -98.381063145105898, 21.042586390977199 ], [ -98.381085808011903, 21.042721761174604 ], [ -98.381103938336594, 21.042857131249001 ], [ -98.381122068661398, 21.042924816240092 ], [ -98.381162861892122, 21.042950198103792 ], [ -98.38122631802878, 21.042984040581992 ], [ -98.381389490951705, 21.042958658724096 ], [ -98.381901672626398, 21.042971349653602 ], [ -98.382010454575095, 21.042979810272591 ], [ -98.382155497173187, 21.043022113360799 ], [ -98.382205355566313, 21.043102489195199 ], [ -98.382241616215794, 21.043204016502994 ], [ -98.3822098881475, 21.043394380018501 ], [ -98.38217362749802, 21.043555131242105 ], [ -98.38218722524158, 21.043622815915903 ], [ -98.382264279121799, 21.043690500558895 ], [ -98.382318670096112, 21.043715882292197 ], [ -98.382391191395186, 21.043707421714902 ], [ -98.382481843019008, 21.043694730848099 ], [ -98.382617820454797, 21.043935857132102 ], [ -98.382672211429096, 21.0441854435763 ], [ -98.382699406916203, 21.044316582048801 ], [ -98.382812721446115, 21.044655003379791 ], [ -98.382867112420399, 21.044976502931899 ], [ -98.38290337306988, 21.0451203314542 ], [ -98.382994024693787, 21.045230317877493 ], [ -98.383184393103804, 21.0452133968945 ], [ -98.383537934436802, 21.0451795549229 ], [ -98.383782693821203, 21.0451626339343 ], [ -98.384226886777995, 21.045323383249098 ], [ -98.384498841649503, 21.045458750958598 ], [ -98.384779861683398, 21.0455179742927 ], [ -98.3850880772045, 21.045458750958598 ], [ -98.385468814024591, 21.045306462276795 ], [ -98.385749834058501, 21.045162633934293 ], [ -98.386139636041094, 21.045128791951093 ], [ -98.386456916724498, 21.045069568462193 ], [ -98.3867651322456, 21.045001884445895 ], [ -98.387272781339107, 21.045018805452901 ], [ -98.387671648484002, 21.045128791951097 ], [ -98.388351535662821, 21.045204936402403 ], [ -98.389167400277401, 21.045365685671495 ], [ -98.389892613268103, 21.045543355714496 ], [ -98.390155502977308, 21.045611039484601 ], [ -98.3906631520708, 21.045881774257492 ], [ -98.391343039249605, 21.046220192031299 ], [ -98.392494314872394, 21.046693975622595 ], [ -98.393029159453107, 21.0468716440806 ], [ -98.39358213435851, 21.046930866852897 ], [ -98.394234826050194, 21.046947787640597 ], [ -98.395377036510595, 21.046990089601604 ], [ -98.395739643006024, 21.046956248033794 ], [ -98.395948141740803, 21.047015470772394 ], [ -98.396120379826101, 21.0470239311617 ], [ -98.396337943723296, 21.046990089601604 ], [ -98.396628028919707, 21.047007010382597 ], [ -98.396845592816902, 21.046947787640605 ], [ -98.397208199312203, 21.046829342085999 ], [ -98.398359474935006, 21.046541688204098 ], [ -98.398567973669898, 21.046524767370197 ], [ -98.398758342079987, 21.046541688204098 ], [ -98.398984971139598, 21.046693975622592 ], [ -98.399211600199095, 21.046803960883498 ], [ -98.399646727993613, 21.047032391550498 ], [ -98.400109051275209, 21.047201599226 ], [ -98.400634830693505, 21.0473708067092 ], [ -98.401024632675998, 21.047463870742995 ], [ -98.401287522385203, 21.0476161572183 ], [ -98.401668259205294, 21.0476584589894 ], [ -98.401903953427293, 21.047700760748402 ], [ -98.402139647649307, 21.047836126296595 ], [ -98.4024116025208, 21.048106857023694 ], [ -98.402475058657515, 21.048208380919405 ], [ -98.402801404503293, 21.048453730048301 ], [ -98.403173076161096, 21.0485298727992 ], [ -98.403463161357394, 21.048749840527499 ], [ -98.404061462074694, 21.049155933941197 ], [ -98.404369677595795, 21.049248996859195 ], [ -98.405384975782795, 21.049308218685795 ], [ -98.405684126141509, 21.049350519976098 ], [ -98.406046732636909, 21.049274377644895 ], [ -98.40669035916622, 21.049232076332995 ], [ -98.407234268909207, 21.049215155804902 ], [ -98.4075062237807, 21.049198235274797 ], [ -98.407905090925581, 21.0490882517825 ], [ -98.408086394173296, 21.048893665404901 ], [ -98.408476196155789, 21.048301444429701 ], [ -98.408947584599787, 21.047506172557402 ], [ -98.409264865283305, 21.046964708426398 ], [ -98.409400842719094, 21.046617831932799 ], [ -98.409527754992396, 21.046338638070498 ], [ -98.4098450356759, 21.046127127220203 ], [ -98.410107925385006, 21.046059443684598 ], [ -98.410787812563811, 21.045839471981701 ], [ -98.411086962922496, 21.045788709234799 ], [ -98.411794045588493, 21.045839471981704 ], [ -98.412265434032506, 21.045974839222001 ], [ -98.412482997929715, 21.0459832996704 ], [ -98.412791213450703, 21.045924076521299 ], [ -98.41309942897179, 21.045915616069493 ], [ -98.413561752253401, 21.0459832996704 ], [ -98.413996880047904, 21.046000220565794 ], [ -98.4142779000818, 21.0459832996704 ], [ -98.41492152661111, 21.045907155617197 ], [ -98.415855238336604, 21.045797169693799 ], [ -98.416725493925497, 21.045721025545401 ], [ -98.41842974445369, 21.045644881358097 ] ] } },
{ "type": "Feature", "properties": { "ID_OBRA": "990_San Agustín Tlaxiaca", "No.": 990.0, "Municipio": "San Agustín Tlaxiaca", "Rubro": "Infraestructura Carretera", "Ejercicio": 2023.0, "Obra": "Modernización de camino de acceso a Tilcuautla, en los municipios de Pachuca de Soto y San Agustín Tlaxiaca.", "Localidad": "San Juan Tilcuautla", "Inversión": 37221138.58, "Habitantes.beneficiados": 3070.0, "Ejecutora": "DGCCE", "Trabajos": "Considera los trabajos de excavación , construcción de base hidráulica , riego de impregnación , carpeta asfáltica , señalamiento horizontal y vertical y vertical.", "Geometria_tipo": "Línea", "extract": 0.37341757818167831 }, "geometry": { "type": "LineString", "coordinates": [ [ -98.811558618984606, 20.127243705264984 ], [ -98.811802237376455, 20.124802028066597 ], [ -98.811747465869971, 20.124296106740697 ], [ -98.812027748891325, 20.124034674000065 ], [ -98.812316784032816, 20.123901598420147 ], [ -98.812495002289154, 20.124161810599009 ], [ -98.812516091071871, 20.124357756925491 ], [ -98.812245398837561, 20.124541541072805 ], [ -98.811976300811438, 20.124632685486198 ], [ -98.811911918933433, 20.124672482910071 ], [ -98.811847513589555, 20.124712295575037 ], [ -98.81172357695786, 20.12475288754397 ], [ -98.811617292091498, 20.124787698175734 ], [ -98.811581853109857, 20.12479930551606 ], [ -98.811440040809714, 20.1248457523218 ], [ -98.811386771541706, 20.124863269209666 ], [ -98.810857804025147, 20.12511682210021 ], [ -98.810346463567598, 20.125366467446 ], [ -98.809535225908675, 20.125717000824835 ], [ -98.809027415652125, 20.125904717316004 ], [ -98.808567533351365, 20.126113559828351 ], [ -98.808065960574766, 20.126317977843616 ], [ -98.807469588811372, 20.126480505239179 ], [ -98.807121075622732, 20.126504741698714 ], [ -98.80705607877573, 20.126489643251851 ], [ -98.806914463001377, 20.126481736082326 ], [ -98.806837324718558, 20.126488580829392 ], [ -98.806700824483784, 20.12649645877163 ], [ -98.806683021622916, 20.126502272548539 ], [ -98.806079527387865, 20.126370561536667 ], [ -98.805953811943695, 20.126355562122885 ], [ -98.805834100300913, 20.126357056844231 ], [ -98.805786072143434, 20.12633554861269 ], [ -98.805648031463122, 20.126287515027951 ], [ -98.805599982545701, 20.126265997670881 ], [ -98.805551837044106, 20.126244434928935 ], [ -98.805247444851275, 20.126080356216939 ] ] } },
{ "type": "Feature", "properties": { "ID_OBRA": "991_San Agustín Tlaxiaca", "No.": 991.0, "Municipio": "San Agustín Tlaxiaca", "Rubro": "Infraestructura Carretera", "Ejercicio": 2023.0, "Obra": "Rehabilitación camino rural Tilcuautla - entronque carretero Benito Juárez San José Capulines, municipio de San Agustín Tlaxiaca", "Localidad": "San Juan Tilcuautla", "Inversión": 5894381.0, "Habitantes.beneficiados": null, "Ejecutora": "DGIVC", "Trabajos": "Considera los trabajos de terracerías excavación de corte en caja, sobre acarreó de los materiales producto de las excavaciones para primer kilometro y kilometro subsecuente, compactación del terreno natural", "Geometria_tipo": "Línea", "extract": 0.23807941832204713 }, "geometry": { "type": "LineString", "coordinates": [ [ -98.814086948831928, 20.14708081403996 ], [ -98.812495512929644, 20.145410544641351 ], [ -98.812229370456905, 20.14507136146441 ], [ -98.812096408963882, 20.1446790314343 ], [ -98.812020956788558, 20.14401945505735 ], [ -98.81177383168874, 20.142999872515038 ], [ -98.81169763862934, 20.142318240971267 ], [ -98.81162127617749, 20.141849010536479 ], [ -98.811582938919258, 20.141467729278599 ], [ -98.811429468382087, 20.141249305590037 ], [ -98.811161217187163, 20.141016568883494 ], [ -98.810931608239713, 20.141000129405437 ], [ -98.810549447147665, 20.141002554644523 ], [ -98.810150016366379, 20.14107884712331 ], [ -98.809750950058728, 20.141081888046699 ], [ -98.809484868172603, 20.141011605003779 ], [ -98.809256751826496, 20.140779757060166 ], [ -98.809106282048674, 20.140478062879531 ] ] } },
{ "type": "Feature", "properties": { "ID_OBRA": "998_San Agustín Tlaxiaca", "No.": 998.0, "Municipio": "San Agustín Tlaxiaca", "Rubro": "Infraestructura Carretera", "Ejercicio": 2023.0, "Obra": "Reconstrucción de la C.E. Tecamatl (San Agustin Tlaxiaca) - Ajacuba.", "Localidad": "Tecamatl", "Inversión": 17932074.65, "Habitantes.beneficiados": 8372.0, "Ejecutora": "DGIVC", "Trabajos": "Considera trabajos para la reconstrucción y/o conservación de Infraestructura Carretera en la localidad de Tecamatl municipio de San Agustín Tlaxiaca", "Geometria_tipo": "Línea", "extract": 0.14412585174116535 }, "geometry": { "type": "LineString", "coordinates": [ [ -98.885747271581693, 20.12582562247912 ], [ -98.8856508043541, 20.125684001301408 ], [ -98.8854593893208, 20.125433857882761 ], [ -98.885327534889385, 20.125234465876868 ], [ -98.885103488870371, 20.124888957517349 ], [ -98.885084619257171, 20.124674149358135 ], [ -98.884971424471146, 20.124297657035164 ], [ -98.884994369607696, 20.123990825765105 ], [ -98.885234256513314, 20.12332336339388 ], [ -98.885590259636018, 20.122535269013898 ], [ -98.885938180462375, 20.121456657010242 ], [ -98.88637335895433, 20.120612551486101 ], [ -98.886582226950978, 20.119771245713796 ], [ -98.886824554821501, 20.119418822797375 ], [ -98.887085826879272, 20.119065900546605 ], [ -98.887478899466572, 20.118643480490221 ], [ -98.887891023332429, 20.118380961717264 ], [ -98.888546648418938, 20.118094303857031 ], [ -98.890128240980644, 20.117834348240422 ], [ -98.891472819381747, 20.117713881636849 ], [ -98.893682845761987, 20.11740179181519 ], [ -98.894750911862019, 20.117264268394447 ], [ -98.895703298603678, 20.117105474506086 ], [ -98.896238235874449, 20.117103279916929 ], [ -98.896989873534963, 20.117074666802775 ], [ -98.897644264420052, 20.117177380248584 ], [ -98.898554612559522, 20.117415176719973 ], [ -98.899440986091264, 20.117883426861169 ], [ -98.900533795024671, 20.118416330840478 ], [ -98.901364592218599, 20.118812494672557 ], [ -98.902021678904944, 20.119113820670364 ], [ -98.902956436663956, 20.119636190557575 ], [ -98.903348864144647, 20.119814448604977 ], [ -98.903643365542095, 20.119941730104415 ], [ -98.904331315538997, 20.120086931407162 ], [ -98.904884410649714, 20.120195075671141 ], [ -98.908475444252048, 20.120983135423195 ], [ -98.910418329479612, 20.121387309491627 ], [ -98.9125021730854, 20.121756907704167 ], [ -98.915562492856324, 20.122433580092199 ], [ -98.917763887377262, 20.122458750003375 ], [ -98.918858134561418, 20.122363505080511 ], [ -98.919884096776087, 20.121818361322067 ], [ -98.920679986534921, 20.121018110570041 ], [ -98.921422412780458, 20.119888684087528 ], [ -98.921931476157141, 20.11915695028792 ], [ -98.922374696687811, 20.118470162785496 ], [ -98.923164536217556, 20.117634241471535 ], [ -98.923675933947877, 20.117345750460306 ], [ -98.929451956067396, 20.115890705987297 ], [ -98.934711871564588, 20.11489547375384 ], [ -98.93723746069071, 20.114229434521295 ], [ -98.941731896583718, 20.113273211573837 ], [ -98.944337791017546, 20.112603952415036 ], [ -98.945644244136162, 20.11273055041929 ], [ -98.946948754607092, 20.113350437403177 ], [ -98.956078379353983, 20.11784009588149 ] ] } }
]
}
