{
"type": "FeatureCollection",
"name": "obras_espacios_publicos_punto",
"crs": { "type": "name", "properties": { "name": "urn:ogc:def:crs:OGC:1.3:CRS84" } },
"features": [
{ "type": "Feature", "properties": { "ID_OBRA": "1068_Santiago de Anaya", "No.": 1068.0, "Municipio": "Santiago de Anaya", "Rubro": "Espacios Públicos", "Ejercicio": 2024.0, "Obra": "Construcción de celda nueva para el relleno sanitario de Santiago de Anaya.", "Localidad": "Santiago de Anaya", "Inversión": 1986800.02, "Habitantes.beneficiados": null, "Ejecutora": "DGOPI", "Trabajos": "Considera trabajos en infraestructura del Espacio Público en el municipio de Santiago de Anaya.", "Geometria_tipo": "Punto" }, "geometry": { "type": "Point", "coordinates": [ -98.973914474930197, 20.384487409580899 ] } },
{ "type": "Feature", "properties": { "ID_OBRA": "1256_Tlanchinol", "No.": 1256.0, "Municipio": "Tlanchinol", "Rubro": "Espacios Públicos", "Ejercicio": 2024.0, "Obra": "Remodelación de las Instalaciones de la Estación de Radio y Televisión XHIND 94.1 FM en el Municipio de Tlanchinol.", "Localidad": "Tlanchinol", "Inversión": 2306632.14, "Habitantes.beneficiados": 6117.0, "Ejecutora": "DGOPI", "Trabajos": "Considera trabajos en infraestructura del Espacio Público en el municipio de Tlanchinol.", "Geometria_tipo": "Punto" }, "geometry": { "type": "Point", "coordinates": [ -98.657005015442394, 20.9928275231266 ] } },
{ "type": "Feature", "properties": { "ID_OBRA": "1262_Tlaxcoapan", "No.": 1262.0, "Municipio": "Tlaxcoapan", "Rubro": "Espacios Públicos", "Ejercicio": 2023.0, "Obra": "Rehabilitación del Auditorio de la Comunidad de Doxey, en el municipio de Tlaxcoapan", "Localidad": "Doxey", "Inversión": 3035457.75, "Habitantes.beneficiados": 7990.0, "Ejecutora": "DGCCE", "Trabajos": "Considera trabajos en infraestructura del Espacio Público en la localidad Doxey en el municipio de Tlaxcoapan.", "Geometria_tipo": "Punto" }, "geometry": { "type": "Point", "coordinates": [ -99.239891614172095, 20.0887875466181 ] } },
{ "type": "Feature", "properties": { "ID_OBRA": "1270_Tolcayuca", "No.": 1270.0, "Municipio": "Tolcayuca", "Rubro": "Espacios Públicos", "Ejercicio": 2024.0, "Obra": "Remodelación de campo de beisbol Vicente Guerrero, en el municipio de Tolcayuca.", "Localidad": "Tolcayuca", "Inversión": 3598554.84, "Habitantes.beneficiados": 8966.0, "Ejecutora": "SIPDUS", "Trabajos": "Considera trabajos en infraestructura deportiva en el municipio de Tolcayuca.", "Geometria_tipo": "Punto" }, "geometry": { "type": "Point", "coordinates": [ -98.900335849100003, 19.947947375618298 ] } },
{ "type": "Feature", "properties": { "ID_OBRA": "227_Zapotlán de Juárez", "No.": 227.0, "Municipio": "Zapotlán de Juárez", "Rubro": "Espacios Públicos", "Ejercicio": 2024.0, "Obra": "Rehabilitación de la imagen urbana de la vialidad Pachuca - Actopan y Boulevard de acceso a la Concepción,           comunidad de Tilcuautla, en los municipios de Pachuca y San Agustín Tlaxiaca.", "Localidad": "Varias", "Inversión": 1646143.9417973701, "Habitantes.beneficiados": null, "Ejecutora": "DGEP", "Trabajos": "Considera trabajos en pintura de guarniciones, colocación de adoquín, sembrado de vegetación, rodetes para arboles y rampas.", "Geometria_tipo": "Punto" }, "geometry": { "type": "Point", "coordinates": [ -98.809397928308599, 20.1336447672325 ] } },
{ "type": "Feature", "properties": { "ID_OBRA": "341_Huehuetla", "No.": 341.0, "Municipio": "Huehuetla", "Rubro": "Espacios Públicos", "Ejercicio": 2023.0, "Obra": "Habilitación de infraestructura para el manejo integral de los residuos sólidos urbanos del municipio de Huehuetla", "Localidad": "Huehuetla", "Inversión": 2424231.92, "Habitantes.beneficiados": 6559.0, "Ejecutora": "DGOPI", "Trabajos": "Considera trabajos en infraestructura del Espacio Público en el municipio de Huehuetla.", "Geometria_tipo": "Punto" }, "geometry": { "type": "Point", "coordinates": [ -98.168570495296393, 20.407629736635101 ] } },
{ "type": "Feature", "properties": { "ID_OBRA": "424_Ixmiquilpan", "No.": 424.0, "Municipio": "Ixmiquilpan", "Rubro": "Espacios Públicos", "Ejercicio": 2024.0, "Obra": "Rehabilitación de la Unidad Deportiva de Ixmiquilpan.", "Localidad": "Ixmiquilpan", "Inversión": 26632876.95, "Habitantes.beneficiados": null, "Ejecutora": null, "Trabajos": "Considera trabajos en infraestructura deportiva en el municipio deIxmiquilpan.", "Geometria_tipo": "Punto" }, "geometry": { "type": "Point", "coordinates": [ -99.221841586190394, 20.481821990537799 ] } },
{ "type": "Feature", "properties": { "ID_OBRA": "1276_Tula de Allende", "No.": 1276.0, "Municipio": "Tula de Allende", "Rubro": "Espacios Públicos", "Ejercicio": 2023.0, "Obra": "Rehabilitación en fachadas y policarbonato del CRIRH, sede Tula de Allende.", "Localidad": "Tula de Allende", "Inversión": 325913.62, "Habitantes.beneficiados": null, "Ejecutora": "DGOPI", "Trabajos": "Considera trabajos en infraestructura del Espacio Público en el municipio de Tula de Allende.", "Geometria_tipo": "Punto" }, "geometry": { "type": "Point", "coordinates": [ -99.333809269016953, 20.051502742184351 ] } },
{ "type": "Feature", "properties": { "ID_OBRA": "1277_Tula de Allende", "No.": 1277.0, "Municipio": "Tula de Allende", "Rubro": "Espacios Públicos", "Ejercicio": 2022.0, "Obra": "Mejoramiento del CERESO de Tula de Allende", "Localidad": "Tula de Allende", "Inversión": 1550404.23, "Habitantes.beneficiados": null, "Ejecutora": "DGOPI", "Trabajos": "Considera trabajos en infraestructura en Seguridad Pública en CERESO en el municipio de Tula de Allende.", "Geometria_tipo": "Punto" }, "geometry": { "type": "Point", "coordinates": [ -99.36156491169649, 20.060173337691111 ] } },
{ "type": "Feature", "properties": { "ID_OBRA": "1282_Tula de Allende", "No.": 1282.0, "Municipio": "Tula de Allende", "Rubro": "Espacios Públicos", "Ejercicio": 2024.0, "Obra": "Construcción de puente peatonal El Chamizal, San Marcos - El Carmen, en el municipio de Tula de Allende", "Localidad": "Varias", "Inversión": 8193466.15, "Habitantes.beneficiados": null, "Ejecutora": "DGIVC", "Trabajos": "Considera trabajos en infraestructura del Espacio Público en el municipio de Tula de Allende.", "Geometria_tipo": "Punto" }, "geometry": { "type": "Point", "coordinates": [ -99.3384873, 20.02664176 ] } },
{ "type": "Feature", "properties": { "ID_OBRA": "1436_Zapotlán de Juárez", "No.": 1436.0, "Municipio": "Zapotlán de Juárez", "Rubro": "Espacios Públicos", "Ejercicio": 2023.0, "Obra": "Estudio de geotecnia para determinar la capacidad de carga del suelo de la reserva territorial Zapotlán; en el municipio de Zapotlán de Juárez.", "Localidad": "Zapotlan de Juárez", "Inversión": 1523232.71, "Habitantes.beneficiados": null, "Ejecutora": "DGEP", "Trabajos": "Considera los trabajos de estudios, proyecto conceptual y proyecto ejecutivo.", "Geometria_tipo": "Punto" }, "geometry": { "type": "Point", "coordinates": [ -98.822053, 19.961336 ] } },
{ "type": "Feature", "properties": { "ID_OBRA": "1437_Zapotlán de Juárez", "No.": 1437.0, "Municipio": "Zapotlán de Juárez", "Rubro": "Espacios Públicos", "Ejercicio": 2023.0, "Obra": "Levantamiento topográfico para reconocimiento y delimitación de bienes inmuebles, propiedad de la Agencia de Desarrollo Valle de Plata; en el municipio de Zapotlán de Juárez.", "Localidad": "Zapotlán de Juárez", "Inversión": 2268477.63, "Habitantes.beneficiados": null, "Ejecutora": "DGEP", "Trabajos": "Considera trabajos de Levantamiento topográfico en infraestructura del Espacio Pùblico en el municipio de Zapotlán de Juárez.", "Geometria_tipo": "Punto" }, "geometry": { "type": "Point", "coordinates": [ -98.836725, 19.912141 ] } },
{ "type": "Feature", "properties": { "ID_OBRA": "1439_Zapotlán de Juárez", "No.": 1439.0, "Municipio": "Zapotlán de Juárez", "Rubro": "Espacios Públicos", "Ejercicio": 2024.0, "Obra": "Estudio de Evaluación Ambiental del Sitio (ESA) Fase I,  Norma ASTME1527-21 para la evaluación de la contaminación ambiental en propiedades industriales, comerciales y de servicios para la Reserva Territorial Zapotlán, en aproximadamente 925 ha de superficie.", "Localidad": "Zapotlán de Juárez", "Inversión": 166198.45, "Habitantes.beneficiados": null, "Ejecutora": null, "Trabajos": "Considera los trabajos de estudios, proyecto conceptual y proyecto ejecutivo.", "Geometria_tipo": "Punto" }, "geometry": { "type": "Point", "coordinates": [ -98.842021, 19.944572 ] } },
{ "type": "Feature", "properties": { "ID_OBRA": "1440_Zapotlán de Juárez", "No.": 1440.0, "Municipio": "Zapotlán de Juárez", "Rubro": "Espacios Públicos", "Ejercicio": 2024.0, "Obra": "Elaboración de estudio de impacto vial y urbano para el desarrollo de proyectos estratégicos tipo industrial para la Reserva Territorial Zapotlán.", "Localidad": "Zapotlán de Juárez", "Inversión": 1314387.46, "Habitantes.beneficiados": null, "Ejecutora": null, "Trabajos": "Considera los trabajos Elaboración de estudio de impacto vial y urbano.", "Geometria_tipo": "Punto" }, "geometry": { "type": "Point", "coordinates": [ -98.851418, 19.92978 ] } },
{ "type": "Feature", "properties": { "ID_OBRA": "216_Pachuca de Soto", "No.": 216.0, "Municipio": "Pachuca de Soto", "Rubro": "Espacios Públicos", "Ejercicio": 2024.0, "Obra": "Impermeabilización de Espacios Deportivos del Centro Deportivo Hidalguense y de Alto Rendimiento.", "Localidad": "Cobertura Estatal", "Inversión": 755441.87, "Habitantes.beneficiados": null, "Ejecutora": "DGCCE", "Trabajos": "Considera trabajos en infraestructura deportiva en el municipio de Pachuca de Soto.", "Geometria_tipo": "Punto" }, "geometry": { "type": "Point", "coordinates": [ -98.781660210652362, 20.07450225537886 ] } },
{ "type": "Feature", "properties": { "ID_OBRA": "227_Pachuca de Soto", "No.": 227.0, "Municipio": "Pachuca de Soto", "Rubro": "Espacios Públicos", "Ejercicio": 2024.0, "Obra": "Rehabilitación de la imagen urbana de la vialidad Pachuca - Actopan y Boulevard de acceso a la Concepción,           comunidad de Tilcuautla, en los municipios de Pachuca y San Agustín Tlaxiaca.", "Localidad": "Varias", "Inversión": 24130675.342494398, "Habitantes.beneficiados": null, "Ejecutora": "DGEP", "Trabajos": "Considera trabajos en pintura de guarniciones, colocación de adoquín, sembrado de vegetación, rodetes para arboles y rampas.", "Geometria_tipo": "Punto" }, "geometry": { "type": "Point", "coordinates": [ -98.812358157696352, 20.12653033480235 ] } },
{ "type": "Feature", "properties": { "ID_OBRA": "227_Pachuca de Soto", "No.": 227.0, "Municipio": "Pachuca de Soto", "Rubro": "Espacios Públicos", "Ejercicio": 2024.0, "Obra": "Rehabilitación de la imagen urbana de la vialidad Pachuca - Actopan y Boulevard de acceso a la Concepción,           comunidad de Tilcuautla, en los municipios de Pachuca y San Agustín Tlaxiaca.", "Localidad": "Varias", "Inversión": 24130675.342494398, "Habitantes.beneficiados": null, "Ejecutora": "DGEP", "Trabajos": "Considera trabajos en pintura de guarniciones, colocación de adoquín, sembrado de vegetación, rodetes para arboles y rampas.", "Geometria_tipo": "Punto" }, "geometry": { "type": "Point", "coordinates": [ -98.806743504587672, 20.136343808988759 ] } },
{ "type": "Feature", "properties": { "ID_OBRA": "550_Mineral de la Reforma", "No.": 550.0, "Municipio": "Mineral de la Reforma", "Rubro": "Espacios Públicos", "Ejercicio": 2023.0, "Obra": "Sustitución de alumbrado público en el Parque Industrial Metropolitano; en el municipio de Mineral de la Reforma", "Localidad": "La Providencia Sigloxxi", "Inversión": 1936232.06, "Habitantes.beneficiados": null, "Ejecutora": "DGOPI", "Trabajos": "Considera trabajos en infraestructura del Espacio Público en el municipio de Mineral de la Reforma.", "Geometria_tipo": "Punto" }, "geometry": { "type": "Point", "coordinates": [ -98.725938074996392, 20.04840975517714 ] } },
{ "type": "Feature", "properties": { "ID_OBRA": "572_Mineral de la Reforma", "No.": 572.0, "Municipio": "Mineral de la Reforma", "Rubro": "Espacios Públicos", "Ejercicio": 2023.0, "Obra": "Construcción de polideportivo y mejoramiento de campo de tiro en el IFP de Mineral de la Reforma", "Localidad": "San José Palma Gorda", "Inversión": 50177616.04, "Habitantes.beneficiados": 756.0, "Ejecutora": "DGCCE", "Trabajos": "Considera trabajos en infraestructura del Espacio Público en el municipio de Mineral de la Reforma.", "Geometria_tipo": "Punto" }, "geometry": { "type": "Point", "coordinates": [ -98.740644964944778, 20.03157368268047 ] } },
{ "type": "Feature", "properties": { "ID_OBRA": "573_Mineral de la Reforma", "No.": 573.0, "Municipio": "Mineral de la Reforma", "Rubro": "Espacios Públicos", "Ejercicio": 2022.0, "Obra": "Mejoramiento del Instituto de Formación Profesional", "Localidad": "San José Palma Gorda", "Inversión": 1058300.91, "Habitantes.beneficiados": null, "Ejecutora": "DGOPI", "Trabajos": "Considera trabajos en infraestructura en Seguridad Pública  del Instituto de Formación Profesional en la localidad de San José Palma Gorda el municipio de Mineral de la Reforma.", "Geometria_tipo": "Punto" }, "geometry": { "type": "Point", "coordinates": [ -98.74363247358167, 20.031963147985451 ] } },
{ "type": "Feature", "properties": { "ID_OBRA": "574_Mineral de la Reforma", "No.": 574.0, "Municipio": "Mineral de la Reforma", "Rubro": "Espacios Públicos", "Ejercicio": 2024.0, "Obra": "Alumbrado de canchas deportivas y pista de manejo del Instituto de Formación Profesional.", "Localidad": "San José Palma Gorda", "Inversión": 1918453.7, "Habitantes.beneficiados": 756.0, "Ejecutora": "IFP", "Trabajos": "Considera trabajos en infraestructura en Seguridad Pública  del Instituto de Formación Profesional en la localidad de San José Palma Gorda el municipio de Mineral de la Reforma.", "Geometria_tipo": "Punto" }, "geometry": { "type": "Point", "coordinates": [ -98.742275357263807, 20.031434638248829 ] } },
{ "type": "Feature", "properties": { "ID_OBRA": "576_Mineral de la Reforma", "No.": 576.0, "Municipio": "Mineral de la Reforma", "Rubro": "Espacios Públicos", "Ejercicio": 2024.0, "Obra": "Mejoramiento de unidades en el IFP de Mineral de la Reforma", "Localidad": "San José Palma Gorda", "Inversión": 12934999.99, "Habitantes.beneficiados": null, "Ejecutora": null, "Trabajos": "Considera trabajos en infraestructura en Seguridad Pública  del Instituto de Formación Profesional en la localidad de San José Palma Gorda el municipio de Mineral de la Reforma.", "Geometria_tipo": "Punto" }, "geometry": { "type": "Point", "coordinates": [ -98.740828251547995, 20.030369186278971 ] } },
{ "type": "Feature", "properties": { "ID_OBRA": "577_Mineral de la Reforma", "No.": 577.0, "Municipio": "Mineral de la Reforma", "Rubro": "Espacios Públicos", "Ejercicio": 2024.0, "Obra": "Mejoramiento del Instituto de Formación Profesional.", "Localidad": "San José Palma Gorda", "Inversión": 978246.0, "Habitantes.beneficiados": null, "Ejecutora": "INFOP", "Trabajos": "Considera trabajos en infraestructura en Seguridad Pública  del Instituto de Formación Profesional en la localidad de San José Palma Gorda el municipio de Mineral de la Reforma.", "Geometria_tipo": "Punto" }, "geometry": { "type": "Point", "coordinates": [ -98.744694, 20.032612 ] } },
{ "type": "Feature", "properties": { "ID_OBRA": "578_Mineral de la Reforma", "No.": 578.0, "Municipio": "Mineral de la Reforma", "Rubro": "Espacios Públicos", "Ejercicio": 2024.0, "Obra": "Construcción del Centro de Intervención del Instituto de Formación Profesional", "Localidad": "San José Palma Gorda", "Inversión": 3460253.16, "Habitantes.beneficiados": null, "Ejecutora": "DGOPI", "Trabajos": "Considera trabajos en infraestructura del Espacio Público en el municipio de Mineral de la Reforma.", "Geometria_tipo": "Punto" }, "geometry": { "type": "Point", "coordinates": [ -98.745542, 20.031909 ] } },
{ "type": "Feature", "properties": { "ID_OBRA": "588_Mineral de la Reforma", "No.": 588.0, "Municipio": "Mineral de la Reforma", "Rubro": "Espacios Públicos", "Ejercicio": 2024.0, "Obra": "Rehabilitación y mejoramiento de la imagen urbana en el acceso, Boulevard Everardo Márquez, municipio de Mineral de la Reforma.", "Localidad": "Varias", "Inversión": 37070833.4, "Habitantes.beneficiados": null, "Ejecutora": "DGCCE", "Trabajos": "Considera trabajos construcción de guarniciones altas y bajas con concreto hidráulico.", "Geometria_tipo": "Punto" }, "geometry": { "type": "Point", "coordinates": [ -98.745741, 20.088509 ] } },
{ "type": "Feature", "properties": { "ID_OBRA": "691_Pachuca de Soto", "No.": 691.0, "Municipio": "Pachuca de Soto", "Rubro": "Espacios Públicos", "Ejercicio": 2023.0, "Obra": "Mantenimiento correctivo de impermeabilización en Palacio de Gobierno del Estado de Hidalgo Pachuca de Soto Hgo.", "Localidad": "Pachuca de Soto", "Inversión": 1587720.33, "Habitantes.beneficiados": null, "Ejecutora": "DGOPI", "Trabajos": "Considera trabajos en infraestructura del Espacio Público en el municipio de Pachuca de Soto.", "Geometria_tipo": "Punto" }, "geometry": { "type": "Point", "coordinates": [ -98.736828199961153, 20.12244469950274 ] } },
{ "type": "Feature", "properties": { "ID_OBRA": "693_Pachuca de Soto", "No.": 693.0, "Municipio": "Pachuca de Soto", "Rubro": "Espacios Públicos", "Ejercicio": 2023.0, "Obra": "Ampliación de módulo de pesas y anexo a campo de tiro con arco en el Centro Deportivo Hidalguense y de Alto Rendimiento", "Localidad": "Pachuca de Soto", "Inversión": 683652.87, "Habitantes.beneficiados": null, "Ejecutora": "DGOPI", "Trabajos": "Considera trabajos en infraestructura deportiva en el municipio de Pachuca de Soto.", "Geometria_tipo": "Punto" }, "geometry": { "type": "Point", "coordinates": [ -98.781764700019295, 20.07483299985989 ] } },
{ "type": "Feature", "properties": { "ID_OBRA": "694_Pachuca de Soto", "No.": 694.0, "Municipio": "Pachuca de Soto", "Rubro": "Espacios Públicos", "Ejercicio": 2023.0, "Obra": "Mantenimiento correctivo de impermeabilización en el inmueble de la Procuraduría General de Justicia del Estado de Hidalgo, ubicado en Pachuca de Soto Hgo.", "Localidad": "Pachuca de Soto", "Inversión": 967952.99, "Habitantes.beneficiados": null, "Ejecutora": "DGOPI", "Trabajos": "Considera trabajos en infraestructura en Seguridad Pública en el municipio de Pachuca de Soto.", "Geometria_tipo": "Punto" }, "geometry": { "type": "Point", "coordinates": [ -98.783217500682213, 20.06404329961725 ] } },
{ "type": "Feature", "properties": { "ID_OBRA": "695_Ixmiquilpan", "No.": 695.0, "Municipio": "Ixmiquilpan", "Rubro": "Espacios Públicos", "Ejercicio": 2022.0, "Obra": "Mejoramiento de la Base de Operaciones de Ixmiquilpan, Hgo. de la Secretaría de Seguridad Pública", "Localidad": "Pachuca de Soto", "Inversión": 1452808.94, "Habitantes.beneficiados": null, "Ejecutora": "DGOPI", "Trabajos": "Considera trabajos en infraestructura en Seguridad Pública en el municipio de Pachuca de Soto.", "Geometria_tipo": "Punto" }, "geometry": { "type": "Point", "coordinates": [ -99.21951280017656, 20.480103800093008 ] } },
{ "type": "Feature", "properties": { "ID_OBRA": "696_Pachuca de Soto", "No.": 696.0, "Municipio": "Pachuca de Soto", "Rubro": "Espacios Públicos", "Ejercicio": 2022.0, "Obra": "Mejoramiento de la Secretaría de Seguridad Pública", "Localidad": "Pachuca de Soto", "Inversión": 1232011.98, "Habitantes.beneficiados": null, "Ejecutora": "DGOPI", "Trabajos": "Considera trabajos en infraestructura en Seguridad Pública en el municipio de Pachuca de Soto.", "Geometria_tipo": "Punto" }, "geometry": { "type": "Point", "coordinates": [ -98.784092399988907, 20.122651000363291 ] } },
{ "type": "Feature", "properties": { "ID_OBRA": "697_Pachuca de Soto", "No.": 697.0, "Municipio": "Pachuca de Soto", "Rubro": "Espacios Públicos", "Ejercicio": 2022.0, "Obra": "Mejoramiento del Cuartel la Paz de la Secretaría de Seguridad Pública", "Localidad": "Pachuca de Soto", "Inversión": 1296011.84, "Habitantes.beneficiados": null, "Ejecutora": "DGOPI", "Trabajos": "Considera trabajos en infraestructura en Seguridad Pública en el municipio de Pachuca de Soto.", "Geometria_tipo": "Punto" }, "geometry": { "type": "Point", "coordinates": [ -98.744689599996121, 20.032618400482448 ] } },
{ "type": "Feature", "properties": { "ID_OBRA": "698_Pachuca de Soto", "No.": 698.0, "Municipio": "Pachuca de Soto", "Rubro": "Espacios Públicos", "Ejercicio": 2023.0, "Obra": "Sistema de alumbrado y construcción de cisterna en cancha de futbol soccer CEDAR.", "Localidad": "Pachuca de Soto", "Inversión": 784752.04, "Habitantes.beneficiados": null, "Ejecutora": "DGCCE", "Trabajos": "Considera trabajos en infraestructura deportiva en el municipio de Pachuca de Soto.", "Geometria_tipo": "Punto" }, "geometry": { "type": "Point", "coordinates": [ -98.78116961591131, 20.076539605162768 ] } },
{ "type": "Feature", "properties": { "ID_OBRA": "699_Pachuca de Soto", "No.": 699.0, "Municipio": "Pachuca de Soto", "Rubro": "Espacios Públicos", "Ejercicio": 2023.0, "Obra": "Sistema de alumbrado y malla perimetral en cancha de futbol soccer Aeropuerto; en el municipio de Pachuca de Soto.", "Localidad": "Pachuca de Soto", "Inversión": 425678.12, "Habitantes.beneficiados": null, "Ejecutora": "DGCCE", "Trabajos": "Considera trabajos en infraestructura deportiva en el municipio de Pachuca de Soto.", "Geometria_tipo": "Punto" }, "geometry": { "type": "Point", "coordinates": [ -98.783698661491144, 20.073374061145319 ] } },
{ "type": "Feature", "properties": { "ID_OBRA": "701_Pachuca de Soto", "No.": 701.0, "Municipio": "Pachuca de Soto", "Rubro": "Espacios Públicos", "Ejercicio": 2023.0, "Obra": "Estudio y proyecto para la remodelación de la Plaza Independencia, en el municipio de Pachuca.", "Localidad": "Pachuca de Soto", "Inversión": 8220255.54, "Habitantes.beneficiados": null, "Ejecutora": "DGEP", "Trabajos": "Considera los trabajos de estudios, proyecto conceptual y proyecto ejecutivo.", "Geometria_tipo": "Punto" }, "geometry": { "type": "Point", "coordinates": [ -98.732244399978839, 20.127316599975732 ] } },
{ "type": "Feature", "properties": { "ID_OBRA": "702_Pachuca de Soto", "No.": 702.0, "Municipio": "Pachuca de Soto", "Rubro": "Espacios Públicos", "Ejercicio": 2023.0, "Obra": "Rehabilitación de Centro Gerontológico Integral de Pachuca de Soto", "Localidad": "Pachuca de Soto", "Inversión": 3114197.5, "Habitantes.beneficiados": null, "Ejecutora": "DGCCE", "Trabajos": "Considera trabajos en infraestructura del Espacio Público en el municipio de Pachuca de Soto.", "Geometria_tipo": "Punto" }, "geometry": { "type": "Point", "coordinates": [ -98.783245714881105, 20.121159101504709 ] } },
{ "type": "Feature", "properties": { "ID_OBRA": "703_Pachuca de Soto", "No.": 703.0, "Municipio": "Pachuca de Soto", "Rubro": "Espacios Públicos", "Ejercicio": 2023.0, "Obra": "Rehabilitación en azoteas, fachadas y anexo del CRIH, sede Pachuca de Soto.", "Localidad": "Pachuca de Soto", "Inversión": 2286214.5, "Habitantes.beneficiados": null, "Ejecutora": "DGOPI", "Trabajos": "Considera trabajos en infraestructura del Espacio Público en el municipio de Pachuca de Soto.", "Geometria_tipo": "Punto" }, "geometry": { "type": "Point", "coordinates": [ -98.774641481918195, 20.111516433097069 ] } },
{ "type": "Feature", "properties": { "ID_OBRA": "704_Pachuca de Soto", "No.": 704.0, "Municipio": "Pachuca de Soto", "Rubro": "Espacios Públicos", "Ejercicio": 2023.0, "Obra": "Estudio y proyecto para la construcción del nuevo edificio de Oficinas Gubernamentales.", "Localidad": "Pachuca de Soto", "Inversión": 7378316.46, "Habitantes.beneficiados": null, "Ejecutora": "DGEP", "Trabajos": "Considera los trabajos de estudios, proyecto conceptual y proyecto ejecutivo.", "Geometria_tipo": "Punto" }, "geometry": { "type": "Point", "coordinates": [ -98.770273070379005, 20.090552632716928 ] } },
{ "type": "Feature", "properties": { "ID_OBRA": "706_Pachuca de Soto", "No.": 706.0, "Municipio": "Pachuca de Soto", "Rubro": "Espacios Públicos", "Ejercicio": 2023.0, "Obra": "Construcción de lago artificial, fuentes, esculturas y servicios de control que se ubican en torno al pisal homenaje a la Mujer del Mundo, en Pachuca de Soto, Hgo.", "Localidad": "Pachuca de Soto", "Inversión": 35761746.43, "Habitantes.beneficiados": null, "Ejecutora": "DGEP", "Trabajos": "Considera trabajos en infraestructura del Espacio Público en el municipio de Pachuca de Soto.", "Geometria_tipo": "Punto" }, "geometry": { "type": "Point", "coordinates": [ -98.746805599730763, 20.11657279975725 ] } },
{ "type": "Feature", "properties": { "ID_OBRA": "707_Pachuca de Soto", "No.": 707.0, "Municipio": "Pachuca de Soto", "Rubro": "Espacios Públicos", "Ejercicio": 2023.0, "Obra": "Mejoramiento estacionamiento PGJEH", "Localidad": "Pachuca de Soto", "Inversión": 938287.69, "Habitantes.beneficiados": null, "Ejecutora": "DGIVC", "Trabajos": "Considera trabajos en infraestructura del Espacio Público en el municipio de Pachuca de Soto.", "Geometria_tipo": "Punto" }, "geometry": { "type": "Point", "coordinates": [ -98.783217500682213, 20.06404329961725 ] } },
{ "type": "Feature", "properties": { "ID_OBRA": "708_Pachuca de Soto", "No.": 708.0, "Municipio": "Pachuca de Soto", "Rubro": "Espacios Públicos", "Ejercicio": 2023.0, "Obra": "Construcción de instalaciones de servicios básicos y terracerías para el Centro Cultural y Recreativo, del Parque Ben Gurión, en Pachuca de Soto, Hgo.", "Localidad": "Pachuca de Soto", "Inversión": 60652922.69, "Habitantes.beneficiados": null, "Ejecutora": "DGEP", "Trabajos": "Considera trabajos en infraestructura del Espacio Público en el municipio de Pachuca de Soto.", "Geometria_tipo": "Punto" }, "geometry": { "type": "Point", "coordinates": [ -98.774203779166072, 20.093538407979469 ] } },
{ "type": "Feature", "properties": { "ID_OBRA": "709_Pachuca de Soto", "No.": 709.0, "Municipio": "Pachuca de Soto", "Rubro": "Espacios Públicos", "Ejercicio": 2023.0, "Obra": "Construcción de estacionamiento y andadores ubicados en torno al Auditorio Gota de Plata, en Pachuca de Soto, Hgo.", "Localidad": "Pachuca de Soto", "Inversión": 66284008.31, "Habitantes.beneficiados": null, "Ejecutora": "DGEP", "Trabajos": "Considera trabajos en infraestructura del Espacio Público en el municipio de Pachuca de Soto.", "Geometria_tipo": "Punto" }, "geometry": { "type": "Point", "coordinates": [ -98.77453660015999, 20.092083300101631 ] } },
{ "type": "Feature", "properties": { "ID_OBRA": "710_Pachuca de Soto", "No.": 710.0, "Municipio": "Pachuca de Soto", "Rubro": "Espacios Públicos", "Ejercicio": 2023.0, "Obra": "Construcción de vialidad interior del Centro Deportivo Hidalguense y de Alto Rendimiento", "Localidad": "Pachuca de Soto", "Inversión": 4005231.63, "Habitantes.beneficiados": null, "Ejecutora": "DGCCE", "Trabajos": "Considera trabajos en infraestructura del Espacio Público en el municipio de Pachuca de Soto.", "Geometria_tipo": "Punto" }, "geometry": { "type": "Point", "coordinates": [ -98.781764700019295, 20.07483299985989 ] } },
{ "type": "Feature", "properties": { "ID_OBRA": "711_Pachuca de Soto", "No.": 711.0, "Municipio": "Pachuca de Soto", "Rubro": "Espacios Públicos", "Ejercicio": 2023.0, "Obra": "Mejoramiento y ampliación al CERESO Pachuca", "Localidad": "Pachuca de Soto", "Inversión": 11124644.16, "Habitantes.beneficiados": null, "Ejecutora": "DGOPI", "Trabajos": "Considera trabajos en infraestructura en Seguridad Pública en el municipio de Pachuca de Soto.", "Geometria_tipo": "Punto" }, "geometry": { "type": "Point", "coordinates": [ -98.771039899849853, 20.12538779969967 ] } },
{ "type": "Feature", "properties": { "ID_OBRA": "712_Pachuca de Soto", "No.": 712.0, "Municipio": "Pachuca de Soto", "Rubro": "Espacios Públicos", "Ejercicio": 2023.0, "Obra": "Rehabilitación de pintura de puertas, rejas, ventanas y muros interiores y exteriores del inmueble de la Plaza de Toros Monumental Vicente Segura, de la ciudad de Pachuca de Soto, Hidalgo.", "Localidad": "Pachuca de Soto", "Inversión": 3984286.36, "Habitantes.beneficiados": null, "Ejecutora": "DGOPI", "Trabajos": "Considera trabajos en infraestructura del Espacio Público en el municipio de Pachuca de Soto.", "Geometria_tipo": "Punto" }, "geometry": { "type": "Point", "coordinates": [ -98.780401600188995, 20.065452799914318 ] } },
{ "type": "Feature", "properties": { "ID_OBRA": "713_Pachuca de Soto", "No.": 713.0, "Municipio": "Pachuca de Soto", "Rubro": "Espacios Públicos", "Ejercicio": 2023.0, "Obra": "Construcción de Cuartel de Policía en Col. Cubitos, Pachuca de Soto, Hgo.", "Localidad": "Pachuca de Soto", "Inversión": 19345520.0, "Habitantes.beneficiados": null, "Ejecutora": "DGOPI", "Trabajos": "Considera trabajos en infraestructura en Seguridad Pública en el municipio de Pachuca de Soto.", "Geometria_tipo": "Punto" }, "geometry": { "type": "Point", "coordinates": [ -98.734472799642106, 20.11191800019208 ] } },
{ "type": "Feature", "properties": { "ID_OBRA": "714_Pachuca de Soto", "No.": 714.0, "Municipio": "Pachuca de Soto", "Rubro": "Espacios Públicos", "Ejercicio": 2023.0, "Obra": "Construcción de red de agua potable y cisterna para el CERESO de Pachuca de Soto, Hgo.", "Localidad": "Pachuca de Soto", "Inversión": 3337931.97, "Habitantes.beneficiados": null, "Ejecutora": "DGOPI", "Trabajos": "Considera trabajos en infraestructura en Seguridad Pública en el municipio de Pachuca de Soto.", "Geometria_tipo": "Punto" }, "geometry": { "type": "Point", "coordinates": [ -98.771039900027063, 20.125387800138789 ] } },
{ "type": "Feature", "properties": { "ID_OBRA": "715_Pachuca de Soto", "No.": 715.0, "Municipio": "Pachuca de Soto", "Rubro": "Espacios Públicos", "Ejercicio": 2023.0, "Obra": "Estabilidad de taludes de la Secretaría de Seguridad Pública de Hidalgo en Pachuca de Soto, Hgo.", "Localidad": "Pachuca de Soto", "Inversión": 1844707.91, "Habitantes.beneficiados": null, "Ejecutora": "DGOPI", "Trabajos": "Considera trabajos en infraestructura en Seguridad Pública en el municipio de Pachuca de Soto.", "Geometria_tipo": "Punto" }, "geometry": { "type": "Point", "coordinates": [ -98.788057701675271, 20.123794140862671 ] } },
{ "type": "Feature", "properties": { "ID_OBRA": "716_Pachuca de Soto", "No.": 716.0, "Municipio": "Pachuca de Soto", "Rubro": "Espacios Públicos", "Ejercicio": 2023.0, "Obra": "Construcción de dormitorios CERESO Pachuca de Soto Hgo.", "Localidad": "Pachuca de Soto", "Inversión": 11125472.37, "Habitantes.beneficiados": null, "Ejecutora": "DGOPI", "Trabajos": "Considera trabajos en infraestructura en Seguridad Pública en el municipio de Pachuca de Soto.", "Geometria_tipo": "Punto" }, "geometry": { "type": "Point", "coordinates": [ -98.77103989952613, 20.125387799660992 ] } },
{ "type": "Feature", "properties": { "ID_OBRA": "717_Pachuca de Soto", "No.": 717.0, "Municipio": "Pachuca de Soto", "Rubro": "Espacios Públicos", "Ejercicio": 2023.0, "Obra": "Impermeabilización De losa de techo de la Secretaría de Seguridad Pública de Hidalgo, en Pachuca de Soto, Hgo.", "Localidad": "Pachuca de Soto", "Inversión": 2555241.14, "Habitantes.beneficiados": null, "Ejecutora": "DGOPI", "Trabajos": "Considera trabajos en infraestructura del Espacio Público en el municipio de Pachuca de Soto.", "Geometria_tipo": "Punto" }, "geometry": { "type": "Point", "coordinates": [ -98.783557377859836, 20.122942563562631 ] } },
{ "type": "Feature", "properties": { "ID_OBRA": "718_Pachuca de Soto", "No.": 718.0, "Municipio": "Pachuca de Soto", "Rubro": "Espacios Públicos", "Ejercicio": 2023.0, "Obra": "Modernización de instalaciones de la Feria San Francisco Primera Etapa", "Localidad": "Pachuca de Soto", "Inversión": 59520696.41, "Habitantes.beneficiados": null, "Ejecutora": "DGIVC", "Trabajos": "Considera trabajos en infraestructura del Espacio Público en el municipio de Pachuca de Soto.", "Geometria_tipo": "Punto" }, "geometry": { "type": "Point", "coordinates": [ -98.781134899944789, 20.06202879994791 ] } },
{ "type": "Feature", "properties": { "ID_OBRA": "719_Pachuca de Soto", "No.": 719.0, "Municipio": "Pachuca de Soto", "Rubro": "Espacios Públicos", "Ejercicio": 2023.0, "Obra": "Rehabilitación Cancha de Futbol Soccer Cedar, en el municipio de Pachuca de Soto", "Localidad": "Pachuca de Soto", "Inversión": 1810953.51, "Habitantes.beneficiados": null, "Ejecutora": "DGCCE", "Trabajos": "Considera trabajos en infraestructura deportiva en el municipio de Pachuca de Soto.", "Geometria_tipo": "Punto" }, "geometry": { "type": "Point", "coordinates": [ -98.781182151192738, 20.07653270786977 ] } },
{ "type": "Feature", "properties": { "ID_OBRA": "720_Pachuca de Soto", "No.": 720.0, "Municipio": "Pachuca de Soto", "Rubro": "Espacios Públicos", "Ejercicio": 2023.0, "Obra": "Rehabilitación Cancha de Futbol Soccer Aeropuerto, en el municipio de Pachuca de Soto", "Localidad": "Pachuca de Soto", "Inversión": 1335937.8, "Habitantes.beneficiados": null, "Ejecutora": "DGCCE", "Trabajos": "Considera trabajos en infraestructura deportiva en el municipio de Pachuca de Soto.", "Geometria_tipo": "Punto" }, "geometry": { "type": "Point", "coordinates": [ -98.783700226751506, 20.07338192418575 ] } },
{ "type": "Feature", "properties": { "ID_OBRA": "721_Pachuca de Soto", "No.": 721.0, "Municipio": "Pachuca de Soto", "Rubro": "Espacios Públicos", "Ejercicio": 2023.0, "Obra": "Rehabilitación Estadio Revolución; en el municipio de Pachuca de Soto", "Localidad": "Pachuca de Soto", "Inversión": 7301728.12, "Habitantes.beneficiados": null, "Ejecutora": "DGCCE", "Trabajos": "Considera trabajos en infraestructura deportiva en el municipio de Pachuca de Soto.", "Geometria_tipo": "Punto" }, "geometry": { "type": "Point", "coordinates": [ -98.740035999737628, 20.115856100029681 ] } },
{ "type": "Feature", "properties": { "ID_OBRA": "722_Pachuca de Soto", "No.": 722.0, "Municipio": "Pachuca de Soto", "Rubro": "Espacios Públicos", "Ejercicio": 2023.0, "Obra": "Modificación del inmueble ubicado en calle 16 de Enero de 1869, colonia Periodistas, en Pachuca de Soto Hidalgo, para ser la nueva sede de la Secretaría de Movilidad y Transporte, consistente en la adecuación de accesos y habilitación de oficinas", "Localidad": "Pachuca de Soto", "Inversión": 2899702.0, "Habitantes.beneficiados": null, "Ejecutora": "DGOPI", "Trabajos": "Considera trabajos en infraestructura del Espacio Público en el municipio de Pachuca de Soto.", "Geometria_tipo": "Punto" }, "geometry": { "type": "Point", "coordinates": [ -98.744292457698151, 20.116743980501958 ] } },
{ "type": "Feature", "properties": { "ID_OBRA": "723_Pachuca de Soto", "No.": 723.0, "Municipio": "Pachuca de Soto", "Rubro": "Espacios Públicos", "Ejercicio": 2023.0, "Obra": "Desarrollo del proyecto ejecutivo arquitectónico para la remodelación del Parque David Ben Gurión, que proyecte la creación de espacios recreativos, culturales y de integración familiar en la ciudad de Pachuca de Soto, Hidalgo", "Localidad": "Pachuca de Soto", "Inversión": 10958957.66, "Habitantes.beneficiados": null, "Ejecutora": "DGEP", "Trabajos": "Considera los trabajos de estudios, proyecto conceptual y proyecto ejecutivo.", "Geometria_tipo": "Punto" }, "geometry": { "type": "Point", "coordinates": [ -98.774416006187508, 20.092453893760879 ] } },
{ "type": "Feature", "properties": { "ID_OBRA": "724_Pachuca de Soto", "No.": 724.0, "Municipio": "Pachuca de Soto", "Rubro": "Espacios Públicos", "Ejercicio": 2023.0, "Obra": "Retiro, suministro, instalación y puesta en marcha de elevadores de pasajeros, 6 paradas, con capacidad máxima de 1000 kilogramos cada uno, para el inmueble que ocupa el Palacio de Gobierno de la Ciudad de Pachuca de Soto, Hidalgo, incluye adquisición y sustitución de puertas, botoneras, cabinas de acero inoxidable, maquinaria y sistema de desplazamiento en medidas adecuadas a los cubos existentes al interior del inmueble", "Localidad": "Pachuca de Soto", "Inversión": 5925977.18, "Habitantes.beneficiados": null, "Ejecutora": "DGOPI", "Trabajos": "Considera trabajos en infraestructura del Espacio Público en el municipio de Pachuca de Soto.", "Geometria_tipo": "Punto" }, "geometry": { "type": "Point", "coordinates": [ -98.736828199961153, 20.12244469950274 ] } },
{ "type": "Feature", "properties": { "ID_OBRA": "725_Pachuca de Soto", "No.": 725.0, "Municipio": "Pachuca de Soto", "Rubro": "Espacios Públicos", "Ejercicio": 2023.0, "Obra": "Mantenimiento integral Aeropuerto Nacional de Pachuca Juan Guillermo Villasana", "Localidad": "Pachuca de Soto", "Inversión": 20868450.69, "Habitantes.beneficiados": null, "Ejecutora": "DGOPI", "Trabajos": "Considera trabajos en infraestructura del Espacio Público en el municipio de Pachuca de Soto.", "Geometria_tipo": "Punto" }, "geometry": { "type": "Point", "coordinates": [ -98.782798100039201, 20.07447899978941 ] } },
{ "type": "Feature", "properties": { "ID_OBRA": "726_Pachuca de Soto", "No.": 726.0, "Municipio": "Pachuca de Soto", "Rubro": "Espacios Públicos", "Ejercicio": 2023.0, "Obra": "Ampliación de gimnasio de usos múltiples en el Centro Deportivo Hidalguense y de Alto Rendimiento.", "Localidad": "Pachuca de Soto", "Inversión": 7624254.0, "Habitantes.beneficiados": null, "Ejecutora": "DGOPI", "Trabajos": "Considera trabajos en infraestructura deportiva en el municipio de Pachuca de Soto.", "Geometria_tipo": "Punto" }, "geometry": { "type": "Point", "coordinates": [ -98.781764700019295, 20.07483299985989 ] } },
{ "type": "Feature", "properties": { "ID_OBRA": "727_Pachuca de Soto", "No.": 727.0, "Municipio": "Pachuca de Soto", "Rubro": "Espacios Públicos", "Ejercicio": 2023.0, "Obra": "Sustitución de Cancelería en Fachadas de Palacio de Gobierno del Poder Ejecutivo del Estado de Hidalgo", "Localidad": "Pachuca de Soto", "Inversión": 35845684.75, "Habitantes.beneficiados": null, "Ejecutora": "DGOPI", "Trabajos": "Considera trabajos en infraestructura del Espacio Público en el municipio de Pachuca de Soto.", "Geometria_tipo": "Punto" }, "geometry": { "type": "Point", "coordinates": [ -98.737008899891947, 20.122231999633531 ] } },
{ "type": "Feature", "properties": { "ID_OBRA": "728_Pachuca de Soto", "No.": 728.0, "Municipio": "Pachuca de Soto", "Rubro": "Espacios Públicos", "Ejercicio": 2023.0, "Obra": "Reciclando Transformamos Hidalgo.", "Localidad": "Pachuca de Soto", "Inversión": 181454.0, "Habitantes.beneficiados": null, "Ejecutora": "DGOPI", "Trabajos": "Considera trabajos en infraestructura del Espacio Público en el municipio de Pachuca de Soto.", "Geometria_tipo": "Punto" }, "geometry": { "type": "Point", "coordinates": [ -98.735727400329822, 20.100746799738399 ] } },
{ "type": "Feature", "properties": { "ID_OBRA": "729_Pachuca de Soto", "No.": 729.0, "Municipio": "Pachuca de Soto", "Rubro": "Espacios Públicos", "Ejercicio": 2022.0, "Obra": "Rehabilitación de Barda Perimetral y acceso Principal en el Centro Asistencial Casa de la Tercera Edad", "Localidad": "Pachuca de Soto", "Inversión": 980579.69, "Habitantes.beneficiados": null, "Ejecutora": "DGOPI", "Trabajos": "Considera trabajos en infraestructura del Espacio Público en el municipio de Pachuca de Soto.", "Geometria_tipo": "Punto" }, "geometry": { "type": "Point", "coordinates": [ -98.794766399655472, 20.043013599932561 ] } },
{ "type": "Feature", "properties": { "ID_OBRA": "730_Pachuca de Soto", "No.": 730.0, "Municipio": "Pachuca de Soto", "Rubro": "Espacios Públicos", "Ejercicio": 2022.0, "Obra": "Rehabilitación de drenaje sanitario, pintura en muros exteriores e impermeabilizante en la Casa Asistencial de la Tercera Edad", "Localidad": "Pachuca de Soto", "Inversión": 7817720.89, "Habitantes.beneficiados": null, "Ejecutora": "DGOPI", "Trabajos": "Considera trabajos en infraestructura del Espacio Público en el municipio de Pachuca de Soto.", "Geometria_tipo": "Punto" }, "geometry": { "type": "Point", "coordinates": [ -98.794766399655472, 20.043013599932561 ] } },
{ "type": "Feature", "properties": { "ID_OBRA": "731_Pachuca de Soto", "No.": 731.0, "Municipio": "Pachuca de Soto", "Rubro": "Espacios Públicos", "Ejercicio": 2022.0, "Obra": "Mejoramiento de las condiciones de accesibilidad del CRIH sede Pachuca", "Localidad": "Pachuca de Soto", "Inversión": 4912349.58, "Habitantes.beneficiados": null, "Ejecutora": "DGOPI", "Trabajos": "Considera trabajos en infraestructura del Espacio Público en el municipio de Pachuca de Soto.", "Geometria_tipo": "Punto" }, "geometry": { "type": "Point", "coordinates": [ -98.774642700543609, 20.111522899941921 ] } },
{ "type": "Feature", "properties": { "ID_OBRA": "732_Pachuca de Soto", "No.": 732.0, "Municipio": "Pachuca de Soto", "Rubro": "Espacios Públicos", "Ejercicio": 2022.0, "Obra": "Contratación de trabajos de mantenimiento integral de instalaciones hidrosanitarias, sustitución de aplanado en muros, impermeabilización de loza y rehabilitación de instalaciones eléctricas en el inmueble que ocupa el Archivo General del Estado", "Localidad": "Pachuca de Soto", "Inversión": 881932.56, "Habitantes.beneficiados": null, "Ejecutora": "DGOPI", "Trabajos": "Considera trabajos en infraestructura del Espacio Público en el municipio de Pachuca de Soto.", "Geometria_tipo": "Punto" }, "geometry": { "type": "Point", "coordinates": [ -98.731628799594858, 20.122247199866241 ] } },
{ "type": "Feature", "properties": { "ID_OBRA": "733_Pachuca de Soto", "No.": 733.0, "Municipio": "Pachuca de Soto", "Rubro": "Espacios Públicos", "Ejercicio": 2022.0, "Obra": "Contratación de trabajos de impermeabilización de loza, reparación de drenajes pluviales y de sustitución de techumbre del inmueble que ocupa la Dirección General de Radio y Televisión", "Localidad": "Pachuca de Soto", "Inversión": 2550692.36, "Habitantes.beneficiados": null, "Ejecutora": "DGOPI", "Trabajos": "Considera trabajos en infraestructura del Espacio Público en el municipio de Pachuca de Soto.", "Geometria_tipo": "Punto" }, "geometry": { "type": "Point", "coordinates": [ -98.785076100546718, 20.062370500137892 ] } },
{ "type": "Feature", "properties": { "ID_OBRA": "734_Pachuca de Soto", "No.": 734.0, "Municipio": "Pachuca de Soto", "Rubro": "Espacios Públicos", "Ejercicio": 2022.0, "Obra": "Rehabilitación de la Casa de la Niña", "Localidad": "Pachuca de Soto", "Inversión": 2253847.17, "Habitantes.beneficiados": null, "Ejecutora": "DGOPI", "Trabajos": "Considera trabajos en infraestructura del Espacio Público en el municipio de Pachuca de Soto.", "Geometria_tipo": "Punto" }, "geometry": { "type": "Point", "coordinates": [ -98.767609599826955, 20.09052459945298 ] } },
{ "type": "Feature", "properties": { "ID_OBRA": "735_Pachuca de Soto", "No.": 735.0, "Municipio": "Pachuca de Soto", "Rubro": "Espacios Públicos", "Ejercicio": 2022.0, "Obra": "Terminación de Elevadores de Puentes Peatonales (IMSS - SEP -Juan C. Doria)", "Localidad": "Pachuca de Soto", "Inversión": 3169831.27, "Habitantes.beneficiados": null, "Ejecutora": "DGIVC", "Trabajos": "Considera trabajos en infraestructura del Espacio Público en el municipio de Pachuca de Soto.", "Geometria_tipo": "Punto" }, "geometry": { "type": "Point", "coordinates": [ -98.774174, 20.079479 ] } },
{ "type": "Feature", "properties": { "ID_OBRA": "736_Pachuca de Soto", "No.": 736.0, "Municipio": "Pachuca de Soto", "Rubro": "Espacios Públicos", "Ejercicio": 2022.0, "Obra": "Construcción de auditorio, Villa Aquiles Serdán, municipio de Pachuca de Soto", "Localidad": "Pachuca de Soto", "Inversión": 15798659.09, "Habitantes.beneficiados": null, "Ejecutora": "DGOPI", "Trabajos": "Considera trabajos en infraestructura del Espacio Público en el municipio de Pachuca de Soto.", "Geometria_tipo": "Punto" }, "geometry": { "type": "Point", "coordinates": [ -98.754062, 20.120514 ] } },
{ "type": "Feature", "properties": { "ID_OBRA": "737_Pachuca de Soto", "No.": 737.0, "Municipio": "Pachuca de Soto", "Rubro": "Espacios Públicos", "Ejercicio": 2022.0, "Obra": "Rehabilitación de ciclopista tramo 2, (guarniciones, andadores y puentes)", "Localidad": "Pachuca de Soto", "Inversión": 1359709.94, "Habitantes.beneficiados": null, "Ejecutora": "DGOPI", "Trabajos": "Considera trabajos en infraestructura deportiva en el municipio de Pachuca de Soto.", "Geometria_tipo": "Punto" }, "geometry": { "type": "Point", "coordinates": [ -98.739477, 20.115064 ] } },
{ "type": "Feature", "properties": { "ID_OBRA": "738_Pachuca de Soto", "No.": 738.0, "Municipio": "Pachuca de Soto", "Rubro": "Espacios Públicos", "Ejercicio": 2022.0, "Obra": "Rehabilitación de ciclopista tramo 1, (guarniciones, andadores y puentes)", "Localidad": "Pachuca de Soto", "Inversión": 1567606.73, "Habitantes.beneficiados": null, "Ejecutora": "DGOPI", "Trabajos": "Considera trabajos en infraestructura deportiva en el municipio de Pachuca de Soto.", "Geometria_tipo": "Punto" }, "geometry": { "type": "Point", "coordinates": [ -98.74874, 20.109674 ] } },
{ "type": "Feature", "properties": { "ID_OBRA": "739_Pachuca de Soto", "No.": 739.0, "Municipio": "Pachuca de Soto", "Rubro": "Espacios Públicos", "Ejercicio": 2022.0, "Obra": "Fortalecimiento para la Atención de Niñas, Niños y Adolescentes Migrantes en Pachuca Hidalgo, para la Remodelación del Inmueble Albergue para Niñez y Adolescencia Migrante Acompañada y No Acompañada", "Localidad": "Pachuca de Soto", "Inversión": 1344011.74, "Habitantes.beneficiados": null, "Ejecutora": "DGOPI", "Trabajos": "Considera trabajos en infraestructura del Espacio Público en el municipio de Pachuca de Soto.", "Geometria_tipo": "Punto" }, "geometry": { "type": "Point", "coordinates": [ -98.789953, 20.068144 ] } },
{ "type": "Feature", "properties": { "ID_OBRA": "740_Pachuca de Soto", "No.": 740.0, "Municipio": "Pachuca de Soto", "Rubro": "Espacios Públicos", "Ejercicio": 2022.0, "Obra": "Construcción de sanitarios y área recreativa infantil en Centro de Atención Psicopedagógica de Educación Preescolar (CAPEP)", "Localidad": "Pachuca de Soto", "Inversión": 986953.53, "Habitantes.beneficiados": null, "Ejecutora": "DGCCE", "Trabajos": "Considera trabajos en infraestructura del Espacio Público en el municipio de Pachuca de Soto.", "Geometria_tipo": "Punto" }, "geometry": { "type": "Point", "coordinates": [ -98.778469, 20.080189 ] } },
{ "type": "Feature", "properties": { "ID_OBRA": "741_Pachuca de Soto", "No.": 741.0, "Municipio": "Pachuca de Soto", "Rubro": "Espacios Públicos", "Ejercicio": 2022.0, "Obra": "Construcción en acceso a estacionamiento en Centro de Atención Psicopedagógica de Educación Preescolar (CAPEP)", "Localidad": "Pachuca de Soto", "Inversión": 984988.45, "Habitantes.beneficiados": null, "Ejecutora": "DGCCE", "Trabajos": "Considera trabajos en infraestructura del Espacio Público en el municipio de Pachuca de Soto.", "Geometria_tipo": "Punto" }, "geometry": { "type": "Point", "coordinates": [ -98.778061, 20.080334 ] } },
{ "type": "Feature", "properties": { "ID_OBRA": "742_Pachuca de Soto", "No.": 742.0, "Municipio": "Pachuca de Soto", "Rubro": "Espacios Públicos", "Ejercicio": 2022.0, "Obra": "Construcción del Centro Estatal de Justicia Alternativa (obra exterior)", "Localidad": "Pachuca de Soto", "Inversión": 1297153.54, "Habitantes.beneficiados": null, "Ejecutora": "DGOPI", "Trabajos": "Considera trabajos en infraestructura en Seguridad Pública en el Centro Estatal de Justicia Alternativa municipio de Pachuca de Soto.", "Geometria_tipo": "Punto" }, "geometry": { "type": "Point", "coordinates": [ -98.784379, 20.063306 ] } },
{ "type": "Feature", "properties": { "ID_OBRA": "743_Pachuca de Soto", "No.": 743.0, "Municipio": "Pachuca de Soto", "Rubro": "Espacios Públicos", "Ejercicio": 2022.0, "Obra": "Trabajos de acabados en el Centro Estatal de Justicia Alternativa", "Localidad": "Pachuca de Soto", "Inversión": 344855.22, "Habitantes.beneficiados": null, "Ejecutora": "DGOPI", "Trabajos": "Considera trabajos en infraestructura en Seguridad Pública en el Centro Estatal de Justicia Alternativa municipio de Pachuca de Soto.", "Geometria_tipo": "Punto" }, "geometry": { "type": "Point", "coordinates": [ -98.784279, 20.062937 ] } },
{ "type": "Feature", "properties": { "ID_OBRA": "813_Pachuca de Soto", "No.": 813.0, "Municipio": "Pachuca de Soto", "Rubro": "Espacios Públicos", "Ejercicio": 2024.0, "Obra": "Estudios y Proyecto complementarios para estacionamiento y plancha de la plaza independencia, en el municipio de Pachuca de Soto", "Localidad": "Pachuca de Soto", "Inversión": 10288542.67, "Habitantes.beneficiados": null, "Ejecutora": "DGEP", "Trabajos": "Considera los trabajos de estudios, proyecto conceptual y proyecto ejecutivo.", "Geometria_tipo": "Punto" }, "geometry": { "type": "Point", "coordinates": [ -98.732047507286978, 20.127076942764091 ] } },
{ "type": "Feature", "properties": { "ID_OBRA": "814_Pachuca de Soto", "No.": 814.0, "Municipio": "Pachuca de Soto", "Rubro": "Espacios Públicos", "Ejercicio": 2024.0, "Obra": "Construcción de vía escénica y plaza de los comensales del Parque David Ben Gurión, en Pachuca de Soto.", "Localidad": "Pachuca de Soto", "Inversión": 91871708.49, "Habitantes.beneficiados": null, "Ejecutora": "DGEP", "Trabajos": "Considera trabajos en infraestructura del Espacio Público en el municipio de Pachuca de Soto.", "Geometria_tipo": "Punto" }, "geometry": { "type": "Point", "coordinates": [ -98.773974761144487, 20.09310945709797 ] } },
{ "type": "Feature", "properties": { "ID_OBRA": "815_Pachuca de Soto", "No.": 815.0, "Municipio": "Pachuca de Soto", "Rubro": "Espacios Públicos", "Ejercicio": 2024.0, "Obra": "Construcción de espacios recreativos y culturales del Parque David Ben Gurión, en Pachuca de Soto.", "Localidad": "Pachuca de Soto", "Inversión": 77808834.26000001, "Habitantes.beneficiados": null, "Ejecutora": "DGEP", "Trabajos": "Considera trabajos en infraestructura del Espacio Público en el municipio de Pachuca de Soto.", "Geometria_tipo": "Punto" }, "geometry": { "type": "Point", "coordinates": [ -98.774501551284587, 20.09300827562339 ] } },
{ "type": "Feature", "properties": { "ID_OBRA": "816_Pachuca de Soto", "No.": 816.0, "Municipio": "Pachuca de Soto", "Rubro": "Espacios Públicos", "Ejercicio": 2024.0, "Obra": "Adquisición de árboles, para atender las medidas de compensación del manifiesto de impacto ambiental en el parque David Ben Gurión, en Pachuca de Soto.", "Localidad": "Pachuca de Soto", "Inversión": 3933444.0, "Habitantes.beneficiados": null, "Ejecutora": "DGEP", "Trabajos": "Considera trabajos en infraestructura del Espacio Público en el municipio de Pachuca de Soto.", "Geometria_tipo": "Punto" }, "geometry": { "type": "Point", "coordinates": [ -98.773485150204536, 20.092987254608591 ] } },
{ "type": "Feature", "properties": { "ID_OBRA": "817_Pachuca de Soto", "No.": 817.0, "Municipio": "Pachuca de Soto", "Rubro": "Espacios Públicos", "Ejercicio": 2024.0, "Obra": "Trabajos preliminares para la construcción de las nuevas oficinas de Gobierno en Pachuca de Soto.", "Localidad": "Pachuca de Soto", "Inversión": 24013360.94, "Habitantes.beneficiados": null, "Ejecutora": "DGEP", "Trabajos": "Considera trabajos en infraestructura del Espacio Público en el municipio de Pachuca de Soto.", "Geometria_tipo": "Punto" }, "geometry": { "type": "Point", "coordinates": [ -98.743722692684841, 20.116968634288369 ] } },
{ "type": "Feature", "properties": { "ID_OBRA": "818_Pachuca de Soto", "No.": 818.0, "Municipio": "Pachuca de Soto", "Rubro": "Espacios Públicos", "Ejercicio": 2024.0, "Obra": "Construcción de cimentación y estructura de las nuevas Oficinas de Gobierno en Pachuca de Soto.", "Localidad": "Pachuca de Soto", "Inversión": 128617645.29000001, "Habitantes.beneficiados": null, "Ejecutora": null, "Trabajos": "Considera trabajos en infraestructura del Espacio Público en el municipio de Pachuca de Soto.", "Geometria_tipo": "Punto" }, "geometry": { "type": "Point", "coordinates": [ -98.743610043856293, 20.11672753013837 ] } },
{ "type": "Feature", "properties": { "ID_OBRA": "819_Pachuca de Soto", "No.": 819.0, "Municipio": "Pachuca de Soto", "Rubro": "Espacios Públicos", "Ejercicio": 2024.0, "Obra": "Rehabilitación de piso de la explanada Plaza Juárez.", "Localidad": "Pachuca de Soto", "Inversión": 25185658.49, "Habitantes.beneficiados": null, "Ejecutora": "DGOPI", "Trabajos": "Considera trabajos en infraestructura del Espacio Público en el municipio de Pachuca de Soto.", "Geometria_tipo": "Punto" }, "geometry": { "type": "Point", "coordinates": [ -98.736097183812873, 20.12289614871084 ] } },
{ "type": "Feature", "properties": { "ID_OBRA": "820_Pachuca de Soto", "No.": 820.0, "Municipio": "Pachuca de Soto", "Rubro": "Espacios Públicos", "Ejercicio": 2024.0, "Obra": "Modernización de instalaciones de la Feria San Francisco. Segunda Etapa.", "Localidad": "Pachuca de Soto", "Inversión": 50941677.45, "Habitantes.beneficiados": null, "Ejecutora": "DGCCE", "Trabajos": "Considera trabajos en infraestructura del Espacio Público en el municipio de Pachuca de Soto.", "Geometria_tipo": "Punto" }, "geometry": { "type": "Point", "coordinates": [ -98.780566597451667, 20.062164529964569 ] } },
{ "type": "Feature", "properties": { "ID_OBRA": "821_Pachuca de Soto", "No.": 821.0, "Municipio": "Pachuca de Soto", "Rubro": "Espacios Públicos", "Ejercicio": 2024.0, "Obra": "Fabricación, colocación y montaje de cubierta ligera con membrana arquitectónica especial tipo Velaria; con soportes a base de estructuras de acero en arco, ubicada en las Instalaciones de la Feria San Francisco, en la localidad y municipio de Pachuca de Soto, Estado de Hidalgo", "Localidad": "Pachuca de Soto", "Inversión": 78575795.29000001, "Habitantes.beneficiados": null, "Ejecutora": "DGCCE", "Trabajos": "Considera trabajos en infraestructura del Espacio Público en el municipio de Pachuca de Soto.", "Geometria_tipo": "Punto" }, "geometry": { "type": "Point", "coordinates": [ -98.780999239387299, 20.06121359917859 ] } },
{ "type": "Feature", "properties": { "ID_OBRA": "822_Pachuca de Soto", "No.": 822.0, "Municipio": "Pachuca de Soto", "Rubro": "Espacios Públicos", "Ejercicio": 2024.0, "Obra": "Remodelación de andadores y espacios anexos al jardín Hombres y Mujeres Ilustres de Hidalgo", "Localidad": "Pachuca de Soto", "Inversión": 28595815.92, "Habitantes.beneficiados": null, "Ejecutora": "DGRMS", "Trabajos": "Considera trabajos en infraestructura del Espacio Público en el municipio de Pachuca de Soto.", "Geometria_tipo": "Punto" }, "geometry": { "type": "Point", "coordinates": [ -98.735855753943795, 20.121958219850999 ] } },
{ "type": "Feature", "properties": { "ID_OBRA": "823_Pachuca de Soto", "No.": 823.0, "Municipio": "Pachuca de Soto", "Rubro": "Espacios Públicos", "Ejercicio": 2024.0, "Obra": "Fortalecimiento eléctrico del Centro Cultural del Ferrocarril.", "Localidad": "Pachuca de Soto", "Inversión": 980814.6, "Habitantes.beneficiados": null, "Ejecutora": "DGOPI", "Trabajos": "Considera trabajos en infraestructura del Espacio Público en el municipio de Pachuca de Soto.", "Geometria_tipo": "Punto" }, "geometry": { "type": "Point", "coordinates": [ -98.740700796475934, 20.122213081932831 ] } },
{ "type": "Feature", "properties": { "ID_OBRA": "824_Pachuca de Soto", "No.": 824.0, "Municipio": "Pachuca de Soto", "Rubro": "Espacios Públicos", "Ejercicio": 2024.0, "Obra": "Fortalecimiento para la Atención de NNA Migrantes en Pachuca de Soto, Hidalgo 2024", "Localidad": "Pachuca de Soto", "Inversión": 53498151.26, "Habitantes.beneficiados": null, "Ejecutora": "DGEP", "Trabajos": "Considera trabajos en infraestructura del Espacio Público en el municipio de Pachuca de Soto.", "Geometria_tipo": "Punto" }, "geometry": { "type": "Point", "coordinates": [ -98.733829371597253, 20.124775029451001 ] } },
{ "type": "Feature", "properties": { "ID_OBRA": "825_Pachuca de Soto", "No.": 825.0, "Municipio": "Pachuca de Soto", "Rubro": "Espacios Públicos", "Ejercicio": 2024.0, "Obra": "Rehabilitación punto de venta Hidarte", "Localidad": "Pachuca de Soto", "Inversión": 1500000.0, "Habitantes.beneficiados": null, "Ejecutora": "DGEP", "Trabajos": "Considera trabajos en infraestructura del Espacio Público en el municipio de Pachuca de Soto.", "Geometria_tipo": "Punto" }, "geometry": { "type": "Point", "coordinates": [ -98.745803699999954, 20.1162014 ] } },
{ "type": "Feature", "properties": { "ID_OBRA": "826_Pachuca de Soto", "No.": 826.0, "Municipio": "Pachuca de Soto", "Rubro": "Espacios Públicos", "Ejercicio": 2024.0, "Obra": "Acondicionamiento de muros gaviones en la Secretaría de Seguridad Pública, en el municipio de Pachuca de Soto.", "Localidad": "Pachuca de Soto", "Inversión": 1182825.4, "Habitantes.beneficiados": null, "Ejecutora": "DGOPI", "Trabajos": "Considera trabajos en infraestructura del Espacio Público en el municipio de Pachuca de Soto.", "Geometria_tipo": "Punto" }, "geometry": { "type": "Point", "coordinates": [ -98.784082690395564, 20.122641863859609 ] } },
{ "type": "Feature", "properties": { "ID_OBRA": "827_Pachuca de Soto", "No.": 827.0, "Municipio": "Pachuca de Soto", "Rubro": "Espacios Públicos", "Ejercicio": 2024.0, "Obra": "Construcción de comedor en Casa del Niño DIF.", "Localidad": "Pachuca de Soto", "Inversión": 4000779.09, "Habitantes.beneficiados": null, "Ejecutora": "DGOPI", "Trabajos": "Considera trabajos en infraestructura del Espacio Público en el municipio de Pachuca de Soto.", "Geometria_tipo": "Punto" }, "geometry": { "type": "Point", "coordinates": [ -98.7328738, 20.1169175 ] } },
{ "type": "Feature", "properties": { "ID_OBRA": "828_Pachuca de Soto", "No.": 828.0, "Municipio": "Pachuca de Soto", "Rubro": "Espacios Públicos", "Ejercicio": 2024.0, "Obra": "Construcción de sucursal Montepío Pachuca.", "Localidad": "Pachuca de Soto", "Inversión": 6938597.57, "Habitantes.beneficiados": null, "Ejecutora": null, "Trabajos": "Considera trabajos en infraestructura del Espacio Público en el municipio de Pachuca de Soto.", "Geometria_tipo": "Punto" }, "geometry": { "type": "Point", "coordinates": [ -98.731265980407088, 20.1237769283928 ] } },
{ "type": "Feature", "properties": { "ID_OBRA": "880_Pachuca de Soto", "No.": 880.0, "Municipio": "Pachuca de Soto", "Rubro": "Espacios Públicos", "Ejercicio": 2024.0, "Obra": "Mejoramiento del Centro de Justicia para Mujeres del Estado de Hidalgo", "Localidad": "Pachuca de Soto", "Inversión": 780045.28, "Habitantes.beneficiados": null, "Ejecutora": "DGIVC", "Trabajos": "Considera trabajos en infraestructura del Espacio Público en el municipio de Pachuca de Soto.", "Geometria_tipo": "Punto" }, "geometry": { "type": "Point", "coordinates": [ -98.783710715071521, 20.09797547805816 ] } },
{ "type": "Feature", "properties": { "ID_OBRA": "883_Pachuca de Soto", "No.": 883.0, "Municipio": "Pachuca de Soto", "Rubro": "Espacios Públicos", "Ejercicio": 2024.0, "Obra": "Rehabilitación de las instalaciones de Radio y Televisión de Hidalgo ubicadas en el municipio de Pachuca", "Localidad": "Pachuca de Soto", "Inversión": 4270310.31, "Habitantes.beneficiados": null, "Ejecutora": "DGOPI", "Trabajos": "Considera trabajos en infraestructura del Espacio Público en el municipio de Pachuca de Soto.", "Geometria_tipo": "Punto" }, "geometry": { "type": "Point", "coordinates": [ -98.785089081020715, 20.062219502647249 ] } },
{ "type": "Feature", "properties": { "ID_OBRA": "884_Pachuca de Soto", "No.": 884.0, "Municipio": "Pachuca de Soto", "Rubro": "Espacios Públicos", "Ejercicio": 2024.0, "Obra": "Sustitución de cancelería en fachadas de Palacio de Gobierno del Poder Ejecutivo del Estado de Hidalgo, Segunda Etapa.", "Localidad": "Pachuca de Soto", "Inversión": 10570782.25, "Habitantes.beneficiados": null, "Ejecutora": "DGOPI", "Trabajos": "Considera trabajos en infraestructura del Espacio Público en el municipio de Pachuca de Soto.", "Geometria_tipo": "Punto" }, "geometry": { "type": "Point", "coordinates": [ -98.736874849029974, 20.12241886496561 ] } },
{ "type": "Feature", "properties": { "ID_OBRA": "885_Pachuca de Soto", "No.": 885.0, "Municipio": "Pachuca de Soto", "Rubro": "Espacios Públicos", "Ejercicio": 2024.0, "Obra": "Mejoramiento de la imagen urbana en el exterior del edificio de Gobierno del Estado", "Localidad": "Pachuca de Soto", "Inversión": 3476209.99, "Habitantes.beneficiados": null, "Ejecutora": "DGOPI", "Trabajos": "Considera trabajos en infraestructura del Espacio Público en el municipio de Pachuca de Soto.", "Geometria_tipo": "Punto" }, "geometry": { "type": "Point", "coordinates": [ -98.736711740009028, 20.122698752670839 ] } },
{ "type": "Feature", "properties": { "ID_OBRA": "886_Pachuca de Soto", "No.": 886.0, "Municipio": "Pachuca de Soto", "Rubro": "Espacios Públicos", "Ejercicio": 2024.0, "Obra": "Modernización de instalaciones de la feria San Francisco, tercera etapa, en el municipio de Pachuca de Soto.", "Localidad": "Pachuca de Soto", "Inversión": 7392847.62, "Habitantes.beneficiados": null, "Ejecutora": "DGCCE", "Trabajos": "Considera trabajos en infraestructura del Espacio Público en el municipio de Pachuca de Soto.", "Geometria_tipo": "Punto" }, "geometry": { "type": "Point", "coordinates": [ -98.780699936586814, 20.061870721893399 ] } },
{ "type": "Feature", "properties": { "ID_OBRA": "887_Pachuca de Soto", "No.": 887.0, "Municipio": "Pachuca de Soto", "Rubro": "Espacios Públicos", "Ejercicio": 2024.0, "Obra": "Construcción del nuevo Centro Regional de Atención al Contribuyente de Hidalgo, en el municipio de Pachuca de Soto .", "Localidad": "Pachuca de Soto", "Inversión": 10937970.6, "Habitantes.beneficiados": null, "Ejecutora": "DGEP", "Trabajos": "Considera trabajos en infraestructura del Espacio Público en el municipio de Pachuca de Soto.", "Geometria_tipo": "Punto" }, "geometry": { "type": "Point", "coordinates": [ -98.780481134181983, 20.06103908543216 ] } },
{ "type": "Feature", "properties": { "ID_OBRA": "891_Pachuca de Soto", "No.": 891.0, "Municipio": "Pachuca de Soto", "Rubro": "Espacios Públicos", "Ejercicio": 2024.0, "Obra": "Edificación de Oficinas Administrativas de la Policía Industrial Bancaria del Estado de Hidalgo", "Localidad": "Pachuca de Soto", "Inversión": 6997273.69, "Habitantes.beneficiados": null, "Ejecutora": "DGOPI", "Trabajos": "Considera trabajos en infraestructura del Espacio Público en el municipio de Pachuca de Soto.", "Geometria_tipo": "Punto" }, "geometry": { "type": "Point", "coordinates": [ -98.752719208596574, 20.115537909874838 ] } },
{ "type": "Feature", "properties": { "ID_OBRA": "892_Pachuca de Soto", "No.": 892.0, "Municipio": "Pachuca de Soto", "Rubro": "Espacios Públicos", "Ejercicio": 2024.0, "Obra": "Centro de adiestramiento canino.", "Localidad": "Pachuca de Soto", "Inversión": 5972805.36, "Habitantes.beneficiados": null, "Ejecutora": "DGOPI", "Trabajos": "Considera trabajos en infraestructura en Seguridad Pública en el municipio de Pachuca de Soto.", "Geometria_tipo": "Punto" }, "geometry": { "type": "Point", "coordinates": [ -98.748779198168918, 20.09063673916361 ] } },
{ "type": "Feature", "properties": { "ID_OBRA": "893_Pachuca de Soto", "No.": 893.0, "Municipio": "Pachuca de Soto", "Rubro": "Espacios Públicos", "Ejercicio": 2024.0, "Obra": "Rehabilitación y mantenimiento del Centro de las Artes de Hidalgo 2da. etapa", "Localidad": "Pachuca de Soto", "Inversión": 2981635.72, "Habitantes.beneficiados": null, "Ejecutora": "DGOPI", "Trabajos": "Considera trabajos en infraestructura del Espacio Público en el municipio de Pachuca de Soto.", "Geometria_tipo": "Punto" }, "geometry": { "type": "Point", "coordinates": [ -98.731348510972452, 20.120404431067058 ] } },
{ "type": "Feature", "properties": { "ID_OBRA": "894_Pachuca de Soto", "No.": 894.0, "Municipio": "Pachuca de Soto", "Rubro": "Espacios Públicos", "Ejercicio": 2025.0, "Obra": "Centro Administrativo y de Servicios para el Pueblo (CASP), en el municipio de Pachuca de Soto", "Localidad": "Pachuca de Soto", "Inversión": 2900000000.0, "Habitantes.beneficiados": 297848.0, "Ejecutora": "DGOPI", "Trabajos": "Los trabajos a ejecutar: diseño arquitectónico e ingenierías, demoliciones y desmontajes, preliminares, terracerías, cimentación, estructura de acero del edificio, estructura de acero del helipuerto, albañilería, azoteas, fachada exterior, muros divisorios interiores, acabados, muebles de baño, vidrio y cancelería, carpintería, instalación hidro-sanitaria.", "Geometria_tipo": "Punto" }, "geometry": { "type": "Point", "coordinates": [ -98.767493056353487, 20.09415047886883 ] } },
{ "type": "Feature", "properties": { "ID_OBRA": "895_Pachuca de Soto", "No.": 895.0, "Municipio": "Pachuca de Soto", "Rubro": "Espacios Públicos", "Ejercicio": 2025.0, "Obra": "Mantenimiento Integral Aeropuerto Nacional de Pachuca: Juan Guillermo Villasana Segunda Etapa", "Localidad": "Pachuca de Soto", "Inversión": 65716298.81, "Habitantes.beneficiados": null, "Ejecutora": "DGCCE", "Trabajos": null, "Geometria_tipo": "Punto" }, "geometry": { "type": "Point", "coordinates": [ -98.783139925371174, 20.07483217196712 ] } },
{ "type": "Feature", "properties": { "ID_OBRA": "896_Pachuca de Soto", "No.": 896.0, "Municipio": "Pachuca de Soto", "Rubro": "Espacios Públicos", "Ejercicio": 2025.0, "Obra": "Cercado perimetral de la granja interactiva granjaaventura.", "Localidad": "Pachuca de Soto", "Inversión": 176361.47, "Habitantes.beneficiados": null, "Ejecutora": "DGIVC", "Trabajos": null, "Geometria_tipo": "Punto" }, "geometry": { "type": "Point", "coordinates": [ -98.738259466711369, 20.095221046277171 ] } },
{ "type": "Feature", "properties": { "ID_OBRA": "899_Pachuca de Soto", "No.": 899.0, "Municipio": "Pachuca de Soto", "Rubro": "Espacios Públicos", "Ejercicio": 2025.0, "Obra": "Estudio y proyecto para el diseño de los cortes en excavaciones de las obras de remodelación de la Plaza Independencia, en el municipio de Pachuca de Soto", "Localidad": "Pachuca de Soto", "Inversión": 1795638.0, "Habitantes.beneficiados": null, "Ejecutora": "DGEP", "Trabajos": "Considera los estudios y proyecto ejecutivo.", "Geometria_tipo": "Punto" }, "geometry": { "type": "Point", "coordinates": [ -98.731845872233023, 20.127504524745461 ] } },
{ "type": "Feature", "properties": { "ID_OBRA": "912_Pachuca de Soto", "No.": 912.0, "Municipio": "Pachuca de Soto", "Rubro": "Espacios Públicos", "Ejercicio": 2024.0, "Obra": "Mejoramiento del Centro Estatal de Evaluación y Control de Confianza", "Localidad": "San José Palma Gorda", "Inversión": 663917.18, "Habitantes.beneficiados": null, "Ejecutora": "CEECC", "Trabajos": "Considera trabajos en infraestructura en Seguridad Pública en el municipio de Pachuca de Soto.", "Geometria_tipo": "Punto" }, "geometry": { "type": "Point", "coordinates": [ -98.744685, 20.032002 ] } },
{ "type": "Feature", "properties": { "ID_OBRA": "918_Pachuca de Soto", "No.": 918.0, "Municipio": "Pachuca de Soto", "Rubro": "Espacios Públicos", "Ejercicio": 2023.0, "Obra": "Construcción de dormitorios Cereso Módulo 2, Pachuca de Soto, Hgo.", "Localidad": "Varias", "Inversión": 11124708.97, "Habitantes.beneficiados": null, "Ejecutora": "DGOPI", "Trabajos": "Considera trabajos en infraestructura en Seguridad Pública en CERESO en el municipio de Pachuca de Soto.", "Geometria_tipo": "Punto" }, "geometry": { "type": "Point", "coordinates": [ -98.772745, 20.127231 ] } },
{ "type": "Feature", "properties": { "ID_OBRA": "925_Pachuca de Soto", "No.": 925.0, "Municipio": "Pachuca de Soto", "Rubro": "Espacios Públicos", "Ejercicio": 2024.0, "Obra": "Rehabilitación y mejoramiento de la imagen urbana de avenida Álamo del 0+000 al Km 1+020, El Tezontle, municipio de Pachuca de Soto.", "Localidad": "Varias", "Inversión": 8324393.57, "Habitantes.beneficiados": null, "Ejecutora": "DGCCE", "Trabajos": "Considera trabajos en en mejoramiento de la Imagen Urbana en El Tezontle en el municipio de Pachuca de Soto.", "Geometria_tipo": "Punto" }, "geometry": { "type": "Point", "coordinates": [ -98.784838, 20.091787 ] } },
{ "type": "Feature", "properties": { "ID_OBRA": "926_Pachuca de Soto", "No.": 926.0, "Municipio": "Pachuca de Soto", "Rubro": "Espacios Públicos", "Ejercicio": 2024.0, "Obra": "Rehabilitación de obra interior y exterior en el Cuartel Cubitos, en el municipio de Pachuca de Soto.", "Localidad": "Varias", "Inversión": 2979540.72, "Habitantes.beneficiados": null, "Ejecutora": "DGOPI", "Trabajos": "Considera trabajos en infraestructura en Seguridad Pública en el municipio de Pachuca de Soto.", "Geometria_tipo": "Punto" }, "geometry": { "type": "Point", "coordinates": [ -98.734347, 20.112077 ] } },
{ "type": "Feature", "properties": { "ID_OBRA": "1006_San Bartolo Tutotepec", "No.": 1006.0, "Municipio": "San Bartolo Tutotepec", "Rubro": "Espacios Públicos", "Ejercicio": 2023.0, "Obra": "Remodelación Unidad Deportiva San Bartolo; en el municipio de San Bartolo Tutotepec.", "Localidad": "San Bartolo Tutotepec", "Inversión": 8540661.48, "Habitantes.beneficiados": 2568.0, "Ejecutora": "DGCCE", "Trabajos": "Considera trabajos en infraestructura del Espacio Público en el municipio de San Bartolo Tutotepec.", "Geometria_tipo": "Punto" }, "geometry": { "type": "Point", "coordinates": [ -98.203771917588966, 20.402915947788738 ] } },
{ "type": "Feature", "properties": { "ID_OBRA": "1007_San Bartolo Tutotepec", "No.": 1007.0, "Municipio": "San Bartolo Tutotepec", "Rubro": "Espacios Públicos", "Ejercicio": 2024.0, "Obra": "Obra complementaria para la rehabilitación de la unidad deportiva de San Bartolo Tutotepec.", "Localidad": "San Bartolo Tutotepec", "Inversión": 9450675.96, "Habitantes.beneficiados": 2764.0, "Ejecutora": "DGCCE", "Trabajos": "Considera trabajos en infraestructura deportiva en el municipio de San Bartolo Tutotepec.", "Geometria_tipo": "Punto" }, "geometry": { "type": "Point", "coordinates": [ -98.203771917588966, 20.402915947788738 ] } },
{ "type": "Feature", "properties": { "ID_OBRA": "1014_San Felipe Orizatlán", "No.": 1014.0, "Municipio": "San Felipe Orizatlán", "Rubro": "Espacios Públicos", "Ejercicio": 2022.0, "Obra": "3era etapa de Construcción de Centro Gerontológico Integral de San Felipe Orizatlán", "Localidad": "Huextetitla", "Inversión": 693252.28, "Habitantes.beneficiados": 6124.0, "Ejecutora": "DGCCE", "Trabajos": "Considera trabajos en infraestructura del Espacio Público en la localidad Huextetitla en el municipio de San Felipe Orizatlán.", "Geometria_tipo": "Punto" }, "geometry": { "type": "Point", "coordinates": [ -98.606107682034434, 21.167102861871729 ] } },
{ "type": "Feature", "properties": { "ID_OBRA": "1015_San Felipe Orizatlán", "No.": 1015.0, "Municipio": "San Felipe Orizatlán", "Rubro": "Espacios Públicos", "Ejercicio": 2024.0, "Obra": "Rehabilitación de CGI de San Felipe Orizatlán.", "Localidad": "Huextetitla", "Inversión": 1089052.46, "Habitantes.beneficiados": 188.0, "Ejecutora": "DGOPI", "Trabajos": "Considera trabajos en infraestructura del Espacio Público en la localidad Huextetitla en el municipio de San Felipe Orizatlán.", "Geometria_tipo": "Punto" }, "geometry": { "type": "Point", "coordinates": [ -98.606107682034434, 21.167102861871729 ] } },
{ "type": "Feature", "properties": { "ID_OBRA": "1065_Santiago de Anaya", "No.": 1065.0, "Municipio": "Santiago de Anaya", "Rubro": "Espacios Públicos", "Ejercicio": 2024.0, "Obra": "Construcción del Corredor Artesanal en la localidad de González Ortega, municipio de Santiago de Anaya", "Localidad": "González Ortega", "Inversión": 796416.17, "Habitantes.beneficiados": 771.0, "Ejecutora": "DGIVC", "Trabajos": "Considera trabajos en infraestructura del Espacio Público en la localidad González Ortega en el municipio de Santiago de Anaya.", "Geometria_tipo": "Punto" }, "geometry": { "type": "Point", "coordinates": [ -98.985662761423811, 20.36919352803082 ] } },
{ "type": "Feature", "properties": { "ID_OBRA": "1067_Santiago de Anaya", "No.": 1067.0, "Municipio": "Santiago de Anaya", "Rubro": "Espacios Públicos", "Ejercicio": 2024.0, "Obra": "Centro Gastronómico y Turístico Santiago de Anaya Primera Etapa.", "Localidad": "Santiago de Anaya", "Inversión": 9140682.72, "Habitantes.beneficiados": 2676.0, "Ejecutora": "DI", "Trabajos": "Considera trabajos en infraestructura del Espacio Público en el municipio de Santiago de Anaya.", "Geometria_tipo": "Punto" }, "geometry": { "type": "Point", "coordinates": [ -98.964969344772541, 20.382571751105271 ] } },
{ "type": "Feature", "properties": { "ID_OBRA": "1074_Santiago Tulantepec de Lugo Guerrero", "No.": 1074.0, "Municipio": "Santiago Tulantepec de Lugo Guerrero", "Rubro": "Espacios Públicos", "Ejercicio": 2023.0, "Obra": "Rehabilitación en azoteas y fachadas del CRIRH, sede Santiago Tulantepec", "Localidad": "Los Romeros", "Inversión": 1178918.83, "Habitantes.beneficiados": 1466.0, "Ejecutora": "DGOPI", "Trabajos": "Considera trabajos en infraestructura del Espacio Público en la localidad Los Romeros en el municipio de Santiago Tulantepec de Lugo Guerrero.", "Geometria_tipo": "Punto" }, "geometry": { "type": "Point", "coordinates": [ -98.440317919590427, 20.062037350226529 ] } },
{ "type": "Feature", "properties": { "ID_OBRA": "1079_Singuilucan", "No.": 1079.0, "Municipio": "Singuilucan", "Rubro": "Espacios Públicos", "Ejercicio": 2023.0, "Obra": "Construcción de Mercado Municipal 2ª. etapa en el municipio de Singuilucan.", "Localidad": "Singuilucan", "Inversión": 1223873.4, "Habitantes.beneficiados": 4076.0, "Ejecutora": "DGCCE", "Trabajos": "Considera trabajos en infraestructura del Espacio Público en el municipio de Singuilucan.", "Geometria_tipo": "Punto" }, "geometry": { "type": "Point", "coordinates": [ -98.518618211351225, 19.96755911623573 ] } },
{ "type": "Feature", "properties": { "ID_OBRA": "1094_Tasquillo", "No.": 1094.0, "Municipio": "Tasquillo", "Rubro": "Espacios Públicos", "Ejercicio": 2024.0, "Obra": "Construcción del Corredor Artesanal en la localidad de Rinconada municipio de Tasquillo.", "Localidad": "Rinconada", "Inversión": 981431.72, "Habitantes.beneficiados": 481.0, "Ejecutora": "DGIVC", "Trabajos": "Considera trabajos en infraestructura del Espacio Público en la localidad LRinconada en el municipio de Tasquillo.", "Geometria_tipo": "Punto" }, "geometry": { "type": "Point", "coordinates": [ -99.301697211956068, 20.520805557379362 ] } },
{ "type": "Feature", "properties": { "ID_OBRA": "1105_Tecozautla", "No.": 1105.0, "Municipio": "Tecozautla", "Rubro": "Espacios Públicos", "Ejercicio": 2024.0, "Obra": "Construcción del Corredor Artesanal en la localidad de Pañhe, municipio de Tecozautla", "Localidad": "Pañhé", "Inversión": 787972.2, "Habitantes.beneficiados": 2560.0, "Ejecutora": "DGEP", "Trabajos": "Considera trabajos en infraestructura del Espacio Público en la localidad Pañhé en el municipio de Tecozautla.", "Geometria_tipo": "Punto" }, "geometry": { "type": "Point", "coordinates": [ -99.707305337512338, 20.517316803164711 ] } },
{ "type": "Feature", "properties": { "ID_OBRA": "1107_Tecozautla", "No.": 1107.0, "Municipio": "Tecozautla", "Rubro": "Espacios Públicos", "Ejercicio": 2024.0, "Obra": "Construcción de trota pista, espacios lúdicos y gimnasio al aire libre, en la Reserva Centro (Cancha de Futbol 7), en la cabecera municipal de Tecozautla", "Localidad": "Tecozautla", "Inversión": 8526768.94, "Habitantes.beneficiados": 6701.0, "Ejecutora": "DGOPI", "Trabajos": "Considera trabajos en infraestructura deportiva en el municipio de Tecozautla.", "Geometria_tipo": "Punto" }, "geometry": { "type": "Point", "coordinates": [ -99.614740494156393, 20.537213063612491 ] } },
{ "type": "Feature", "properties": { "ID_OBRA": "1112_Tenango de Doria", "No.": 1112.0, "Municipio": "Tenango de Doria", "Rubro": "Espacios Públicos", "Ejercicio": 2023.0, "Obra": "Arco de Bienvenida Tenango de Doria", "Localidad": "El Damo", "Inversión": 1975502.02, "Habitantes.beneficiados": 2433.0, "Ejecutora": "DGCCE", "Trabajos": "Considera trabajos en infraestructura del Espacio Público en la localidad El Damo en el municipio de Tenango de Doria.", "Geometria_tipo": "Punto" }, "geometry": { "type": "Point", "coordinates": [ -98.231196744702359, 20.32711585772422 ] } },
{ "type": "Feature", "properties": { "ID_OBRA": "1123_Tenango de Doria", "No.": 1123.0, "Municipio": "Tenango de Doria", "Rubro": "Espacios Públicos", "Ejercicio": 2024.0, "Obra": "Segunda etapa del Centro Cultural Regional de la Sierra Otomí Tepehua", "Localidad": "Tenango de Doria", "Inversión": 3980886.7, "Habitantes.beneficiados": 2614.0, "Ejecutora": "DGOPI", "Trabajos": "Considera trabajos en infraestructura del Espacio Público en el municipio de Tenango de Doria.", "Geometria_tipo": "Punto" }, "geometry": { "type": "Point", "coordinates": [ -98.22640596423409, 20.337750967210258 ] } },
{ "type": "Feature", "properties": { "ID_OBRA": "1131_Tepeapulco", "No.": 1131.0, "Municipio": "Tepeapulco", "Rubro": "Espacios Públicos", "Ejercicio": 2023.0, "Obra": "Fortalecimiento para la Atención de Niñas, Niños y Adolescentes Migrantes en Ciudad Sahagún Estado de Hidalgo, para la Construcción del Albergue para Niñez y Adolescencia Migrante Acompañada y no Acompañada", "Localidad": "Fray Bernardino de Sahagún (Ciudad Sahagún)", "Inversión": 22738996.16, "Habitantes.beneficiados": 31737.0, "Ejecutora": "DGOPI", "Trabajos": "Considera trabajos en infraestructura del Espacio Público en el municipio de Tepeapulco.", "Geometria_tipo": "Punto" }, "geometry": { "type": "Point", "coordinates": [ -98.582336440988058, 19.772652821384259 ] } },
{ "type": "Feature", "properties": { "ID_OBRA": "1137_Tepeapulco", "No.": 1137.0, "Municipio": "Tepeapulco", "Rubro": "Espacios Públicos", "Ejercicio": 2024.0, "Obra": "Levantamiento topográfico para reconocimiento y delimitación de bienes inmuebles, propiedad de la Corporación de Fomento de Infraestructura Industrial (Reserva de las 311 Ha); ubicada en Cd. Sahagún, municipio de Tepeapulco, Estado de Hidalgo.", "Localidad": "Fray Bernardino de Sahagún (Ciudad Sahagún)", "Inversión": 783975.98, "Habitantes.beneficiados": 31737.0, "Ejecutora": "DGEP", "Trabajos": "Considera trabajos en infraestructura del Espacio Público en el municipio de Tepeapulco.", "Geometria_tipo": "Punto" }, "geometry": { "type": "Point", "coordinates": [ -98.580946326759786, 19.7485820226659 ] } },
{ "type": "Feature", "properties": { "ID_OBRA": "1138_Tepeapulco", "No.": 1138.0, "Municipio": "Tepeapulco", "Rubro": "Espacios Públicos", "Ejercicio": 2024.0, "Obra": "Análisis costo beneficio del Proyecto de acceso a la Reserva Denominada de las 311 HA en Cd. Sahagún.", "Localidad": "Fray Bernardino de Sahagún (Ciudad Sahagún)", "Inversión": 776455.25, "Habitantes.beneficiados": null, "Ejecutora": "DGEP", "Trabajos": "Considera trabajos en infraestructura del Espacio Público en el municipio de Tepeapulco.", "Geometria_tipo": "Punto" }, "geometry": { "type": "Point", "coordinates": [ -98.581271677519055, 19.74596412076156 ] } },
{ "type": "Feature", "properties": { "ID_OBRA": "1143_Tepeapulco", "No.": 1143.0, "Municipio": "Tepeapulco", "Rubro": "Espacios Públicos", "Ejercicio": 2024.0, "Obra": "Rehabilitación de CGI de Tepeapulco", "Localidad": "Tepeapulco", "Inversión": 294617.36, "Habitantes.beneficiados": 16368.0, "Ejecutora": "DGOPI", "Trabajos": "Considera trabajos en infraestructura del Espacio Público en el municipio de Tepeapulco.", "Geometria_tipo": "Punto" }, "geometry": { "type": "Point", "coordinates": [ -98.555040532037438, 19.78604384244143 ] } },
{ "type": "Feature", "properties": { "ID_OBRA": "1178_Tepeji del Río de Ocampo", "No.": 1178.0, "Municipio": "Tepeji del Río de Ocampo", "Rubro": "Espacios Públicos", "Ejercicio": 2023.0, "Obra": "Fortalecimiento para la Atención de Niñas, Niños y Adolescentes Migrantes en el Municipio de Tepeji del Río, Estado de Hidalgo, para la construcción del Albergue para Niñez y Adolescencia Migrante Acompañada y no Acompañada", "Localidad": "Tepejí del Río de Ocampo", "Inversión": 67708010.59, "Habitantes.beneficiados": null, "Ejecutora": "DGOPI", "Trabajos": "Considera trabajos en infraestructura del Espacio Público en el municipio de Tepeji del Río de Ocampo.", "Geometria_tipo": "Punto" }, "geometry": { "type": "Point", "coordinates": [ -99.345663060009244, 19.918103632222991 ] } },
{ "type": "Feature", "properties": { "ID_OBRA": "1184_Tepetitlán", "No.": 1184.0, "Municipio": "Tepetitlán", "Rubro": "Espacios Públicos", "Ejercicio": 2023.0, "Obra": "Rehabilitación del Polideportivo en cabecera municipal de Tepetitlán.", "Localidad": "Tepetitlán", "Inversión": 4352255.9, "Habitantes.beneficiados": 836.0, "Ejecutora": "DGCCE", "Trabajos": "Considera trabajos en infraestructura del Espacio Público en el municipio de AcaxoTepetitlánchitlán.", "Geometria_tipo": "Punto" }, "geometry": { "type": "Point", "coordinates": [ -99.383371604887003, 20.192799102170081 ] } },
{ "type": "Feature", "properties": { "ID_OBRA": "1215_Tlahuelilpan", "No.": 1215.0, "Municipio": "Tlahuelilpan", "Rubro": "Espacios Públicos", "Ejercicio": 2023.0, "Obra": "Rehabilitación de Centro Gerontológico Integral de Tlahuelilpan", "Localidad": "Tlahuelilpan", "Inversión": 2905405.09, "Habitantes.beneficiados": null, "Ejecutora": "DGCCE", "Trabajos": "Considera trabajos en infraestructura del Espacio Público en el municipio de Tlahuelilpan.", "Geometria_tipo": "Punto" }, "geometry": { "type": "Point", "coordinates": [ -99.228293707439377, 20.136162802303549 ] } },
{ "type": "Feature", "properties": { "ID_OBRA": "122_Calnali", "No.": 122.0, "Municipio": "Calnali", "Rubro": "Espacios Públicos", "Ejercicio": 2025.0, "Obra": "Construcción de Andadores Turísticos en el Centro Histórico de Calnali", "Localidad": "Calnali", "Inversión": 725456.0, "Habitantes.beneficiados": 4235.0, "Ejecutora": "UPYP", "Trabajos": "Considera trabajos en infraestructura del Espacio Público en el municipio de Calnali.", "Geometria_tipo": "Punto" }, "geometry": { "type": "Point", "coordinates": [ -98.583452705403701, 20.897575729992589 ] } },
{ "type": "Feature", "properties": { "ID_OBRA": "1292_Tulancingo de Bravo", "No.": 1292.0, "Municipio": "Tulancingo de Bravo", "Rubro": "Espacios Públicos", "Ejercicio": 2023.0, "Obra": "Mejoramiento de la base de operaciones mixtas de la Secretaría de Seguridad Pública de Hidalgo, en Tulancingo de Bravo, Hgo.", "Localidad": "Tulancingo", "Inversión": 3786797.48, "Habitantes.beneficiados": null, "Ejecutora": "DGOPI", "Trabajos": "Considera trabajos en infraestructura en Seguridad Pública en el municipio de Tulancingo de Bravo.", "Geometria_tipo": "Punto" }, "geometry": { "type": "Point", "coordinates": [ -98.380626983446888, 20.069849410987569 ] } },
{ "type": "Feature", "properties": { "ID_OBRA": "1299_Tulancingo de Bravo", "No.": 1299.0, "Municipio": "Tulancingo de Bravo", "Rubro": "Espacios Públicos", "Ejercicio": 2024.0, "Obra": "Rehabilitación de CGI de Tulancingo", "Localidad": "Tulancingo", "Inversión": 792325.84, "Habitantes.beneficiados": 106163.0, "Ejecutora": "DGOPI", "Trabajos": "Considera trabajos en infraestructura del Espacio Público en el municipio de Tulancingo de Bravo.", "Geometria_tipo": "Punto" }, "geometry": { "type": "Point", "coordinates": [ -98.37527405131415, 20.086077646148411 ] } },
{ "type": "Feature", "properties": { "ID_OBRA": "1303_Tulancingo de Bravo", "No.": 1303.0, "Municipio": "Tulancingo de Bravo", "Rubro": "Espacios Públicos", "Ejercicio": 2024.0, "Obra": "Trabajos complementarios para la Unidad Básica de Rehabilitación (UBR) de Tulancingo de Bravo", "Localidad": "Tulancingo de Bravo", "Inversión": 21418953.83, "Habitantes.beneficiados": null, "Ejecutora": "DGIVC", "Trabajos": "Considera trabajos en infraestructura de salud en el municipio de Tulancingo de Bravo.", "Geometria_tipo": "Punto" }, "geometry": { "type": "Point", "coordinates": [ -98.371401361011308, 20.08344340924511 ] } },
{ "type": "Feature", "properties": { "ID_OBRA": "1360_Villa de Tezontepec", "No.": 1360.0, "Municipio": "Villa de Tezontepec", "Rubro": "Espacios Públicos", "Ejercicio": 2025.0, "Obra": "Construcción de Andador Turístico la Escondida Villa de Tezontepec", "Localidad": "Tezontepec", "Inversión": 818226.0, "Habitantes.beneficiados": 6213.0, "Ejecutora": "DGOPI", "Trabajos": null, "Geometria_tipo": "Punto" }, "geometry": { "type": "Point", "coordinates": [ -98.819569377602761, 19.882292539308089 ] } },
{ "type": "Feature", "properties": { "ID_OBRA": "1418_Zacualtipán de Ángeles", "No.": 1418.0, "Municipio": "Zacualtipán de Ángeles", "Rubro": "Espacios Públicos", "Ejercicio": 2023.0, "Obra": "Rehabilitación en azoteas y fachadas del CRIRH, sede Zacualtipán de Ángeles", "Localidad": "Zacualtipán", "Inversión": 567558.67, "Habitantes.beneficiados": null, "Ejecutora": "DGOPI", "Trabajos": "Considera trabajos en infraestructura del Espacio Público en el municipio de Zacualtipán de Ángeles.", "Geometria_tipo": "Punto" }, "geometry": { "type": "Point", "coordinates": [ -98.674144433900736, 20.66458383546555 ] } },
{ "type": "Feature", "properties": { "ID_OBRA": "1419_Zacualtipán de Ángeles", "No.": 1419.0, "Municipio": "Zacualtipán de Ángeles", "Rubro": "Espacios Públicos", "Ejercicio": 2023.0, "Obra": "Rehabilitación de Centro Gerontológico de Zacualtipán.", "Localidad": "Zacualtipán", "Inversión": 603490.94, "Habitantes.beneficiados": null, "Ejecutora": "DGCCE", "Trabajos": "Considera trabajos en infraestructura del Espacio Público en el municipio de Zacualtipán de Ángeles.", "Geometria_tipo": "Punto" }, "geometry": { "type": "Point", "coordinates": [ -98.672780442782297, 20.664915581460281 ] } },
{ "type": "Feature", "properties": { "ID_OBRA": "1425_Zacualtipán de Ángeles", "No.": 1425.0, "Municipio": "Zacualtipán de Ángeles", "Rubro": "Espacios Públicos", "Ejercicio": 2024.0, "Obra": "Construcción de techado de cancha del CGI de Zacualtipán de Ángeles", "Localidad": "Zacualtipán", "Inversión": 1285830.64, "Habitantes.beneficiados": 29472.0, "Ejecutora": "DGOPI", "Trabajos": "Considera trabajos en infraestructura del Espacio Público en el municipio de Zacualtipán de Ángeles.", "Geometria_tipo": "Punto" }, "geometry": { "type": "Point", "coordinates": [ -98.67189532962459, 20.665781345569361 ] } },
{ "type": "Feature", "properties": { "ID_OBRA": "1426_Zacualtipán de Ángeles", "No.": 1426.0, "Municipio": "Zacualtipán de Ángeles", "Rubro": "Espacios Públicos", "Ejercicio": 2024.0, "Obra": "Mantenimiento del Centro Cultural Regional Zacualtipán", "Localidad": "Zacualtipán", "Inversión": 782594.0, "Habitantes.beneficiados": null, "Ejecutora": "DGOPI", "Trabajos": "Considera trabajos en infraestructura del Espacio Público en el municipio de Zacualtipán de Ángeles.", "Geometria_tipo": "Punto" }, "geometry": { "type": "Point", "coordinates": [ -98.652115612155555, 20.64574617397431 ] } },
{ "type": "Feature", "properties": { "ID_OBRA": "1481_Zimapán", "No.": 1481.0, "Municipio": "Zimapán", "Rubro": "Espacios Públicos", "Ejercicio": 2023.0, "Obra": "Construcción de techado en el mercado Morelos, en el Municipio de Zimapán.", "Localidad": "Zimapán", "Inversión": 4938155.55, "Habitantes.beneficiados": null, "Ejecutora": "DGCCE", "Trabajos": "Considera trabajos en infraestructura del Espacio Público en el municipio de Zimapán.", "Geometria_tipo": "Punto" }, "geometry": { "type": "Point", "coordinates": [ -99.382640143457408, 20.736247717684019 ] } },
{ "type": "Feature", "properties": { "ID_OBRA": "149_Cardonal", "No.": 149.0, "Municipio": "Cardonal", "Rubro": "Espacios Públicos", "Ejercicio": 2024.0, "Obra": "Construcción del Corredor Artesanal en la localidad de Pozuelos, municipio de el Cardonal", "Localidad": "Pozuelos", "Inversión": 1010035.86, "Habitantes.beneficiados": 1124.0, "Ejecutora": "DGEP", "Trabajos": "Considera trabajos en infraestructura del Espacio Público en la localidad de Pozuelos el municipio de Cardonal.", "Geometria_tipo": "Punto" }, "geometry": { "type": "Point", "coordinates": [ -99.059791420999943, 20.494156366000031 ] } },
{ "type": "Feature", "properties": { "ID_OBRA": "179_Chilcuautla", "No.": 179.0, "Municipio": "Chilcuautla", "Rubro": "Espacios Públicos", "Ejercicio": 2024.0, "Obra": "Construcción del Corredor Artesanal en la localidad de Chilcuautla, municipio de Chilcuautla", "Localidad": "Chilcuautla", "Inversión": 404823.2, "Habitantes.beneficiados": 1262.0, "Ejecutora": "DGIVC", "Trabajos": "Considera trabajos en infraestructura del Espacio Público en la localidad Chilcuautla.", "Geometria_tipo": "Punto" }, "geometry": { "type": "Point", "coordinates": [ -99.23068760000001, 20.3290766 ] } },
{ "type": "Feature", "properties": { "ID_OBRA": "181_Chilcuautla", "No.": 181.0, "Municipio": "Chilcuautla", "Rubro": "Espacios Públicos", "Ejercicio": 2023.0, "Obra": "Construcción de puente peatonal para comunicar a las comunidades de La Estancia y El Bethí, en el municipio de Chilcuautla", "Localidad": "El Bethí", "Inversión": 2406894.92, "Habitantes.beneficiados": null, "Ejecutora": "DGCCE", "Trabajos": "Considera trabajos en infraestructura del Espacio Público en la localidad de El Bethí el municipio de Chilcuautla.", "Geometria_tipo": "Punto" }, "geometry": { "type": "Point", "coordinates": [ -99.218538720144338, 20.393181812369651 ] } },
{ "type": "Feature", "properties": { "ID_OBRA": "185_Chilcuautla", "No.": 185.0, "Municipio": "Chilcuautla", "Rubro": "Espacios Públicos", "Ejercicio": 2023.0, "Obra": "Construcción de nueva celda para disposición de residuos sólidos, para el municipio de Chilcuautla", "Localidad": "El Deca", "Inversión": 5811353.85, "Habitantes.beneficiados": 270.0, "Ejecutora": "DGOPI", "Trabajos": "Considera trabajos en infraestructura del Espacio Público en la localidad de El Deca el municipio de Chilcuautla.", "Geometria_tipo": "Punto" }, "geometry": { "type": "Point", "coordinates": [ -99.252123231494252, 20.35192866106711 ] } },
{ "type": "Feature", "properties": { "ID_OBRA": "261_Emiliano Zapata", "No.": 261.0, "Municipio": "Emiliano Zapata", "Rubro": "Espacios Públicos", "Ejercicio": 2024.0, "Obra": "Mantenimiento del Centro Cultural Regional de Emiliano Zapata.", "Localidad": "Emiliano Zapata", "Inversión": 392628.41, "Habitantes.beneficiados": 9584.0, "Ejecutora": "DGOPI", "Trabajos": "Considera trabajos en infraestructura del Espacio Público en el municipio de Emiliano Zapata.", "Geometria_tipo": "Punto" }, "geometry": { "type": "Point", "coordinates": [ -98.544605854033406, 19.654245202984239 ] } },
{ "type": "Feature", "properties": { "ID_OBRA": "267_Emiliano Zapata", "No.": 267.0, "Municipio": "Emiliano Zapata", "Rubro": "Espacios Públicos", "Ejercicio": 2024.0, "Obra": "Construcción del Circuito Ciclopista Santa Clara - entronque Carretera Federal, en el municipio de Emiliano Zapata.", "Localidad": "Santa Clara", "Inversión": 3289816.86, "Habitantes.beneficiados": 134.0, "Ejecutora": "DGIVC", "Trabajos": "Considera trabajos en infraestructura del Espacio Público en la localidad de Santa Clara el municipio de Emiliano Zapata.", "Geometria_tipo": "Punto" }, "geometry": { "type": "Point", "coordinates": [ -98.576226419075397, 19.698723910948921 ] } },
{ "type": "Feature", "properties": { "ID_OBRA": "29_Actopan", "No.": 29.0, "Municipio": "Actopan", "Rubro": "Espacios Públicos", "Ejercicio": 2024.0, "Obra": "Rehabilitación de CGI de Actopan", "Localidad": "Actopan", "Inversión": 494795.03, "Habitantes.beneficiados": 32276.0, "Ejecutora": "IAAMH", "Trabajos": "Considera trabajos en infraestructura del Espacio Público en el municipio de Actopan.", "Geometria_tipo": "Punto" }, "geometry": { "type": "Point", "coordinates": [ -98.943187101772324, 20.269945390498819 ] } },
{ "type": "Feature", "properties": { "ID_OBRA": "329_Huazalingo", "No.": 329.0, "Municipio": "Huazalingo", "Rubro": "Espacios Públicos", "Ejercicio": 2023.0, "Obra": "Remodelación de Plaza Comunitaria.", "Localidad": "Huazalingo", "Inversión": 5245074.48, "Habitantes.beneficiados": 842.0, "Ejecutora": "DGCCE", "Trabajos": "Considera trabajos en infraestructura del Espacio Público en el municipio de Huazalingo.", "Geometria_tipo": "Punto" }, "geometry": { "type": "Point", "coordinates": [ -98.507494184999985, 20.98079235300003 ] } },
{ "type": "Feature", "properties": { "ID_OBRA": "344_Huehuetla", "No.": 344.0, "Municipio": "Huehuetla", "Rubro": "Espacios Públicos", "Ejercicio": 2023.0, "Obra": "Rehabilitación en azoteas, fachadas y puertas del CRIRH, sede Huehuetla.", "Localidad": "Los Planes", "Inversión": 920293.66, "Habitantes.beneficiados": 16.0, "Ejecutora": "DGOPI", "Trabajos": "Considera trabajos en infraestructura del Espacio Público en la localidad de Los Planes el municipio de Huehuetla.", "Geometria_tipo": "Punto" }, "geometry": { "type": "Point", "coordinates": [ -98.076636641999983, 20.45913914900007 ] } },
{ "type": "Feature", "properties": { "ID_OBRA": "364_Huejutla de Reyes", "No.": 364.0, "Municipio": "Huejutla de Reyes", "Rubro": "Espacios Públicos", "Ejercicio": 2023.0, "Obra": "Rehabilitación de fachadas, cancelería, barda, y policarbonato del CRIRH, sede Huejutla de Reyes", "Localidad": "Huejutla de Reyes", "Inversión": 788409.27, "Habitantes.beneficiados": null, "Ejecutora": "DGOPI", "Trabajos": "Considera trabajos en infraestructura del Espacio Público en el municipio de Huejutla de Reyes.", "Geometria_tipo": "Punto" }, "geometry": { "type": "Point", "coordinates": [ -98.421357488779407, 21.11130416239974 ] } },
{ "type": "Feature", "properties": { "ID_OBRA": "365_Huejutla de Reyes", "No.": 365.0, "Municipio": "Huejutla de Reyes", "Rubro": "Espacios Públicos", "Ejercicio": 2023.0, "Obra": "Rehabilitación de Centro Gerontológico Integral de Huejutla.", "Localidad": "Huejutla de Reyes", "Inversión": 790324.82, "Habitantes.beneficiados": 44311.0, "Ejecutora": "DGCCE", "Trabajos": "Considera trabajos en infraestructura del Espacio Público en el municipio de Huejutla de Reyes.", "Geometria_tipo": "Punto" }, "geometry": { "type": "Point", "coordinates": [ -98.421431303574366, 21.13759616386508 ] } },
{ "type": "Feature", "properties": { "ID_OBRA": "366_Huejutla de Reyes", "No.": 366.0, "Municipio": "Huejutla de Reyes", "Rubro": "Espacios Públicos", "Ejercicio": 2023.0, "Obra": "Fortalecimiento para la Atención de Niñas, Niños y Adolescentes Migrantes en el Municipio de Huejutla de Reyes Estado de Hidalgo, para la construcción del Albergue para niñez y adolescencia Migrante Acompañada y no Acompañada", "Localidad": "Huejutla de Reyes", "Inversión": 67722440.0, "Habitantes.beneficiados": null, "Ejecutora": "DGOPI", "Trabajos": "Considera trabajos en infraestructura del Espacio Público en el municipio de Huejutla de Reyes.", "Geometria_tipo": "Punto" }, "geometry": { "type": "Point", "coordinates": [ -98.414094891593606, 21.133617728243319 ] } },
{ "type": "Feature", "properties": { "ID_OBRA": "367_Huejutla de Reyes", "No.": 367.0, "Municipio": "Huejutla de Reyes", "Rubro": "Espacios Públicos", "Ejercicio": 2022.0, "Obra": "Casa de la Cultura Huasteca", "Localidad": "Huejutla de Reyes", "Inversión": 15393431.83, "Habitantes.beneficiados": 44311.0, "Ejecutora": "DGOPI", "Trabajos": "Considera trabajos en infraestructura del Espacio Público en el municipio de Huejutla de Reyes.", "Geometria_tipo": "Punto" }, "geometry": { "type": "Point", "coordinates": [ -98.410497351493788, 21.14649671872461 ] } },
{ "type": "Feature", "properties": { "ID_OBRA": "368_Huejutla de Reyes", "No.": 368.0, "Municipio": "Huejutla de Reyes", "Rubro": "Espacios Públicos", "Ejercicio": 2022.0, "Obra": "Mejoramiento de la Base de Operaciones de Huejutla, Hgo. de la Secretaría de Seguridad Pública", "Localidad": "Huejutla de Reyes", "Inversión": 1193988.08, "Habitantes.beneficiados": null, "Ejecutora": "DGOPI", "Trabajos": "Considera trabajos en infraestructura en Seguridad Pública en el municipio de Huejutla de Reyes.", "Geometria_tipo": "Punto" }, "geometry": { "type": "Point", "coordinates": [ -98.406340635714741, 21.13720572913595 ] } },
{ "type": "Feature", "properties": { "ID_OBRA": "369_Huejutla de Reyes", "No.": 369.0, "Municipio": "Huejutla de Reyes", "Rubro": "Espacios Públicos", "Ejercicio": 2024.0, "Obra": "Construcción del nuevo Centro Gerontológico Integral de Huejutla de Reyes.", "Localidad": "Huejutla de Reyes", "Inversión": 2427504.98, "Habitantes.beneficiados": 44311.0, "Ejecutora": "IAAMH", "Trabajos": "Considera trabajos en infraestructura del Espacio Público en el municipio de Huejutla de Reyes.", "Geometria_tipo": "Punto" }, "geometry": { "type": "Point", "coordinates": [ -98.409811209262571, 21.146712742937009 ] } },
{ "type": "Feature", "properties": { "ID_OBRA": "415_Ixmiquilpan", "No.": 415.0, "Municipio": "Ixmiquilpan", "Rubro": "Espacios Públicos", "Ejercicio": 2023.0, "Obra": "Rehabilitación en azoteas y fachadas del CRIRH, sede Ixmiquilpan", "Localidad": "El Tephé", "Inversión": 1207522.15, "Habitantes.beneficiados": 1301.0, "Ejecutora": "DGOPI", "Trabajos": "Considera trabajos en infraestructura del Espacio Público en la localidad de El Tephé el municipio de Ixmiquilpan.", "Geometria_tipo": "Punto" }, "geometry": { "type": "Point", "coordinates": [ -99.172546409105593, 20.442635107401429 ] } },
{ "type": "Feature", "properties": { "ID_OBRA": "421_Ixmiquilpan", "No.": 421.0, "Municipio": "Ixmiquilpan", "Rubro": "Espacios Públicos", "Ejercicio": 2024.0, "Obra": "Rehabilitación de CGI de Ixmiquilpan", "Localidad": "Ixmiquilpan", "Inversión": 1179860.35, "Habitantes.beneficiados": 37608.0, "Ejecutora": "DGOPI", "Trabajos": "Considera trabajos en infraestructura del Espacio Público en el municipio de Ixmiquilpan.", "Geometria_tipo": "Punto" }, "geometry": { "type": "Point", "coordinates": [ -99.22272441434329, 20.47916711042955 ] } },
{ "type": "Feature", "properties": { "ID_OBRA": "425_Ixmiquilpan", "No.": 425.0, "Municipio": "Ixmiquilpan", "Rubro": "Espacios Públicos", "Ejercicio": 2024.0, "Obra": "Remodelación de parque, beneficiando a la localidad de Ixmiquilpan, municipio de Ixmiquilpan", "Localidad": "Ixmiquilpan", "Inversión": 1403687.94, "Habitantes.beneficiados": null, "Ejecutora": "DGOPI", "Trabajos": "Considera trabajos en infraestructura del Espacio Público en el municipio de Ixmiquilpan.", "Geometria_tipo": "Punto" }, "geometry": { "type": "Point", "coordinates": [ -99.221437890517862, 20.4790981084445 ] } },
{ "type": "Feature", "properties": { "ID_OBRA": "426_Ixmiquilpan", "No.": 426.0, "Municipio": "Ixmiquilpan", "Rubro": "Espacios Públicos", "Ejercicio": 2024.0, "Obra": "Estudio y proyecto para la reconstrucción del auditorio de la unidad deportiva del municipio de Ixmiquilpan.", "Localidad": "Ixmiquilpan", "Inversión": 3993649.59, "Habitantes.beneficiados": null, "Ejecutora": "DGEP", "Trabajos": "Considera los trabajos de estudios, proyecto conceptual y proyecto ejecutivo.", "Geometria_tipo": "Punto" }, "geometry": { "type": "Point", "coordinates": [ -99.22120733139613, 20.482773296267091 ] } },
{ "type": "Feature", "properties": { "ID_OBRA": "427_Ixmiquilpan", "No.": 427.0, "Municipio": "Ixmiquilpan", "Rubro": "Espacios Públicos", "Ejercicio": 2024.0, "Obra": "Remodelación de las Instalaciones de la Estación de Radio y Televisión XHCPDX 96.5 FM en el municipio de Ixmiquilpan", "Localidad": "Ixmiquilpan", "Inversión": 3145032.54, "Habitantes.beneficiados": null, "Ejecutora": "DGOPI", "Trabajos": "Considera trabajos en infraestructura del Espacio Público en el municipio de Ixmiquilpan.", "Geometria_tipo": "Punto" }, "geometry": { "type": "Point", "coordinates": [ -99.220823149749449, 20.479931266062529 ] } },
{ "type": "Feature", "properties": { "ID_OBRA": "428_Ixmiquilpan", "No.": 428.0, "Municipio": "Ixmiquilpan", "Rubro": "Espacios Públicos", "Ejercicio": 2023.0, "Obra": "Construcción de centro comunitario de la localidad La Estación, municipio de Ixmiquilpan, Hidalgo.", "Localidad": "La Estación", "Inversión": 4745448.52, "Habitantes.beneficiados": 620.0, "Ejecutora": "DGCCE", "Trabajos": "Considera trabajos en infraestructura del Espacio Público en la localidad de La Estación el municipio de Ixmiquilpan.", "Geometria_tipo": "Punto" }, "geometry": { "type": "Point", "coordinates": [ -99.173572086351797, 20.489498447473 ] } },
{ "type": "Feature", "properties": { "ID_OBRA": "450_Ixmiquilpan", "No.": 450.0, "Municipio": "Ixmiquilpan", "Rubro": "Espacios Públicos", "Ejercicio": 2024.0, "Obra": "Construcción de Corredor Artesanal ubicado en el lugar conocido como Bajada de Pastores ejido de Maguey Blanco, Municipio de Ixmiquilpan", "Localidad": "Taxadho", "Inversión": 986077.35, "Habitantes.beneficiados": 1639.0, "Ejecutora": "PI", "Trabajos": "Considera trabajos en infraestructura del Espacio Público en la localidad de Taxadhó en el municipio de Ixmiquilpan.", "Geometria_tipo": "Punto" }, "geometry": { "type": "Point", "coordinates": [ -99.154367898316792, 20.429625988727249 ] } },
{ "type": "Feature", "properties": { "ID_OBRA": "476_Juárez Hidalgo", "No.": 476.0, "Municipio": "Juárez Hidalgo", "Rubro": "Espacios Públicos", "Ejercicio": 2024.0, "Obra": "Remodelación de parque, beneficiando a la localidad de Juárez Hidalgo, en el municipio de Juárez Hidalgo.", "Localidad": "Juárez Hidalgo", "Inversión": 629748.32, "Habitantes.beneficiados": 616.0, "Ejecutora": "DGOPI", "Trabajos": "Considera trabajos en infraestructura del Espacio Público en el municipio de Juárez Hidalgo.", "Geometria_tipo": "Punto" }, "geometry": { "type": "Point", "coordinates": [ -98.830976019234711, 20.783039169565509 ] } },
{ "type": "Feature", "properties": { "ID_OBRA": "510_Metepec", "No.": 510.0, "Municipio": "Metepec", "Rubro": "Espacios Públicos", "Ejercicio": 2024.0, "Obra": "Proyecto de Restauración de la Estación de Ferrocarril Apulco", "Localidad": "Estación de Apulco", "Inversión": 1361326.39, "Habitantes.beneficiados": 0.0, "Ejecutora": "DGPC", "Trabajos": "Considera trabajos en infraestructura del Espacio Público en la localidad Estación de Apulco de el municipio de Metepec.", "Geometria_tipo": "Punto" }, "geometry": { "type": "Point", "coordinates": [ -98.347497550657238, 20.283657181533201 ] } },
{ "type": "Feature", "properties": { "ID_OBRA": "593_Mineral del Chico", "No.": 593.0, "Municipio": "Mineral del Chico", "Rubro": "Espacios Públicos", "Ejercicio": 2024.0, "Obra": "Rehabilitación de Albergue Alpino", "Localidad": "Las Ventanas", "Inversión": 418931.4, "Habitantes.beneficiados": 481.0, "Ejecutora": "DGIVC", "Trabajos": "Considera trabajos en infraestructura del Espacio Público en la Localidad de Las Ventanas el municipio de Mineral del Chico.", "Geometria_tipo": "Punto" }, "geometry": { "type": "Point", "coordinates": [ -98.735866174320165, 20.187452733158551 ] } },
{ "type": "Feature", "properties": { "ID_OBRA": "597_Mineral del Chico", "No.": 597.0, "Municipio": "Mineral del Chico", "Rubro": "Espacios Públicos", "Ejercicio": 2023.0, "Obra": "Rehabilitación de Plazoleta Benito Juárez", "Localidad": "Mineral del Chico", "Inversión": 1146852.12, "Habitantes.beneficiados": null, "Ejecutora": "DGOPI", "Trabajos": "Considera trabajos en infraestructura del Espacio Público en el municipio de Mineral del Chico.", "Geometria_tipo": "Punto" }, "geometry": { "type": "Point", "coordinates": [ -98.730898637377322, 20.215403841625921 ] } },
{ "type": "Feature", "properties": { "ID_OBRA": "598_Mineral del Chico", "No.": 598.0, "Municipio": "Mineral del Chico", "Rubro": "Espacios Públicos", "Ejercicio": 2023.0, "Obra": "Sendero de las Luces segunda etapa.", "Localidad": "Mineral del Chico", "Inversión": 186562.5, "Habitantes.beneficiados": null, "Ejecutora": "DGOPI", "Trabajos": "Considera trabajos en infraestructura del Espacio Público en el municipio de Mineral del Chico.", "Geometria_tipo": "Punto" }, "geometry": { "type": "Point", "coordinates": [ -98.730809121054051, 20.215437280880369 ] } },
{ "type": "Feature", "properties": { "ID_OBRA": "598_Mineral del Chico", "No.": 598.0, "Municipio": "Mineral del Chico", "Rubro": "Espacios Públicos", "Ejercicio": 2023.0, "Obra": "Sendero de las Luces segunda etapa.", "Localidad": "Mineral del Chico", "Inversión": 186562.5, "Habitantes.beneficiados": null, "Ejecutora": "DGOPI", "Trabajos": "Considera trabajos en infraestructura del Espacio Público en el municipio de Mineral del Chico.", "Geometria_tipo": "Punto" }, "geometry": { "type": "Point", "coordinates": [ -98.768599061192774, 20.155112191414741 ] } },
{ "type": "Feature", "properties": { "ID_OBRA": "6_Acaxochitlán", "No.": 6.0, "Municipio": "Acaxochitlán", "Rubro": "Espacios Públicos", "Ejercicio": 2023.0, "Obra": "Rehabilitación de Centro Gerontológico de Acaxochitlán 2da. etapa.", "Localidad": "Acaxochitlán", "Inversión": 464640.23, "Habitantes.beneficiados": null, "Ejecutora": "DGCCE", "Trabajos": "Considera trabajos en infraestructura del Espacio Público en la localidad Acaxochitlán.", "Geometria_tipo": "Punto" }, "geometry": { "type": "Point", "coordinates": [ -98.209703330992426, 20.152277620942382 ] } },
{ "type": "Feature", "properties": { "ID_OBRA": "602_Mineral del Chico", "No.": 602.0, "Municipio": "Mineral del Chico", "Rubro": "Espacios Públicos", "Ejercicio": 2025.0, "Obra": "Rehabilitación de Imagen en Andadores Turísticos del Centro Histórico (Mineral del Chico)", "Localidad": "Mineral del Chico", "Inversión": 920764.88, "Habitantes.beneficiados": 533.0, "Ejecutora": "DGOPI", "Trabajos": null, "Geometria_tipo": "Punto" }, "geometry": { "type": "Point", "coordinates": [ -98.73099742409542, 20.21362382360342 ] } },
{ "type": "Feature", "properties": { "ID_OBRA": "602_Mineral del Chico", "No.": 602.0, "Municipio": "Mineral del Chico", "Rubro": "Espacios Públicos", "Ejercicio": 2025.0, "Obra": "Rehabilitación de Imagen en Andadores Turísticos del Centro Histórico (Mineral del Chico)", "Localidad": "Mineral del Chico", "Inversión": 920764.88, "Habitantes.beneficiados": 533.0, "Ejecutora": "DGOPI", "Trabajos": null, "Geometria_tipo": "Punto" }, "geometry": { "type": "Point", "coordinates": [ -98.671131507747162, 20.203880149808359 ] } },
{ "type": "Feature", "properties": { "ID_OBRA": "606_Mineral del Monte", "No.": 606.0, "Municipio": "Mineral del Monte", "Rubro": "Espacios Públicos", "Ejercicio": 2024.0, "Obra": "2da. etapa del proyecto El Cine para el Pueblo en el Centro Cultural Regional de Real del Monte", "Localidad": "Mineral del Monte", "Inversión": 588671.82, "Habitantes.beneficiados": 11149.0, "Ejecutora": "DGOPI", "Trabajos": "Considera trabajos en infraestructura del Espacio Público en el municipio de Mineral del Monte.", "Geometria_tipo": "Punto" }, "geometry": { "type": "Point", "coordinates": [ -98.67242394793746, 20.140696744960831 ] } },
{ "type": "Feature", "properties": { "ID_OBRA": "608_Mineral del Monte", "No.": 608.0, "Municipio": "Mineral del Monte", "Rubro": "Espacios Públicos", "Ejercicio": 2025.0, "Obra": "Arco de Bienvenida Real del Monte.", "Localidad": "Mineral del Monte", "Inversión": 1989940.0, "Habitantes.beneficiados": 11149.0, "Ejecutora": "DGOPI", "Trabajos": null, "Geometria_tipo": "Punto" }, "geometry": { "type": "Point", "coordinates": [ -98.68181699995948, 20.136861800034222 ] } },
{ "type": "Feature", "properties": { "ID_OBRA": "612_Mixquiahuala de Juárez", "No.": 612.0, "Municipio": "Mixquiahuala de Juárez", "Rubro": "Espacios Públicos", "Ejercicio": 2023.0, "Obra": "Mejoramiento de la base de operaciones mixtas de la Secretaría de Seguridad Pública de Hidalgo, en Mixquiahuala de Juárez, Hgo.", "Localidad": "Mixquiahuala de Juárez", "Inversión": 18921553.07, "Habitantes.beneficiados": null, "Ejecutora": "DGOPI", "Trabajos": "Considera trabajos en infraestructura en Seguridad Pública en el municipio de Mixquiahuala de Juárez,.", "Geometria_tipo": "Punto" }, "geometry": { "type": "Point", "coordinates": [ -99.221535999847802, 20.201363999950381 ] } },
{ "type": "Feature", "properties": { "ID_OBRA": "620_Molango de Escamilla", "No.": 620.0, "Municipio": "Molango de Escamilla", "Rubro": "Espacios Públicos", "Ejercicio": 2024.0, "Obra": "Construcción de cancha de futbol rápido en la localidad de Acayuca, en el municipio de Molango de Escamilla.", "Localidad": "Acayuca", "Inversión": 1324021.78, "Habitantes.beneficiados": null, "Ejecutora": "DGCCE", "Trabajos": "Considera trabajos en infraestructura deportiva en el municipio de Acayuca.", "Geometria_tipo": "Punto" }, "geometry": { "type": "Point", "coordinates": [ -98.780518080233577, 20.96464951183507 ] } },
{ "type": "Feature", "properties": { "ID_OBRA": "645_Omitlán de Juárez", "No.": 645.0, "Municipio": "Omitlán de Juárez", "Rubro": "Espacios Públicos", "Ejercicio": 2024.0, "Obra": "Arco de Bienvenida Omitlán de Juárez.", "Localidad": "Omitlán de Juárez", "Inversión": 956734.93, "Habitantes.beneficiados": null, "Ejecutora": "DGIVC", "Trabajos": "Considera trabajos en infraestructura del Espacio Público en el municipio de Omitlán de Juárez.", "Geometria_tipo": "Punto" }, "geometry": { "type": "Point", "coordinates": [ -98.655015999874266, 20.164842999430238 ] } },
{ "type": "Feature", "properties": { "ID_OBRA": "647_Omitlán de Juárez", "No.": 647.0, "Municipio": "Omitlán de Juárez", "Rubro": "Espacios Públicos", "Ejercicio": 2024.0, "Obra": "Rehabilitación del inmueble para cuartel de policía en el crucero  Omitlán - Huasca, municipio de Omitlán de Juárez", "Localidad": "Omitlán de Juárez", "Inversión": 4973687.05, "Habitantes.beneficiados": null, "Ejecutora": "SIPDUS", "Trabajos": "Considera trabajos en infraestructura en Seguridad Pública en el cuartel de policía en el municipio de Omitlán de Juárez.", "Geometria_tipo": "Punto" }, "geometry": { "type": "Point", "coordinates": [ -98.638820598539311, 20.191425952892079 ] } },
{ "type": "Feature", "properties": { "ID_OBRA": "654_Pachuca de Soto", "No.": 654.0, "Municipio": "Pachuca de Soto", "Rubro": "Espacios Públicos", "Ejercicio": 2022.0, "Obra": "Mejoramiento del Módulo de Medidas Especiales", "Localidad": "Los Encinos", "Inversión": 3658262.8, "Habitantes.beneficiados": 48.0, "Ejecutora": "DGOPI", "Trabajos": "Considera trabajos en infraestructura en Seguridad Pública en el municipio de Pachuca de Soto.", "Geometria_tipo": "Punto" }, "geometry": { "type": "Point", "coordinates": [ -98.7879304277198, 20.123975294874651 ] } },
{ "type": "Feature", "properties": { "ID_OBRA": "69_Apan", "No.": 69.0, "Municipio": "Apan", "Rubro": "Espacios Públicos", "Ejercicio": 2024.0, "Obra": "Construcción de caseta de control y barda perimetral SE maniobras, Acopinalco municipio de Apan.", "Localidad": "Acopinalco", "Inversión": 11937798.83, "Habitantes.beneficiados": 927.0, "Ejecutora": "DGEP", "Trabajos": "Considera trabajos en infraestructura del Espacio Público en la localidad Acopinalco municipio de Apan.", "Geometria_tipo": "Punto" }, "geometry": { "type": "Point", "coordinates": [ -98.532219192197516, 19.707848300121501 ] } },
{ "type": "Feature", "properties": { "ID_OBRA": "70_Apan", "No.": 70.0, "Municipio": "Apan", "Rubro": "Espacios Públicos", "Ejercicio": 2023.0, "Obra": "SEMEFO Apan", "Localidad": "Apan", "Inversión": 546069.58, "Habitantes.beneficiados": 28792.0, "Ejecutora": "DGOPI", "Trabajos": "Considera trabajos en infraestructura en Seguridad Pública en el municipio de Apan.", "Geometria_tipo": "Punto" }, "geometry": { "type": "Point", "coordinates": [ -98.452696185509097, 19.709811930404079 ] } },
{ "type": "Feature", "properties": { "ID_OBRA": "76_Apan", "No.": 76.0, "Municipio": "Apan", "Rubro": "Espacios Públicos", "Ejercicio": 2024.0, "Obra": "Rehabilitación de CGI de Apan", "Localidad": "Apan", "Inversión": 296438.52, "Habitantes.beneficiados": 28792.0, "Ejecutora": "DGOPI", "Trabajos": "Considera trabajos en infraestructura del Espacio Público en el municipio de Apan.", "Geometria_tipo": "Punto" }, "geometry": { "type": "Point", "coordinates": [ -98.4453271892245, 19.710072463419941 ] } },
{ "type": "Feature", "properties": { "ID_OBRA": "77_Apan", "No.": 77.0, "Municipio": "Apan", "Rubro": "Espacios Públicos", "Ejercicio": 2024.0, "Obra": "Obras complementarias para la operación de la línea de transmisión LT230KV., en el municipio de Apan.", "Localidad": "Apan", "Inversión": 19907998.74, "Habitantes.beneficiados": null, "Ejecutora": "DGEP", "Trabajos": "Considera trabajos en infraestructura eléctrica en el municipio de Apan.", "Geometria_tipo": "Punto" }, "geometry": { "type": "Point", "coordinates": [ -98.451152382536478, 19.712500341946491 ] } },
{ "type": "Feature", "properties": { "ID_OBRA": "95_Atlapexco", "No.": 95.0, "Municipio": "Atlapexco", "Rubro": "Espacios Públicos", "Ejercicio": 2024.0, "Obra": "Construcción de la casa de la mujer indígena 1er etapa en el municipio de Atlapexco", "Localidad": "Atlapexco", "Inversión": 6319985.06, "Habitantes.beneficiados": 2960.0, "Ejecutora": "PI", "Trabajos": "Considera trabajos en infraestructura del Espacio Público en el municipio de Atlapexco.", "Geometria_tipo": "Punto" }, "geometry": { "type": "Point", "coordinates": [ -98.347229263787085, 21.02100579901105 ] } },
{ "type": "Feature", "properties": { "ID_OBRA": "968_San Agustín Tlaxiaca", "No.": 968.0, "Municipio": "San Agustín Tlaxiaca", "Rubro": "Espacios Públicos", "Ejercicio": 2023.0, "Obra": "Remodelación del inmueble ubicado en carretera Pachuca - Actopan sin número, colonia San Juan Tilcuautla, San Agustín Tlaxiaca, Hidalgo, para el mantenimiento integral complementario en la Ex Hacienda de La Concepción consistente en fachadas interiores y exteriores, impermeabilización de lozas y rehabilitación de cocina", "Localidad": "La Concepción", "Inversión": 2615816.7, "Habitantes.beneficiados": null, "Ejecutora": "DGOPI", "Trabajos": "Considera trabajos en infraestructura del Espacio Público en la localidad La Concepción el municipio de San Agustín Tlaxiaca.", "Geometria_tipo": "Punto" }, "geometry": { "type": "Point", "coordinates": [ -98.808727000121308, 20.14126269984537 ] } },
{ "type": "Feature", "properties": { "ID_OBRA": "969_San Agustín Tlaxiaca", "No.": 969.0, "Municipio": "San Agustín Tlaxiaca", "Rubro": "Espacios Públicos", "Ejercicio": 2023.0, "Obra": "Rehabilitación de luminarias en el DESCTI.", "Localidad": "San Agustín Tlaxiaca", "Inversión": 9190167.0, "Habitantes.beneficiados": 12328.0, "Ejecutora": "DGOPI", "Trabajos": "Considera trabajos en infraestructura del eléctrica en el municipio de San Agustín Tlaxiaca.", "Geometria_tipo": "Punto" }, "geometry": { "type": "Point", "coordinates": [ -98.827408030194704, 20.117161426017791 ] } },
{ "type": "Feature", "properties": { "ID_OBRA": "970_San Agustín Tlaxiaca", "No.": 970.0, "Municipio": "San Agustín Tlaxiaca", "Rubro": "Espacios Públicos", "Ejercicio": 2023.0, "Obra": "Ampliación del Centro de Identificación Humana para el Resguardo Temporal de Hidalgo.", "Localidad": "San Agustín Tlaxiaca", "Inversión": 8994725.57, "Habitantes.beneficiados": null, "Ejecutora": "DGOPI", "Trabajos": "Considera trabajos en infraestructura en Seguridad Pública en el municipio de San Agustín Tlaxiaca.", "Geometria_tipo": "Punto" }, "geometry": { "type": "Point", "coordinates": [ -98.785977957843798, 20.064250861740799 ] } },
{ "type": "Feature", "properties": { "ID_OBRA": "973_San Agustín Tlaxiaca", "No.": 973.0, "Municipio": "San Agustín Tlaxiaca", "Rubro": "Espacios Públicos", "Ejercicio": 2022.0, "Obra": "Centro de identificación humana para resguardo temporal de Hidalgo (obra exterior)", "Localidad": "San Agustín Tlaxiaca", "Inversión": 1375012.02, "Habitantes.beneficiados": null, "Ejecutora": "DGOPI", "Trabajos": "Considera trabajos en infraestructura en Seguridad Pública en el Centro de identificación humana del municipio de San Agustín Tlaxiaca.", "Geometria_tipo": "Punto" }, "geometry": { "type": "Point", "coordinates": [ -98.785977957843798, 20.064250861740799 ] } },
{ "type": "Feature", "properties": { "ID_OBRA": "981_San Agustín Tlaxiaca", "No.": 981.0, "Municipio": "San Agustín Tlaxiaca", "Rubro": "Espacios Públicos", "Ejercicio": 2024.0, "Obra": "Barda perimetral del centro de identificación humana y resguardo temporal de Hidalgo", "Localidad": "San Agustín Tlaxiaca", "Inversión": 1038444.04, "Habitantes.beneficiados": null, "Ejecutora": "DGIVC", "Trabajos": "Considera trabajos en infraestructura en Seguridad Pública en el Centro de identificación humana del municipio de San Agustín Tlaxiaca.", "Geometria_tipo": "Punto" }, "geometry": { "type": "Point", "coordinates": [ -98.785977957843798, 20.064250861740799 ] } },
{ "type": "Feature", "properties": { "ID_OBRA": "982_San Agustín Tlaxiaca", "No.": 982.0, "Municipio": "San Agustín Tlaxiaca", "Rubro": "Espacios Públicos", "Ejercicio": 2024.0, "Obra": "Segunda etapa de la ampliación del Centro de Identificación Humana para el Resguardo Temporal de Hidalgo 2024", "Localidad": "San Agustín Tlaxiaca", "Inversión": 5861905.84, "Habitantes.beneficiados": null, "Ejecutora": "DGOPI", "Trabajos": "Considera trabajos en infraestructura en Seguridad Pública en el Centro de identificación humana del municipio de San Agustín Tlaxiaca.", "Geometria_tipo": "Punto" }, "geometry": { "type": "Point", "coordinates": [ -98.785977957843798, 20.064250861740799 ] } },
{ "type": "Feature", "properties": { "ID_OBRA": "984_San Agustín Tlaxiaca", "No.": 984.0, "Municipio": "San Agustín Tlaxiaca", "Rubro": "Espacios Públicos", "Ejercicio": 2025.0, "Obra": "Construcción de las oficinas de la DGCCE, Centro Estatal de Maquinaria y Laboratorio SIPDUS, en el municipio de San Agustín Tlaxiaca", "Localidad": "San Agustín Tlaxiaca", "Inversión": 61487788.21, "Habitantes.beneficiados": null, "Ejecutora": "DGCCE", "Trabajos": "Construcción de las oficinas de la dirección general de control y coordinación estratégica (DGCCE), del centro estatal de maquinaria y del laboratorio SIPDUS", "Geometria_tipo": "Punto" }, "geometry": { "type": "Point", "coordinates": [ -98.811628893382476, 20.143686730931769 ] } },
{ "type": "Feature", "properties": { "ID_OBRA": "988_San Agustín Tlaxiaca", "No.": 988.0, "Municipio": "San Agustín Tlaxiaca", "Rubro": "Espacios Públicos", "Ejercicio": 2023.0, "Obra": "Laboratorio de Control de Calidad y Análisis de Materiales", "Localidad": "San Juan Tilcuautla", "Inversión": 26597139.89, "Habitantes.beneficiados": null, "Ejecutora": "DGOPI", "Trabajos": "Considera trabajos en infraestructura del Espacio Público en la localidad de San Juan Tilcuautla el municipio de Acaxochitlán.", "Geometria_tipo": "Punto" }, "geometry": { "type": "Point", "coordinates": [ -98.799556842970361, 20.137199104443621 ] } },
{ "type": "Feature", "properties": { "ID_OBRA": "989_San Agustín Tlaxiaca", "No.": 989.0, "Municipio": "San Agustín Tlaxiaca", "Rubro": "Espacios Públicos", "Ejercicio": 2022.0, "Obra": "Contratación de trabajos para la sustitución de aplanado de muros internos, rehabilitación de instalaciones hidrosanitarias, sustitución de techumbres, mantenimiento eléctrico y de pisos en el inmueble que ocupa la Ex Hacienda la Concepción", "Localidad": "San Juan Tilcuautla", "Inversión": 1567588.96, "Habitantes.beneficiados": 3070.0, "Ejecutora": "DGOPI", "Trabajos": "Considera trabajos en infraestructura del Espacio Público en la localidad de San Juan Tilcuautla el municipio de Acaxochitlán.", "Geometria_tipo": "Punto" }, "geometry": { "type": "Point", "coordinates": [ -98.808727000121308, 20.14126269984537 ] } },
{ "type": "Feature", "properties": { "ID_OBRA": "992_San Agustín Tlaxiaca", "No.": 992.0, "Municipio": "San Agustín Tlaxiaca", "Rubro": "Espacios Públicos", "Ejercicio": 2024.0, "Obra": "Mantenimiento integral de instalaciones eléctricas e instalación de circuito de seguridad en Ex-Hacienda la Concepción_2024.", "Localidad": "San Juan Tilcuautla", "Inversión": 7199983.36, "Habitantes.beneficiados": null, "Ejecutora": "DGRMS", "Trabajos": "Considera trabajos en infraestructura del Espacio Público en la localidad de San Juan Tilcuautla el municipio de Acaxochitlán.", "Geometria_tipo": "Punto" }, "geometry": { "type": "Point", "coordinates": [ -98.808727000121308, 20.14126269984537 ] } },
{ "type": "Feature", "properties": { "ID_OBRA": "993_San Agustín Tlaxiaca", "No.": 993.0, "Municipio": "San Agustín Tlaxiaca", "Rubro": "Espacios Públicos", "Ejercicio": 2024.0, "Obra": "Construcción de las oficinas centrales de la Secretaría de Contraloría.", "Localidad": "San Juan Tilcuautla", "Inversión": 53167850.48, "Habitantes.beneficiados": null, "Ejecutora": "DGOPI", "Trabajos": "Considera trabajos en infraestructura del Espacio Público en la localidad de San Juan Tilcuautla el municipio de Acaxochitlán.", "Geometria_tipo": "Punto" }, "geometry": { "type": "Point", "coordinates": [ -98.801829170981293, 20.134748336217189 ] } },
{ "type": "Feature", "properties": { "ID_OBRA": "994_San Agustín Tlaxiaca", "No.": 994.0, "Municipio": "San Agustín Tlaxiaca", "Rubro": "Espacios Públicos", "Ejercicio": 2024.0, "Obra": "Construcción de estacionamiento para las oficinas centrales de la Secretaría de Contraloría", "Localidad": "San Juan Tilcuautla", "Inversión": 9680770.0, "Habitantes.beneficiados": null, "Ejecutora": "DGOPI", "Trabajos": "Considera trabajos en infraestructura del Espacio Público en la localidad de San Juan Tilcuautla el municipio de Acaxochitlán.", "Geometria_tipo": "Punto" }, "geometry": { "type": "Point", "coordinates": [ -98.77694602888856, 20.09699412066044 ] } },
{ "type": "Feature", "properties": { "ID_OBRA": "995_San Agustín Tlaxiaca", "No.": 995.0, "Municipio": "San Agustín Tlaxiaca", "Rubro": "Espacios Públicos", "Ejercicio": 2024.0, "Obra": "Laboratorio de Control de Calidad y Análisis de Materiales (Segunda Etapa)", "Localidad": "San Juan Tilcuautla", "Inversión": 5794576.26, "Habitantes.beneficiados": null, "Ejecutora": "DGOPI", "Trabajos": "Considera trabajos en infraestructura del Espacio Público en la localidad de San Juan Tilcuautla el municipio de Acaxochitlán.", "Geometria_tipo": "Punto" }, "geometry": { "type": "Point", "coordinates": [ -98.799556842970361, 20.137199104443621 ] } },
{ "type": "Feature", "properties": { "ID_OBRA": "996_San Agustín Tlaxiaca", "No.": 996.0, "Municipio": "San Agustín Tlaxiaca", "Rubro": "Espacios Públicos", "Ejercicio": 2025.0, "Obra": "Infraestructura exterior del complejo Hidalgo Honesto", "Localidad": "San Juan Tilcuautla", "Inversión": 30000000.0, "Habitantes.beneficiados": 3070.0, "Ejecutora": "DGEP", "Trabajos": null, "Geometria_tipo": "Punto" }, "geometry": { "type": "Point", "coordinates": [ -98.800181903104971, 20.135688055292452 ] } }
]
}
