{
"type": "FeatureCollection",
"name": "obras_educacion_punto",
"crs": { "type": "name", "properties": { "name": "urn:ogc:def:crs:OGC:1.3:CRS84" } },
"features": [
{ "type": "Feature", "properties": { "ID_OBRA": "1484_Acatlán", "No.": 1483.0, "Municipio": "Acatlán", "Rubro": "Espacios Educativos", "Ejercicio": 2022.0, "Obra": "Construccion De Un Aula Didactica De 1 E.e. En Estructura Regional (Zona Sismica C Y D) 6.00 X 8.00 Mts. Y Obra Exterior", "Localidad": "San Dionisio", "Inversión": 601945.36, "Habitantes.beneficiados": 96.0, "Ejecutora": null, "Trabajos": "FAM 2022 13DTV0437J Telesecundaria 97", "Geometria_tipo": "Punto" }, "geometry": { "type": "Point", "coordinates": [ -98.46408, 20.127169 ] } },
{ "type": "Feature", "properties": { "ID_OBRA": "1486_Acaxochitlán", "No.": 1485.0, "Municipio": "Acaxochitlán", "Rubro": "Espacios Educativos", "Ejercicio": 2022.0, "Obra": "Rehabilitacion General De Aulas Y Rehabilitación General De Sanitarios.", "Localidad": "Tepepa (Santiago Tepepa)", "Inversión": 286989.544799998, "Habitantes.beneficiados": 155.0, "Ejecutora": null, "Trabajos": "FAM POTENCIADO-MANTENIMIENTO 13DPB0470R Lazaro Cardenas", "Geometria_tipo": "Punto" }, "geometry": { "type": "Point", "coordinates": [ -98.17659, 20.126989 ] } },
{ "type": "Feature", "properties": { "ID_OBRA": "1502_Actopan", "No.": 1501.0, "Municipio": "Actopan", "Rubro": "Espacios Educativos", "Ejercicio": 2022.0, "Obra": "Construcción De Un Módulo De 7 E.e., Estructura U2-C, Que Comprende: P.b., 2 Aulas Didácticas De 2 E.e. C/U, Sanitarios De 2 E.e. Y Dirección Turno Vespertino De 1 E.e.; P.a., 3 Aulas Didácticas De 2 E.e. C/U, Bodega De 1 E.e., Módulo De Escaleras; Reestr", "Localidad": "Actopan", "Inversión": 4555881.12, "Habitantes.beneficiados": 456.0, "Ejecutora": null, "Trabajos": "FAM 2022 13DPR1438Q Efren Rebolledo", "Geometria_tipo": "Punto" }, "geometry": { "type": "Point", "coordinates": [ -98.94738, 20.269489 ] } },
{ "type": "Feature", "properties": { "ID_OBRA": "1497_Actopan", "No.": 1496.0, "Municipio": "Actopan", "Rubro": "Espacios Educativos", "Ejercicio": 2022.0, "Obra": "Construcción De Un Plantel De Nueva Creación, Que Consiste: Construcción De Un Módulo De Dirección Anexo Con Sanitarios Y Dos Aulas Didácticas, Estructura Regional (Zona Sísmica C Y D) 6.00 X 8.00, Construcción De Un Aula Didáctica, Estructura Regional (Z", "Localidad": "El Huaxtho", "Inversión": 4073500.0, "Habitantes.beneficiados": 49.0, "Ejecutora": null, "Trabajos": "FAM 2022 13DJN0609W Denhi", "Geometria_tipo": "Punto" }, "geometry": { "type": "Point", "coordinates": [ -98.96187, 20.234308 ] } },
{ "type": "Feature", "properties": { "ID_OBRA": "1491_Actopan", "No.": 1490.0, "Municipio": "Actopan", "Rubro": "Espacios Educativos", "Ejercicio": 2022.0, "Obra": "Demolición De Módulo De 3 Aulas Estructura Regional 6.00 X 8.00 Mts., Demolición De Módulo Atípico De 6 Aulas Didácticas En Dos Niveles Y Escaleras, Construcción De Dos Aulas Didácticas Estructura Regional (Zona Sísmica C Y D) 6.00 X 8.00 Mts., Construcci", "Localidad": "Bothi Baji", "Inversión": 3143517.63, "Habitantes.beneficiados": 36.0, "Ejecutora": null, "Trabajos": "FAM 2022 13DPR1511I Miguel Hidalgo", "Geometria_tipo": "Punto" }, "geometry": { "type": "Point", "coordinates": [ -98.94687, 20.241058 ] } },
{ "type": "Feature", "properties": { "ID_OBRA": "1496_Actopan", "No.": 1495.0, "Municipio": "Actopan", "Rubro": "Espacios Educativos", "Ejercicio": 2022.0, "Obra": "Demolición De Módulo De Dos Aulas Didácticas, Dirección Y Sanitarios Con Afectaciones Estructurales, Construcción De Un Módulo De 3 E.e., Que Contemplara Un Módulo De Servicios Sanitarios De 6.50 X 8.00 Mts. Y Dos Aulas Didácticas De 6.00 X 8.00 Mts. En S", "Localidad": "Actopan", "Inversión": 2157220.23, "Habitantes.beneficiados": 169.0, "Ejecutora": null, "Trabajos": "FAM 2022 13DPR0076Q Narcizo Mendoza", "Geometria_tipo": "Punto" }, "geometry": { "type": "Point", "coordinates": [ -98.95213, 20.273169 ] } },
{ "type": "Feature", "properties": { "ID_OBRA": "1501_Actopan", "No.": 1500.0, "Municipio": "Actopan", "Rubro": "Espacios Educativos", "Ejercicio": 2022.0, "Obra": "Rehabilitación General De 1 Módulo De 4 E.e., Estructura Regional 6.00 X 8.00, Que Contempla Dirección Con Sanitarios, Laboratorio Y Dos Aulas Didácticas Y Obra Exterior.avance De Obra 100%", "Localidad": "El Huaxtho", "Inversión": 641588.68, "Habitantes.beneficiados": 106.0, "Ejecutora": null, "Trabajos": "FAM 2022 13DTV0391E Telesecundaria 15", "Geometria_tipo": "Punto" }, "geometry": { "type": "Point", "coordinates": [ -98.96178, 20.236289 ] } },
{ "type": "Feature", "properties": { "ID_OBRA": "1513_Apan", "No.": 1512.0, "Municipio": "Apan", "Rubro": "Espacios Educativos", "Ejercicio": 2022.0, "Obra": "Construcción De Dos Aulas Didácticas De 2.5 E.e. C/U Adosadas En Estructura U1-C.avance De Obra 100%", "Localidad": "Las Peñitas", "Inversión": 1993532.76, "Habitantes.beneficiados": 713.0, "Ejecutora": null, "Trabajos": "FAM 2022 13DES0076J Jesus Romero Flores", "Geometria_tipo": "Punto" }, "geometry": { "type": "Point", "coordinates": [ -98.466108, 19.726075 ] } },
{ "type": "Feature", "properties": { "ID_OBRA": "1514_Apan", "No.": 1513.0, "Municipio": "Apan", "Rubro": "Espacios Educativos", "Ejercicio": 2022.0, "Obra": "Construcción De Un Modulo De Dirección Y Sanitarios 6.50 X 8.00 Mts., Estructura Regional (Zona Sismica C Y D) 6.00 X 8.00 Mts., Impermeabilización De Dos Módulos Y Obra Exterior", "Localidad": "Alcantarillas", "Inversión": 1122668.38, "Habitantes.beneficiados": 25.0, "Ejecutora": null, "Trabajos": "FAM 2022 13DTV0493B Telesecundaria 477", "Geometria_tipo": "Punto" }, "geometry": { "type": "Point", "coordinates": [ -98.3835, 19.795581 ] } },
{ "type": "Feature", "properties": { "ID_OBRA": "1516_Apan", "No.": 1515.0, "Municipio": "Apan", "Rubro": "Espacios Educativos", "Ejercicio": 2022.0, "Obra": "Contrucción De Un Aula Didáctica De 1 E.e. Estructura Regional (Zona Sísmica C Y D) 6.00 X 8.00 Mts. Y Obra Exterior.avance De Obra 100%", "Localidad": "Apan", "Inversión": 569698.2, "Habitantes.beneficiados": 177.0, "Ejecutora": null, "Trabajos": "FAM 2022 13DPR0358Y Javier Rojo Gomez", "Geometria_tipo": "Punto" }, "geometry": { "type": "Point", "coordinates": [ -98.443139, 19.708778 ] } },
{ "type": "Feature", "properties": { "ID_OBRA": "1523_Atitalaquia", "No.": 1522.0, "Municipio": "Atitalaquia", "Rubro": "Espacios Educativos", "Ejercicio": 2022.0, "Obra": "Rehabilitacion General De Aula Y Rehabilitacion General De Sanitarios.", "Localidad": "Tlalminulpa", "Inversión": 287804.711599998, "Habitantes.beneficiados": 36.0, "Ejecutora": null, "Trabajos": "FAM POTENCIADO-MANTENIMIENTO 13DJN0444D Mariano Abasolo", "Geometria_tipo": "Punto" }, "geometry": { "type": "Point", "coordinates": [ -99.2224, 20.0766 ] } },
{ "type": "Feature", "properties": { "ID_OBRA": "1530_Atotonilco de Tula", "No.": 1529.0, "Municipio": "Atotonilco de Tula", "Rubro": "Espacios Educativos", "Ejercicio": 2022.0, "Obra": "Construcción De Dos Aulas Didácticas Adosadas De 1 E.e, Estructura Regional (Zona Sísmica C Y D) 6.00 X 8.00 Mts, Módulo De Sanitarios M-6, Estructura Regional (Zona Sísmica (C Y D) 6.50 X 5.30 Mts., Fosa Séptica, Pozo De Absorción Y Obra Exterior.avance", "Localidad": "Praderas Del Potrero", "Inversión": 2014711.2, "Habitantes.beneficiados": 64.0, "Ejecutora": null, "Trabajos": "FAM 2022 13DTV0314Z Telesecundaria 656", "Geometria_tipo": "Punto" }, "geometry": { "type": "Point", "coordinates": [ -99.23026, 19.884039 ] } },
{ "type": "Feature", "properties": { "ID_OBRA": "1527_Atotonilco de Tula", "No.": 1526.0, "Municipio": "Atotonilco de Tula", "Rubro": "Espacios Educativos", "Ejercicio": 2022.0, "Obra": "Construcción De Dos Aulas Didácticas, Estructura Regional (Zona Sísmica C Y D) 6.00 X 8.00 Mts. Y Obra Exterior. Avance De Obra 100%", "Localidad": "El Pedregal", "Inversión": 1292920.22, "Habitantes.beneficiados": 262.0, "Ejecutora": null, "Trabajos": "FAM 2022 13DTV0275O Telesecundaria 655", "Geometria_tipo": "Punto" }, "geometry": { "type": "Point", "coordinates": [ -99.2335, 19.934458 ] } },
{ "type": "Feature", "properties": { "ID_OBRA": "1528_Atotonilco de Tula", "No.": 1527.0, "Municipio": "Atotonilco de Tula", "Rubro": "Espacios Educativos", "Ejercicio": 2022.0, "Obra": "Construcción De Módulo De 2 Aulas Didácticas, Estructura Regional (Zona Sísmica C Y D) 6.00 X 8.00 Mts Y Obra Exterior.avance De Obra 100%", "Localidad": "Real Castilla", "Inversión": 902789.29, "Habitantes.beneficiados": 260.0, "Ejecutora": null, "Trabajos": "FAM 2022 13DPR0779G Frida Kahlo", "Geometria_tipo": "Punto" }, "geometry": { "type": "Point", "coordinates": [ -99.229719, 19.933819 ] } },
{ "type": "Feature", "properties": { "ID_OBRA": "1539_Atotonilco de Tula", "No.": 1538.0, "Municipio": "Atotonilco de Tula", "Rubro": "Espacios Educativos", "Ejercicio": 2022.0, "Obra": "Construcción De Taller De Turismo De 6 E.e, Construcción De 2 Aulas Didácticas De 2.5 E.e. C/U Estructura U1-C Y Obra Exterior.avance De Obra 100%", "Localidad": "Conejos", "Inversión": 3387063.1, "Habitantes.beneficiados": 532.0, "Ejecutora": null, "Trabajos": "FAM 2022 13DST0037Z Escuela Secundaria Tecnica 51", "Geometria_tipo": "Punto" }, "geometry": { "type": "Point", "coordinates": [ -99.2427, 19.966819 ] } },
{ "type": "Feature", "properties": { "ID_OBRA": "1533_Atotonilco de Tula", "No.": 1532.0, "Municipio": "Atotonilco de Tula", "Rubro": "Espacios Educativos", "Ejercicio": 2022.0, "Obra": "Construcción De Un Módulo De 4 Aulas Didácticas, Estructura Regional (Zona Sísmica C Y D ) 6.00 X 8.00 Mts. Y Obra Exterior.avance De Obra 100%", "Localidad": "Senderos Del Pedregal", "Inversión": 1740329.15, "Habitantes.beneficiados": 333.0, "Ejecutora": null, "Trabajos": "FAM 2022 13DPR2962S Adela Velarde Perez", "Geometria_tipo": "Punto" }, "geometry": { "type": "Point", "coordinates": [ -99.237689, 19.924208 ] } },
{ "type": "Feature", "properties": { "ID_OBRA": "1542_Atotonilco el Grande", "No.": 1541.0, "Municipio": "Atotonilco el Grande", "Rubro": "Espacios Educativos", "Ejercicio": 2022.0, "Obra": "Construcción De Taller De Estructuras Metalicas De 6 E.e. Y Obra Exterior.avance De Obra 100%", "Localidad": "La Estancia", "Inversión": 2020604.01, "Habitantes.beneficiados": 349.0, "Ejecutora": null, "Trabajos": "FAM 2022 13DES0114W Atotoni-Lli", "Geometria_tipo": "Punto" }, "geometry": { "type": "Point", "coordinates": [ -98.700697, 20.29115 ] } },
{ "type": "Feature", "properties": { "ID_OBRA": "1549_Calnali", "No.": 1548.0, "Municipio": "Calnali", "Rubro": "Espacios Educativos", "Ejercicio": 2022.0, "Obra": "Construcción De Dos Aulas Didácticas Adosadas En Estructura Regional 6.00 X 8.00 Mts., Construcción De Muros De Contención Y Obra Exterior.avance De Obra 100%", "Localidad": "San Andres (San Andres Chichayotla)", "Inversión": 2220246.12, "Habitantes.beneficiados": 183.0, "Ejecutora": null, "Trabajos": "FAM 2022 13DTV0311C Telesecundaria 369", "Geometria_tipo": "Punto" }, "geometry": { "type": "Point", "coordinates": [ -98.56519, 20.92615 ] } },
{ "type": "Feature", "properties": { "ID_OBRA": "1554_Cardonal", "No.": 1553.0, "Municipio": "Cardonal", "Rubro": "Espacios Educativos", "Ejercicio": 2022.0, "Obra": "Rehabilitación General De Aulas.", "Localidad": "San Miguel Tlazintla", "Inversión": 206790.3348, "Habitantes.beneficiados": 104.0, "Ejecutora": null, "Trabajos": "FAM POTENCIADO 13DPR2085L Miguel Hidalgo", "Geometria_tipo": "Punto" }, "geometry": { "type": "Point", "coordinates": [ -99.08342, 20.633158 ] } },
{ "type": "Feature", "properties": { "ID_OBRA": "1551_Cardonal", "No.": 1550.0, "Municipio": "Cardonal", "Rubro": "Espacios Educativos", "Ejercicio": 2022.0, "Obra": "Rehabilitación General De Aulas.", "Localidad": "San Antonio Sabanillas", "Inversión": 191969.2352, "Habitantes.beneficiados": 90.0, "Ejecutora": null, "Trabajos": "FAM POTENCIADO 13DPR2104J Francisco Villa", "Geometria_tipo": "Punto" }, "geometry": { "type": "Point", "coordinates": [ -99.13411, 20.579639 ] } },
{ "type": "Feature", "properties": { "ID_OBRA": "1558_Chapulhuacán", "No.": 1557.0, "Municipio": "Chapulhuacán", "Rubro": "Espacios Educativos", "Ejercicio": 2022.0, "Obra": "Construcción De 2 Aulas Didácticas En Sustitución De Aulas Dañadas, Estructura Regional 6.00 X 8.00 Mts., Rehabilitación General De Aula Didáctica Y Obra Exterior.avance De Obra 100%", "Localidad": "Iglesia Vieja (Iglesia Nueva)", "Inversión": 1563198.81, "Habitantes.beneficiados": 85.0, "Ejecutora": null, "Trabajos": "FAM 2022 13DPR1900Z Tierra Y Libertad", "Geometria_tipo": "Punto" }, "geometry": { "type": "Point", "coordinates": [ -98.967667, 21.107389 ] } },
{ "type": "Feature", "properties": { "ID_OBRA": "1569_Chapulhuacán", "No.": 1568.0, "Municipio": "Chapulhuacán", "Rubro": "Espacios Educativos", "Ejercicio": 2022.0, "Obra": "Rehabilitación De Aula Y Rehabilitación De Sanitarios.", "Localidad": "El Sotano", "Inversión": 288022.78, "Habitantes.beneficiados": 39.0, "Ejecutora": null, "Trabajos": "FAM POTENCIADO 13DPR2596M Venustiano Carranza", "Geometria_tipo": "Punto" }, "geometry": { "type": "Point", "coordinates": [ -98.894444, 21.190056 ] } },
{ "type": "Feature", "properties": { "ID_OBRA": "1573_Chapulhuacán", "No.": 1572.0, "Municipio": "Chapulhuacán", "Rubro": "Espacios Educativos", "Ejercicio": 2022.0, "Obra": "Rehabilitación De Aula Y Rehabilitación De Sanitarios.", "Localidad": "El Coyol", "Inversión": 287565.090399999, "Habitantes.beneficiados": 55.0, "Ejecutora": null, "Trabajos": "FAM POTENCIADO 13DTV0480Y Telesecundaria 464", "Geometria_tipo": "Punto" }, "geometry": { "type": "Point", "coordinates": [ -98.998889, 21.066692 ] } },
{ "type": "Feature", "properties": { "ID_OBRA": "1563_Chapulhuacán", "No.": 1562.0, "Municipio": "Chapulhuacán", "Rubro": "Espacios Educativos", "Ejercicio": 2022.0, "Obra": "Rehabilitación General De Aulas Y Rehabilitación General De Sanitarios.", "Localidad": "Huatepango", "Inversión": 384325.2724, "Habitantes.beneficiados": 41.0, "Ejecutora": null, "Trabajos": "FAM POTENCIADO 13DPR2594O Lic. Adolfo Lopez Mateos", "Geometria_tipo": "Punto" }, "geometry": { "type": "Point", "coordinates": [ -98.893, 21.099417 ] } },
{ "type": "Feature", "properties": { "ID_OBRA": "1567_Chapulhuacán", "No.": 1566.0, "Municipio": "Chapulhuacán", "Rubro": "Espacios Educativos", "Ejercicio": 2022.0, "Obra": "Rehabilitación General De Aulas Y Rehabilitación General De Sanitarios.", "Localidad": "Soledad Del Coyol", "Inversión": 239506.0816, "Habitantes.beneficiados": 18.0, "Ejecutora": null, "Trabajos": "FAM POTENCIADO 13DTV0005V Telesecundaria 650", "Geometria_tipo": "Punto" }, "geometry": { "type": "Point", "coordinates": [ -98.95375, 21.073167 ] } },
{ "type": "Feature", "properties": { "ID_OBRA": "1562_Chapulhuacán", "No.": 1561.0, "Municipio": "Chapulhuacán", "Rubro": "Espacios Educativos", "Ejercicio": 2022.0, "Obra": "Rehabilitación General De Aulas Y Rehabilitación General De Sanitarios.", "Localidad": "San Rafael", "Inversión": 271384.4244, "Habitantes.beneficiados": 43.0, "Ejecutora": null, "Trabajos": "FAM POTENCIADO 13DTV0167G Telesecundaria 228", "Geometria_tipo": "Punto" }, "geometry": { "type": "Point", "coordinates": [ -98.942028, 21.116081 ] } },
{ "type": "Feature", "properties": { "ID_OBRA": "1581_Chilcuautla", "No.": 1580.0, "Municipio": "Chilcuautla", "Rubro": "Espacios Educativos", "Ejercicio": 2022.0, "Obra": "Demolición De Módulo Atipico Por Dictamen Estructural (Area De Computo), Construcción De Aula De Computo, Estructura Regional (Zona Sísmica C Y D) 6.00 X 8.00 Mts. Y Obra Exterior.avance De Obra 100%", "Localidad": "Tlacotlapilco", "Inversión": 1392399.82, "Habitantes.beneficiados": 127.0, "Ejecutora": null, "Trabajos": "FAM 2022 13DPR1931S Vicente Guerrero", "Geometria_tipo": "Punto" }, "geometry": { "type": "Point", "coordinates": [ -99.2201, 20.376689 ] } },
{ "type": "Feature", "properties": { "ID_OBRA": "1580_Chilcuautla", "No.": 1579.0, "Municipio": "Chilcuautla", "Rubro": "Espacios Educativos", "Ejercicio": 2022.0, "Obra": "Reestructuracion De Techumbre En Cancha De Usos Multiples, Impermeabilización De Dos Módulos.avance De Obra 100%", "Localidad": "La Estancia", "Inversión": 941630.63, "Habitantes.beneficiados": 111.0, "Ejecutora": null, "Trabajos": "FAM 2022 13DPR1287A Benito Juarez", "Geometria_tipo": "Punto" }, "geometry": { "type": "Point", "coordinates": [ -99.20202, 20.389189 ] } },
{ "type": "Feature", "properties": { "ID_OBRA": "1592_Cuautepec de Hinojosa", "No.": 1591.0, "Municipio": "Cuautepec de Hinojosa", "Rubro": "Espacios Educativos", "Ejercicio": 2022.0, "Obra": "Construcción De Taller De Cómputo De 1 E.e. En Estructura Regional (Zona Sísmica C Y D) Y Obra Exterior", "Localidad": "Hueyapita", "Inversión": 757371.26, "Habitantes.beneficiados": 119.0, "Ejecutora": null, "Trabajos": "FAMMD-22 13EMS0076R Centro De Educacion Media Superior A Distancia Hueyapita", "Geometria_tipo": "Punto" }, "geometry": { "type": "Point", "coordinates": [ -98.24098, 20.071189 ] } },
{ "type": "Feature", "properties": { "ID_OBRA": "1590_Cuautepec de Hinojosa", "No.": 1589.0, "Municipio": "Cuautepec de Hinojosa", "Rubro": "Espacios Educativos", "Ejercicio": 2022.0, "Obra": "Construcción De Un Módulo De Sanitarios En Estructura Regional (Zona Sísmica C Y D) 6.50 X 8.00 M, Sustitución De Impermeabilizante En Edificio A, B Y Obra Exterior.avance De Obra 100%", "Localidad": "Santa Elena Paliseca", "Inversión": 1797889.06, "Habitantes.beneficiados": 404.0, "Ejecutora": null, "Trabajos": "FAM 2022 13DPR1875Q Cristobal Colon", "Geometria_tipo": "Punto" }, "geometry": { "type": "Point", "coordinates": [ -98.23957, 19.997428 ] } },
{ "type": "Feature", "properties": { "ID_OBRA": "1593_Epazoyucan", "No.": 1592.0, "Municipio": "Epazoyucan", "Rubro": "Espacios Educativos", "Ejercicio": 2022.0, "Obra": "Construcción De Un Aula Didáctica De 1 E.e. Estructura Regional (Zona Sísmica C Y D) 6.00 X 5.30 Mts. Y Obr A Exterior.avance De Obra 100%", "Localidad": "El Nopalillo", "Inversión": 479598.52, "Habitantes.beneficiados": 24.0, "Ejecutora": null, "Trabajos": "FAM 2022 13DJN1018Q Jose Maria Luis Mora", "Geometria_tipo": "Punto" }, "geometry": { "type": "Point", "coordinates": [ -98.582306, 20.067 ] } },
{ "type": "Feature", "properties": { "ID_OBRA": "1594_Francisco I. Madero", "No.": 1593.0, "Municipio": "Francisco I. Madero", "Rubro": "Espacios Educativos", "Ejercicio": 2022.0, "Obra": "Adecuacion De Instalaciones Electricas En El Laboratorio Pesado", "Localidad": "Lazaro Cardenas (El Mexe) [Colonia]", "Inversión": 2480835.32, "Habitantes.beneficiados": 2623.0, "Ejecutora": null, "Trabajos": "FAMES-22 (REMANENTES) 13EPO0003Z Universidad Politecnica De Francisco I. Madero", "Geometria_tipo": "Punto" }, "geometry": { "type": "Point", "coordinates": [ -99.08893, 20.2243 ] } },
{ "type": "Feature", "properties": { "ID_OBRA": "1601_Huasca de Ocampo", "No.": 1600.0, "Municipio": "Huasca de Ocampo", "Rubro": "Espacios Educativos", "Ejercicio": 2022.0, "Obra": "Rehabilitación General De Aulas Y Rehabilitación General De Sanitarios.", "Localidad": "Rio Seco Puente De Doria", "Inversión": 411169.2616, "Habitantes.beneficiados": 253.0, "Ejecutora": null, "Trabajos": "FAM POTENCIADO 13DPR1398F Tierra Y Libertad", "Geometria_tipo": "Punto" }, "geometry": { "type": "Point", "coordinates": [ -98.49756, 20.20865 ] } },
{ "type": "Feature", "properties": { "ID_OBRA": "1599_Huasca de Ocampo", "No.": 1598.0, "Municipio": "Huasca de Ocampo", "Rubro": "Espacios Educativos", "Ejercicio": 2022.0, "Obra": "Rehabilitación General De Aulas Y Rehabilitación General De Sanitarios.", "Localidad": "El Peral", "Inversión": 336538.446, "Habitantes.beneficiados": 44.0, "Ejecutora": null, "Trabajos": "FAM POTENCIADO 13DPR2010V Aguiluchos De Chapultepec", "Geometria_tipo": "Punto" }, "geometry": { "type": "Point", "coordinates": [ -98.52285, 20.229428 ] } },
{ "type": "Feature", "properties": { "ID_OBRA": "1598_Huasca de Ocampo", "No.": 1597.0, "Municipio": "Huasca de Ocampo", "Rubro": "Espacios Educativos", "Ejercicio": 2022.0, "Obra": "Rehabilitación General De Aulas Y Rehabilitación General De Sanitarios.", "Localidad": "Ojo De Agua", "Inversión": 336537.7036, "Habitantes.beneficiados": 54.0, "Ejecutora": null, "Trabajos": "FAM POTENCIADO 13DTV0172S Telesecundaria 219", "Geometria_tipo": "Punto" }, "geometry": { "type": "Point", "coordinates": [ -98.613036, 20.24975 ] } },
{ "type": "Feature", "properties": { "ID_OBRA": "1603_Huazalingo", "No.": 1602.0, "Municipio": "Huazalingo", "Rubro": "Espacios Educativos", "Ejercicio": 2022.0, "Obra": "Rehabilitación De Sanitarios.", "Localidad": "Huazalingo", "Inversión": 288201.2808, "Habitantes.beneficiados": 82.0, "Ejecutora": null, "Trabajos": "FAM POTENCIADO 13DPR1943X Teodomiro Manzano", "Geometria_tipo": "Punto" }, "geometry": { "type": "Point", "coordinates": [ -98.50722, 20.979789 ] } },
{ "type": "Feature", "properties": { "ID_OBRA": "1604_Huazalingo", "No.": 1603.0, "Municipio": "Huazalingo", "Rubro": "Espacios Educativos", "Ejercicio": 2022.0, "Obra": "Rehabilitación General De Aulas Y Rehabilitación General De Sanitarios.", "Localidad": "Tlatzonco", "Inversión": 288175.9928, "Habitantes.beneficiados": 28.0, "Ejecutora": null, "Trabajos": "FAM POTENCIADO 13DTV0021M Telesecundaria 280", "Geometria_tipo": "Punto" }, "geometry": { "type": "Point", "coordinates": [ -98.47125, 20.966469 ] } },
{ "type": "Feature", "properties": { "ID_OBRA": "1605_Huazalingo", "No.": 1604.0, "Municipio": "Huazalingo", "Rubro": "Espacios Educativos", "Ejercicio": 2022.0, "Obra": "Rehabilitación General De Aulas.", "Localidad": "Tlatzonco", "Inversión": 288196.3508, "Habitantes.beneficiados": 36.0, "Ejecutora": null, "Trabajos": "FAM POTENCIADO 13DPR1938L Abraham Castellanos", "Geometria_tipo": "Punto" }, "geometry": { "type": "Point", "coordinates": [ -98.46871, 20.963819 ] } },
{ "type": "Feature", "properties": { "ID_OBRA": "1619_Huejutla de Reyes", "No.": 1618.0, "Municipio": "Huejutla de Reyes", "Rubro": "Espacios Educativos", "Ejercicio": 2022.0, "Obra": "Construcción De Un Aula Didáctica De 1 E.e., Estructura Regional 6.00 X 8.00 Mts Y Obra Exterior.avance De Obra 100%", "Localidad": "Axcaco", "Inversión": 603957.61, "Habitantes.beneficiados": 49.0, "Ejecutora": null, "Trabajos": "FAM 2022 13DCC0213X Emiliano Zapata", "Geometria_tipo": "Punto" }, "geometry": { "type": "Point", "coordinates": [ -98.54118, 21.069 ] } },
{ "type": "Feature", "properties": { "ID_OBRA": "1630_Huejutla de Reyes", "No.": 1629.0, "Municipio": "Huejutla de Reyes", "Rubro": "Espacios Educativos", "Ejercicio": 2022.0, "Obra": "Construcción De Un Módulo De Sanitarios M-6, Estructura Regional (Zona Sísmica C Y D) 6.50 X 5.30 Mts., Cisterna De Concreto De 10 M3, Impermeabilizante De 2 Módulos Con 6 Aulas Y Obra Exterior.avance De Obra 100%", "Localidad": "Huejutla De Reyes", "Inversión": 1526579.5, "Habitantes.beneficiados": 181.0, "Ejecutora": null, "Trabajos": "FAM 2022 13DPR0762G Manuel Azuara Leon", "Geometria_tipo": "Punto" }, "geometry": { "type": "Point", "coordinates": [ -98.41023, 21.12885 ] } },
{ "type": "Feature", "properties": { "ID_OBRA": "1625_Huejutla de Reyes", "No.": 1624.0, "Municipio": "Huejutla de Reyes", "Rubro": "Espacios Educativos", "Ejercicio": 2022.0, "Obra": "Edificio De Docencia De 2 Niveles 2a Etapa", "Localidad": "Parque De Poblamiento Solidaridad", "Inversión": 10349784.72, "Habitantes.beneficiados": 980.0, "Ejecutora": null, "Trabajos": "FAMES-22 13EPO0005Y Universidad Politecnica De Huejutla", "Geometria_tipo": "Punto" }, "geometry": { "type": "Point", "coordinates": [ -98.386366, 21.145664 ] } },
{ "type": "Feature", "properties": { "ID_OBRA": "1616_Huejutla de Reyes", "No.": 1615.0, "Municipio": "Huejutla de Reyes", "Rubro": "Espacios Educativos", "Ejercicio": 2022.0, "Obra": "Rehabilitación De Planta De Tratamient", "Localidad": "Parque De Poblamiento Solidaridad", "Inversión": 922656.97, "Habitantes.beneficiados": 980.0, "Ejecutora": null, "Trabajos": "FAMES-22 AMPLIACIÓN (REMANENTES) 13EPO0005Y Universidad Politecnica De Huejutla", "Geometria_tipo": "Punto" }, "geometry": { "type": "Point", "coordinates": [ -98.386366, 21.145664 ] } },
{ "type": "Feature", "properties": { "ID_OBRA": "1612_Huejutla de Reyes", "No.": 1611.0, "Municipio": "Huejutla de Reyes", "Rubro": "Espacios Educativos", "Ejercicio": 2022.0, "Obra": "Rehabilitación General De 6 Aulas, Dirección, Sanitarios En Cinco Módulos, Construcción De Sanitarios M-2, Construcción De Cisterna De Concreto De 10 M3, Pórtico Y Obra Exterior.avance De Obra 100%", "Localidad": "Huejutla De Reyes", "Inversión": 1961610.34, "Habitantes.beneficiados": 106.0, "Ejecutora": null, "Trabajos": "FAM 2022 13DPR1039T Jose Ma. Morelos", "Geometria_tipo": "Punto" }, "geometry": { "type": "Point", "coordinates": [ -98.39574, 21.137308 ] } },
{ "type": "Feature", "properties": { "ID_OBRA": "1608_Huejutla de Reyes", "No.": 1607.0, "Municipio": "Huejutla de Reyes", "Rubro": "Espacios Educativos", "Ejercicio": 2022.0, "Obra": "Sustitución De Lámina Multipanel Y Rehabilitación General De 1 Módulo De Dos Aulas Y 1 Módulo De Aula, Dirección Y Sanitarios, Construcción De Cisterna De 10 M3 Y Obra Exterior.avance De Obra 100%", "Localidad": "Ahuatempa", "Inversión": 1638742.7, "Habitantes.beneficiados": 38.0, "Ejecutora": null, "Trabajos": "FAM 2022 13DCC0853S Juan Escutia", "Geometria_tipo": "Punto" }, "geometry": { "type": "Point", "coordinates": [ -98.38309, 21.0977 ] } },
{ "type": "Feature", "properties": { "ID_OBRA": "1632_Huichapan", "No.": 1631.0, "Municipio": "Huichapan", "Rubro": "Espacios Educativos", "Ejercicio": 2022.0, "Obra": "Elaboración De Trabajos De Acabados, Cancelería E Instalaciones En El Laboratorio De Ingeniería En Innovación Agrícola Y Arquitectura. En El Instituto Tecnológico Superior De Huichapan, Con C.c.t. 13eit0002c, Ubicad", "Localidad": "El Saucillo", "Inversión": 1575743.47, "Habitantes.beneficiados": 2230.0, "Ejecutora": null, "Trabajos": "FAMES-22 13EIT0002C Instituto Tecnologico Superior De Huichapan", "Geometria_tipo": "Punto" }, "geometry": { "type": "Point", "coordinates": [ -99.70814, 20.318889 ] } },
{ "type": "Feature", "properties": { "ID_OBRA": "1649_Ixmiquilpan", "No.": 1648.0, "Municipio": "Ixmiquilpan", "Rubro": "Espacios Educativos", "Ejercicio": 2022.0, "Obra": "Construcción De Dos Aulas En Planta Alta Y Módulo De Escaleras, Adaptación De Aula De Cómputo En Planta Alta, En Estructura U2-C Y Obra Exterior.avance De Obra 100%", "Localidad": "Ixmiquilpan", "Inversión": 1775712.95, "Habitantes.beneficiados": 358.0, "Ejecutora": null, "Trabajos": "FAM 2022 13DTV0750A Telesecundaria 750", "Geometria_tipo": "Punto" }, "geometry": { "type": "Point", "coordinates": [ -99.2052, 20.487369 ] } },
{ "type": "Feature", "properties": { "ID_OBRA": "1643_Ixmiquilpan", "No.": 1642.0, "Municipio": "Ixmiquilpan", "Rubro": "Espacios Educativos", "Ejercicio": 2022.0, "Obra": "Construcción De Un Modulo De Sanitarios, Estructura Regional (Zona Sísmica C Y D) 6.50 X 5.30 Mts., Construcción De Un Aula Adosada Estructura Regional (Zona Sísmica C Y D) 6.00 X 5.30 Mts. Demolición De Modulo Atípico Y Obra Exterior.", "Localidad": "Botenguedho", "Inversión": 1525031.27, "Habitantes.beneficiados": 223.0, "Ejecutora": null, "Trabajos": "FAM 2022 13DPR2813K Vicente Guerrero", "Geometria_tipo": "Punto" }, "geometry": { "type": "Point", "coordinates": [ -99.19567, 20.482919 ] } },
{ "type": "Feature", "properties": { "ID_OBRA": "1647_Ixmiquilpan", "No.": 1646.0, "Municipio": "Ixmiquilpan", "Rubro": "Espacios Educativos", "Ejercicio": 2022.0, "Obra": "Demolición De Módulo Atípico De Sanitarios, Construcción De Un Módulo De Sanitarios M-4 (Zona Sísmica C Y D), Construcción De Cisterna De 10 M3 Y Obra Exterior. Avance De Obra 100%", "Localidad": "El Mirador Capula", "Inversión": 860644.77, "Habitantes.beneficiados": 16.0, "Ejecutora": null, "Trabajos": "FAM 2022 13DCC0939Y Gabriela Mistral", "Geometria_tipo": "Punto" }, "geometry": { "type": "Point", "coordinates": [ -99.160578, 20.50064 ] } },
{ "type": "Feature", "properties": { "ID_OBRA": "1664_Ixmiquilpan", "No.": 1663.0, "Municipio": "Ixmiquilpan", "Rubro": "Espacios Educativos", "Ejercicio": 2022.0, "Obra": "Rehabilitacion General De Aulas Y Rehabilitacion General De Sanitarios.", "Localidad": "El Alberto", "Inversión": 480287.7224, "Habitantes.beneficiados": 58.0, "Ejecutora": null, "Trabajos": "FAM POTENCIADO-MANTENIMIENTO 13DPB0655X Nicolas Bravo", "Geometria_tipo": "Punto" }, "geometry": { "type": "Point", "coordinates": [ -99.21922, 20.412378 ] } },
{ "type": "Feature", "properties": { "ID_OBRA": "1665_Ixmiquilpan", "No.": 1664.0, "Municipio": "Ixmiquilpan", "Rubro": "Espacios Educativos", "Ejercicio": 2022.0, "Obra": "Rehabilitacion General De Aulas.", "Localidad": "El Puerto Dexthi", "Inversión": 432565.786399998, "Habitantes.beneficiados": 50.0, "Ejecutora": null, "Trabajos": "FAM POTENCIADO-MANTENIMIENTO 13DPB0312B Benito Juarez", "Geometria_tipo": "Punto" }, "geometry": { "type": "Point", "coordinates": [ -99.2593, 20.560039 ] } },
{ "type": "Feature", "properties": { "ID_OBRA": "1659_Ixmiquilpan", "No.": 1658.0, "Municipio": "Ixmiquilpan", "Rubro": "Espacios Educativos", "Ejercicio": 2022.0, "Obra": "Rehabilitacioón General De Aulas Y Rehabilitación General De Sanitarios.", "Localidad": "El Espiritu", "Inversión": 384371.9624, "Habitantes.beneficiados": 25.0, "Ejecutora": null, "Trabajos": "FAM POTENCIADO 13DCC0607I Niños Heroes", "Geometria_tipo": "Punto" }, "geometry": { "type": "Point", "coordinates": [ -99.16352, 20.585319 ] } },
{ "type": "Feature", "properties": { "ID_OBRA": "1639_Ixmiquilpan", "No.": 1638.0, "Municipio": "Ixmiquilpan", "Rubro": "Espacios Educativos", "Ejercicio": 2022.0, "Obra": "Rehabilitacioón General De Aulas Y Rehabilitación General De Sanitarios.", "Localidad": "El Espiritu", "Inversión": 384352.1032, "Habitantes.beneficiados": 38.0, "Ejecutora": null, "Trabajos": "FAM POTENCIADO 13DTV0265H Telesecundaria 240", "Geometria_tipo": "Punto" }, "geometry": { "type": "Point", "coordinates": [ -99.16696, 20.5881 ] } },
{ "type": "Feature", "properties": { "ID_OBRA": "1641_Ixmiquilpan", "No.": 1640.0, "Municipio": "Ixmiquilpan", "Rubro": "Espacios Educativos", "Ejercicio": 2022.0, "Obra": "Rehabilitación General De 1 Módulo De Sanitarios, Construcción De Base Externa Para Tinacos, Impermeabilización De 1 Aula Estructura Regional 6.00 X 8.00 Y Obra Exterior.", "Localidad": "La Loma Julian Villagran", "Inversión": 651872.35, "Habitantes.beneficiados": 116.0, "Ejecutora": null, "Trabajos": "FAM 2022 13DPB2487E Benito Juarez", "Geometria_tipo": "Punto" }, "geometry": { "type": "Point", "coordinates": [ -99.103583, 20.407389 ] } },
{ "type": "Feature", "properties": { "ID_OBRA": "1654_Ixmiquilpan", "No.": 1653.0, "Municipio": "Ixmiquilpan", "Rubro": "Espacios Educativos", "Ejercicio": 2022.0, "Obra": "Rehabilitación General De 2 Módulo De 4 Aulas Didácticas, Estructura Hm.avance De Obra 100%", "Localidad": "El Nith", "Inversión": 1422659.41, "Habitantes.beneficiados": 235.0, "Ejecutora": null, "Trabajos": "FAM 2022 13DPR0861G Sor Juana Ines De La Cruz", "Geometria_tipo": "Punto" }, "geometry": { "type": "Point", "coordinates": [ -99.19396, 20.489739 ] } },
{ "type": "Feature", "properties": { "ID_OBRA": "1653_Ixmiquilpan", "No.": 1652.0, "Municipio": "Ixmiquilpan", "Rubro": "Espacios Educativos", "Ejercicio": 2022.0, "Obra": "Rehabilitación General De Aulas Y Rehabilitación General De Sanitarios.", "Localidad": "El Espiritu", "Inversión": 384102.8888, "Habitantes.beneficiados": 79.0, "Ejecutora": null, "Trabajos": "FAM POTENCIADO 13DPR2331E Cinco De Mayo", "Geometria_tipo": "Punto" }, "geometry": { "type": "Point", "coordinates": [ -99.16591, 20.586528 ] } },
{ "type": "Feature", "properties": { "ID_OBRA": "1668_Ixmiquilpan", "No.": 1667.0, "Municipio": "Ixmiquilpan", "Rubro": "Espacios Educativos", "Ejercicio": 2022.0, "Obra": "Trabajos Complementarios Y Adecuación De Instalaciones En Aulas Y Laboratorios En Edificio De Docencia", "Localidad": "La Joya [Colonia]", "Inversión": 1381982.63, "Habitantes.beneficiados": 2365.0, "Ejecutora": null, "Trabajos": "FAMES-22 (REMANENTES) 13EUT0003X Universidad Tecnologica Del Valle Del Mezquital", "Geometria_tipo": "Punto" }, "geometry": { "type": "Point", "coordinates": [ -99.18341, 20.4955 ] } },
{ "type": "Feature", "properties": { "ID_OBRA": "1672_Jacala de Ledezma", "No.": 1671.0, "Municipio": "Jacala de Ledezma", "Rubro": "Espacios Educativos", "Ejercicio": 2022.0, "Obra": "Rehabilitación General De Aula Y Rehabilitación General De Sanitarios.", "Localidad": "Octupilla", "Inversión": 192125.7772, "Habitantes.beneficiados": 11.0, "Ejecutora": null, "Trabajos": "FAM POTENCIADO 13DPR2388F Gral. Joaquin Martinez", "Geometria_tipo": "Punto" }, "geometry": { "type": "Point", "coordinates": [ -99.128944, 20.905028 ] } },
{ "type": "Feature", "properties": { "ID_OBRA": "1674_Jacala de Ledezma", "No.": 1673.0, "Municipio": "Jacala de Ledezma", "Rubro": "Espacios Educativos", "Ejercicio": 2022.0, "Obra": "Rehabilitación General De Dos Módulos De Sanitarios En Estructura Atípica, Con Sustitución De Losa Por Cubierta De Lámina Multipanel Y Obra Exterior.avance De Obra 100%", "Localidad": "Jacala", "Inversión": 1771930.35, "Habitantes.beneficiados": 226.0, "Ejecutora": null, "Trabajos": "FAM 2022 13DPR2392S Ultimo Emperador Azteca", "Geometria_tipo": "Punto" }, "geometry": { "type": "Point", "coordinates": [ -99.190139, 21.011581 ] } },
{ "type": "Feature", "properties": { "ID_OBRA": "1671_Jacala de Ledezma", "No.": 1670.0, "Municipio": "Jacala de Ledezma", "Rubro": "Espacios Educativos", "Ejercicio": 2022.0, "Obra": "Rehabilitación General De Dos Módulos, Estructura A-70 De 9 Y 6 E.e. Respectivamente, Rehabilitación General De Taller De 7 E.e., Estructura A-73, Rehabilitación General De Módulo De 3 Aulas Didácticas Atípicas 6.00 X 8.00 Mts. Y Obra Exterior.avance De O", "Localidad": "Jacala", "Inversión": 4582057.0, "Habitantes.beneficiados": 223.0, "Ejecutora": null, "Trabajos": "FAM 2022 13DST0016N Escuela Secundaria Tecnica 16", "Geometria_tipo": "Punto" }, "geometry": { "type": "Point", "coordinates": [ -99.191722, 21.005331 ] } },
{ "type": "Feature", "properties": { "ID_OBRA": "1676_La Misión", "No.": 1675.0, "Municipio": "La Misión", "Rubro": "Espacios Educativos", "Ejercicio": 2022.0, "Obra": "Rehabilitación General De Aulas Y Rehabilitación General De Sanitarios.", "Localidad": "La Cienega", "Inversión": 240020.077599999, "Habitantes.beneficiados": 18.0, "Ejecutora": null, "Trabajos": "FAM POTENCIADO 13DPR0188U Ignacio Manuel Altamirano", "Geometria_tipo": "Punto" }, "geometry": { "type": "Point", "coordinates": [ -99.048333, 21.014056 ] } },
{ "type": "Feature", "properties": { "ID_OBRA": "1678_La Misión", "No.": 1677.0, "Municipio": "La Misión", "Rubro": "Espacios Educativos", "Ejercicio": 2022.0, "Obra": "Rehabilitación General De Aulas Y Rehabilitación General De Sanitarios.", "Localidad": "Puerto De Naranjos", "Inversión": 240062.348, "Habitantes.beneficiados": 31.0, "Ejecutora": null, "Trabajos": "FAM POTENCIADO 13DPR1138T Ponciano Arriaga", "Geometria_tipo": "Punto" }, "geometry": { "type": "Point", "coordinates": [ -99.088889, 21.123389 ] } },
{ "type": "Feature", "properties": { "ID_OBRA": "1677_La Misión", "No.": 1676.0, "Municipio": "La Misión", "Rubro": "Espacios Educativos", "Ejercicio": 2022.0, "Obra": "Rehabilitación General De Aulas Y Rehabilitación General De Sanitarios.", "Localidad": "Las Palmitas", "Inversión": 240075.6068, "Habitantes.beneficiados": 35.0, "Ejecutora": null, "Trabajos": "FAM POTENCIADO 13DTV0751Z Telesecundaria 751", "Geometria_tipo": "Punto" }, "geometry": { "type": "Point", "coordinates": [ -98.983167, 21.024556 ] } },
{ "type": "Feature", "properties": { "ID_OBRA": "1684_Mineral de la Reforma", "No.": 1683.0, "Municipio": "Mineral de la Reforma", "Rubro": "Espacios Educativos", "Ejercicio": 2022.0, "Obra": "Acondicionamiento Eléctrico En El Edificio De Gastronomía Y Red General (Acometida Y Nicho De Tableros Principales)", "Localidad": "Ex-Hacienda De Chavarria", "Inversión": 471440.07, "Habitantes.beneficiados": 524.0, "Ejecutora": null, "Trabajos": "FAMES-22 (REMANENTES) 13EUT0012E Universidad Tecnologica De Mineral De La Reforma", "Geometria_tipo": "Punto" }, "geometry": { "type": "Point", "coordinates": [ -98.71852, 20.039116 ] } },
{ "type": "Feature", "properties": { "ID_OBRA": "1697_Mineral de la Reforma", "No.": 1696.0, "Municipio": "Mineral de la Reforma", "Rubro": "Espacios Educativos", "Ejercicio": 2022.0, "Obra": "Construccion De Laboratorio Multidisciplinario De 4 E.e., Cooperativa Escolar De 1 E.e. En Estructura U1-C, Cancha De Usos Multiples Y Obra Exterior", "Localidad": "El Saucillo Fraccionamiento", "Inversión": 2951636.31, "Habitantes.beneficiados": 339.0, "Ejecutora": null, "Trabajos": "FAM 2022 13DES0123D Escuela Secundaria General", "Geometria_tipo": "Punto" }, "geometry": { "type": "Point", "coordinates": [ -98.726486, 20.070558 ] } },
{ "type": "Feature", "properties": { "ID_OBRA": "1692_Mineral de la Reforma", "No.": 1691.0, "Municipio": "Mineral de la Reforma", "Rubro": "Espacios Educativos", "Ejercicio": 2022.0, "Obra": "Construcción De Cuatro Aulas Didacticas De 2 E.e. C/U, Módulo De Escaleras, En Estructura U2-C Planta Alta Y Obra Exterior", "Localidad": "Praderas De Virreyes", "Inversión": 2123285.02, "Habitantes.beneficiados": 371.0, "Ejecutora": null, "Trabajos": "FAM 2022 13DPR0814W Octavio Paz", "Geometria_tipo": "Punto" }, "geometry": { "type": "Point", "coordinates": [ -98.700169, 20.034914 ] } },
{ "type": "Feature", "properties": { "ID_OBRA": "1710_Mineral de la Reforma", "No.": 1709.0, "Municipio": "Mineral de la Reforma", "Rubro": "Espacios Educativos", "Ejercicio": 2022.0, "Obra": "Construcción De Dos Aulas Adosadas En Estructura Regional (Zona Sísmica C Y D) 6.00 X 8.00 Mts. Y Obra Exterior.avance De Obra 100%", "Localidad": "Praderas De Virreyes", "Inversión": 1078355.62, "Habitantes.beneficiados": 166.0, "Ejecutora": null, "Trabajos": "FAM 2022 13DJN1606F Luis Roman Lara Ramos", "Geometria_tipo": "Punto" }, "geometry": { "type": "Point", "coordinates": [ -98.703028, 20.037033 ] } },
{ "type": "Feature", "properties": { "ID_OBRA": "1704_Mineral de la Reforma", "No.": 1703.0, "Municipio": "Mineral de la Reforma", "Rubro": "Espacios Educativos", "Ejercicio": 2022.0, "Obra": "Construcción De Módulo De Sanitarios De 2 E.e. En Estructura U2-C (Planta Baja)", "Localidad": "Paseos De Chavarria", "Inversión": 1453773.01, "Habitantes.beneficiados": 416.0, "Ejecutora": null, "Trabajos": "FAMMD-22  (REMANENTES) 13EMS0081C Centro De Educacion Media Superior A Distancia Mineral De La Reforma Ii", "Geometria_tipo": "Punto" }, "geometry": { "type": "Point", "coordinates": [ -98.715645, 20.071311 ] } },
{ "type": "Feature", "properties": { "ID_OBRA": "1686_Mineral de la Reforma", "No.": 1685.0, "Municipio": "Mineral de la Reforma", "Rubro": "Espacios Educativos", "Ejercicio": 2022.0, "Obra": "Construcción De Un Laboratorio De Diseño Arquitectonico Adosado De 4 E.e., Estructura U1-C, Impermeabilizante En Módulos Y Obra Exterior.avance De Obra 100%", "Localidad": "La Providencia Siglo Xxi", "Inversión": 1914099.57, "Habitantes.beneficiados": 595.0, "Ejecutora": null, "Trabajos": "FAM 2022 13DST0062Z Escuela Secundaria Tecnica 62", "Geometria_tipo": "Punto" }, "geometry": { "type": "Point", "coordinates": [ -98.718367, 20.057561 ] } },
{ "type": "Feature", "properties": { "ID_OBRA": "1691_Mineral de la Reforma", "No.": 1690.0, "Municipio": "Mineral de la Reforma", "Rubro": "Espacios Educativos", "Ejercicio": 2022.0, "Obra": "Construcción De Un Módulo De 2 Aulas Didácticas De 2 E.e. C/U Y Escaleras En Planta Baja, Estructura U2-C Y Obra Exterior.avance De Obra 100%", "Localidad": "Paseos De Chavarria", "Inversión": 2461661.76, "Habitantes.beneficiados": 309.0, "Ejecutora": null, "Trabajos": "FAM 2022 13DPR0834J Centro Escolar Teocalli", "Geometria_tipo": "Punto" }, "geometry": { "type": "Point", "coordinates": [ -98.707169, 20.046711 ] } },
{ "type": "Feature", "properties": { "ID_OBRA": "1683_Mineral de la Reforma", "No.": 1682.0, "Municipio": "Mineral de la Reforma", "Rubro": "Espacios Educativos", "Ejercicio": 2022.0, "Obra": "Construcción De Un Módulo De Sanitarios Adosado, Estructura Regional (Zona Sísmica C Y D), 6.50x8.00 Mts., Construcción De Un Aula Didáctica, Estructura Regional (Zona Sísmica C Y D) 6.00x8.00 Mts. Y Obra Exterior.avance De Obra 100%", "Localidad": "Santa Maria La Calera", "Inversión": 1652366.69, "Habitantes.beneficiados": 497.0, "Ejecutora": null, "Trabajos": "FAM 2022 13DTV0288S Telesecundaria 267", "Geometria_tipo": "Punto" }, "geometry": { "type": "Point", "coordinates": [ -98.71615, 20.031706 ] } },
{ "type": "Feature", "properties": { "ID_OBRA": "1687_Mineral de la Reforma", "No.": 1686.0, "Municipio": "Mineral de la Reforma", "Rubro": "Espacios Educativos", "Ejercicio": 2022.0, "Obra": "Reforzamiento Estructural Con Marcos Rígidos En Aula Atípica, Construcción De Cisterna De 1200 Lts Y Canaleta Para Almacenar Desalojo De Agua Pluvial.avance De Obra 100%", "Localidad": "Pachuquilla", "Inversión": 559037.15, "Habitantes.beneficiados": 182.0, "Ejecutora": null, "Trabajos": "FAM 2022 13DPR0042Z Cuauhtemoc", "Geometria_tipo": "Punto" }, "geometry": { "type": "Point", "coordinates": [ -98.696678, 20.072428 ] } },
{ "type": "Feature", "properties": { "ID_OBRA": "1699_Mineral de la Reforma", "No.": 1698.0, "Municipio": "Mineral de la Reforma", "Rubro": "Espacios Educativos", "Ejercicio": 2022.0, "Obra": "Rehabilitación General De Aulas Y Rehabilitación General De Sanitarios", "Localidad": "Ex-Hacienda De Chavarria", "Inversión": 2304267.8596000001, "Habitantes.beneficiados": 524.0, "Ejecutora": null, "Trabajos": "FAM POTENCIADO-MANTENIMIENTO 13EUT0012E Universidad Tecnologica De Mineral De La Reforma", "Geometria_tipo": "Punto" }, "geometry": { "type": "Point", "coordinates": [ -98.71852, 20.039116 ] } },
{ "type": "Feature", "properties": { "ID_OBRA": "1682_Mineral de la Reforma", "No.": 1681.0, "Municipio": "Mineral de la Reforma", "Rubro": "Espacios Educativos", "Ejercicio": 2022.0, "Obra": "Rehabilitación General De Módulo Que Consta De 1 Aula De Estructura Atípica, 2 Aulas De Estructura A-70 De 2 E.e. Cada Una Y 2 Aulas De Estructura Atípica; Rehabilitación General De Módulo De Estructura Regional De 3 E.e., Rehabilitación De Sanitarios, Di", "Localidad": "Azoyatla De Ocampo", "Inversión": 1505548.58, "Habitantes.beneficiados": 202.0, "Ejecutora": null, "Trabajos": "FAM 2022 13DPR0955V Melchor Ocampo", "Geometria_tipo": "Punto" }, "geometry": { "type": "Point", "coordinates": [ -98.693869, 20.098108 ] } },
{ "type": "Feature", "properties": { "ID_OBRA": "1689_Mineral de la Reforma", "No.": 1688.0, "Municipio": "Mineral de la Reforma", "Rubro": "Espacios Educativos", "Ejercicio": 2022.0, "Obra": "Terminación De Laboratorio De Computo De 3 E.e. Adosado En Edificio “D” De Estructura U2-C, En Planta Baja, Rehabilitación De Módulo De Sanitarios En Edificio “A” De Estructura U2-C Planta Baja De 2 E.e., Impermeabilización En Edificios “A” Y “B” Y Obra E", "Localidad": "Cipreses", "Inversión": 1941331.81, "Habitantes.beneficiados": 538.0, "Ejecutora": null, "Trabajos": "FAM 2022 13DES0106N Jaime Sabines", "Geometria_tipo": "Punto" }, "geometry": { "type": "Point", "coordinates": [ -98.766001, 20.059094 ] } },
{ "type": "Feature", "properties": { "ID_OBRA": "1714_Mixquiahuala de Juárez", "No.": 1713.0, "Municipio": "Mixquiahuala de Juárez", "Rubro": "Espacios Educativos", "Ejercicio": 2022.0, "Obra": "Construcción De Un Módulo De 3 Aulas Didácticas, Estructura Regional (Zona Sísmica C Y D) 6.00 8.00 Mts., Rehabilitación De Módulo De Sanitarios Atipico Y Obra Exterior.avance De Obra 100%", "Localidad": "Mixquiahuala De Juarez", "Inversión": 1585644.33, "Habitantes.beneficiados": 407.0, "Ejecutora": null, "Trabajos": "FAM 2022 13DPR1061V Gral. Pedro Maria Anaya", "Geometria_tipo": "Punto" }, "geometry": { "type": "Point", "coordinates": [ -99.20448, 20.236928 ] } },
{ "type": "Feature", "properties": { "ID_OBRA": "1716_Omitlán de Juárez", "No.": 1715.0, "Municipio": "Omitlán de Juárez", "Rubro": "Espacios Educativos", "Ejercicio": 2022.0, "Obra": "Construcción De Un Módulo De Sanitarios M-4, Estructura Regional (Zona Sismica C Y D), Fosa Septica, Pozo De Absorción Y Obra Exterior", "Localidad": "Venta De Guadalupe", "Inversión": 830633.0, "Habitantes.beneficiados": 99.0, "Ejecutora": null, "Trabajos": "FAM 2022 13DTV0430Q Telesecundaria 59", "Geometria_tipo": "Punto" }, "geometry": { "type": "Point", "coordinates": [ -98.634525, 20.220789 ] } },
{ "type": "Feature", "properties": { "ID_OBRA": "1715_Omitlán de Juárez", "No.": 1714.0, "Municipio": "Omitlán de Juárez", "Rubro": "Espacios Educativos", "Ejercicio": 2022.0, "Obra": "Demolición De Un Aula Didáctica Y Construcción De Un Aula Didáctica De 1 E.e. Estructura Regional (Zona Sísmica C Y D) 6.00 X 8.00 Mts. Y Obra Exterior. Avance De Obra 100%", "Localidad": "San Antonio El Paso", "Inversión": 591446.96, "Habitantes.beneficiados": 118.0, "Ejecutora": null, "Trabajos": "FAM 2022 13DPR2325U Raymundo Enriquez", "Geometria_tipo": "Punto" }, "geometry": { "type": "Point", "coordinates": [ -98.616444, 20.147389 ] } },
{ "type": "Feature", "properties": { "ID_OBRA": "1718_Pachuca de Soto", "No.": 1717.0, "Municipio": "Pachuca de Soto", "Rubro": "Espacios Educativos", "Ejercicio": 2022.0, "Obra": "Construccion De La Primera Etapa Del Edificio ¨Q¨E", "Localidad": "Pachuca De Soto", "Inversión": 4245716.7423999803, "Habitantes.beneficiados": 1038.0, "Ejecutora": null, "Trabajos": "FAM POTENCIADO 13DCT0006F Centro De Bachillerato Tecnologico Industrial Y De Servicios Num. 222", "Geometria_tipo": "Punto" }, "geometry": { "type": "Point", "coordinates": [ -98.77925, 20.072778 ] } },
{ "type": "Feature", "properties": { "ID_OBRA": "1732_Pachuca de Soto", "No.": 1731.0, "Municipio": "Pachuca de Soto", "Rubro": "Espacios Educativos", "Ejercicio": 2022.0, "Obra": "Construcción De Fosa Séptica De 10 M3, Pozo De Absorción, Red De Drenaje, Impermeabilización De Tres Módulos A, E Y Sanitarios En Módulo B Y Obra Exterior", "Localidad": "Pachuca De Soto", "Inversión": 1077686.76, "Habitantes.beneficiados": 451.0, "Ejecutora": null, "Trabajos": "FAM 2022 13DES0050B Proceres De La Nacion", "Geometria_tipo": "Punto" }, "geometry": { "type": "Point", "coordinates": [ -98.761833, 20.101056 ] } },
{ "type": "Feature", "properties": { "ID_OBRA": "1728_Pachuca de Soto", "No.": 1727.0, "Municipio": "Pachuca de Soto", "Rubro": "Espacios Educativos", "Ejercicio": 2022.0, "Obra": "Construcción De Modulo De Area Administrativa Y Portico De Acceso De 8 E.e., Estructura U1-C; Construcción De Taller De Diseño Grafico De 4 E.e., Estructura U1-C Y Obra Exterior", "Localidad": "Pachuca De Soto", "Inversión": 4294901.5, "Habitantes.beneficiados": 473.0, "Ejecutora": null, "Trabajos": "FAM 2022 13DST0071G Salomon Nazar Ruiz", "Geometria_tipo": "Punto" }, "geometry": { "type": "Point", "coordinates": [ -98.777008, 20.052994 ] } },
{ "type": "Feature", "properties": { "ID_OBRA": "1731_Pachuca de Soto", "No.": 1730.0, "Municipio": "Pachuca de Soto", "Rubro": "Espacios Educativos", "Ejercicio": 2022.0, "Obra": "Construcción De Un Aula Didáctica De 3 E.e., Escalera, De 1 E.e. Y Un Taller De Diseño Gráfico, De 4 E.e. En Planta Baja En Un Módulo En Estructura U2-C Y Obra Exterior. Avance De Obra 100%", "Localidad": "Pachuca De Soto", "Inversión": 3130410.45, "Habitantes.beneficiados": 250.0, "Ejecutora": null, "Trabajos": "FAM 2022 13DES0122E Leona Vicario", "Geometria_tipo": "Punto" }, "geometry": { "type": "Point", "coordinates": [ -98.740278, 20.087197 ] } },
{ "type": "Feature", "properties": { "ID_OBRA": "1739_Pachuca de Soto", "No.": 1738.0, "Municipio": "Pachuca de Soto", "Rubro": "Espacios Educativos", "Ejercicio": 2022.0, "Obra": "Demolición De Dos Tramos De Barda Perimetral Por Riesgo De Colapso; Construcción De Muros De Contención A Base De Piedra Braza Y Concreto Armado Y Barda Perimetral Para Reposición En Ambos Tramos", "Localidad": "Pachuca De Soto", "Inversión": 2057492.86, "Habitantes.beneficiados": 222.0, "Ejecutora": null, "Trabajos": "FAM 2022 13DPR0085Y Guadalupe Victoria", "Geometria_tipo": "Punto" }, "geometry": { "type": "Point", "coordinates": [ -98.714803, 20.124033 ] } },
{ "type": "Feature", "properties": { "ID_OBRA": "1719_Pachuca de Soto", "No.": 1718.0, "Municipio": "Pachuca de Soto", "Rubro": "Espacios Educativos", "Ejercicio": 2022.0, "Obra": "Reestructuración De Edificio De 9 E.e. En Dos Niveles Estructura Atípica.avance De Obra 100%", "Localidad": "Pachuca De Soto", "Inversión": 1961368.46, "Habitantes.beneficiados": 163.0, "Ejecutora": null, "Trabajos": "FAM 2022 13DPR2951M Elisa Acuña Rossetti", "Geometria_tipo": "Punto" }, "geometry": { "type": "Point", "coordinates": [ -98.800583, 20.0565 ] } },
{ "type": "Feature", "properties": { "ID_OBRA": "1745_Pachuca de Soto", "No.": 1744.0, "Municipio": "Pachuca de Soto", "Rubro": "Espacios Educativos", "Ejercicio": 2022.0, "Obra": "Reforzamiento Estructural De 1 Módulo Atipico En Zona De Sanitarios Y Aulas, Reparacion De Grietas.avance De Obra 100%", "Localidad": "Pachuca De Soto", "Inversión": 1452967.46, "Habitantes.beneficiados": 224.0, "Ejecutora": null, "Trabajos": "FAM 2022 13DPR0332Q Belisario Dominguez", "Geometria_tipo": "Punto" }, "geometry": { "type": "Point", "coordinates": [ -98.733574, 20.119575 ] } },
{ "type": "Feature", "properties": { "ID_OBRA": "1735_Pachuca de Soto", "No.": 1734.0, "Municipio": "Pachuca de Soto", "Rubro": "Espacios Educativos", "Ejercicio": 2022.0, "Obra": "Rehabilitacion General De Aulas Y Rehabilitacion General De Sanitarios.", "Localidad": "Pachuca De Soto", "Inversión": 384226.417199997, "Habitantes.beneficiados": 111.0, "Ejecutora": null, "Trabajos": "FAM POTENCIADO-MANTENIMIENTO 13DPR0151G Benito Torres Oropeza", "Geometria_tipo": "Punto" }, "geometry": { "type": "Point", "coordinates": [ -98.734053, 20.112381 ] } },
{ "type": "Feature", "properties": { "ID_OBRA": "1749_Pachuca de Soto", "No.": 1748.0, "Municipio": "Pachuca de Soto", "Rubro": "Espacios Educativos", "Ejercicio": 2022.0, "Obra": "Rehabilitación General De Aulas Y Rehabilitación General De Sanitarios.", "Localidad": "Pachuca De Soto", "Inversión": 383825.10359999799, "Habitantes.beneficiados": 243.0, "Ejecutora": null, "Trabajos": "FAM POTENCIADO 13DPR1932R Cuitlahuac", "Geometria_tipo": "Punto" }, "geometry": { "type": "Point", "coordinates": [ -98.78549, 20.049728 ] } },
{ "type": "Feature", "properties": { "ID_OBRA": "1746_Pachuca de Soto", "No.": 1745.0, "Municipio": "Pachuca de Soto", "Rubro": "Espacios Educativos", "Ejercicio": 2022.0, "Obra": "Sustitución De Techumbre Por Lámina Multipanel En Módulo B (Estructura Prefabricada), Rehabilitación Eléctrica Y Obra Exterior.avance De Obra 100%", "Localidad": "Pachuca De Soto", "Inversión": 1419506.64, "Habitantes.beneficiados": 176.0, "Ejecutora": null, "Trabajos": "FAM 2022 13DPR2892N Distribuidores Nissan Numero 39", "Geometria_tipo": "Punto" }, "geometry": { "type": "Point", "coordinates": [ -98.74015, 20.08755 ] } },
{ "type": "Feature", "properties": { "ID_OBRA": "1761_Pisaflores", "No.": 1760.0, "Municipio": "Pisaflores", "Rubro": "Espacios Educativos", "Ejercicio": 2022.0, "Obra": "Construcción De Un Aula Didáctica Estructura Regional 6.00x5.30 Mts. Construcción De Muro De Contención Y Obra Exterior. Avance De Obra 100%", "Localidad": "Escondida De San Rafael", "Inversión": 1204468.76, "Habitantes.beneficiados": 23.0, "Ejecutora": null, "Trabajos": "FAM 2022 13DJN1121C Nueva Ilusion", "Geometria_tipo": "Punto" }, "geometry": { "type": "Point", "coordinates": [ -99.016778, 21.250556 ] } },
{ "type": "Feature", "properties": { "ID_OBRA": "1760_Pisaflores", "No.": 1759.0, "Municipio": "Pisaflores", "Rubro": "Espacios Educativos", "Ejercicio": 2022.0, "Obra": "Rehabilitación De Aula Y Rehabilitación De Sanitarios.", "Localidad": "Chalahuite", "Inversión": 364741.4796, "Habitantes.beneficiados": 32.0, "Ejecutora": null, "Trabajos": "FAM POTENCIADO 13DJN0230C Tezozomoc", "Geometria_tipo": "Punto" }, "geometry": { "type": "Point", "coordinates": [ -98.94425, 21.243219 ] } },
{ "type": "Feature", "properties": { "ID_OBRA": "1758_Pisaflores", "No.": 1757.0, "Municipio": "Pisaflores", "Rubro": "Espacios Educativos", "Ejercicio": 2022.0, "Obra": "Rehabilitación General De Aulas Y Rehabilitación General De Sanitarios.", "Localidad": "Plan De Ayala", "Inversión": 364552.237199998, "Habitantes.beneficiados": 10.0, "Ejecutora": null, "Trabajos": "FAM POTENCIADO 13DPR0092H Consumacion De La Independencia", "Geometria_tipo": "Punto" }, "geometry": { "type": "Point", "coordinates": [ -98.987639, 21.181889 ] } },
{ "type": "Feature", "properties": { "ID_OBRA": "1762_Pisaflores", "No.": 1761.0, "Municipio": "Pisaflores", "Rubro": "Espacios Educativos", "Ejercicio": 2022.0, "Obra": "Rehabilitación General De Aulas Y Rehabilitación General De Sanitarios.", "Localidad": "Rancho Nuevo", "Inversión": 460735.528, "Habitantes.beneficiados": 35.0, "Ejecutora": null, "Trabajos": "FAM POTENCIADO 13DPR0323I Francisco I. Madero", "Geometria_tipo": "Punto" }, "geometry": { "type": "Point", "coordinates": [ -98.915, 21.203889 ] } },
{ "type": "Feature", "properties": { "ID_OBRA": "1759_Pisaflores", "No.": 1758.0, "Municipio": "Pisaflores", "Rubro": "Espacios Educativos", "Ejercicio": 2022.0, "Obra": "Rehabilitación General De Aulas Y Rehabilitación General De Sanitarios.", "Localidad": "Las Moras", "Inversión": 460711.330399998, "Habitantes.beneficiados": 68.0, "Ejecutora": null, "Trabajos": "FAM POTENCIADO 13DPR0364I Ignacio M. Altamirano", "Geometria_tipo": "Punto" }, "geometry": { "type": "Point", "coordinates": [ -98.946722, 21.286167 ] } },
{ "type": "Feature", "properties": { "ID_OBRA": "1756_Pisaflores", "No.": 1755.0, "Municipio": "Pisaflores", "Rubro": "Espacios Educativos", "Ejercicio": 2022.0, "Obra": "Rehabilitación General De Aulas Y Rehabilitación General De Sanitarios.", "Localidad": "Casas Viejas", "Inversión": 364765.456799999, "Habitantes.beneficiados": 11.0, "Ejecutora": null, "Trabajos": "FAM POTENCIADO 13DPR2767P Benito Juarez", "Geometria_tipo": "Punto" }, "geometry": { "type": "Point", "coordinates": [ -98.995583, 21.265556 ] } },
{ "type": "Feature", "properties": { "ID_OBRA": "1766_Progreso de Obregón", "No.": 1765.0, "Municipio": "Progreso de Obregón", "Rubro": "Espacios Educativos", "Ejercicio": 2022.0, "Obra": "Construcción De Un Aula Didáctica De 3 E.e. Estructura U1-C Y Obra Exterior.avance De Obra 100%", "Localidad": "Los Olivos", "Inversión": 1135034.1, "Habitantes.beneficiados": 334.0, "Ejecutora": null, "Trabajos": "FAM 2022 13DST0063Y Escuela Secundaria Tecnica 63", "Geometria_tipo": "Punto" }, "geometry": { "type": "Point", "coordinates": [ -99.181111, 20.275475 ] } },
{ "type": "Feature", "properties": { "ID_OBRA": "1768_San Agustín Metzquititlán", "No.": 1767.0, "Municipio": "San Agustín Metzquititlán", "Rubro": "Espacios Educativos", "Ejercicio": 2022.0, "Obra": "Rehabilitación General De 7 Aulas En 3 Módulos Y Obra Exterior.avance De Obra 100%", "Localidad": "Carpinteros", "Inversión": 1619041.06, "Habitantes.beneficiados": 162.0, "Ejecutora": null, "Trabajos": "FAM 2022 13DPR2481L Justo Sierra", "Geometria_tipo": "Punto" }, "geometry": { "type": "Point", "coordinates": [ -98.53806, 20.587289 ] } },
{ "type": "Feature", "properties": { "ID_OBRA": "1769_San Agustín Metzquititlán", "No.": 1768.0, "Municipio": "San Agustín Metzquititlán", "Rubro": "Espacios Educativos", "Ejercicio": 2022.0, "Obra": "Rehabilitación General De Aulas Y Rehabilitación General De Sanitarios.", "Localidad": "Mezquititlan", "Inversión": 287889.263999997, "Habitantes.beneficiados": 123.0, "Ejecutora": null, "Trabajos": "FAM POTENCIADO 13DES0001T Nicandro Castillo", "Geometria_tipo": "Punto" }, "geometry": { "type": "Point", "coordinates": [ -98.64218, 20.533169 ] } },
{ "type": "Feature", "properties": { "ID_OBRA": "1773_San Agustín Tlaxiaca", "No.": 1772.0, "Municipio": "San Agustín Tlaxiaca", "Rubro": "Espacios Educativos", "Ejercicio": 2022.0, "Obra": "Construcción De Un Aula Didáctica Adosada De 1 E.e. Estructura Regional (Zona Sísmica C Y D, Zapatas Corridas) 6.00 X 8.00 Mts Y Obra Exterior.avance De Obra 100%", "Localidad": "Nueva Tlaxiaca", "Inversión": 538574.56, "Habitantes.beneficiados": 315.0, "Ejecutora": null, "Trabajos": "FAM 2022 13DPR1037V Maria Isabel Ordaz Camacho", "Geometria_tipo": "Punto" }, "geometry": { "type": "Point", "coordinates": [ -98.85154, 20.0281 ] } },
{ "type": "Feature", "properties": { "ID_OBRA": "1774_San Agustín Tlaxiaca", "No.": 1773.0, "Municipio": "San Agustín Tlaxiaca", "Rubro": "Espacios Educativos", "Ejercicio": 2022.0, "Obra": "Demontaje De Techumbre En Cancha De Usos Multiples Y Demolición De Columnas.avance De Obra 100%", "Localidad": "San Agustin Tlaxiaca", "Inversión": 110764.55, "Habitantes.beneficiados": 310.0, "Ejecutora": null, "Trabajos": "FAM 2022 13DPR1452J Melchor Ocampo", "Geometria_tipo": "Punto" }, "geometry": { "type": "Point", "coordinates": [ -98.87591, 20.103108 ] } },
{ "type": "Feature", "properties": { "ID_OBRA": "1777_San Bartolo Tutotepec", "No.": 1776.0, "Municipio": "San Bartolo Tutotepec", "Rubro": "Espacios Educativos", "Ejercicio": 2022.0, "Obra": "Construcción De Un Aula Didáctica De 1 E.e., Estructura Regional (Zona Sísmica C Y D) 6.00 X 8.00 Mts Y Obra Exterior.avance De Obra 100%", "Localidad": "Valle Verde", "Inversión": 772172.15, "Habitantes.beneficiados": 123.0, "Ejecutora": null, "Trabajos": "FAM 2022 13DPB2756I Bicentenario", "Geometria_tipo": "Punto" }, "geometry": { "type": "Point", "coordinates": [ -98.197117, 20.400428 ] } },
{ "type": "Feature", "properties": { "ID_OBRA": "1784_San Salvador", "No.": 1783.0, "Municipio": "San Salvador", "Rubro": "Espacios Educativos", "Ejercicio": 2022.0, "Obra": "Demolición De Un Módulo De Sanitarios Por Deficiencias Constructivas, Construcción De Un Módulo De Sanitarios M-6 En Estructura Regional (Zona Sísmica C Y D) 6.50 X 5.30 Mts. Y Obra Exterior.avance De Obra 100%", "Localidad": "Dextho De Victoria", "Inversión": 865455.86, "Habitantes.beneficiados": 49.0, "Ejecutora": null, "Trabajos": "FAM 2022 13DTV0232Q Telesecundaria 246", "Geometria_tipo": "Punto" }, "geometry": { "type": "Point", "coordinates": [ -99.02336, 20.325469 ] } },
{ "type": "Feature", "properties": { "ID_OBRA": "1781_San Salvador", "No.": 1780.0, "Municipio": "San Salvador", "Rubro": "Espacios Educativos", "Ejercicio": 2022.0, "Obra": "Rehabilitación Eléctrica General.avance De Obra 100%", "Localidad": "San Antonio Zaragoza", "Inversión": 730458.88, "Habitantes.beneficiados": 279.0, "Ejecutora": null, "Trabajos": "FAM 2022 13DPR0444U Centro Cultural Campesino", "Geometria_tipo": "Punto" }, "geometry": { "type": "Point", "coordinates": [ -98.996739, 20.254606 ] } },
{ "type": "Feature", "properties": { "ID_OBRA": "1793_Santiago Tulantepec de Lugo Guerrero", "No.": 1792.0, "Municipio": "Santiago Tulantepec de Lugo Guerrero", "Rubro": "Espacios Educativos", "Ejercicio": 2022.0, "Obra": "Adecuacion Y Rehabilitación General De Módulo De Estructura U1-C De 11 E.e. Que Comprende: Un Taller De Diseño Grafico De 4 E.e. Un Aula Didáctica De 2 E.e. Y Un Taller De Electricidad De 5 E.e. Y Obra Exterior.avance De Obra 100%", "Localidad": "Santiago Tulantepec", "Inversión": 1736053.17, "Habitantes.beneficiados": 514.0, "Ejecutora": null, "Trabajos": "FAM 2022 13DES0031N Martin Jose Urrutia Malagon", "Geometria_tipo": "Punto" }, "geometry": { "type": "Point", "coordinates": [ -98.35178, 20.031808 ] } },
{ "type": "Feature", "properties": { "ID_OBRA": "1796_Santiago Tulantepec de Lugo Guerrero", "No.": 1795.0, "Municipio": "Santiago Tulantepec de Lugo Guerrero", "Rubro": "Espacios Educativos", "Ejercicio": 2022.0, "Obra": "Construcción De Dos Aulas Didacticas De 2 E.e. C/U, Estructura U2-C, En Planta Alta, Construcción De Taller De Industria De Vestido De 6 E.e., Estructura U1-C Y Obra Exterior", "Localidad": "Unidades Habitacionales", "Inversión": 3001160.35, "Habitantes.beneficiados": 745.0, "Ejecutora": null, "Trabajos": "FAM 2022 13DES0120G Gabriel Vargas Bernal", "Geometria_tipo": "Punto" }, "geometry": { "type": "Point", "coordinates": [ -98.42056, 20.06469 ] } },
{ "type": "Feature", "properties": { "ID_OBRA": "1790_Santiago Tulantepec de Lugo Guerrero", "No.": 1789.0, "Municipio": "Santiago Tulantepec de Lugo Guerrero", "Rubro": "Espacios Educativos", "Ejercicio": 2022.0, "Obra": "Construcción De Dos Aulas Didácticas Adosadas De 2 E.e. Estructura Regional (Zona Sísmica C Y D) 6.00 X 8.00 Mts. Y Obra Exterior. Avance De Obra 100%", "Localidad": "Los Romeros", "Inversión": 1001694.43, "Habitantes.beneficiados": 262.0, "Ejecutora": null, "Trabajos": "FAM 2022 13DPR0469C Gral. Felipe Angeles", "Geometria_tipo": "Punto" }, "geometry": { "type": "Point", "coordinates": [ -98.41519, 20.029489 ] } },
{ "type": "Feature", "properties": { "ID_OBRA": "1810_Tecozautla", "No.": 1809.0, "Municipio": "Tecozautla", "Rubro": "Espacios Educativos", "Ejercicio": 2022.0, "Obra": "Construcción De Techumbre (Suministro Y Montaje De Lamina Y Acabados En Estructura) En Cancha De Basquetbol.", "Localidad": "Bomanxotha", "Inversión": 287780.63, "Habitantes.beneficiados": 111.0, "Ejecutora": null, "Trabajos": "FAM POTENCIADO-MANTENIMIENTO 13DTV0721F Telesecundaria 721", "Geometria_tipo": "Punto" }, "geometry": { "type": "Point", "coordinates": [ -99.66423, 20.514058 ] } },
{ "type": "Feature", "properties": { "ID_OBRA": "1807_Tecozautla", "No.": 1806.0, "Municipio": "Tecozautla", "Rubro": "Espacios Educativos", "Ejercicio": 2022.0, "Obra": "Rehabilitacion General De Aula Y Rehabilitacion General De Sanitarios.", "Localidad": "Maguey Verde", "Inversión": 288319.57759999699, "Habitantes.beneficiados": 38.0, "Ejecutora": null, "Trabajos": "FAM POTENCIADO-MANTENIMIENTO 13DPB0620H Escuela De Educacion Primaria Indigena", "Geometria_tipo": "Punto" }, "geometry": { "type": "Point", "coordinates": [ -99.75476, 20.5108 ] } },
{ "type": "Feature", "properties": { "ID_OBRA": "1808_Tecozautla", "No.": 1807.0, "Municipio": "Tecozautla", "Rubro": "Espacios Educativos", "Ejercicio": 2022.0, "Obra": "Rehabilitación Eléctrica General, Con Sustitución De Transformador.avance De Obra 100%", "Localidad": "San Antonio", "Inversión": 668466.99, "Habitantes.beneficiados": 66.0, "Ejecutora": null, "Trabajos": "FAM 2022 13DTV0273Q Telesecundaria 258", "Geometria_tipo": "Punto" }, "geometry": { "type": "Point", "coordinates": [ -99.71809, 20.535419 ] } },
{ "type": "Feature", "properties": { "ID_OBRA": "1818_Tenango de Doria", "No.": 1817.0, "Municipio": "Tenango de Doria", "Rubro": "Espacios Educativos", "Ejercicio": 2022.0, "Obra": "Construcción Del Edificio De Medicina Primera Etapa", "Localidad": "El Desdavi", "Inversión": 9599224.07, "Habitantes.beneficiados": 611.0, "Ejecutora": null, "Trabajos": "FAMES-22 13EIU0001C Universidad Intercultural Del Estado De Hidalgo", "Geometria_tipo": "Punto" }, "geometry": { "type": "Point", "coordinates": [ -98.239936, 20.340256 ] } },
{ "type": "Feature", "properties": { "ID_OBRA": "1819_Tenango de Doria", "No.": 1818.0, "Municipio": "Tenango de Doria", "Rubro": "Espacios Educativos", "Ejercicio": 2022.0, "Obra": "Rehabilitación De Aula Y Rehabilitación De Sanitarios.", "Localidad": "El Casiu", "Inversión": 240217.5908, "Habitantes.beneficiados": 16.0, "Ejecutora": null, "Trabajos": "FAM POTENCIADO 13DPB0144W Lazaro Cardenas", "Geometria_tipo": "Punto" }, "geometry": { "type": "Point", "coordinates": [ -98.22773, 20.3727 ] } },
{ "type": "Feature", "properties": { "ID_OBRA": "1817_Tenango de Doria", "No.": 1816.0, "Municipio": "Tenango de Doria", "Rubro": "Espacios Educativos", "Ejercicio": 2022.0, "Obra": "Rehabilitación De Aula Y Rehabilitación De Sanitarios.", "Localidad": "El Aguacate", "Inversión": 240169.71759999901, "Habitantes.beneficiados": 46.0, "Ejecutora": null, "Trabajos": "FAM POTENCIADO 13DPB0143X Jose Maria Morelos", "Geometria_tipo": "Punto" }, "geometry": { "type": "Point", "coordinates": [ -98.187194, 20.370528 ] } },
{ "type": "Feature", "properties": { "ID_OBRA": "1815_Tenango de Doria", "No.": 1814.0, "Municipio": "Tenango de Doria", "Rubro": "Espacios Educativos", "Ejercicio": 2022.0, "Obra": "Rehabilitación General De Aula Y Rehabilitación General De Sanitarios.", "Localidad": "El Bopo", "Inversión": 191956.8696, "Habitantes.beneficiados": 36.0, "Ejecutora": null, "Trabajos": "FAM POTENCIADO 13DTV0556X Telesecundaria 503", "Geometria_tipo": "Punto" }, "geometry": { "type": "Point", "coordinates": [ -98.21466, 20.3603 ] } },
{ "type": "Feature", "properties": { "ID_OBRA": "1816_Tenango de Doria", "No.": 1815.0, "Municipio": "Tenango de Doria", "Rubro": "Espacios Educativos", "Ejercicio": 2022.0, "Obra": "Rehabilitación General De Aulas.", "Localidad": "El Texme", "Inversión": 240166.608799999, "Habitantes.beneficiados": 30.0, "Ejecutora": null, "Trabajos": "FAM POTENCIADO 13DPB0235N Margarita Maza De Juarez", "Geometria_tipo": "Punto" }, "geometry": { "type": "Point", "coordinates": [ -98.261639, 20.339267 ] } },
{ "type": "Feature", "properties": { "ID_OBRA": "1823_Tepeapulco", "No.": 1822.0, "Municipio": "Tepeapulco", "Rubro": "Espacios Educativos", "Ejercicio": 2022.0, "Obra": "Construcción De Un Aula Didáctica De 1 E.e. Estructura Regional (Zona Sísmica C Y D) 6.00 X 8.00 Mts, Rehabilitación General De Servicios Sanitarios Y Obra Exterior.avance De Obra 100%", "Localidad": "Los Cides", "Inversión": 563803.41, "Habitantes.beneficiados": 69.0, "Ejecutora": null, "Trabajos": "FAM 2022 13DTV0174Q Telesecundaria 337", "Geometria_tipo": "Punto" }, "geometry": { "type": "Point", "coordinates": [ -98.525472, 19.803192 ] } },
{ "type": "Feature", "properties": { "ID_OBRA": "1837_Tepeji del Río de Ocampo", "No.": 1836.0, "Municipio": "Tepeji del Río de Ocampo", "Rubro": "Espacios Educativos", "Ejercicio": 2022.0, "Obra": "Construcción De Un Aula Didáctica Estructura Regional 6.00 X 5.30 Mts Y Obra Exterior.avance De Obra 100%", "Localidad": "Benito Juarez", "Inversión": 364144.82, "Habitantes.beneficiados": 69.0, "Ejecutora": null, "Trabajos": "FAM 2022 13DJN1184O Camilo Calva Villegas", "Geometria_tipo": "Punto" }, "geometry": { "type": "Point", "coordinates": [ -99.289189, 19.935853 ] } },
{ "type": "Feature", "properties": { "ID_OBRA": "1830_Tepeji del Río de Ocampo", "No.": 1829.0, "Municipio": "Tepeji del Río de Ocampo", "Rubro": "Espacios Educativos", "Ejercicio": 2022.0, "Obra": "Construcción Del Edificio A, Área Administrativa De 6 E.e. En Estructura U1-C Y Obra Exterior", "Localidad": "San Ildefonso", "Inversión": 3068785.93, "Habitantes.beneficiados": 176.0, "Ejecutora": null, "Trabajos": "FAMMD-22 13EMS0070X Centro De Educacion Media Superior A Distancia San Ildefonso", "Geometria_tipo": "Punto" }, "geometry": { "type": "Point", "coordinates": [ -99.369528, 19.994722 ] } },
{ "type": "Feature", "properties": { "ID_OBRA": "1835_Tepeji del Río de Ocampo", "No.": 1834.0, "Municipio": "Tepeji del Río de Ocampo", "Rubro": "Espacios Educativos", "Ejercicio": 2022.0, "Obra": "Construcción Del Edificio “A” Área Administrativa De 6 E.e. En Estructura U1-C Y Obra Exterior", "Localidad": "Santa Maria Quelites", "Inversión": 3158314.59, "Habitantes.beneficiados": 151.0, "Ejecutora": null, "Trabajos": "FAMMD-22 13EMS0071W Centro De Educacion Media Superior A Distancia Santa Maria Quelites", "Geometria_tipo": "Punto" }, "geometry": { "type": "Point", "coordinates": [ -99.348056, 19.854167 ] } },
{ "type": "Feature", "properties": { "ID_OBRA": "1832_Tepeji del Río de Ocampo", "No.": 1831.0, "Municipio": "Tepeji del Río de Ocampo", "Rubro": "Espacios Educativos", "Ejercicio": 2022.0, "Obra": "Impermeabilización De 4 Módulos Y Rehabilitación Eléctrica De 4 Módulos. Avance De Obra 100%", "Localidad": "Melchor Ocampo (El Salto)", "Inversión": 758034.06, "Habitantes.beneficiados": 337.0, "Ejecutora": null, "Trabajos": "FAM 2022 13DPR2589C Melchor Ocampo", "Geometria_tipo": "Punto" }, "geometry": { "type": "Point", "coordinates": [ -99.28501, 19.94385 ] } },
{ "type": "Feature", "properties": { "ID_OBRA": "1831_Tepeji del Río de Ocampo", "No.": 1830.0, "Municipio": "Tepeji del Río de Ocampo", "Rubro": "Espacios Educativos", "Ejercicio": 2022.0, "Obra": "Terminacion De Módulo De 7 E.e., Que Incluye: Laboratorio Multidisciplinario De 4 E.e. Y Laboratorio De Computo De 3 E.e. Estructura U1-C Y Obra Exterioravance De Obra 100%", "Localidad": "Tepeji Del Rio De Ocampo", "Inversión": 2254291.72, "Habitantes.beneficiados": 180.0, "Ejecutora": null, "Trabajos": "FAM 2022 13EES0001S Plantel Azteca Hidalgo", "Geometria_tipo": "Punto" }, "geometry": { "type": "Point", "coordinates": [ -99.341258, 19.904239 ] } },
{ "type": "Feature", "properties": { "ID_OBRA": "1852_Tezontepec de Aldama", "No.": 1851.0, "Municipio": "Tezontepec de Aldama", "Rubro": "Espacios Educativos", "Ejercicio": 2022.0, "Obra": "Reforzamiento Estructural De Módulo Atípico, Impermeabilizante Con Nivelación De Losa Y Reparación De Grietas Y Fisuras.avance De Obra 100%", "Localidad": "Mangas", "Inversión": 835992.11, "Habitantes.beneficiados": 376.0, "Ejecutora": null, "Trabajos": "FAM 2022 13DPR0625D Revolucion", "Geometria_tipo": "Punto" }, "geometry": { "type": "Point", "coordinates": [ -99.24813, 20.187958 ] } },
{ "type": "Feature", "properties": { "ID_OBRA": "1853_Tezontepec de Aldama", "No.": 1852.0, "Municipio": "Tezontepec de Aldama", "Rubro": "Espacios Educativos", "Ejercicio": 2022.0, "Obra": "Rehabilitacion General De Aula Y Rehabilitacion General De Sanitarios.", "Localidad": "Tezontepec De Aldama", "Inversión": 192043.394, "Habitantes.beneficiados": 474.0, "Ejecutora": null, "Trabajos": "FAM POTENCIADO-MANTENIMIENTO 13DES0033L Niños Heroes De Chapultepec", "Geometria_tipo": "Punto" }, "geometry": { "type": "Point", "coordinates": [ -99.274972, 20.193436 ] } },
{ "type": "Feature", "properties": { "ID_OBRA": "1857_Tianguistengo", "No.": 1856.0, "Municipio": "Tianguistengo", "Rubro": "Espacios Educativos", "Ejercicio": 2022.0, "Obra": "Demolición De Un Módulo Atipico De Dos Aulas, Construcción De Un Aula Didáctica Adosada De 6.00 X 8.00 Mts. En Estructura Regional (Zona Sísmica C Y D) Y Obra Exterior.avance De Obra 100%", "Localidad": "Tonchintlan", "Inversión": 632557.65, "Habitantes.beneficiados": 102.0, "Ejecutora": null, "Trabajos": "FAM 2022 13DPR1089A Niños Heroes", "Geometria_tipo": "Punto" }, "geometry": { "type": "Point", "coordinates": [ -98.5193, 20.76105 ] } },
{ "type": "Feature", "properties": { "ID_OBRA": "1864_Tizayuca", "No.": 1863.0, "Municipio": "Tizayuca", "Rubro": "Espacios Educativos", "Ejercicio": 2022.0, "Obra": "Construcción De Dos Aulas Didácticas Adosadas En Estructura Regional (Zona Sísmica C Y D) 6.00 X 8.00 Mts. Y Obra Exterior.avance De Obra 100%", "Localidad": "Tepojaco", "Inversión": 976801.42, "Habitantes.beneficiados": 510.0, "Ejecutora": null, "Trabajos": "FAM 2022 13DTV0219W Telesecundaria 189", "Geometria_tipo": "Punto" }, "geometry": { "type": "Point", "coordinates": [ -98.946886, 19.842539 ] } },
{ "type": "Feature", "properties": { "ID_OBRA": "1862_Tizayuca", "No.": 1861.0, "Municipio": "Tizayuca", "Rubro": "Espacios Educativos", "Ejercicio": 2022.0, "Obra": "Construcción De Dos Aulas Didácticas De 2 E.e. C/U En Planta Alta Y Módulo De Escaleras, Estructura U2-C Y Obra Exterior.avance De Obra 100%", "Localidad": "Hacienda De Guadalupe", "Inversión": 2471378.96, "Habitantes.beneficiados": 392.0, "Ejecutora": null, "Trabajos": "FAM 2022 13DES0124C Escuela Secundaria General", "Geometria_tipo": "Punto" }, "geometry": { "type": "Point", "coordinates": [ -98.947214, 19.876811 ] } },
{ "type": "Feature", "properties": { "ID_OBRA": "1874_Tizayuca", "No.": 1873.0, "Municipio": "Tizayuca", "Rubro": "Espacios Educativos", "Ejercicio": 2022.0, "Obra": "Construcción De La Segunda Etapa Del Estacionamient", "Localidad": "Los Heroes Tizayuca", "Inversión": 2051211.8, "Habitantes.beneficiados": 604.0, "Ejecutora": null, "Trabajos": "FAMES-22 13EUT0008S Universidad Tecnologica De La Zona Metropolitana Del Valle De Mexico", "Geometria_tipo": "Punto" }, "geometry": { "type": "Point", "coordinates": [ -98.982, 19.8637 ] } },
{ "type": "Feature", "properties": { "ID_OBRA": "1870_Tizayuca", "No.": 1869.0, "Municipio": "Tizayuca", "Rubro": "Espacios Educativos", "Ejercicio": 2022.0, "Obra": "Construcción De Un Aula Didáctica Adosada De 1 E.e., Estructura Regional 6.00 X 8.00 Mts., Rehabilitación De Sanitarios Y Obra Exterior.avance De Obra 100%", "Localidad": "Huitzila", "Inversión": 919371.47, "Habitantes.beneficiados": 308.0, "Ejecutora": null, "Trabajos": "FAM 2022 13DES0102R Ismael Villaseñor Ramirez", "Geometria_tipo": "Punto" }, "geometry": { "type": "Point", "coordinates": [ -98.95659, 19.804628 ] } },
{ "type": "Feature", "properties": { "ID_OBRA": "1869_Tizayuca", "No.": 1868.0, "Municipio": "Tizayuca", "Rubro": "Espacios Educativos", "Ejercicio": 2022.0, "Obra": "Construcción De Un Módulo De Sanitarios, Estructura U1-C De 2 E.e., Impermeabilización De Módulos Y Obra Exterior.avance De Obra 100%", "Localidad": "Tizayuca", "Inversión": 2540915.54, "Habitantes.beneficiados": 580.0, "Ejecutora": null, "Trabajos": "FAM 2022 13DES0084S Raul Guerrero Guerrero", "Geometria_tipo": "Punto" }, "geometry": { "type": "Point", "coordinates": [ -98.98167, 19.853478 ] } },
{ "type": "Feature", "properties": { "ID_OBRA": "1867_Tizayuca", "No.": 1866.0, "Municipio": "Tizayuca", "Rubro": "Espacios Educativos", "Ejercicio": 2022.0, "Obra": "Impermeabilización De Dos Módulos Y Protecciones En Canceleria Y Puertas En Tres Módulos, Estructura Regional.avance De Obra 100%", "Localidad": "Tepojaco", "Inversión": 683028.0, "Habitantes.beneficiados": 126.0, "Ejecutora": null, "Trabajos": "FAM 2022 13DPR2970A Julian Villagran", "Geometria_tipo": "Punto" }, "geometry": { "type": "Point", "coordinates": [ -98.939786, 19.850258 ] } },
{ "type": "Feature", "properties": { "ID_OBRA": "1865_Tizayuca", "No.": 1864.0, "Municipio": "Tizayuca", "Rubro": "Espacios Educativos", "Ejercicio": 2022.0, "Obra": "Rehabilitación General De Sanitarios.avance De Obra 100%", "Localidad": "Olmos", "Inversión": 188469.96, "Habitantes.beneficiados": 26.0, "Ejecutora": null, "Trabajos": "FAM 2022 13DJN1594R Helen Keller", "Geometria_tipo": "Punto" }, "geometry": { "type": "Point", "coordinates": [ -98.926944, 19.879167 ] } },
{ "type": "Feature", "properties": { "ID_OBRA": "1873_Tizayuca", "No.": 1872.0, "Municipio": "Tizayuca", "Rubro": "Espacios Educativos", "Ejercicio": 2022.0, "Obra": "Rehabilitación General De Servicios Sanitarios En Planta Baja De 2 E.e. En Estructura Atipica.avance De Obra 100%", "Localidad": "Don Antonio", "Inversión": 678423.55, "Habitantes.beneficiados": 483.0, "Ejecutora": null, "Trabajos": "FAM 2022 13DES0115V Antonio Cuadrini D' Palma", "Geometria_tipo": "Punto" }, "geometry": { "type": "Point", "coordinates": [ -98.93418, 19.876069 ] } },
{ "type": "Feature", "properties": { "ID_OBRA": "1888_Tlahuiltepa", "No.": 1887.0, "Municipio": "Tlahuiltepa", "Rubro": "Espacios Educativos", "Ejercicio": 2022.0, "Obra": "Rehabilitación De Aula Y Rehabilitación De Sanitarios.", "Localidad": "San Andres Miraflores", "Inversión": 240205.561599999, "Habitantes.beneficiados": 38.0, "Ejecutora": null, "Trabajos": "FAM POTENCIADO 13DTV0321J Telesecundaria 379", "Geometria_tipo": "Punto" }, "geometry": { "type": "Point", "coordinates": [ -99.00378, 20.8011 ] } },
{ "type": "Feature", "properties": { "ID_OBRA": "1893_Tlahuiltepa", "No.": 1892.0, "Municipio": "Tlahuiltepa", "Rubro": "Espacios Educativos", "Ejercicio": 2022.0, "Obra": "Rehabilitación De Aula Y Rehabilitación De Sanitarios.", "Localidad": "Coyocala", "Inversión": 240209.6796, "Habitantes.beneficiados": 19.0, "Ejecutora": null, "Trabajos": "FAM POTENCIADO 13DTV0455Z Telesecundaria 266", "Geometria_tipo": "Punto" }, "geometry": { "type": "Point", "coordinates": [ -98.895556, 20.953056 ] } },
{ "type": "Feature", "properties": { "ID_OBRA": "1892_Tlahuiltepa", "No.": 1891.0, "Municipio": "Tlahuiltepa", "Rubro": "Espacios Educativos", "Ejercicio": 2022.0, "Obra": "Rehabilitación General De Aulas Y Rehabilitación General De Sanitarios.", "Localidad": "Xilocuatitla (El Puerto De Xilocuatitla)", "Inversión": 288327.709199998, "Habitantes.beneficiados": 40.0, "Ejecutora": null, "Trabajos": "FAM POTENCIADO 13DPR0678I Ley Del Trabajo", "Geometria_tipo": "Punto" }, "geometry": { "type": "Point", "coordinates": [ -98.91838, 20.98225 ] } },
{ "type": "Feature", "properties": { "ID_OBRA": "1891_Tlahuiltepa", "No.": 1890.0, "Municipio": "Tlahuiltepa", "Rubro": "Espacios Educativos", "Ejercicio": 2022.0, "Obra": "Rehabilitación General De Aulas Y Rehabilitación General De Sanitarios.", "Localidad": "Palo Perdido", "Inversión": 288411.890399998, "Habitantes.beneficiados": 24.0, "Ejecutora": null, "Trabajos": "FAM POTENCIADO 13DTV0565E Telesecundaria 532", "Geometria_tipo": "Punto" }, "geometry": { "type": "Point", "coordinates": [ -98.99965, 20.940439 ] } },
{ "type": "Feature", "properties": { "ID_OBRA": "1889_Tlahuiltepa", "No.": 1888.0, "Municipio": "Tlahuiltepa", "Rubro": "Espacios Educativos", "Ejercicio": 2022.0, "Obra": "Rehabilitación General De Aulas.", "Localidad": "Tlahuiltepa", "Inversión": 240233.4944, "Habitantes.beneficiados": 57.0, "Ejecutora": null, "Trabajos": "FAM POTENCIADO 13DPR0664F Rafael Ramirez", "Geometria_tipo": "Punto" }, "geometry": { "type": "Point", "coordinates": [ -98.95032, 20.924419 ] } },
{ "type": "Feature", "properties": { "ID_OBRA": "1898_Tlanchinol", "No.": 1897.0, "Municipio": "Tlanchinol", "Rubro": "Espacios Educativos", "Ejercicio": 2022.0, "Obra": "Construcción De Un Módulo De 2 Aulas Didácticas De 1 E.e., Estructura Regional (Zona Sísmica C Y D) 6.00 X 8.00 Mts., Construcción De Módulo De Sanitarios Regional M-6 (Zona Sísmica C Y D), Construcción De Cisterna De 10 M3, Rehabilitación De Aulas, Const", "Localidad": "Chichatla", "Inversión": 3291611.92, "Habitantes.beneficiados": 176.0, "Ejecutora": null, "Trabajos": "FAM 2022 13DPB0188T Ignacio Manuel Altamirano", "Geometria_tipo": "Punto" }, "geometry": { "type": "Point", "coordinates": [ -98.63172, 20.9612 ] } },
{ "type": "Feature", "properties": { "ID_OBRA": "1903_Tlaxcoapan", "No.": 1902.0, "Municipio": "Tlaxcoapan", "Rubro": "Espacios Educativos", "Ejercicio": 2022.0, "Obra": "Rehabilitacion De Aulas.", "Localidad": "Doxey", "Inversión": 384179.646, "Habitantes.beneficiados": 90.0, "Ejecutora": null, "Trabajos": "FAM POTENCIADO-MANTENIMIENTO 13DPR2542I Carlos A. Carrillo", "Geometria_tipo": "Punto" }, "geometry": { "type": "Point", "coordinates": [ -99.239528, 20.088639 ] } },
{ "type": "Feature", "properties": { "ID_OBRA": "1910_Tolcayuca", "No.": 1909.0, "Municipio": "Tolcayuca", "Rubro": "Espacios Educativos", "Ejercicio": 2022.0, "Obra": "Construcción De Bodega-Almacen", "Localidad": "Vicente Guerrero (San Javier)", "Inversión": 2480191.81, "Habitantes.beneficiados": 3282.0, "Ejecutora": null, "Trabajos": "FAMES-22 (REMANENTES) 13EPO0004Z Universidad Politecnica Metropolitana De Hidalgo", "Geometria_tipo": "Punto" }, "geometry": { "type": "Point", "coordinates": [ -98.888817, 19.946092 ] } },
{ "type": "Feature", "properties": { "ID_OBRA": "1907_Tolcayuca", "No.": 1906.0, "Municipio": "Tolcayuca", "Rubro": "Espacios Educativos", "Ejercicio": 2022.0, "Obra": "Rehabilitacion De Plafon En Aulas Y Construccion De Pavimentacion En Vialidad.", "Localidad": "Vicente Guerrero (San Javier)", "Inversión": 1919790.1168, "Habitantes.beneficiados": 3282.0, "Ejecutora": null, "Trabajos": "FAM POTENCIADO-MANTENIMIENTO 13EPO0004Z Universidad Politecnica Metropolitana De Hidalgo", "Geometria_tipo": "Punto" }, "geometry": { "type": "Point", "coordinates": [ -98.888817, 19.946092 ] } },
{ "type": "Feature", "properties": { "ID_OBRA": "1908_Tolcayuca", "No.": 1907.0, "Municipio": "Tolcayuca", "Rubro": "Espacios Educativos", "Ejercicio": 2022.0, "Obra": "Rehabilitación General De Aulas Y Rehabilitación General De Sanitarios.", "Localidad": "Tolcayuca", "Inversión": 256604.1104, "Habitantes.beneficiados": 401.0, "Ejecutora": null, "Trabajos": "FAM POTENCIADO 13DTV0011F Telesecundaria 11", "Geometria_tipo": "Punto" }, "geometry": { "type": "Point", "coordinates": [ -98.905433, 19.954383 ] } },
{ "type": "Feature", "properties": { "ID_OBRA": "1911_Tula de Allende", "No.": 1910.0, "Municipio": "Tula de Allende", "Rubro": "Espacios Educativos", "Ejercicio": 2022.0, "Obra": "Rehabilitación General De Un Módulo De 4 E.e., Que Comprende: 2 Aulas Didácticas, Laboratorio Y Área Administrativa, Construcción De Cisterna De Concreto De 10 M3 Y Obra Exterior.avance De Obra 100%", "Localidad": "El Llano", "Inversión": 1453003.73, "Habitantes.beneficiados": 106.0, "Ejecutora": null, "Trabajos": "FAM 2022 13DTV0482W Telesecundaria 466", "Geometria_tipo": "Punto" }, "geometry": { "type": "Point", "coordinates": [ -99.305903, 20.041181 ] } },
{ "type": "Feature", "properties": { "ID_OBRA": "1915_Tula de Allende", "No.": 1914.0, "Municipio": "Tula de Allende", "Rubro": "Espacios Educativos", "Ejercicio": 2022.0, "Obra": "Rehabilitación General En Aulas, Rehabilitación General En Sanitarios Y Obra Exterior", "Localidad": "San Miguel Vindho", "Inversión": 1336549.506, "Habitantes.beneficiados": 580.0, "Ejecutora": null, "Trabajos": "FAM POTENCIADO-MANTENIMIENTO 13EPO0006X Universidad Politecnica De La Energia", "Geometria_tipo": "Punto" }, "geometry": { "type": "Point", "coordinates": [ -99.304269, 20.002119 ] } },
{ "type": "Feature", "properties": { "ID_OBRA": "1918_Tulancingo de Bravo", "No.": 1917.0, "Municipio": "Tulancingo de Bravo", "Rubro": "Espacios Educativos", "Ejercicio": 2022.0, "Obra": "Construcción De Un Aula Didáctica De 1 E.e. Estructura Regional (Zona Sismica C Y D) 6.00 X 8.00 Mts, Construcción De Muro De Contención Y Obra Exterior", "Localidad": "2 De Agosto [Colonia]", "Inversión": 1114336.1599999701, "Habitantes.beneficiados": 124.0, "Ejecutora": null, "Trabajos": "FAM 2022 13DPB2757H Leona Vicario", "Geometria_tipo": "Punto" }, "geometry": { "type": "Point", "coordinates": [ -98.334911, 20.077561 ] } },
{ "type": "Feature", "properties": { "ID_OBRA": "1929_Tulancingo de Bravo", "No.": 1928.0, "Municipio": "Tulancingo de Bravo", "Rubro": "Espacios Educativos", "Ejercicio": 2022.0, "Obra": "Construcción De Un Aula Didáctica De 1 E.e. Estructura Regional (Zona Sísmica C Y D) 6.00 X 8.00 Mts, Rehabilitación General De Servicios Sanitarios Y Obra Exterior. Avance De Obra 100%", "Localidad": "Jaltepec", "Inversión": 1409479.41, "Habitantes.beneficiados": 223.0, "Ejecutora": null, "Trabajos": "FAM 2022 13DTV0063L Telesecundaria 278", "Geometria_tipo": "Punto" }, "geometry": { "type": "Point", "coordinates": [ -98.415194, 20.106167 ] } },
{ "type": "Feature", "properties": { "ID_OBRA": "1926_Tulancingo de Bravo", "No.": 1925.0, "Municipio": "Tulancingo de Bravo", "Rubro": "Espacios Educativos", "Ejercicio": 2022.0, "Obra": "Construcción De Un Aula Didáctica De 1 E.e. Estructura Regional (Zona Sísmica C Y D) 6.00 X 8.00 Mts. Y Obra Exterior", "Localidad": "Tepalzingo", "Inversión": 574378.23, "Habitantes.beneficiados": 88.0, "Ejecutora": null, "Trabajos": "FAM 2022 13DTV0571P Telesecundaria 559", "Geometria_tipo": "Punto" }, "geometry": { "type": "Point", "coordinates": [ -98.285333, 20.142581 ] } },
{ "type": "Feature", "properties": { "ID_OBRA": "1921_Tulancingo de Bravo", "No.": 1920.0, "Municipio": "Tulancingo de Bravo", "Rubro": "Espacios Educativos", "Ejercicio": 2022.0, "Obra": "Rehabilitación General De 4 Módulos, Demolición De Un Módulo, Construcción De Sanitarios M-8, Construcción De Cisterna De 10 M3 Y Obra Exterior.avance De Obra 100%", "Localidad": "Santa Maria El Chico", "Inversión": 2870796.64, "Habitantes.beneficiados": 160.0, "Ejecutora": null, "Trabajos": "FAM 2022 13DPR2449C Tierra Y Libertad", "Geometria_tipo": "Punto" }, "geometry": { "type": "Point", "coordinates": [ -98.397444, 20.107219 ] } },
{ "type": "Feature", "properties": { "ID_OBRA": "1934_Xochiatipan", "No.": 1933.0, "Municipio": "Xochiatipan", "Rubro": "Espacios Educativos", "Ejercicio": 2022.0, "Obra": "Rehabilitación De Aula Y Rehabilitación De Sanitarios.", "Localidad": "Cruzhica", "Inversión": 239983.642, "Habitantes.beneficiados": 51.0, "Ejecutora": null, "Trabajos": "FAM POTENCIADO 13DPB0173R 18 De Marzo", "Geometria_tipo": "Punto" }, "geometry": { "type": "Point", "coordinates": [ -98.28108, 20.8717 ] } },
{ "type": "Feature", "properties": { "ID_OBRA": "1935_Xochiatipan", "No.": 1934.0, "Municipio": "Xochiatipan", "Rubro": "Espacios Educativos", "Ejercicio": 2022.0, "Obra": "Rehabilitación General De Aulas Y Rehabilitación General De Sanitarios.", "Localidad": "Cruzhica", "Inversión": 220858.2116, "Habitantes.beneficiados": 33.0, "Ejecutora": null, "Trabajos": "FAM POTENCIADO 13DCC0277H Ignacio Allende", "Geometria_tipo": "Punto" }, "geometry": { "type": "Point", "coordinates": [ -98.281597, 20.871494 ] } },
{ "type": "Feature", "properties": { "ID_OBRA": "1933_Xochiatipan", "No.": 1932.0, "Municipio": "Xochiatipan", "Rubro": "Espacios Educativos", "Ejercicio": 2022.0, "Obra": "Rehabilitación General De Aulas Y Rehabilitación General De Sanitarios.", "Localidad": "Acatipa", "Inversión": 192120.766, "Habitantes.beneficiados": 41.0, "Ejecutora": null, "Trabajos": "FAM POTENCIADO 13DPB0168F Gral. Mariano Escobedo", "Geometria_tipo": "Punto" }, "geometry": { "type": "Point", "coordinates": [ -98.26326, 20.915317 ] } },
{ "type": "Feature", "properties": { "ID_OBRA": "1936_Xochiatipan", "No.": 1935.0, "Municipio": "Xochiatipan", "Rubro": "Espacios Educativos", "Ejercicio": 2022.0, "Obra": "Rehabilitación General De Aulas.", "Localidad": "Tenexhueyac", "Inversión": 240101.7416, "Habitantes.beneficiados": 44.0, "Ejecutora": null, "Trabajos": "FAM POTENCIADO 13DPB2716H Lic. Benito Juarez", "Geometria_tipo": "Punto" }, "geometry": { "type": "Point", "coordinates": [ -98.27447, 20.873678 ] } },
{ "type": "Feature", "properties": { "ID_OBRA": "1937_Zacualtipán de Ángeles", "No.": 1936.0, "Municipio": "Zacualtipán de Ángeles", "Rubro": "Espacios Educativos", "Ejercicio": 2022.0, "Obra": "Construcción De Módulo Administrativo Con Sanitarios En Estructura Regional Zona Sísmica C Y D", "Localidad": "Jalapa", "Inversión": 961445.67, "Habitantes.beneficiados": 49.0, "Ejecutora": null, "Trabajos": "FAMMD-22  (REMANENTES) 13EMS0080D Centro De Educacion Media Superior A Distancia Jalapa", "Geometria_tipo": "Punto" }, "geometry": { "type": "Point", "coordinates": [ -98.516328, 20.672133 ] } },
{ "type": "Feature", "properties": { "ID_OBRA": "1938_Zacualtipán de Ángeles", "No.": 1937.0, "Municipio": "Zacualtipán de Ángeles", "Rubro": "Espacios Educativos", "Ejercicio": 2022.0, "Obra": "Impermeabilización De Edificios A, B Y C", "Localidad": "Zacualtipan", "Inversión": 1986559.25, "Habitantes.beneficiados": 2254.0, "Ejecutora": null, "Trabajos": "FAMES-22 AMPLIACIÓN (REMANENTES) 13EUT0005V Universidad Tecnologica De La Sierra Hidalguense", "Geometria_tipo": "Punto" }, "geometry": { "type": "Point", "coordinates": [ -98.67273, 20.6656 ] } },
{ "type": "Feature", "properties": { "ID_OBRA": "1942_Zapotlán de Juárez", "No.": 1941.0, "Municipio": "Zapotlán de Juárez", "Rubro": "Espacios Educativos", "Ejercicio": 2022.0, "Obra": "Construcción De Un Aula De 3 E.e. Adosada En Estructura U1-C, Taller De Industria Del Vestido De 6 E.e. En Estructura U1-C Y Obra Exterior", "Localidad": "Zapotlan De Juarez", "Inversión": 2605153.22, "Habitantes.beneficiados": 408.0, "Ejecutora": null, "Trabajos": "FAM 2022 13DES0112Y Juan Guillermo Villasana Lopez", "Geometria_tipo": "Punto" }, "geometry": { "type": "Point", "coordinates": [ -98.8552, 19.973508 ] } },
{ "type": "Feature", "properties": { "ID_OBRA": "1940_Zapotlán de Juárez", "No.": 1939.0, "Municipio": "Zapotlán de Juárez", "Rubro": "Espacios Educativos", "Ejercicio": 2022.0, "Obra": "Rehabilitacion General De Aula Y Rehabilitacion General De Sanitarios.", "Localidad": "San Pedro Huaquilpan", "Inversión": 200043.16, "Habitantes.beneficiados": 228.0, "Ejecutora": null, "Trabajos": "FAM POTENCIADO-MANTENIMIENTO 13DPR2644F Ignacio Zaragoza", "Geometria_tipo": "Punto" }, "geometry": { "type": "Point", "coordinates": [ -98.87019, 19.989958 ] } },
{ "type": "Feature", "properties": { "ID_OBRA": "1949_Zempoala", "No.": 1948.0, "Municipio": "Zempoala", "Rubro": "Espacios Educativos", "Ejercicio": 2022.0, "Obra": "Construcción De Un Aula Didáctica Adosada De 1 E.e. Estructura Regional (Zona Sísmica C Y D) 6.00 X 8.00 Mts Y Obra Exterior. Avance De Obra 100%", "Localidad": "Jagüey De Tellez (Estacion Tellez)", "Inversión": 550853.27, "Habitantes.beneficiados": 444.0, "Ejecutora": null, "Trabajos": "FAM 2022 13DPR0879F Sor Juana Ines De La Cruz", "Geometria_tipo": "Punto" }, "geometry": { "type": "Point", "coordinates": [ -98.786528, 19.98325 ] } },
{ "type": "Feature", "properties": { "ID_OBRA": "1946_Zempoala", "No.": 1945.0, "Municipio": "Zempoala", "Rubro": "Espacios Educativos", "Ejercicio": 2022.0, "Obra": "Elaboracion De Trabajos De Canceleria Y Herreria En El Edificio De Nanotecnologia Y Transicion Aereo-Subterranea Para Acometida Electrica En Media Tension", "Localidad": "Rancho Luna", "Inversión": 1305795.05, "Habitantes.beneficiados": 4598.0, "Ejecutora": null, "Trabajos": "FAMES-22 (REMANENTES) 13EPO0002A Universidad Politecnica De Pachuca", "Geometria_tipo": "Punto" }, "geometry": { "type": "Point", "coordinates": [ -98.684972, 19.979639 ] } },
{ "type": "Feature", "properties": { "ID_OBRA": "1953_Zempoala", "No.": 1952.0, "Municipio": "Zempoala", "Rubro": "Espacios Educativos", "Ejercicio": 2022.0, "Obra": "Rehabilitación De Sanitarios Y Obra Exterior.avance De Obra 100%", "Localidad": "Privadas Santa Matilde", "Inversión": 148804.21, "Habitantes.beneficiados": 221.0, "Ejecutora": null, "Trabajos": "FAM 2022 13DJN1580O Maria Luisa Ross Landa", "Geometria_tipo": "Punto" }, "geometry": { "type": "Point", "coordinates": [ -98.790556, 20.020361 ] } },
{ "type": "Feature", "properties": { "ID_OBRA": "1945_Zempoala", "No.": 1944.0, "Municipio": "Zempoala", "Rubro": "Espacios Educativos", "Ejercicio": 2022.0, "Obra": "Trabajos Complementarios En El Edificio De Nanotecnología.", "Localidad": "Rancho Luna", "Inversión": 2304991.42, "Habitantes.beneficiados": 4598.0, "Ejecutora": null, "Trabajos": "FAM POTENCIADO 13EPO0002A Universidad Politecnica De Pachuca", "Geometria_tipo": "Punto" }, "geometry": { "type": "Point", "coordinates": [ -98.684972, 19.979639 ] } },
{ "type": "Feature", "properties": { "ID_OBRA": "1959_Zimapán", "No.": 1958.0, "Municipio": "Zimapán", "Rubro": "Espacios Educativos", "Ejercicio": 2022.0, "Obra": "Construcción De Taller De Computo De 1 E.e. En Estructura Regional (Zona Sísmica C Y D) Y Obra Exterior", "Localidad": "Aguas Blancas", "Inversión": 712045.09, "Habitantes.beneficiados": 105.0, "Ejecutora": null, "Trabajos": "FAMMD-22 13EMS0067J Centro De Educacion Media Superior A Distancia Aguas Blancas", "Geometria_tipo": "Punto" }, "geometry": { "type": "Point", "coordinates": [ -99.416667, 20.658889 ] } },
{ "type": "Feature", "properties": { "ID_OBRA": "1960_Zimapán", "No.": 1959.0, "Municipio": "Zimapán", "Rubro": "Espacios Educativos", "Ejercicio": 2022.0, "Obra": "Construcción De Un Plantel De Nueva Creación (1er Etapa), Que Consiste: Construcción De Un Módulo De 4 Aulas Didácticas, Estructura Regional (Zona Sísmica C Y D) 6.00 X 8.00 Mts., Construcción De Un Módulo De Dirección Con Sanitarios 6.50 X 8.00 Mts. Y", "Localidad": "Zimapan", "Inversión": 5074710.38, "Habitantes.beneficiados": 175.0, "Ejecutora": null, "Trabajos": "FAM 2022 13DPB0744Q Nueva Reforma", "Geometria_tipo": "Punto" }, "geometry": { "type": "Point", "coordinates": [ -99.393011, 20.744583 ] } },
{ "type": "Feature", "properties": { "ID_OBRA": "1956_Zimapán", "No.": 1955.0, "Municipio": "Zimapán", "Rubro": "Espacios Educativos", "Ejercicio": 2022.0, "Obra": "Instalación De Red Eléctrica Exterior Y Construcción De Andadores", "Localidad": "Aguas Blancas", "Inversión": 335523.28, "Habitantes.beneficiados": 105.0, "Ejecutora": null, "Trabajos": "FAMMD-22  (REMANENTES) 13EMS0067J Centro De Educacion Media Superior A Distancia Aguas Blancas", "Geometria_tipo": "Punto" }, "geometry": { "type": "Point", "coordinates": [ -99.416667, 20.658889 ] } },
{ "type": "Feature", "properties": { "ID_OBRA": "1482_Acatlán", "No.": 1481.0, "Municipio": "Acatlán", "Rubro": "Espacios Educativos", "Ejercicio": 2023.0, "Obra": "Construcción De Módulo De Sanitarios M-2, Construcción De Fosa Séptica, Construcción De Pozo De Absorción, Rehabilitación General De Módulo Atípico De Dos Aulas Y Bodega (Sustitución De Losa Por Multípanel) Y Obra Exterior, En La Primaria General Emiliano Zapata Con C.c.t. 13dpr2731a, Ubicada En La Localidad Barrio El Yolo, Municipio De Acatlán.", "Localidad": "Barrio El Yolo", "Inversión": 1336354.39, "Habitantes.beneficiados": 37.0, "Ejecutora": null, "Trabajos": "FAM 2023 13DPR2731A Emiliano Zapata", "Geometria_tipo": "Punto" }, "geometry": { "type": "Point", "coordinates": [ -98.40278, 20.309028 ] } },
{ "type": "Feature", "properties": { "ID_OBRA": "1488_Acaxochitlán", "No.": 1487.0, "Municipio": "Acaxochitlán", "Rubro": "Espacios Educativos", "Ejercicio": 2023.0, "Obra": "Construcción De Barda Perimetral (Primera Etapa) Y Acceso Principal En La Primaria General Emiliano Zapata Con C.c.t. 13dpr0123k, Ubicada En La Localidad De Ejido Techachalco, Municipio De Acaxochitlán.", "Localidad": "Ejido Techachalco", "Inversión": 1949365.27, "Habitantes.beneficiados": 31.0, "Ejecutora": null, "Trabajos": "FAM 2023 13DPR0123K Emiliano Zapata", "Geometria_tipo": "Punto" }, "geometry": { "type": "Point", "coordinates": [ -98.26661, 20.181858 ] } },
{ "type": "Feature", "properties": { "ID_OBRA": "1487_Acaxochitlán", "No.": 1486.0, "Municipio": "Acaxochitlán", "Rubro": "Espacios Educativos", "Ejercicio": 2023.0, "Obra": "Construcción De Barda Perimetral (Primera Etapa), Muro De Contención Y Acceso Principal En La Telesecundaria 766 Con C.c.t. 13dtv0766b, Ubicada En La Localidad De Tlamimilolpa Municipio De Acaxochitlan.", "Localidad": "Tlamimilolpa", "Inversión": 1995756.72, "Habitantes.beneficiados": 57.0, "Ejecutora": null, "Trabajos": "FAM 2023 13DTV0766B Telesecundaria 766", "Geometria_tipo": "Punto" }, "geometry": { "type": "Point", "coordinates": [ -98.21189, 20.132908 ] } },
{ "type": "Feature", "properties": { "ID_OBRA": "1500_Actopan", "No.": 1499.0, "Municipio": "Actopan", "Rubro": "Espacios Educativos", "Ejercicio": 2023.0, "Obra": "Construcción De Barda Perimetral Y Pórtico De Acceso, En La Escuela Primaria Miguel Hidalgo Con C.c.t. 13dpr1511i, Ubicada En La Localidad De Bothi Baji, Municipio De Actopan.", "Localidad": "Bothi Baji", "Inversión": 1347443.41, "Habitantes.beneficiados": 36.0, "Ejecutora": null, "Trabajos": "FAM 2023 13DPR1511I Miguel Hidalgo", "Geometria_tipo": "Punto" }, "geometry": { "type": "Point", "coordinates": [ -98.94687, 20.241058 ] } },
{ "type": "Feature", "properties": { "ID_OBRA": "1490_Actopan", "No.": 1489.0, "Municipio": "Actopan", "Rubro": "Espacios Educativos", "Ejercicio": 2023.0, "Obra": "Construcción De Techado En Cancha De Usos Múltiples, En El Colegio De Bachilleres Plantel Actopan, Con C.c.t. 13ecb0022g, Ubicada En La Localidad De El Daxtha, Municipio De Actopan.", "Localidad": "El Daxtha", "Inversión": 2693734.46, "Habitantes.beneficiados": 404.0, "Ejecutora": null, "Trabajos": "FAM 2023 13ECB0022G Colegio De Bachilleres Plantel Actopan", "Geometria_tipo": "Punto" }, "geometry": { "type": "Point", "coordinates": [ -98.97272, 20.279858 ] } },
{ "type": "Feature", "properties": { "ID_OBRA": "1494_Actopan", "No.": 1493.0, "Municipio": "Actopan", "Rubro": "Espacios Educativos", "Ejercicio": 2023.0, "Obra": "Construcción De Techado En Cancha De Usos Múltiples, En La Telesecundaria 442 Con C.c.t. 13dtv0378k, Ubicada En La Localidad De Actopan, Municipio De Actopan.", "Localidad": "Actopan", "Inversión": 2234782.18, "Habitantes.beneficiados": 452.0, "Ejecutora": null, "Trabajos": "FAM 2023 13DTV0378K Telesecundaria 442", "Geometria_tipo": "Punto" }, "geometry": { "type": "Point", "coordinates": [ -98.94676, 20.285469 ] } },
{ "type": "Feature", "properties": { "ID_OBRA": "1489_Actopan", "No.": 1488.0, "Municipio": "Actopan", "Rubro": "Espacios Educativos", "Ejercicio": 2023.0, "Obra": "Construcción De Techado En Cancha De Usos Múltiples, En La Telesecundaria 594 Con C.c.t. 13dtv0621g, Ubicada En La Localidad De El Boxtha, Municipio De Actopan.", "Localidad": "El Boxtha", "Inversión": 2734314.58, "Habitantes.beneficiados": 76.0, "Ejecutora": null, "Trabajos": "FAM 2023 13DTV0621G Telesecundaria 594", "Geometria_tipo": "Punto" }, "geometry": { "type": "Point", "coordinates": [ -98.97066, 20.257778 ] } },
{ "type": "Feature", "properties": { "ID_OBRA": "1492_Actopan", "No.": 1491.0, "Municipio": "Actopan", "Rubro": "Espacios Educativos", "Ejercicio": 2023.0, "Obra": "Reestructuración Y Reforzamiento De Techumbre En Patio Cívico, En La Telesecundaria Leonardo Ramírez Hernández Con C.c.t. 13dtv0263j, Ubicada En La Localidad De La Estancia, Municipio De Actopan.", "Localidad": "La Estancia", "Inversión": 1501346.58, "Habitantes.beneficiados": 98.0, "Ejecutora": null, "Trabajos": "FAM 2023 13DTV0263J Leonardo Ramirez Hernandez", "Geometria_tipo": "Punto" }, "geometry": { "type": "Point", "coordinates": [ -98.90782, 20.31195 ] } },
{ "type": "Feature", "properties": { "ID_OBRA": "1493_Actopan", "No.": 1492.0, "Municipio": "Actopan", "Rubro": "Espacios Educativos", "Ejercicio": 2023.0, "Obra": "Rehabilitacion De Modulo D De 7 E.e. En Estructura A-70 Para Adecuacion De Taller De Cómputo De 3 E.e. Y Laboratorio De Usos Multiples De 4 E.e., En El Centro De Estudios Centificos Y Tecnologicos Del Estado De Hidalgo Plantel Actopan Con C.c.t. 13etc0042j, Ubicado En La Localidad De Actopan Municipio De Actopan.", "Localidad": "Actopan", "Inversión": 1501059.27, "Habitantes.beneficiados": 230.0, "Ejecutora": null, "Trabajos": "FAM 2023 13ETC0042J Colegio De Estudios Cientificos Y Tecnologicos Del Estado De Hidalgo Plantel Actopan", "Geometria_tipo": "Punto" }, "geometry": { "type": "Point", "coordinates": [ -98.933103, 20.272981 ] } },
{ "type": "Feature", "properties": { "ID_OBRA": "1505_Ajacuba", "No.": 1504.0, "Municipio": "Ajacuba", "Rubro": "Espacios Educativos", "Ejercicio": 2023.0, "Obra": "Conexión En Media Y Baja Tensión De Transformador, Rehabillitación Eléctrica General Y Rehabilitación Eléctrica General Y Rehabilitación De Taller De Bebidas Y Alimentos En El Centro De Estudios Científicos Y Tecnológicos Del Estado De Hidalgo Plantel Huejutla Con C.c.t. 13etk0017k, Ubicado En La Localidad De Parque De Poblamiento Solidaridad, Municipio De Huejutla De Reyes.", "Localidad": "Ignacio Zaragoza", "Inversión": 1368385.16, "Habitantes.beneficiados": 48.0, "Ejecutora": null, "Trabajos": "FAM 2023 13ETK0017T Telebachillerato Comunitario Ignacio Zaragoza", "Geometria_tipo": "Punto" }, "geometry": { "type": "Point", "coordinates": [ -98.999899, 20.131609 ] } },
{ "type": "Feature", "properties": { "ID_OBRA": "1504_Ajacuba", "No.": 1503.0, "Municipio": "Ajacuba", "Rubro": "Espacios Educativos", "Ejercicio": 2023.0, "Obra": "Construcción De Aula Multisensorial De 2 E.e. Adosada, Estructura Regional (Zona Sismica C Y D) 12.00 X 8.00 Mts., Rehabilitación General De Instalación Eléctrica Y Obra Exterior, En El Cam 15 Con C.c.t. 13dml0015l, Ubicado En La Localidad De Ajacuba, Municipio De Ajacuba.", "Localidad": "Ajacuba", "Inversión": 1072496.48, "Habitantes.beneficiados": 30.0, "Ejecutora": null, "Trabajos": "FAM 2023 13DML0015L Centro De Atencion Multiple Num. 15", "Geometria_tipo": "Punto" }, "geometry": { "type": "Point", "coordinates": [ -99.13207, 20.09395 ] } },
{ "type": "Feature", "properties": { "ID_OBRA": "1507_Alfajayucan", "No.": 1506.0, "Municipio": "Alfajayucan", "Rubro": "Espacios Educativos", "Ejercicio": 2023.0, "Obra": "Construcción De Un Aula Didáctica Adosada, En Estructura Regional Zona Sísmica C Y D Y Obra Exterior, En El Centro De Educación Media Superior A Distancia Plantel Alfajayucan Con C.c.t. 13ems0047w, Ubicada En La Localidad De Alfajayucan, Municipio De Alfajayucan.", "Localidad": "Alfajayucan", "Inversión": 1120730.38, "Habitantes.beneficiados": 219.0, "Ejecutora": null, "Trabajos": "FAM 2023 13EMS0047W Centro De Educacion Media Superior A Distancia Alfajayucan", "Geometria_tipo": "Punto" }, "geometry": { "type": "Point", "coordinates": [ -99.352178, 20.406511 ] } },
{ "type": "Feature", "properties": { "ID_OBRA": "1509_Almoloya", "No.": 1508.0, "Municipio": "Almoloya", "Rubro": "Espacios Educativos", "Ejercicio": 2023.0, "Obra": "Demolición De Sanitarios Atípico, Construcción De Un Módulo De Sanitarios M-6 (Zona Sísmica C Y D) 6.50 X 5.30 Mts. Rehabilitación General De 1 Módulo De 4 Aulas, Estructura Hm, Con Sustitución De Cubierta De Lámina Multipanel, Construcción De Cisterna De Concreto De 5 M3 Y Obra Exterior, En La Primaria General Miguel Hidalgo Con C.c.t. 13dpr2162z, Ubicada En La Localidad De Rancho Nuevo, Municipio De Almoloya.", "Localidad": "Rancho Nuevo", "Inversión": 2690027.62, "Habitantes.beneficiados": 124.0, "Ejecutora": null, "Trabajos": "FAM 2023 13DPR2162Z Miguel Hidalgo", "Geometria_tipo": "Punto" }, "geometry": { "type": "Point", "coordinates": [ -98.279417, 19.747361 ] } },
{ "type": "Feature", "properties": { "ID_OBRA": "1510_Apan", "No.": 1509.0, "Municipio": "Apan", "Rubro": "Espacios Educativos", "Ejercicio": 2023.0, "Obra": "Demolición De Módulo Atípico De 3 Niveles, Construcción De 1 Módulo De 3 Niveles, Estructura U3-C, De 10 E.e., Que Comprende P.b.: Módulo De Sanitarios De 2 E.e., Aula Didáctica De 3 E.e., Escaleras, Taller De Electricidad De 4 E.e., Primer Nivel: 2 Aulas Didácticas De 2.5 E.e., Escaleras, Laboratorio De Ofimática De 4 E.e.; Segundo Nivel: 2 Aulas Didácticas De 2.5 E.e., Escaleras, Laboratorio De Diseño Arquitectónico De 4 E.e. Y Obra Exterior, En La Secundaria General Miguel Hidalgo Con C.c.t. 13des0063f, Ubicada En La Localidad De Apan, Municipio De Apan.", "Localidad": "Apan", "Inversión": 9956529.55, "Habitantes.beneficiados": 552.0, "Ejecutora": null, "Trabajos": "FAM 2023 13DES0063F Miguel Hidalgo", "Geometria_tipo": "Punto" }, "geometry": { "type": "Point", "coordinates": [ -98.451247, 19.710861 ] } },
{ "type": "Feature", "properties": { "ID_OBRA": "1517_Apan", "No.": 1516.0, "Municipio": "Apan", "Rubro": "Espacios Educativos", "Ejercicio": 2023.0, "Obra": "Demolición De Módulo Atípico Existente, Construcción De Un Módulo De 4 E.e., En Estructura U2-C, Que Comprende: Laboratorio De Computo De 4 E.e. En Planta Baja; 2 Aulas Didácticas De 2 E.e. C/U En Planta Alta, Escaleras Y Obra Exterior, En La Primaria Juan A. Hernández Con C.c.t. 13dpr2152t, Ubicada En La Localidad De Apan, Municipio De Apan.", "Localidad": "Apan", "Inversión": 3261829.61, "Habitantes.beneficiados": 216.0, "Ejecutora": null, "Trabajos": "FAM 2023 13DPR2152T Juan A. Hernandez", "Geometria_tipo": "Punto" }, "geometry": { "type": "Point", "coordinates": [ -98.453222, 19.704442 ] } },
{ "type": "Feature", "properties": { "ID_OBRA": "1521_Atitalaquia", "No.": 1520.0, "Municipio": "Atitalaquia", "Rubro": "Espacios Educativos", "Ejercicio": 2023.0, "Obra": "Rehabilitación General De Dos Módulos De Aulas Didácticas Y Rehabilitación General De Dos Talleres Con Sustitución De Lámina Multipanel, En La Escuela Secundaria Técnica 13 Con C.c.t. 13dst0013q, Ubicada En La Localidad De Atitalaquia, Municipio De Atitalaquia.", "Localidad": "Atitalaquia", "Inversión": 2977797.62, "Habitantes.beneficiados": 628.0, "Ejecutora": null, "Trabajos": "FAM 2023 13DST0013Q Escuela Secundaria Tecnica 13", "Geometria_tipo": "Punto" }, "geometry": { "type": "Point", "coordinates": [ -99.222003, 20.062278 ] } },
{ "type": "Feature", "properties": { "ID_OBRA": "1525_Atlapexco", "No.": 1524.0, "Municipio": "Atlapexco", "Rubro": "Espacios Educativos", "Ejercicio": 2023.0, "Obra": "Construcción De Barda Perimetral De 3.00 M Altura En El Plantel Cuauhtémoc Con C.c.t. 13dpb0405r Ubicado En La Localidad De Cochiscoatitla Del Municipio De Atlapexco, Estado De Hidalgo.", "Localidad": "Cochiscuatitla", "Inversión": 391053.11, "Habitantes.beneficiados": 57.0, "Ejecutora": null, "Trabajos": "FAM 2023 13DPB0405R Cuauhtemoc", "Geometria_tipo": "Punto" }, "geometry": { "type": "Point", "coordinates": [ -98.39354, 20.995378 ] } },
{ "type": "Feature", "properties": { "ID_OBRA": "1524_Atlapexco", "No.": 1523.0, "Municipio": "Atlapexco", "Rubro": "Espacios Educativos", "Ejercicio": 2023.0, "Obra": "Rehabilitación General De 4 Módulos; A, De 3 Aulas Didácticas Con Sustitución De Cubierta De Lámina Multipanel, Estructura Regional 6.00 X 8.00 Mts.; B, 2 Aulas Atípicas; C, Dirección Y Aula Didáctica, Estructura Regional Ligera 5.30 X 6.00 Mts.; D, Sanitarios, Estructura Regional 6.00 X 8.00 Mts., Y Obra Exterior En La Primaria General Héroes De Chapultepec Con C.c.t. 13dpr1320s, Ubicada En La Localidad De Tecolotitla, Municipio De Atlapexco.", "Localidad": "Tecolotitla", "Inversión": 2885179.09, "Habitantes.beneficiados": 91.0, "Ejecutora": null, "Trabajos": "FAM 2023 13DPR1320S Heroes De Chapultepec", "Geometria_tipo": "Punto" }, "geometry": { "type": "Point", "coordinates": [ -98.363, 21.004419 ] } },
{ "type": "Feature", "properties": { "ID_OBRA": "1526_Atotonilco de Tula", "No.": 1525.0, "Municipio": "Atotonilco de Tula", "Rubro": "Espacios Educativos", "Ejercicio": 2023.0, "Obra": "Construccion De Muro De Contencion Y Reforzamiento Estructural De Andadores De Entrepiso De Dos Modulos En La Escuela Primaria General Jaime Torres Bodet, Con C.c.t. 13dpr2978t, Ubicado En La Localidad De Paseos De La Pradera, Municipio De Atotonilco De Tula.", "Localidad": "Paseos De La Pradera", "Inversión": 2644800.0, "Habitantes.beneficiados": 331.0, "Ejecutora": null, "Trabajos": "FAM 2023 13DPR2978T Jaime Torres Bodet", "Geometria_tipo": "Punto" }, "geometry": { "type": "Point", "coordinates": [ -99.231269, 19.898803 ] } },
{ "type": "Feature", "properties": { "ID_OBRA": "1540_Atotonilco de Tula", "No.": 1539.0, "Municipio": "Atotonilco de Tula", "Rubro": "Espacios Educativos", "Ejercicio": 2023.0, "Obra": "Construcción De Dos Aulas Didácticas, Estructura Regional (Zona Sismica C Y D) 6.00 X 8.00 Mts. C/U Y Obra Exterior, En El Preescolar General Celestin Freinet Con C.c.t. 13djn0848w, Ubicado En La Localidad De Real De Castilla, Municipio De Atotonilco De Tula.", "Localidad": "Real Castilla", "Inversión": 1655552.6, "Habitantes.beneficiados": 130.0, "Ejecutora": null, "Trabajos": "FAM 2023 13DJN0848W Celestin Freinet", "Geometria_tipo": "Punto" }, "geometry": { "type": "Point", "coordinates": [ -99.230036, 19.933944 ] } },
{ "type": "Feature", "properties": { "ID_OBRA": "1538_Atotonilco de Tula", "No.": 1537.0, "Municipio": "Atotonilco de Tula", "Rubro": "Espacios Educativos", "Ejercicio": 2023.0, "Obra": "Construcción De Dos Aulas Didácticas, Estructura Regional (Zona Sismica C Y D) 6.00 X 8.00 Mts. C/U Y Obra Exterior, En La Primaria General Frida Kahlo Con C.c.t. 13dpr0779g, Ubicada En La Localidad De Real Castilla, Municipio De Atotonilco De Tula.", "Localidad": "Real Castilla", "Inversión": 1196738.51, "Habitantes.beneficiados": 260.0, "Ejecutora": null, "Trabajos": "FAM 2023 13DPR0779G Frida Kahlo", "Geometria_tipo": "Punto" }, "geometry": { "type": "Point", "coordinates": [ -99.229719, 19.933819 ] } },
{ "type": "Feature", "properties": { "ID_OBRA": "1534_Atotonilco de Tula", "No.": 1533.0, "Municipio": "Atotonilco de Tula", "Rubro": "Espacios Educativos", "Ejercicio": 2023.0, "Obra": "Construcción De Dos Aulas Didácticas, Estructura U1-C De 2.5 E.e. C/U Y Obra Exterior, En La Secundaria Técnica 51 Con C.c.t. 13dst0037z, Ubicada En La Localidad De Conejos, Municipio De Atotonilco De Tula.", "Localidad": "Conejos", "Inversión": 1729872.59, "Habitantes.beneficiados": 532.0, "Ejecutora": null, "Trabajos": "FAM 2023 13DST0037Z Escuela Secundaria Tecnica 51", "Geometria_tipo": "Punto" }, "geometry": { "type": "Point", "coordinates": [ -99.2427, 19.966819 ] } },
{ "type": "Feature", "properties": { "ID_OBRA": "1535_Atotonilco de Tula", "No.": 1534.0, "Municipio": "Atotonilco de Tula", "Rubro": "Espacios Educativos", "Ejercicio": 2023.0, "Obra": "Construcción De Techado En Cancha De Usos Múltiples En La Escuela Secundaria Técnica 73, Con C.c.t. 13dst0078z, Ubicada En La Localidad De Paseos De La Pradera, Municipio De Atotonilco De Tula.", "Localidad": "Paseos De La Pradera", "Inversión": 2615184.04, "Habitantes.beneficiados": 557.0, "Ejecutora": null, "Trabajos": "FAM 2023 13DST0078Z Escuela Secundaria Tecnica 73", "Geometria_tipo": "Punto" }, "geometry": { "type": "Point", "coordinates": [ -99.238167, 19.891036 ] } },
{ "type": "Feature", "properties": { "ID_OBRA": "1536_Atotonilco de Tula", "No.": 1535.0, "Municipio": "Atotonilco de Tula", "Rubro": "Espacios Educativos", "Ejercicio": 2023.0, "Obra": "Construcción De Techado En Cancha De Usos Múltiples En La Telesecundaria 387 Con C.c.t. 13dtv0329b, Ubicada En La Localidad De San José Acoculco, Municipio De Atotonilco De Tula.", "Localidad": "San Jose Acoculco", "Inversión": 2380544.43, "Habitantes.beneficiados": 79.0, "Ejecutora": null, "Trabajos": "FAM 2023 13DTV0329B Telesecundaria 387", "Geometria_tipo": "Punto" }, "geometry": { "type": "Point", "coordinates": [ -99.29556, 19.971569 ] } },
{ "type": "Feature", "properties": { "ID_OBRA": "1532_Atotonilco de Tula", "No.": 1531.0, "Municipio": "Atotonilco de Tula", "Rubro": "Espacios Educativos", "Ejercicio": 2023.0, "Obra": "Construcción De Techado En Cancha De Usos Múltiples, En La Telesecundaria 655 Con C.c.t. 13dtv0275o, Ubicada En La Localidad De El Pedregal, Municipio De Atotonilco De Tula.", "Localidad": "El Pedregal", "Inversión": 2468670.68, "Habitantes.beneficiados": 262.0, "Ejecutora": null, "Trabajos": "FAM 2023 13DTV0275O Telesecundaria 655", "Geometria_tipo": "Punto" }, "geometry": { "type": "Point", "coordinates": [ -99.2335, 19.934458 ] } },
{ "type": "Feature", "properties": { "ID_OBRA": "1543_Atotonilco el Grande", "No.": 1542.0, "Municipio": "Atotonilco el Grande", "Rubro": "Espacios Educativos", "Ejercicio": 2023.0, "Obra": "Construcción De Techado En Cancha De Usos Múltiples, En La Primaria Nicolas Bravo Con C.c.t. 13dpr1988t, Ubicada En La Localidad De Apipilhuasco, Municipio De Atotonilco El Grande.", "Localidad": "Apipilhuasco", "Inversión": 2363363.17, "Habitantes.beneficiados": 144.0, "Ejecutora": null, "Trabajos": "FAM 2023 13DPR1988T Nicolas Bravo", "Geometria_tipo": "Punto" }, "geometry": { "type": "Point", "coordinates": [ -98.631614, 20.308394 ] } },
{ "type": "Feature", "properties": { "ID_OBRA": "1541_Atotonilco el Grande", "No.": 1540.0, "Municipio": "Atotonilco el Grande", "Rubro": "Espacios Educativos", "Ejercicio": 2023.0, "Obra": "Rehabilitación General De Aula Didáctica, Estructura Regional Ligera De 6.00 X 6.00 Mts. Y Loseta En Aula Didáctica Atípica Y Obra Exterior, En El Preescolar General Revolución Educativa Con C.c.t. 13djn0803z, Ubicado En La Localidad De Apipilhuasco, Municipio De Atotonilco El Grande.", "Localidad": "Apipilhuasco", "Inversión": 326973.2, "Habitantes.beneficiados": 12.0, "Ejecutora": null, "Trabajos": "FAM 2023 13DJN0803Z Revolucion Educativa", "Geometria_tipo": "Punto" }, "geometry": { "type": "Point", "coordinates": [ -98.63075, 20.309289 ] } },
{ "type": "Feature", "properties": { "ID_OBRA": "1545_Atotonilco el Grande", "No.": 1544.0, "Municipio": "Atotonilco el Grande", "Rubro": "Espacios Educativos", "Ejercicio": 2023.0, "Obra": "Rehabilitación General De Módulo De Sanitarios, Estructura Regional 6.00 X 8.00 Mts. Y Obra Exterior, En La Primaria General Lic. Isaac Piña Pérez, Con C.c.t. 13dpr1785y, Ubicada En La Localidad De Atotonilco, Municipio De Atotonilco El Grande.", "Localidad": "Atotonilco El Grande", "Inversión": 502170.99, "Habitantes.beneficiados": 332.0, "Ejecutora": null, "Trabajos": "FAM 2023 13DPR1785Y Lic. Isaac Piña Perez", "Geometria_tipo": "Punto" }, "geometry": { "type": "Point", "coordinates": [ -98.673431, 20.287119 ] } },
{ "type": "Feature", "properties": { "ID_OBRA": "1547_Calnali", "No.": 1546.0, "Municipio": "Calnali", "Rubro": "Espacios Educativos", "Ejercicio": 2023.0, "Obra": "Construcción De Cisterna De 10 M3, Rehabilitación General De 3 Módulos De Aulas (A, B Y C), En Modulo A Con Sustitución De Cubierta De Lámina Multipanel Y Obra Exterior, En La Primaria General Emiliano Zapata Con C.c.t. 13dpr2130h, Ubicada En La Localidad De Pezmatlan, Municipio De Calnali.", "Localidad": "Pezmatlan", "Inversión": 1951770.09, "Habitantes.beneficiados": 77.0, "Ejecutora": null, "Trabajos": "FAM 2023 13DPR2130H Emiliano Zapata", "Geometria_tipo": "Punto" }, "geometry": { "type": "Point", "coordinates": [ -98.54546, 20.896 ] } },
{ "type": "Feature", "properties": { "ID_OBRA": "1550_Cardonal", "No.": 1549.0, "Municipio": "Cardonal", "Rubro": "Espacios Educativos", "Ejercicio": 2023.0, "Obra": "Construcción De Barda Perimetral Y Construcción De Pórtico De Acceso, En La Telesecundaria 101 Con C.c.t. 13dtv0101y, Ubicada En La Localidad De San Antonio Sabanillas, Municipio De Cardonal.", "Localidad": "San Antonio Sabanillas", "Inversión": 3458479.77, "Habitantes.beneficiados": 41.0, "Ejecutora": null, "Trabajos": "FAM 2023 13DTV0101Y Telesecundaria 101", "Geometria_tipo": "Punto" }, "geometry": { "type": "Point", "coordinates": [ -99.13389, 20.583878 ] } },
{ "type": "Feature", "properties": { "ID_OBRA": "1555_Cardonal", "No.": 1554.0, "Municipio": "Cardonal", "Rubro": "Espacios Educativos", "Ejercicio": 2023.0, "Obra": "Construcción De Techado En Cancha De Usos Múltiples, En La Primaria Índigena Progreso Con C.c.t. 13dpb0224h Ubicada En La Localidad De El Sauz (Juxmaye), Municipio De Cardonal.", "Localidad": "El Sauz (Juxmaye)", "Inversión": 2732982.62, "Habitantes.beneficiados": 58.0, "Ejecutora": null, "Trabajos": "FAM 2023 13DPB0224H Progreso", "Geometria_tipo": "Punto" }, "geometry": { "type": "Point", "coordinates": [ -99.08444, 20.586539 ] } },
{ "type": "Feature", "properties": { "ID_OBRA": "1552_Cardonal", "No.": 1551.0, "Municipio": "Cardonal", "Rubro": "Espacios Educativos", "Ejercicio": 2023.0, "Obra": "Construcción De Techado En Cancha De Usos Múltiples, En La Secundaria Tecnica 20 Con C.c.t. 13dst0020z, Ubicada En La Localidad De Miguel Tlazintla, Municipio De Cardonal.", "Localidad": "San Miguel Tlazintla", "Inversión": 2738500.94, "Habitantes.beneficiados": 103.0, "Ejecutora": null, "Trabajos": "FAM 2023 13DST0020Z Escuela Secundaria Tecnica 20", "Geometria_tipo": "Punto" }, "geometry": { "type": "Point", "coordinates": [ -99.08721, 20.630978 ] } },
{ "type": "Feature", "properties": { "ID_OBRA": "1572_Chapulhuacán", "No.": 1571.0, "Municipio": "Chapulhuacán", "Rubro": "Espacios Educativos", "Ejercicio": 2023.0, "Obra": "Construcción De 1 Modulo De 3 Niveles, Estructura U3-C, De 9 E.e., Que Comprende P.b.: 4 Aulas Didácticas De 2 E.e. C/U, Escaleras; Primer Nivel: 4 Aulas Didácticas De 2 E.e. C/U, Escaleras; Segundo Nivel: 4 Aulas Didácticas De 2 E.e. C/U, Escaleras Y Obra Exterior, En La Primaria Benito Juárez Con C.c.t. 13dpr2456m, Ubicada En La Localidad De Chapulhuacán, Municipio De Chapulhuacán.", "Localidad": "Chapulhuacan", "Inversión": 9167393.39, "Habitantes.beneficiados": 452.0, "Ejecutora": null, "Trabajos": "FAM 2023 13DPR2456M Benito Juarez", "Geometria_tipo": "Punto" }, "geometry": { "type": "Point", "coordinates": [ -98.904769, 21.155192 ] } },
{ "type": "Feature", "properties": { "ID_OBRA": "1571_Chapulhuacán", "No.": 1570.0, "Municipio": "Chapulhuacán", "Rubro": "Espacios Educativos", "Ejercicio": 2023.0, "Obra": "Construcción De Módulo De Sanitarios M-4, Estructura Regional (Zona Sismica C Y D), Construcción De Cisterna De Concreto De 5 M3, Construcción De Fosa Séptica, Pozo De Absorción, Rehabilitación General Y Sustitución De Lámina A Cubierta De Lámina Multipanel De Un Aula Y Obra Exterior, En La Primaria Manuel Ávila Camacho Con C.c.t. 13dpr1141g, Ubicada En La Localidad De Soledad Del Coyol, Municipio De Chapulhuacán.", "Localidad": "Soledad Del Coyol", "Inversión": 1954258.58, "Habitantes.beneficiados": 55.0, "Ejecutora": null, "Trabajos": "FAM 2023 13DPR1141G Manuel Avila Camacho", "Geometria_tipo": "Punto" }, "geometry": { "type": "Point", "coordinates": [ -98.954611, 21.073778 ] } },
{ "type": "Feature", "properties": { "ID_OBRA": "1576_Chapulhuacán", "No.": 1575.0, "Municipio": "Chapulhuacán", "Rubro": "Espacios Educativos", "Ejercicio": 2023.0, "Obra": "Construcción De Módulo De Sanitarios M-4, Estructura Regional (Zona Sísmica C Y D), Construcción De Cisterna De 10 M3, Construcción De Fosa Séptica, Pozo De Absorción Y Obra Exterior, En La Telesecundaria 748 Con C.c.t. 13dtv0748m, Ubicada En La Localidad De La Mesa, Municipio De Chapulhuacán.", "Localidad": "La Mesa", "Inversión": 1179967.93, "Habitantes.beneficiados": 55.0, "Ejecutora": null, "Trabajos": "FAM 2023 13DTV0748M Telesecundaria 748", "Geometria_tipo": "Punto" }, "geometry": { "type": "Point", "coordinates": [ -98.888944, 21.134861 ] } },
{ "type": "Feature", "properties": { "ID_OBRA": "1570_Chapulhuacán", "No.": 1569.0, "Municipio": "Chapulhuacán", "Rubro": "Espacios Educativos", "Ejercicio": 2023.0, "Obra": "Construcción De Tres Aulas Didácticas De 2 E.e. En Planta Alta, Módulo De Escaleras, En Estructura U2-C Y Obra Exterior, En El Centro De Educación Media Superior A Distancia Plantel Chapulhuacán Con C.c.t. 13ems0086y, Ubicada En La Localidad De Chapulhuacán, Municipio De Chapulhuacán.", "Localidad": "Chapulhuacan", "Inversión": 2220396.45, "Habitantes.beneficiados": 201.0, "Ejecutora": null, "Trabajos": "FAM 2023 13EMS0086Y Centro De Educacion Media Superior A Distancia Chapulhuacan", "Geometria_tipo": "Punto" }, "geometry": { "type": "Point", "coordinates": [ -98.904828, 21.159972 ] } },
{ "type": "Feature", "properties": { "ID_OBRA": "1560_Chapulhuacán", "No.": 1559.0, "Municipio": "Chapulhuacán", "Rubro": "Espacios Educativos", "Ejercicio": 2023.0, "Obra": "Construcción De Un Aula Didáctica De 1 E.e. Estructura Regional (Zona Sísmica C Y D) 6.00 X 5.30 Mts., Y Obra Exterior, En El Preescolar Leona Vicario Con C.c.t. 13dcc0102s, Ubicado En La Localidad De Tetlalpan, Municipio De Chapulhuacan.", "Localidad": "Tetlalpan", "Inversión": 634760.21, "Habitantes.beneficiados": 34.0, "Ejecutora": null, "Trabajos": "FAM 2023 13DCC0102S Leona Vicario", "Geometria_tipo": "Punto" }, "geometry": { "type": "Point", "coordinates": [ -98.857139, 21.181331 ] } },
{ "type": "Feature", "properties": { "ID_OBRA": "1574_Chapulhuacán", "No.": 1573.0, "Municipio": "Chapulhuacán", "Rubro": "Espacios Educativos", "Ejercicio": 2023.0, "Obra": "Construcción De Un Aula Didáctica, Estructura Regional 6.00 X 5.30 Mts. Obra Exerior, En El Jardín De Niños Topiltzin Con C.c.t. 13djn1342n, Ubicado En La Localidad De Chapulhuacán, Municipio De Chapulhuacán.", "Localidad": "Chapulhuacan", "Inversión": 643807.89, "Habitantes.beneficiados": 78.0, "Ejecutora": null, "Trabajos": "FAM 2023 13DJN1342N Topiltzin", "Geometria_tipo": "Punto" }, "geometry": { "type": "Point", "coordinates": [ -98.901639, 21.15525 ] } },
{ "type": "Feature", "properties": { "ID_OBRA": "1564_Chapulhuacán", "No.": 1563.0, "Municipio": "Chapulhuacán", "Rubro": "Espacios Educativos", "Ejercicio": 2023.0, "Obra": "Demolición De Módulo De Sanitarios Atípicos, Construcción De Módulo De Sanitarios M-4, Estructura Regional (Zona Sísmica C Y D), Construcción De Fosa Séptica Y Pozo De Absorción Y Obra Exterior, En La Telesecundaria 702 Con C.c.t. 13dtv0702r, Ubicada En La Localidad De Palomas, Municipio De Chapulhuacán.", "Localidad": "Palomas", "Inversión": 1168894.73, "Habitantes.beneficiados": 19.0, "Ejecutora": null, "Trabajos": "FAM 2023 13DTV0702R Telesecundaria 702", "Geometria_tipo": "Punto" }, "geometry": { "type": "Point", "coordinates": [ -99.022417, 21.080917 ] } },
{ "type": "Feature", "properties": { "ID_OBRA": "1568_Chapulhuacán", "No.": 1567.0, "Municipio": "Chapulhuacán", "Rubro": "Espacios Educativos", "Ejercicio": 2023.0, "Obra": "Desmantelamiento De Aula Prefabricada, Construcción De Un Aula, Estructura Regional (Zona Sísmica C Y D) De 6.00 X 8.00 Mts., Y Obra Exterior, En La Telesecundaria 767 Con C.c.t. 13dtv0767a, Ubicada En La Localidad De La Loma, Municipio De Chapulhuacan.", "Localidad": "La Loma", "Inversión": 691429.99, "Habitantes.beneficiados": 27.0, "Ejecutora": null, "Trabajos": "FAM 2023 13DTV0767A Telesecundaria 767", "Geometria_tipo": "Punto" }, "geometry": { "type": "Point", "coordinates": [ -98.922972, 21.178 ] } },
{ "type": "Feature", "properties": { "ID_OBRA": "1559_Chapulhuacán", "No.": 1558.0, "Municipio": "Chapulhuacán", "Rubro": "Espacios Educativos", "Ejercicio": 2023.0, "Obra": "Rehabilitación De Un Aula Didáctica Adosada, Estructura Regional Ligera, Con Sustitución De Cubierta De Lámina Multipanel Y Obra Exterior, En La Primaria General Josefa Ortiz De Domínguez Con C.c.t. 13dpr1901y, Ubicada En La Localidad De El Coyol, Municipio De Chapulhuacan.", "Localidad": "El Coyol", "Inversión": 499910.24, "Habitantes.beneficiados": 78.0, "Ejecutora": null, "Trabajos": "FAM 2023 13DPR1901Y Josefa Ortiz De Dominguez", "Geometria_tipo": "Punto" }, "geometry": { "type": "Point", "coordinates": [ -99.00075, 21.061278 ] } },
{ "type": "Feature", "properties": { "ID_OBRA": "1566_Chapulhuacán", "No.": 1565.0, "Municipio": "Chapulhuacán", "Rubro": "Espacios Educativos", "Ejercicio": 2023.0, "Obra": "Rehabilitación General De Un Modulo De 3 E.e. (Dirección Anexo Con Sanitarios Y Dos Aulas Didácticas), Estructura Regional, Rehabilitación General Un Modulo De Dos Aulas Didácticas Estructura Regional Y Obra Exterior, En La Telesecundaria 26 Con C.c.t. 13dtv0026h, Ubicada En La Localidad De Santa Ana De Allende, Municipio De Chapulhuacán.", "Localidad": "Santa Ana De Allende", "Inversión": 996351.05, "Habitantes.beneficiados": 200.0, "Ejecutora": null, "Trabajos": "FAM 2023 13DTV0026H Telesecundaria 26", "Geometria_tipo": "Punto" }, "geometry": { "type": "Point", "coordinates": [ -98.986278, 21.130942 ] } },
{ "type": "Feature", "properties": { "ID_OBRA": "1565_Chapulhuacán", "No.": 1564.0, "Municipio": "Chapulhuacán", "Rubro": "Espacios Educativos", "Ejercicio": 2023.0, "Obra": "Rehabilitación General De Un Módulo Atípico De Un Aula De Cómputo Y Anexo; Demolición Y Construcción De Cisterna De 10 M3, En La Primaria Justo Sierra Con C.c.t. 13dpr1936n, Ubicada En La Localidad De Palomas, Municipio De Chapulhuacan.", "Localidad": "Palomas", "Inversión": 845751.95, "Habitantes.beneficiados": 28.0, "Ejecutora": null, "Trabajos": "FAM 2023 13DPR1936N Justo Sierra", "Geometria_tipo": "Punto" }, "geometry": { "type": "Point", "coordinates": [ -99.027333, 21.07775 ] } },
{ "type": "Feature", "properties": { "ID_OBRA": "1575_Chapulhuacán", "No.": 1574.0, "Municipio": "Chapulhuacán", "Rubro": "Espacios Educativos", "Ejercicio": 2023.0, "Obra": "Rehabilitación General De Un Módulo Estructura Hm De 8 E.e., Que Contempla 4 Aulas, Con Sustitución De Lámina A Lamina Multipanel, Reforzamiento De Muro De Contención Y Obra Exterior, En La Primaria Revolucion Con C.c.t. 13dpr2180p, Ubicada En La Localidad De San Rafael, Municipio De Chapulhuacan.", "Localidad": "San Rafael", "Inversión": 1437831.85, "Habitantes.beneficiados": 79.0, "Ejecutora": null, "Trabajos": "FAM 2023 13DPR2180P Revolucion", "Geometria_tipo": "Punto" }, "geometry": { "type": "Point", "coordinates": [ -98.936306, 21.1145 ] } },
{ "type": "Feature", "properties": { "ID_OBRA": "1584_Chilcuautla", "No.": 1583.0, "Municipio": "Chilcuautla", "Rubro": "Espacios Educativos", "Ejercicio": 2023.0, "Obra": "Construcción De Area Administrativa De 4 E.e. En Estructura U2-C Y Obra Exterior En El Centro De Estudios Cientificos Y Tecnologicos Del Estado De Hidalgo Plantel Chilcuautla Con C.c.t. 13etc0029p Ubicado En La Localidad De Tunititlan Municipio De Chilcuautla.", "Localidad": "Tunititlan", "Inversión": 2155367.17, "Habitantes.beneficiados": 245.0, "Ejecutora": null, "Trabajos": "FAM 2023 13ETC0029P Colegio De Estudios Cientificos Y Tecnologicos Del Estado De Hidalgo Plantel Chilcuautla", "Geometria_tipo": "Punto" }, "geometry": { "type": "Point", "coordinates": [ -99.24569, 20.2549 ] } },
{ "type": "Feature", "properties": { "ID_OBRA": "1586_Chilcuautla", "No.": 1585.0, "Municipio": "Chilcuautla", "Rubro": "Espacios Educativos", "Ejercicio": 2023.0, "Obra": "Construcción De Muro De Contención Con Estabilización De Talud (Zampeado), En La Telesecundaria No. 109 Con C.c.t. 13dtv0438i, Ubicada En La Localidad De El Bethi, Municipio De Chilcuautla.", "Localidad": "El Bethi", "Inversión": 2813827.9, "Habitantes.beneficiados": 72.0, "Ejecutora": null, "Trabajos": "FAM 2023 13DTV0438I Telesecundaria 109", "Geometria_tipo": "Punto" }, "geometry": { "type": "Point", "coordinates": [ -99.22814, 20.39085 ] } },
{ "type": "Feature", "properties": { "ID_OBRA": "1578_Chilcuautla", "No.": 1577.0, "Municipio": "Chilcuautla", "Rubro": "Espacios Educativos", "Ejercicio": 2023.0, "Obra": "Construcción De Techado En Cancha De Usos Múltiples, En El Telebachillerato Comunitario Plantel El Bethi, Con C.c.t. 13etk0036h Ubicado En La Localidad De El Bethi, Municipio De Chilcuautla.", "Localidad": "El Bethi", "Inversión": 2736691.02, "Habitantes.beneficiados": 36.0, "Ejecutora": null, "Trabajos": "FAM 2023 13ETK0036H Telebachillerato Comunitario El Bethi", "Geometria_tipo": "Punto" }, "geometry": { "type": "Point", "coordinates": [ -99.229234, 20.394095 ] } },
{ "type": "Feature", "properties": { "ID_OBRA": "1582_Chilcuautla", "No.": 1581.0, "Municipio": "Chilcuautla", "Rubro": "Espacios Educativos", "Ejercicio": 2023.0, "Obra": "Rehabilitación General De Un Taller De Diseño Arquitectónico, Estructura Atípica, En La Escuela Secundaria Francisco González Bocanegra Con C.c.t. 13des0002s, Ubicada En La Localidad De Santa Ana Batha, Municipio De Chilcuautla.", "Localidad": "Santa Ana Batha", "Inversión": 605386.6, "Habitantes.beneficiados": 405.0, "Ejecutora": null, "Trabajos": "FAM 2023 13DES0002S Francisco Gonzalez Bocanegra", "Geometria_tipo": "Punto" }, "geometry": { "type": "Point", "coordinates": [ -99.19144, 20.377789 ] } },
{ "type": "Feature", "properties": { "ID_OBRA": "1596_Francisco I. Madero", "No.": 1595.0, "Municipio": "Francisco I. Madero", "Rubro": "Espacios Educativos", "Ejercicio": 2023.0, "Obra": "Construcción De Aula Didactica, Estructura Regional (Zona Sismica C Y D) 6.00 X 8.00 Mts., Rehabilitación General De Módulo De Sanitarios En Estructura U1-C De 2 E.e., Rehabilitación General De Módulo Atípico Existente (Aula Didactica Y Dirección) Y Obra Exterior, En La Primaria General Javier Rojo Gómez Con C.c.t. 13dpr2077c Ubicada En La Localidad De La Mora, Municipio De Francisco I. Madero.", "Localidad": "La Mora", "Inversión": 2196291.75, "Habitantes.beneficiados": 61.0, "Ejecutora": null, "Trabajos": "FAM 2023 13DPR2077C Javier Rojo Gomez", "Geometria_tipo": "Punto" }, "geometry": { "type": "Point", "coordinates": [ -99.09141, 20.259639 ] } },
{ "type": "Feature", "properties": { "ID_OBRA": "1597_Francisco I. Madero", "No.": 1596.0, "Municipio": "Francisco I. Madero", "Rubro": "Espacios Educativos", "Ejercicio": 2023.0, "Obra": "Construcción De Techado En Cancha De Usos Múltiples, En La Telesecundaria 471 Con C.c.t. 13dtv0512z, Ubicada En La Localidad De Lázaro Cárdenas (El Mexe) [Colonia] Municipio De Francisco I. Madero.", "Localidad": "Lazaro Cardenas (El Mexe) [Colonia]", "Inversión": 2471250.08, "Habitantes.beneficiados": 133.0, "Ejecutora": null, "Trabajos": "FAM 2023 13DTV0512Z Telesecundaria 471", "Geometria_tipo": "Punto" }, "geometry": { "type": "Point", "coordinates": [ -99.09447, 20.224839 ] } },
{ "type": "Feature", "properties": { "ID_OBRA": "1602_Huautla", "No.": 1601.0, "Municipio": "Huautla", "Rubro": "Espacios Educativos", "Ejercicio": 2023.0, "Obra": "Construcción De Taller De Cómputo De 2 E.e. Marco Rígido, En Estructura Regional, Zona Sísmica C Y D Y Obra Exterior, En El Centro De Educación Media Superior A Distancia Plantel Acatepec Con C.c.t. 13ems0072v, Ubicada En La Localidad De Acatepec, Municipio De Huautla.", "Localidad": "Acatepec", "Inversión": 1704611.44, "Habitantes.beneficiados": 88.0, "Ejecutora": null, "Trabajos": "FAM 2023 13EMS0072V Centro De Educacion Media Superior A Distancia Acatepec", "Geometria_tipo": "Punto" }, "geometry": { "type": "Point", "coordinates": [ -98.273333, 20.952222 ] } },
{ "type": "Feature", "properties": { "ID_OBRA": "1606_Huehuetla", "No.": 1605.0, "Municipio": "Huehuetla", "Rubro": "Espacios Educativos", "Ejercicio": 2023.0, "Obra": "Construcción De Muro De Contención En El Plantel Telesecundaria 591 Con C.c.t. 13dtv0596y Ubicado En La Localidad San Gregorio, Municipio De Huehuetla, Estado De Hidalgo.", "Localidad": "San Gregorio", "Inversión": 707774.05, "Habitantes.beneficiados": 54.0, "Ejecutora": null, "Trabajos": "FAM 2023 13DTV0596Y Telesecundaria 591", "Geometria_tipo": "Punto" }, "geometry": { "type": "Point", "coordinates": [ -98.01868, 20.495908 ] } },
{ "type": "Feature", "properties": { "ID_OBRA": "1614_Huejutla de Reyes", "No.": 1613.0, "Municipio": "Huejutla de Reyes", "Rubro": "Espacios Educativos", "Ejercicio": 2023.0, "Obra": "Construccion De Fachada Principal Y Portico De Acceso (Primera Etapa) En La Escuela Normal De Las Huastecas (Endh) Con C.c.t. 13dnl0001h, Ubicado En La Localidad De Huejutla, Municipio De Huejutla De Reyes, Del Estado De Hidalgo.", "Localidad": "Huejutla De Reyes", "Inversión": 947138.83, "Habitantes.beneficiados": 786.0, "Ejecutora": null, "Trabajos": "FAM 2023 13DNL0001H Normal De Las Huastecas", "Geometria_tipo": "Punto" }, "geometry": { "type": "Point", "coordinates": [ -98.40909, 21.135819 ] } },
{ "type": "Feature", "properties": { "ID_OBRA": "1626_Huejutla de Reyes", "No.": 1625.0, "Municipio": "Huejutla de Reyes", "Rubro": "Espacios Educativos", "Ejercicio": 2023.0, "Obra": "Construcción De Muro De Contención, Rehabilitación General De 2 Módulos De Aulas Didácticas Y Obra Exterior, En El Preescolar General José Toribio Hernández Flores Con C.c.t. 13djn1042q, Ubicado En La Localidad De Huejutla De Reyes, Municipio De Huejutla De Reyes.", "Localidad": "Huejutla De Reyes", "Inversión": 2337290.62, "Habitantes.beneficiados": 81.0, "Ejecutora": null, "Trabajos": "FAM 2023 13DJN1042Q Jose Toribio Hernandez Flores", "Geometria_tipo": "Punto" }, "geometry": { "type": "Point", "coordinates": [ -98.422847, 21.146939 ] } },
{ "type": "Feature", "properties": { "ID_OBRA": "1628_Huejutla de Reyes", "No.": 1627.0, "Municipio": "Huejutla de Reyes", "Rubro": "Espacios Educativos", "Ejercicio": 2023.0, "Obra": "Construcción De Primera Etapa De Auditorio En La Universidad Tecnológica De La Huasteca Hidalguense, Con C.c.t. 13eut0004w, Ubicada En La Localidad De Chalahuiyapa, Municipio De Huejutla.", "Localidad": "Universidad Tecnologica De La Huasteca Hidalguense", "Inversión": 2736880.06, "Habitantes.beneficiados": 3282.0, "Ejecutora": null, "Trabajos": "FAM 2023 13EUT0004W Universidad Tecnologica De La Huasteca Hidalguense", "Geometria_tipo": "Punto" }, "geometry": { "type": "Point", "coordinates": [ -98.38113, 21.155389 ] } },
{ "type": "Feature", "properties": { "ID_OBRA": "1623_Huejutla de Reyes", "No.": 1622.0, "Municipio": "Huejutla de Reyes", "Rubro": "Espacios Educativos", "Ejercicio": 2023.0, "Obra": "Construcción De Techado En Cancha De Usos Múltiples En La Escuela Primaria Indigena Adolfo Espinosa Angeles, Con C.c.t. 13dpb2714j, Ubicada En La Localidad De Huehuetla, Municipio De Huejutla De Reyes.", "Localidad": "Huehuetla", "Inversión": 2685758.18, "Habitantes.beneficiados": 74.0, "Ejecutora": null, "Trabajos": "FAM 2023 13DPB2714J Adolfo Espinosa Angeles", "Geometria_tipo": "Punto" }, "geometry": { "type": "Point", "coordinates": [ -98.50561, 21.073889 ] } },
{ "type": "Feature", "properties": { "ID_OBRA": "1624_Huejutla de Reyes", "No.": 1623.0, "Municipio": "Huejutla de Reyes", "Rubro": "Espacios Educativos", "Ejercicio": 2023.0, "Obra": "Demolicion De Modulo De Sanitarios Atipicos Y Construccion De Sanitarios En Estructura U1-C, Obra Exterior Y Rehabilitacion Electrica General (Al Alcance), En La Universidad Pedagogica Nacional Hidalgo, Sede Huejutla, Con C.ct. 13dup0002m, Ubicada En La Localidad De Chililico, Municipio De Huejutla.", "Localidad": "Chililico", "Inversión": 2558110.67, "Habitantes.beneficiados": 520.0, "Ejecutora": null, "Trabajos": "FAM 2023 13DUP0002M Universidad Pedagogica Nacional-Hidalgo Unidad 131 Sede Regional Huejutla", "Geometria_tipo": "Punto" }, "geometry": { "type": "Point", "coordinates": [ -98.435508, 21.133242 ] } },
{ "type": "Feature", "properties": { "ID_OBRA": "1609_Huejutla de Reyes", "No.": 1608.0, "Municipio": "Huejutla de Reyes", "Rubro": "Espacios Educativos", "Ejercicio": 2023.0, "Obra": "Demolición De Dos Módulos Estructura Regional 6.00 X 8.00 Mts. (Uno Con Dos Aulas Didácticas Otro Con Un Aula Didáctica, Dirección Y Módulo De Sanitarios) Para Sustituirlas Por Un Módulo De Cuatro Entre Ejes Que Albergará Tres Aulas Didácticas, Dirección Y Un Módulo De Sanitarios, Estructura Regional (Zona Sísmica C Y D) 6.00 X 8.00 Mts. Y Obra Exterior, En La Telesecundaria 174 Con C.c.t. 13dtv0191g, Ubicada En La Localidad De Chalahuiyapa, Municipio De Huejutla De Reyes.", "Localidad": "Chalahuiyapa", "Inversión": 3521858.69, "Habitantes.beneficiados": 52.0, "Ejecutora": null, "Trabajos": "FAM 2023 13DTV0191G Telesecundaria 174", "Geometria_tipo": "Punto" }, "geometry": { "type": "Point", "coordinates": [ -98.36462, 21.147969 ] } },
{ "type": "Feature", "properties": { "ID_OBRA": "1621_Huejutla de Reyes", "No.": 1620.0, "Municipio": "Huejutla de Reyes", "Rubro": "Espacios Educativos", "Ejercicio": 2023.0, "Obra": "Demolición De Un Módulo De Dos Aulas Didácticas Y Espacio De Usos Múltiples, Atípico, Construcción De 1 Módulo De Dos Aulas, Estructura Regional (Zona Sísmica C Y D) 6.00 X 8.00 Mts., Rehabilitación De Módulo De Sanitarios 5.30 X 6.00 Mts, Y Obra Exterior, En Sustitución, En La Primaria Indígena Emiliano Zapata Con C.c.t. 13dpb0641u, Ubicada En La Localidad De Candelaria, Municipio De Huejutla De Reyes.", "Localidad": "Candelaria", "Inversión": 1846974.04, "Habitantes.beneficiados": 106.0, "Ejecutora": null, "Trabajos": "FAM 2023 13DPB0641U Emiliano Zapata", "Geometria_tipo": "Punto" }, "geometry": { "type": "Point", "coordinates": [ -98.404197, 21.084514 ] } },
{ "type": "Feature", "properties": { "ID_OBRA": "1607_Huejutla de Reyes", "No.": 1606.0, "Municipio": "Huejutla de Reyes", "Rubro": "Espacios Educativos", "Ejercicio": 2023.0, "Obra": "Demolición Y Construcción De Tres Tramos De Barda Perimetral, En La Secundaria General Héroe Antonio Reyes Con C.c.t. 13des0009l, Ubicada En La Localidad De Huejutla De Reyes, Municipio De Huejutla De Reyes.", "Localidad": "Huejutla De Reyes", "Inversión": 1806524.52, "Habitantes.beneficiados": 780.0, "Ejecutora": null, "Trabajos": "FAM 2023 13DES0009L Heroe Antonio Reyes", "Geometria_tipo": "Punto" }, "geometry": { "type": "Point", "coordinates": [ -98.420656, 21.145503 ] } },
{ "type": "Feature", "properties": { "ID_OBRA": "1611_Huejutla de Reyes", "No.": 1610.0, "Municipio": "Huejutla de Reyes", "Rubro": "Espacios Educativos", "Ejercicio": 2023.0, "Obra": "Edificio De Docencia Ud2 (Conclusión), En La Universidad Politécnica De Huejutla Con C.c.t. 13epo0005y, Ubicada En La Localidad De Parque De Poblamiento Solidaridad, Municipio De Huejutla De Reyes.", "Localidad": "Parque De Poblamiento Solidaridad", "Inversión": 8163670.25, "Habitantes.beneficiados": 980.0, "Ejecutora": null, "Trabajos": "FAM 2023 13EPO0005Y Universidad Politecnica De Huejutla", "Geometria_tipo": "Punto" }, "geometry": { "type": "Point", "coordinates": [ -98.386366, 21.145664 ] } },
{ "type": "Feature", "properties": { "ID_OBRA": "1610_Huejutla de Reyes", "No.": 1609.0, "Municipio": "Huejutla de Reyes", "Rubro": "Espacios Educativos", "Ejercicio": 2023.0, "Obra": "Rehabilitación De Edificios E,F,G,H, Sustitución De Red Eléctrica Exterior Y Obras De Mitigación En El Plantel Cobaeh Tehuetlan, Con C.c.t. 13ecb0044s Ubicado En La Localidad De Tehuetlan Municipio De Huejutla De Reyes, Estado De Hidalgo.", "Localidad": "Tehuetlan", "Inversión": 1136683.48, "Habitantes.beneficiados": 331.0, "Ejecutora": null, "Trabajos": "FAM 2023 13ECB0044S Colegio De Bachilleres Plantel Tehuetlan", "Geometria_tipo": "Punto" }, "geometry": { "type": "Point", "coordinates": [ -98.499514, 21.061361 ] } },
{ "type": "Feature", "properties": { "ID_OBRA": "1627_Huejutla de Reyes", "No.": 1626.0, "Municipio": "Huejutla de Reyes", "Rubro": "Espacios Educativos", "Ejercicio": 2023.0, "Obra": "Rehabilitación De Área Administrativa De 7 E.e. En Estructura U1-C Y Rehabilitación De Sala Audiovisual De 5 E.e. En Estructura U2-C, En El Centro De Estudios Científicos Y Tecnológicos Del Estado De Hidalgo Plantel Huejutla Con C.c.t. 13etc0017k Ubicado En La Localidad De Huejutla De Reyes Municipio Huejutla De Reyes.", "Localidad": "Parque De Poblamiento Solidaridad", "Inversión": 1714700.71, "Habitantes.beneficiados": 1467.0, "Ejecutora": null, "Trabajos": "FAM 2023 13ETC0017K Colegio De Estudios Cientificos Y Tecnologicos Del Estado De Hidalgo Plantel Huejutla", "Geometria_tipo": "Punto" }, "geometry": { "type": "Point", "coordinates": [ -98.38348, 21.150189 ] } },
{ "type": "Feature", "properties": { "ID_OBRA": "1633_Huichapan", "No.": 1632.0, "Municipio": "Huichapan", "Rubro": "Espacios Educativos", "Ejercicio": 2023.0, "Obra": "Conclusión De Obra Del Laboratorio De Ingenieria En Innovación Agrícola Sustentable Y Arquitectura En El Instituto Tecnológico Superior De Huichapan Con C.c.t. 13eit0002c, Ubicada En La Localidad De El Saucillo, Municipio De Huichapan.", "Localidad": "El Saucillo", "Inversión": 2498661.53, "Habitantes.beneficiados": 2230.0, "Ejecutora": null, "Trabajos": "FAM 2023 13EIT0002C Instituto Tecnologico Superior De Huichapan", "Geometria_tipo": "Punto" }, "geometry": { "type": "Point", "coordinates": [ -99.70814, 20.318889 ] } },
{ "type": "Feature", "properties": { "ID_OBRA": "1634_Huichapan", "No.": 1633.0, "Municipio": "Huichapan", "Rubro": "Espacios Educativos", "Ejercicio": 2023.0, "Obra": "Construcción De Techado En Cancha De Usos Múltiples, En La Primaria General Cuitlahuac Con C.c.t. 13dpr2340m, Ubicada En La Localidad De Maxthá, Municipio De Huichapan.", "Localidad": "Maxtha", "Inversión": 1693053.8, "Habitantes.beneficiados": 61.0, "Ejecutora": null, "Trabajos": "FAM 2023 13DPR2340M Cuitlahuac", "Geometria_tipo": "Punto" }, "geometry": { "type": "Point", "coordinates": [ -99.60586, 20.441839 ] } },
{ "type": "Feature", "properties": { "ID_OBRA": "1658_Ixmiquilpan", "No.": 1657.0, "Municipio": "Ixmiquilpan", "Rubro": "Espacios Educativos", "Ejercicio": 2023.0, "Obra": "Construccion De 3 Aulas Didacticas En Estructura U2-C Segundo Nivel, Escaleras Y Obra Exterior En La Secundaria General Justo Sierra Con C.c.t. 13des0010a, Ubicada En La Localidad De Ixmiquilpan, Municipio De Ixmiquilpan.", "Localidad": "Ixmiquilpan", "Inversión": 2808289.47, "Habitantes.beneficiados": 556.0, "Ejecutora": null, "Trabajos": "FAM 2023 13DES0010A Justo Sierra", "Geometria_tipo": "Punto" }, "geometry": { "type": "Point", "coordinates": [ -99.218594, 20.481978 ] } },
{ "type": "Feature", "properties": { "ID_OBRA": "1663_Ixmiquilpan", "No.": 1662.0, "Municipio": "Ixmiquilpan", "Rubro": "Espacios Educativos", "Ejercicio": 2023.0, "Obra": "Construcción De Aula Didactica Adosada Estructura Regional 6.00 X 8.00; Construccion De Sanitarios M-4, Rehabilitacion General De Instalacion Electrica Y Obra Exterior, En La Telesecundaria 242 Con C.c.t. 13dtv0227e Ubicada En La Localidad De La Lagunita Municipio De Ixmiquilpan.", "Localidad": "La Lagunita", "Inversión": 1626299.11, "Habitantes.beneficiados": 50.0, "Ejecutora": null, "Trabajos": "FAM 2023 13DTV0227E Telesecundaria 242", "Geometria_tipo": "Punto" }, "geometry": { "type": "Point", "coordinates": [ -99.23968, 20.665058 ] } },
{ "type": "Feature", "properties": { "ID_OBRA": "1656_Ixmiquilpan", "No.": 1655.0, "Municipio": "Ixmiquilpan", "Rubro": "Espacios Educativos", "Ejercicio": 2023.0, "Obra": "Construcción De Fosa Y Pozo De Absorción, En La Primaria Cuauhtémoc Con C.c.t. 13dpb0212c, Ubicada En La Localidad De Cuesta Colorada, Municipio De Ixmiquilpan.", "Localidad": "Cuesta Colorada", "Inversión": 377306.58, "Habitantes.beneficiados": 73.0, "Ejecutora": null, "Trabajos": "FAM 2023 13DPB0212C Cuauhtemoc", "Geometria_tipo": "Punto" }, "geometry": { "type": "Point", "coordinates": [ -99.192839, 20.697939 ] } },
{ "type": "Feature", "properties": { "ID_OBRA": "1662_Ixmiquilpan", "No.": 1661.0, "Municipio": "Ixmiquilpan", "Rubro": "Espacios Educativos", "Ejercicio": 2023.0, "Obra": "Construcción De Modulo De Sanitarios M-6, Estructura Regional (Zona Sísmica C Y D) Y Obra Exterior, En La Primaria General Benito Juárez Con C.c.t. 13dpr2330f Ubicada En La Localidad De Orizabita, Municipio De Ixmiquilpan.", "Localidad": "Orizabita", "Inversión": 929103.3, "Habitantes.beneficiados": 130.0, "Ejecutora": null, "Trabajos": "FAM 2023 13DPR2330F Benito Juarez", "Geometria_tipo": "Punto" }, "geometry": { "type": "Point", "coordinates": [ -99.20809, 20.58295 ] } },
{ "type": "Feature", "properties": { "ID_OBRA": "1651_Ixmiquilpan", "No.": 1650.0, "Municipio": "Ixmiquilpan", "Rubro": "Espacios Educativos", "Ejercicio": 2023.0, "Obra": "Construcción De Techado En Cancha De Usos Múltiples En La Escuela Primaria Benito Juárez, Con C.c.t. 13dpb2709y, Ubicada En La Localidad De El Nogal, Municipio De Ixmiquilpan.", "Localidad": "El Nogal", "Inversión": 2236940.62, "Habitantes.beneficiados": 30.0, "Ejecutora": null, "Trabajos": "FAM 2023 13DPB2709Y Benito Juarez", "Geometria_tipo": "Punto" }, "geometry": { "type": "Point", "coordinates": [ -99.17937, 20.664419 ] } },
{ "type": "Feature", "properties": { "ID_OBRA": "1644_Ixmiquilpan", "No.": 1643.0, "Municipio": "Ixmiquilpan", "Rubro": "Espacios Educativos", "Ejercicio": 2023.0, "Obra": "Construcción De Un Aula De Usos Múltiples, Estructura Regional (Zona Sísmica C Y D) De 2 E.e. De 8.00 X 12.00 Mts. Y Obra Exterior, En El Preescolar Fernando Montes De Oca Con C.c.t. 13dcc0828t, Ubicado En La Localidad De La Loma Julián Villagrán, Municipio De Ixmiquilpan.", "Localidad": "La Loma Julian Villagran", "Inversión": 1051844.04, "Habitantes.beneficiados": 34.0, "Ejecutora": null, "Trabajos": "FAM 2023 13DCC0828T Fernando Montes De Oca", "Geometria_tipo": "Punto" }, "geometry": { "type": "Point", "coordinates": [ -99.103778, 20.408028 ] } },
{ "type": "Feature", "properties": { "ID_OBRA": "1666_Ixmiquilpan", "No.": 1665.0, "Municipio": "Ixmiquilpan", "Rubro": "Espacios Educativos", "Ejercicio": 2023.0, "Obra": "Construcción De Un Aula Didáctica Adosada, Estructura Regional (Zona Sísmica C Y D) 6.00 X 8.00 Mts., Y Obra Exterior, En La Primaria Vicente Guerrero Con C.c.t. 13dpr2813k, Ubicada En La Localidad De Botenguedho, Municipio De Ixmiquilpan.", "Localidad": "Botenguedho", "Inversión": 554914.77, "Habitantes.beneficiados": 223.0, "Ejecutora": null, "Trabajos": "FAM 2023 13DPR2813K Vicente Guerrero", "Geometria_tipo": "Punto" }, "geometry": { "type": "Point", "coordinates": [ -99.19567, 20.482919 ] } },
{ "type": "Feature", "properties": { "ID_OBRA": "1646_Ixmiquilpan", "No.": 1645.0, "Municipio": "Ixmiquilpan", "Rubro": "Espacios Educativos", "Ejercicio": 2023.0, "Obra": "Demolición De Módulo Atípico De 2 Niveles, Construcción De Un Módulo De 5 E.e., Estructura U2-C, Que Comprende: Dos Aulas Didácticas De 2 E.e. C/U En Planta Baja, 2 Aulas Didácticas De 2 E.e. C/U En Planta Alta, Escaleras De 1 E.e. Y Obra Exterior, En La Primaria General Rafael Vega Sánchez Con C.c.t. 13dpr2332d, Ubicada En La Localidad De Dios Padre, Municipio De Ixmiquilpan.", "Localidad": "Dios Padre", "Inversión": 3207883.88, "Habitantes.beneficiados": 200.0, "Ejecutora": null, "Trabajos": "FAM 2023 13DPR2332D Rafael Vega Sanchez", "Geometria_tipo": "Punto" }, "geometry": { "type": "Point", "coordinates": [ -99.1965, 20.463581 ] } },
{ "type": "Feature", "properties": { "ID_OBRA": "1650_Ixmiquilpan", "No.": 1649.0, "Municipio": "Ixmiquilpan", "Rubro": "Espacios Educativos", "Ejercicio": 2023.0, "Obra": "Reestructuración Y Reforzamiento De Techumbre De 12.00 X 15.00 Mts. En Plaza Cívica, En El Preescolar Indígena Niños Héroes Con C.c.t. 13dcc0607i, Ubicado En La Localidad De El Espíritu, Municipio De Ixmiquilpan.", "Localidad": "El Espiritu", "Inversión": 664703.91, "Habitantes.beneficiados": 25.0, "Ejecutora": null, "Trabajos": "FAM 2023 13DCC0607I Niños Heroes", "Geometria_tipo": "Punto" }, "geometry": { "type": "Point", "coordinates": [ -99.16352, 20.585319 ] } },
{ "type": "Feature", "properties": { "ID_OBRA": "1640_Ixmiquilpan", "No.": 1639.0, "Municipio": "Ixmiquilpan", "Rubro": "Espacios Educativos", "Ejercicio": 2023.0, "Obra": "Reestructuración Y Reforzamiento De Techumbre De 15.00 X 30 Mts. En Plaza Cívica, En La Primaria 5 De Mayo Con C.c.t. 13dpr2331e, Ubicada En La Localidad De El Espiritu, Municipio De Ixmiquilpan.", "Localidad": "El Espiritu", "Inversión": 1361914.38, "Habitantes.beneficiados": 79.0, "Ejecutora": null, "Trabajos": "FAM 2023 13DPR2331E Cinco De Mayo", "Geometria_tipo": "Punto" }, "geometry": { "type": "Point", "coordinates": [ -99.16591, 20.586528 ] } },
{ "type": "Feature", "properties": { "ID_OBRA": "1660_Ixmiquilpan", "No.": 1659.0, "Municipio": "Ixmiquilpan", "Rubro": "Espacios Educativos", "Ejercicio": 2023.0, "Obra": "Reestructuración Y Reforzamiento De Techumbre De 15.85 X 30 Mts En Plaza Cívica, En La Telesecundaria No. 240 Con C.c.t. 13dtv0265h, Ubicada En La Localidad De El Espiritu, Municipio De Ixmiquilpan.", "Localidad": "El Espiritu", "Inversión": 1398732.89, "Habitantes.beneficiados": 38.0, "Ejecutora": null, "Trabajos": "FAM 2023 13DTV0265H Telesecundaria 240", "Geometria_tipo": "Punto" }, "geometry": { "type": "Point", "coordinates": [ -99.16696, 20.5881 ] } },
{ "type": "Feature", "properties": { "ID_OBRA": "1648_Ixmiquilpan", "No.": 1647.0, "Municipio": "Ixmiquilpan", "Rubro": "Espacios Educativos", "Ejercicio": 2023.0, "Obra": "Rehabilitación General De 2 Módulos De Dos Aulas Didácticas Cada Uno, Estructura Regional 6.00 X 8.00 Mts., Rehabilitación De Modulo Átipico, Con Dirección, Biblioteca, Aula De Cómputo Y Obra Exterior, El La Primaria Indígena Ignacio Manuel Altamirano Con C.c.t. 13dpb0424f, Ubicada En La Localidad De La Palma, Municipio De Ixmiquilpan.", "Localidad": "La Palma", "Inversión": 1364985.87, "Habitantes.beneficiados": 29.0, "Ejecutora": null, "Trabajos": "FAM 2023 13DPB0424F Ignacio Manuel Altamirano", "Geometria_tipo": "Punto" }, "geometry": { "type": "Point", "coordinates": [ -99.23048, 20.558639 ] } },
{ "type": "Feature", "properties": { "ID_OBRA": "1645_Ixmiquilpan", "No.": 1644.0, "Municipio": "Ixmiquilpan", "Rubro": "Espacios Educativos", "Ejercicio": 2023.0, "Obra": "Rehabilitación General De 3 Módulos, Primer Módulo De Un Aula Estructura Regional Ligera, Segundo Módulo Atípico De 2 Aulas Con Módulo De Sanitarios, Tercer Módulo Atípico De Sanitarios Y Obra Exterior, En El Preescolar Indígena Niños Héroes Con C.c.t. 13dcc0151a, Ubicado En La Localidad De El Alberto, Municipio De Ixmiquilpan.", "Localidad": "El Alberto", "Inversión": 660458.88, "Habitantes.beneficiados": 18.0, "Ejecutora": null, "Trabajos": "FAM 2023 13DCC0151A Niños Heroes", "Geometria_tipo": "Punto" }, "geometry": { "type": "Point", "coordinates": [ -99.21916, 20.413278 ] } },
{ "type": "Feature", "properties": { "ID_OBRA": "1642_Ixmiquilpan", "No.": 1641.0, "Municipio": "Ixmiquilpan", "Rubro": "Espacios Educativos", "Ejercicio": 2023.0, "Obra": "Rehabilitación General De Techado De Plaza Cívica, Rehabilitación General De Instalación Eléctrica Y Obra Exterior, En La Primaria Indígena Nicolás Bravo Con C.c.t. 13dpb0655x, Ubicada En La Localidad De El Alberto, Municipio De Ixmiquilpan.", "Localidad": "El Alberto", "Inversión": 487331.71, "Habitantes.beneficiados": 58.0, "Ejecutora": null, "Trabajos": "FAM 2023 13DPB0655X Nicolas Bravo", "Geometria_tipo": "Punto" }, "geometry": { "type": "Point", "coordinates": [ -99.21922, 20.412378 ] } },
{ "type": "Feature", "properties": { "ID_OBRA": "1652_Ixmiquilpan", "No.": 1651.0, "Municipio": "Ixmiquilpan", "Rubro": "Espacios Educativos", "Ejercicio": 2023.0, "Obra": "Rehabilitación General De Un Módulo Atípico De 4 Aulas Didácticas Y Dirección, En La Escuela Primaria Netzahualcóyotl Con C.c.t. 13dpb0652z, Ubicada En La Localidad De Boxhuada, Municipio De Ixmiquilpan.", "Localidad": "Boxhuada", "Inversión": 464472.43, "Habitantes.beneficiados": 36.0, "Ejecutora": null, "Trabajos": "FAM 2023 13DPB0652Z Netzahualcoyotl", "Geometria_tipo": "Punto" }, "geometry": { "type": "Point", "coordinates": [ -99.21954, 20.610119 ] } },
{ "type": "Feature", "properties": { "ID_OBRA": "1638_Ixmiquilpan", "No.": 1637.0, "Municipio": "Ixmiquilpan", "Rubro": "Espacios Educativos", "Ejercicio": 2023.0, "Obra": "Rehabilitación General De Un Módulo Estructura Hm De 18 E.e., Que Contempla 5 Aulas Y Una Dirección, Con Sustitución De Losa Catalana Por Cubierta De Lámina Multipanel Y Obra Exterior, En La Primaria Cinco De Mayo Con C.c.t. 13dpr2321y, Ubicada En La Localidad De Ixmiquilpan, Municipio De Ixmiquilpan.", "Localidad": "Ixmiquilpan", "Inversión": 1777394.51, "Habitantes.beneficiados": 115.0, "Ejecutora": null, "Trabajos": "FAM 2023 13DPR2321Y Cinco De Mayo", "Geometria_tipo": "Punto" }, "geometry": { "type": "Point", "coordinates": [ -99.22156, 20.464708 ] } },
{ "type": "Feature", "properties": { "ID_OBRA": "1670_Jacala de Ledezma", "No.": 1669.0, "Municipio": "Jacala de Ledezma", "Rubro": "Espacios Educativos", "Ejercicio": 2023.0, "Obra": "Rehabilitacion General De Instalación Eléctrica Y Obra Exterior, En La Telesecundaria No. 545 Con C.c.t. 13dtv0522g, Ubicada En La Localidad De Agua Fría Grande, Municipio De Jacala De Ledezma.", "Localidad": "Agua Fria Grande", "Inversión": 395973.99, "Habitantes.beneficiados": 13.0, "Ejecutora": null, "Trabajos": "FAM 2023 13DTV0522G Telesecundaria 545", "Geometria_tipo": "Punto" }, "geometry": { "type": "Point", "coordinates": [ -99.212944, 20.979306 ] } },
{ "type": "Feature", "properties": { "ID_OBRA": "1673_Jacala de Ledezma", "No.": 1672.0, "Municipio": "Jacala de Ledezma", "Rubro": "Espacios Educativos", "Ejercicio": 2023.0, "Obra": "Rehabilitación General De 1 Aula Didáctica Atípica, Impermeabilización De Losa De Concreto De Otra Aula Didáctica Atípica, En La Primaria General Venustiano Carranza Con C.c.t. 13dpr0982s, Ubicada En La Localidad De Vado Hondo, Municipio De Jacala De Ledezma.", "Localidad": "Vado Hondo", "Inversión": 270029.43, "Habitantes.beneficiados": 19.0, "Ejecutora": null, "Trabajos": "FAM 2023 13DPR0982S Venustiano Carranza", "Geometria_tipo": "Punto" }, "geometry": { "type": "Point", "coordinates": [ -99.024389, 20.829611 ] } },
{ "type": "Feature", "properties": { "ID_OBRA": "1669_Jacala de Ledezma", "No.": 1668.0, "Municipio": "Jacala de Ledezma", "Rubro": "Espacios Educativos", "Ejercicio": 2023.0, "Obra": "Rehabilitación General De 1 Modulo De Sanitarios, Estructura Regional Y Obra Exterior, En La Telesecundaria 275 Con C.c.t. 13dtv0034q, Ubicada En La Localidad De La Palma, Municipio De Jacala De Ledezma.", "Localidad": "La Palma", "Inversión": 449091.26, "Habitantes.beneficiados": 25.0, "Ejecutora": null, "Trabajos": "FAM 2023 13DTV0034Q Telesecundaria 275", "Geometria_tipo": "Punto" }, "geometry": { "type": "Point", "coordinates": [ -99.064806, 20.879442 ] } },
{ "type": "Feature", "properties": { "ID_OBRA": "1680_Metepec", "No.": 1679.0, "Municipio": "Metepec", "Rubro": "Espacios Educativos", "Ejercicio": 2023.0, "Obra": "Construcción De Un Módulo De Sanitarios M-2, Rehabilitación General De Un Módulo De Dos Aulas, Estructura Regional Ligera 6.00 X 8.00 Mts., Demolición De Un Módulo Atípico Que Contempla Dos Aulas Didácticas Y Casa Del Maestro, Construcción De Cisterna De 5 M3, Fosa Séptica, Pozo De Absorción Y Obra Exterior, En La Primaria General Ciencias Y Artes Con C.c.t. 13dpr2292t, Ubicada En La Localidad De Cañada De Flores, Municipio De Metepec.", "Localidad": "Cañada De Flores", "Inversión": 1785634.63, "Habitantes.beneficiados": 29.0, "Ejecutora": null, "Trabajos": "FAM 2023 13DPR2292T Ciencias Y Artes", "Geometria_tipo": "Punto" }, "geometry": { "type": "Point", "coordinates": [ -98.3891, 20.305569 ] } },
{ "type": "Feature", "properties": { "ID_OBRA": "1703_Mineral de la Reforma", "No.": 1702.0, "Municipio": "Mineral de la Reforma", "Rubro": "Espacios Educativos", "Ejercicio": 2023.0, "Obra": "Adecuación De Espacio Para Laboratorio De Agrobiotecnología Y Rehabilitación De Módulo Para Servicio Administrativo Y Obra Exterior En La Universidad Tecnologica De Mineral De La Reforma Con C.c.t. 13eut0012e, Ubicada En La Localidad De Ex-Hacienda De Chavarria, Municipio De Mineral De La Reforma.", "Localidad": "Ex-Hacienda De Chavarria", "Inversión": 2713326.63, "Habitantes.beneficiados": 524.0, "Ejecutora": null, "Trabajos": "FAM 2023 13EUT0012E Universidad Tecnologica De Mineral De La Reforma", "Geometria_tipo": "Punto" }, "geometry": { "type": "Point", "coordinates": [ -98.71852, 20.039116 ] } },
{ "type": "Feature", "properties": { "ID_OBRA": "1705_Mineral de la Reforma", "No.": 1704.0, "Municipio": "Mineral de la Reforma", "Rubro": "Espacios Educativos", "Ejercicio": 2023.0, "Obra": "Construcción De 2 Aulas Didácticas De 2 E.e. C/U, Estructura U1-C Y Obra Exterior, En La Primaria General Octavio Paz Con C.c.t. 13dpr0814w, Ubicada En La Localidad De Privada De Virreyes, Municipio De Mineral De La Reforma.", "Localidad": "Praderas De Virreyes", "Inversión": 1496580.04, "Habitantes.beneficiados": 371.0, "Ejecutora": null, "Trabajos": "FAM 2023 13DPR0814W Octavio Paz", "Geometria_tipo": "Punto" }, "geometry": { "type": "Point", "coordinates": [ -98.700169, 20.034914 ] } },
{ "type": "Feature", "properties": { "ID_OBRA": "1700_Mineral de la Reforma", "No.": 1699.0, "Municipio": "Mineral de la Reforma", "Rubro": "Espacios Educativos", "Ejercicio": 2023.0, "Obra": "Construcción De 2 Aulas Didácticas En Planta Alta De 2 E.e. C/U, Estructura U2-C Y Obra Exterior, En La Primaria General Centro Escolar Teocalli Con C.c.t. 13dpr0834j, Ubicada En La Localidad De Paseos De Chavarria, Municipio Mineral De La Reforma.", "Localidad": "Paseos De Chavarria", "Inversión": 1319356.54, "Habitantes.beneficiados": 309.0, "Ejecutora": null, "Trabajos": "FAM 2023 13DPR0834J Centro Escolar Teocalli", "Geometria_tipo": "Punto" }, "geometry": { "type": "Point", "coordinates": [ -98.707169, 20.046711 ] } },
{ "type": "Feature", "properties": { "ID_OBRA": "1698_Mineral de la Reforma", "No.": 1697.0, "Municipio": "Mineral de la Reforma", "Rubro": "Espacios Educativos", "Ejercicio": 2023.0, "Obra": "Construcción De Un Aula Didáctica Adosada, Estructura Regional (Zona Sismica C Y D) 6.00 X 8.00 Mts Y Obra Exterior, En La Primaria General Itzamna Con C.c.t. 13dpr2929k, Ubicada En La Localidad De Los Tuzos, Municipio De Mineral De La Reforma.", "Localidad": "Los Tuzos", "Inversión": 455341.98, "Habitantes.beneficiados": 269.0, "Ejecutora": null, "Trabajos": "FAM 2023 13DPR2929K Itzamna", "Geometria_tipo": "Punto" }, "geometry": { "type": "Point", "coordinates": [ -98.755578, 20.051692 ] } },
{ "type": "Feature", "properties": { "ID_OBRA": "1693_Mineral de la Reforma", "No.": 1692.0, "Municipio": "Mineral de la Reforma", "Rubro": "Espacios Educativos", "Ejercicio": 2023.0, "Obra": "Demolición Y Construcción De Módulo De Dos Aulas Didácticas En Sustitución, Estructura Regional (Zona Sísmica C Y D) 6.00 X 8.00 Mts. Y Obra Exterior En El Preescolar General Carolina Agazzi Con C.c.t. 13djn0928h, Ubicado En La Localidad De San Fernando, Municipio De Mineral De La Reforma.", "Localidad": "San Fernando", "Inversión": 1500172.43, "Habitantes.beneficiados": 49.0, "Ejecutora": null, "Trabajos": "FAM 2023 13DJN0928H Carolina Agazzi", "Geometria_tipo": "Punto" }, "geometry": { "type": "Point", "coordinates": [ -98.733686, 20.048125 ] } },
{ "type": "Feature", "properties": { "ID_OBRA": "1711_Mixquiahuala de Juárez", "No.": 1710.0, "Municipio": "Mixquiahuala de Juárez", "Rubro": "Espacios Educativos", "Ejercicio": 2023.0, "Obra": "Mantenimiento De Paneles Solares E Impermeabilización De Edificio Administrativo En El Instituto Tecnológico Superior Del Occidente Del Estado De Hidalgo, Con C.c.t. 13eit0001d, Ubicada En La Localidad Cinta Larga, Municipio De Mixquiahuala.", "Localidad": "Cinta Larga Seccion 22", "Inversión": 2545229.78, "Habitantes.beneficiados": 2611.0, "Ejecutora": null, "Trabajos": "FAM 2023 13EIT0001D Instituto Tecnologico Superior Del Occidente Del Estado De Hidalgo", "Geometria_tipo": "Punto" }, "geometry": { "type": "Point", "coordinates": [ -99.22093, 20.204878 ] } },
{ "type": "Feature", "properties": { "ID_OBRA": "1738_Pachuca de Soto", "No.": 1737.0, "Municipio": "Pachuca de Soto", "Rubro": "Espacios Educativos", "Ejercicio": 2023.0, "Obra": "Construcción De Techado En Cancha De Usos Múltiples, En El Preescolar General Irena Sendler Con C.c.t. 13djn0850k, Ubicado En La Localidad De Pachuca (Paseos De La Plata) Municipio De Pachuca De Soto.", "Localidad": "Pachuca De Soto", "Inversión": 1413067.35, "Habitantes.beneficiados": 82.0, "Ejecutora": null, "Trabajos": "FAM 2023 13DJN0850K Irena Sendler", "Geometria_tipo": "Punto" }, "geometry": { "type": "Point", "coordinates": [ -98.801458, 20.056917 ] } },
{ "type": "Feature", "properties": { "ID_OBRA": "1754_Pachuca de Soto", "No.": 1753.0, "Municipio": "Pachuca de Soto", "Rubro": "Espacios Educativos", "Ejercicio": 2023.0, "Obra": "Construcción De Techado En Cancha De Usos Múltiples, En La Escuela Primaria Luis Donaldo Colosio Murrieta Con C.c.t. 13dpr0783t, Ubicada En Santa Gertrudis, Municipio De Pachuca De Soto.", "Localidad": "Santa Gertrudis", "Inversión": 2732347.76, "Habitantes.beneficiados": 160.0, "Ejecutora": null, "Trabajos": "FAM 2023 13DPR0783T Luis Donaldo Colosio Murrieta", "Geometria_tipo": "Punto" }, "geometry": { "type": "Point", "coordinates": [ -98.805028, 20.086503 ] } },
{ "type": "Feature", "properties": { "ID_OBRA": "1729_Pachuca de Soto", "No.": 1728.0, "Municipio": "Pachuca de Soto", "Rubro": "Espacios Educativos", "Ejercicio": 2023.0, "Obra": "Construcción De Techado En Cancha De Usos Múltiples, En La Primaria General Elisa Acuña Rossetti Con C.c.t. 13dpr2951m, Ubicada En La Localidad De Pachuca, Municipio De Pachuca De Soto.", "Localidad": "Pachuca De Soto", "Inversión": 2730366.67, "Habitantes.beneficiados": 163.0, "Ejecutora": null, "Trabajos": "FAM 2023 13DPR2951M Elisa Acuña Rossetti", "Geometria_tipo": "Punto" }, "geometry": { "type": "Point", "coordinates": [ -98.800583, 20.0565 ] } },
{ "type": "Feature", "properties": { "ID_OBRA": "1723_Pachuca de Soto", "No.": 1722.0, "Municipio": "Pachuca de Soto", "Rubro": "Espacios Educativos", "Ejercicio": 2023.0, "Obra": "Construcción De Techado En Cancha De Usos Múltiples, En La Secundaria General Leona Vicario Con C.c.t. 13des0122e, Ubicada En La Localidad De Pachuca (Bosques Del Peñar), Municipio De Pachuca De Soto.", "Localidad": "Pachuca De Soto", "Inversión": 2613862.85, "Habitantes.beneficiados": 250.0, "Ejecutora": null, "Trabajos": "FAM 2023 13DES0122E Leona Vicario", "Geometria_tipo": "Punto" }, "geometry": { "type": "Point", "coordinates": [ -98.740278, 20.087197 ] } },
{ "type": "Feature", "properties": { "ID_OBRA": "1744_Pachuca de Soto", "No.": 1743.0, "Municipio": "Pachuca de Soto", "Rubro": "Espacios Educativos", "Ejercicio": 2023.0, "Obra": "Construcción De Un Aula Didáctica De 1 E.e. Estructura Regional (Zona Sísmica C Y D) De 6.00 X 5.30 Mts. Y Obra Exterior, En La Escuela De Educación Preescolar General Con C.c.t. 13djn0718c, Ubicado En La Localidad De Santa Gertrudis, Municipio De Pachuca De Soto.", "Localidad": "Santa Gertrudis", "Inversión": 572811.94, "Habitantes.beneficiados": 34.0, "Ejecutora": null, "Trabajos": "FAM 2023 13DJN0718C Carolina Agazzi", "Geometria_tipo": "Punto" }, "geometry": { "type": "Point", "coordinates": [ -98.806944, 20.086667 ] } },
{ "type": "Feature", "properties": { "ID_OBRA": "1734_Pachuca de Soto", "No.": 1733.0, "Municipio": "Pachuca de Soto", "Rubro": "Espacios Educativos", "Ejercicio": 2023.0, "Obra": "Demolición De Barda Perimetral, Construcción De Muro De Contención Y Barda Perimetral, En El Preescolar Profra. Ma. Isabel Salazar Pérez Con C.c.t. 13djn0793j Ubicado En La Localidad De Pachuca De Soto, Municipio De Pachuca De Soto.", "Localidad": "Pachuca De Soto", "Inversión": 294542.42, "Habitantes.beneficiados": 124.0, "Ejecutora": null, "Trabajos": "FAM 2023 13DJN0793J Profra. Ma. Isabel Salazar Perez", "Geometria_tipo": "Punto" }, "geometry": { "type": "Point", "coordinates": [ -98.72275, 20.116417 ] } },
{ "type": "Feature", "properties": { "ID_OBRA": "1736_Pachuca de Soto", "No.": 1735.0, "Municipio": "Pachuca de Soto", "Rubro": "Espacios Educativos", "Ejercicio": 2023.0, "Obra": "Demolición De Modulo Atípico De Dos Niveles, Construcción De Un Modulo De Dos Niveles, Estructura U2-C De 1.2 E.e., Escalera Y Obra Exterior En La Primaria General Ignacio Zaragoza Con C.c.t. 13dpr0341y, Ubicada En La Localidad De Pachuca, Municipio De Pachuca De Soto.", "Localidad": "Pachuca De Soto", "Inversión": 8095446.92, "Habitantes.beneficiados": 274.0, "Ejecutora": null, "Trabajos": "FAM 2023 13DPR0341Y Ignacio Zaragoza", "Geometria_tipo": "Punto" }, "geometry": { "type": "Point", "coordinates": [ -98.740389, 20.117942 ] } },
{ "type": "Feature", "properties": { "ID_OBRA": "1752_Pachuca de Soto", "No.": 1751.0, "Municipio": "Pachuca de Soto", "Rubro": "Espacios Educativos", "Ejercicio": 2023.0, "Obra": "Demolición De Un Módulo De Dos Niveles Atípico (Comedor, Biblioteca Y Sala De Cómputo), Demolición De Un Módulo Denominado Cuarto De Cubículos, Rehabilitación General De Un Módulo Atípico De 3 E.e. Con Sustitución De Cubierta Por Lamina Multipanel Y Obra Exterior, En La Primaria Josefa Ortiz De Domínguez Con C.c.t. 13dpr1050p, Ubicada En La Localidad De Santiago Tlapacoya, Municipio De Pachuca De Soto.", "Localidad": "Santiago Tlapacoya", "Inversión": 3161902.57, "Habitantes.beneficiados": 337.0, "Ejecutora": null, "Trabajos": "FAM 2023 13DPR1050P Josefa Ortiz De Dominguez", "Geometria_tipo": "Punto" }, "geometry": { "type": "Point", "coordinates": [ -98.831067, 20.104714 ] } },
{ "type": "Feature", "properties": { "ID_OBRA": "1724_Pachuca de Soto", "No.": 1723.0, "Municipio": "Pachuca de Soto", "Rubro": "Espacios Educativos", "Ejercicio": 2023.0, "Obra": "Rehabilitación De Losa E Impermeabilización De Edificio Administrativo (Primera Etapa), En El Plantel Escuela Normal Superior Publica Del Estado De Hidalgo (Ensupeh), Con C.c.t. 13dnl0006c, Ubicado En La Localidad De Pachuca De Soto, Del Estado De Hidalgo.", "Localidad": "Pachuca De Soto", "Inversión": 230294.88, "Habitantes.beneficiados": 939.0, "Ejecutora": null, "Trabajos": "FAM 2023 13DNL0006C Escuela Normal Superior Publica Del Estado De Hidalgo", "Geometria_tipo": "Punto" }, "geometry": { "type": "Point", "coordinates": [ -98.785611, 20.078978 ] } },
{ "type": "Feature", "properties": { "ID_OBRA": "1720_Pachuca de Soto", "No.": 1719.0, "Municipio": "Pachuca de Soto", "Rubro": "Espacios Educativos", "Ejercicio": 2023.0, "Obra": "Rehabilitación General De Un Modulo De Aulas Y Obra Exterior, En La Primaria General Gonzalo Menindez Díaz Con C.c.t. 13dpr1867h, Ubicada En La Localidad De Pachuca, Municipio De Pachuca De Soto.", "Localidad": "Pachuca De Soto", "Inversión": 1459286.3, "Habitantes.beneficiados": 89.0, "Ejecutora": null, "Trabajos": "FAM 2023 13DPR1867H Gonzalo Menindez Diaz", "Geometria_tipo": "Punto" }, "geometry": { "type": "Point", "coordinates": [ -98.72654, 20.127419 ] } },
{ "type": "Feature", "properties": { "ID_OBRA": "1726_Pachuca de Soto", "No.": 1725.0, "Municipio": "Pachuca de Soto", "Rubro": "Espacios Educativos", "Ejercicio": 2023.0, "Obra": "Rehabilitación General, En La Primaria General Vicente Guerrero Con C.c.t. 13dpr1868g, Ubicada En La Localidad De Pachuca, Municipio De Pachuca De Soto.", "Localidad": "Pachuca De Soto", "Inversión": 2559018.18, "Habitantes.beneficiados": 395.0, "Ejecutora": null, "Trabajos": "FAM 2023 13DPR1868G Vicente Guerrero", "Geometria_tipo": "Punto" }, "geometry": { "type": "Point", "coordinates": [ -98.731583, 20.122556 ] } },
{ "type": "Feature", "properties": { "ID_OBRA": "1757_Pisaflores", "No.": 1756.0, "Municipio": "Pisaflores", "Rubro": "Espacios Educativos", "Ejercicio": 2023.0, "Obra": "Construcción De Muro De Contención En El Plantel Cemsad Chalahuite Con C.c.t. 13ems0019z Ubicado En La Localidad De Chalahuite, Municipio De Pisaflores, Estado De Hidalgo.", "Localidad": "Chalahuite", "Inversión": 1674371.71, "Habitantes.beneficiados": 91.0, "Ejecutora": null, "Trabajos": "FAM 2023 13EMS0019Z Centro De Educacion Media Superior A Distancia Chalahuite", "Geometria_tipo": "Punto" }, "geometry": { "type": "Point", "coordinates": [ -98.948333, 21.229639 ] } },
{ "type": "Feature", "properties": { "ID_OBRA": "1755_Pisaflores", "No.": 1754.0, "Municipio": "Pisaflores", "Rubro": "Espacios Educativos", "Ejercicio": 2023.0, "Obra": "Rehabilitación General De Un Modulo De Dos Aulas Didácticas Estructura Regional 6.00 X 8.00 Mts., Rehabilitación General De Un Módulo De Un Aula Didáctica Estructura Regional 6.00 X 8.00 Mts., Rehabilitación General De Un Módulo De Sanitarios M-4, Rehabilitación General De Un Módulo Atípico De Dos Aulas Didácticas Y Obra Exterior, En La Primaria Jaime Nuno Con C.c.t. 13dpr0072u, Ubicada En La Localidad De La Escondida De San Rafael, Municipio De Pisaflores.", "Localidad": "Escondida De San Rafael", "Inversión": 1015352.81, "Habitantes.beneficiados": 96.0, "Ejecutora": null, "Trabajos": "FAM 2023 13DPR0072U Jaime Nuno", "Geometria_tipo": "Punto" }, "geometry": { "type": "Point", "coordinates": [ -99.016556, 21.250056 ] } },
{ "type": "Feature", "properties": { "ID_OBRA": "1763_Progreso de Obregón", "No.": 1762.0, "Municipio": "Progreso de Obregón", "Rubro": "Espacios Educativos", "Ejercicio": 2023.0, "Obra": "Construcción De Taller De Circuitos Eléctricos De 5 E.e., Estructura U2-C Y Obra Exterior, En La Secundaria General Adolfo López Mateos Con C.c.t. 13des0022f, Ubicada En La Localidad De Progreso, Municipio De Progreso De Obregón.", "Localidad": "Progreso De Obregon", "Inversión": 1842695.45, "Habitantes.beneficiados": 472.0, "Ejecutora": null, "Trabajos": "FAM 2023 13DES0022F Lic. Adolfo Lopez Mateos", "Geometria_tipo": "Punto" }, "geometry": { "type": "Point", "coordinates": [ -99.19481, 20.248028 ] } },
{ "type": "Feature", "properties": { "ID_OBRA": "1765_Progreso de Obregón", "No.": 1764.0, "Municipio": "Progreso de Obregón", "Rubro": "Espacios Educativos", "Ejercicio": 2023.0, "Obra": "Construcción De Techumbre De Cancha De Usos Múltiples (Primera Etapa) Y Mantenimiento Menor De Auditorio En La Escuela Normal Del Valle Del Mezquital Con C.c.t. 13dnl0003f, Ubicado En La Localidad De El Xamu Municipio De Progreso De Obregón, Del Estado De Hidalgo.", "Localidad": "El Xamu", "Inversión": 2126222.75, "Habitantes.beneficiados": 587.0, "Ejecutora": null, "Trabajos": "FAM 2023 13DNL0003F Normal Valle Del Mezquital", "Geometria_tipo": "Punto" }, "geometry": { "type": "Point", "coordinates": [ -99.177361, 20.279875 ] } },
{ "type": "Feature", "properties": { "ID_OBRA": "1772_San Agustín Tlaxiaca", "No.": 1771.0, "Municipio": "San Agustín Tlaxiaca", "Rubro": "Espacios Educativos", "Ejercicio": 2023.0, "Obra": "Rehabilitación General De Modulo Atípico (Biblioteca); Renivelación De Losa E Impermeabilización De Modulo Atípico Que Alberga Dos Aulas Didácticas; Impermeabilización De Tres Módulos Estructura Regional De 2 E.e. C/U Y 3 E.e. Respectivamente, En La Primaria General Vicente Guerrero Con C.c.t. 13dpr0386u, Ubicada En La Localidad De Ixcuinquitlapilco, Municipio De San Agustin Tlaxiaca.", "Localidad": "Ixcuinquitlapilco", "Inversión": 1368151.65, "Habitantes.beneficiados": 242.0, "Ejecutora": null, "Trabajos": "FAM 2023 13DPR0386U Vicente Guerrero", "Geometria_tipo": "Punto" }, "geometry": { "type": "Point", "coordinates": [ -98.939667, 20.110719 ] } },
{ "type": "Feature", "properties": { "ID_OBRA": "1778_San Bartolo Tutotepec", "No.": 1777.0, "Municipio": "San Bartolo Tutotepec", "Rubro": "Espacios Educativos", "Ejercicio": 2023.0, "Obra": "Construcción De Dos Aulas Didácticas De 2 E.e. Adosadas, En Estructura Tipo Sierra Y Obra Exterior, En El Centro De Educacion Media Superior A Distancia Plantel San Miguel Con C.c.t. 13ems0021o, Ubicada En La Localidad De San Miguel, Municipio De San Bartolo Tutotepec.", "Localidad": "San Miguel", "Inversión": 1436369.26, "Habitantes.beneficiados": 66.0, "Ejecutora": null, "Trabajos": "FAM 2023 13EMS0021O Centro De Educacion Media Superior A Distancia San Miguel", "Geometria_tipo": "Punto" }, "geometry": { "type": "Point", "coordinates": [ -98.20101, 20.440669 ] } },
{ "type": "Feature", "properties": { "ID_OBRA": "1776_San Bartolo Tutotepec", "No.": 1775.0, "Municipio": "San Bartolo Tutotepec", "Rubro": "Espacios Educativos", "Ejercicio": 2023.0, "Obra": "Construcción De Muro De Contención En El Plantel La Primavera Con C.c.t. 13dcc0076k Ubicada En La Localidad De Xochitlan, Municipio De San Bartolo Tutotepec, Estado De Hidalgo.", "Localidad": "Xuchitlan", "Inversión": 797038.44, "Habitantes.beneficiados": 14.0, "Ejecutora": null, "Trabajos": "FAM 2023 13DCC0076K La Primavera", "Geometria_tipo": "Punto" }, "geometry": { "type": "Point", "coordinates": [ -98.252486, 20.450111 ] } },
{ "type": "Feature", "properties": { "ID_OBRA": "1779_San Felipe Orizatlán", "No.": 1778.0, "Municipio": "San Felipe Orizatlán", "Rubro": "Espacios Educativos", "Ejercicio": 2023.0, "Obra": "Construcción De Muro De Contención En La Parte Posterior Del Plantel En Colindancia Con Arroyo Que Sufrio Deslave, En El Preescolar Indígena Guadalupe Victoria Con C.c.t. 13dcc0782o, Ubicado En La Localidad De Huitzitzilingo, Municipio De San Felipe Orizatlán.", "Localidad": "Huitzitzilingo", "Inversión": 451135.29, "Habitantes.beneficiados": 113.0, "Ejecutora": null, "Trabajos": "FAM 2023 13DCC0782O Guadalupe Victoria", "Geometria_tipo": "Punto" }, "geometry": { "type": "Point", "coordinates": [ -98.65468, 21.174939 ] } },
{ "type": "Feature", "properties": { "ID_OBRA": "1780_San Salvador", "No.": 1779.0, "Municipio": "San Salvador", "Rubro": "Espacios Educativos", "Ejercicio": 2023.0, "Obra": "Demolición Y Construcción De Barda Perimetral, En La Primaria General Francisco González Bocanegra Con C.c.t. 13dpr0440y, Ubicada En La Localidad De La Lagunilla, Municipio De San Salvador.", "Localidad": "Lagunilla", "Inversión": 1250843.18, "Habitantes.beneficiados": 158.0, "Ejecutora": null, "Trabajos": "FAM 2023 13DPR0440Y Francisco Gonzalez Bocanegra", "Geometria_tipo": "Punto" }, "geometry": { "type": "Point", "coordinates": [ -99.0284, 20.343969 ] } },
{ "type": "Feature", "properties": { "ID_OBRA": "1791_Santiago Tulantepec de Lugo Guerrero", "No.": 1790.0, "Municipio": "Santiago Tulantepec de Lugo Guerrero", "Rubro": "Espacios Educativos", "Ejercicio": 2023.0, "Obra": "Construccion De Bodega - Almacen Y Obra Exterior En La Universidad Tecnologica De Tulancingo Con C.c.t. 13eut0002y, Ubicada En La Localidad De Emiliano Zapata, Municipio De Santiago Tulantepec.", "Localidad": "Emiliano Zapata", "Inversión": 2730690.15, "Habitantes.beneficiados": 2534.0, "Ejecutora": null, "Trabajos": "FAM 2023 13EUT0002Y Universidad Tecnologica De Tulancingo", "Geometria_tipo": "Punto" }, "geometry": { "type": "Point", "coordinates": [ -98.4055, 20.075139 ] } },
{ "type": "Feature", "properties": { "ID_OBRA": "1792_Santiago Tulantepec de Lugo Guerrero", "No.": 1791.0, "Municipio": "Santiago Tulantepec de Lugo Guerrero", "Rubro": "Espacios Educativos", "Ejercicio": 2023.0, "Obra": "Construcción De Techado En Cancha De Usos Múltiples, En La Secundaria General Gabriel Vargas Bernal Con C.c.t. 13des0120g, Ubicada En La Localidad De Unidades Habitacionales, Municipio De Santiago Tulantepec De Lugo Guerrero.", "Localidad": "Unidades Habitacionales", "Inversión": 1814559.19, "Habitantes.beneficiados": 745.0, "Ejecutora": null, "Trabajos": "FAM 2023 13DES0120G Gabriel Vargas Bernal", "Geometria_tipo": "Punto" }, "geometry": { "type": "Point", "coordinates": [ -98.42056, 20.06469 ] } },
{ "type": "Feature", "properties": { "ID_OBRA": "1789_Santiago Tulantepec de Lugo Guerrero", "No.": 1788.0, "Municipio": "Santiago Tulantepec de Lugo Guerrero", "Rubro": "Espacios Educativos", "Ejercicio": 2023.0, "Obra": "Construcción De Un Aula Didáctica, Estructura Regional (Zona Sísmica C Y D) 6.00 X 8.00 Mts. Y Obra Exterior, En La Primaria General Juan Escutia Con C.c.t. 13dpr0920f, Ubicada En La Localidad De Santiago Tulantepec (Colonia Felipe Ángeles), Municipio De Santiago Tulantepec.", "Localidad": "Felipe Angeles [Colonia]", "Inversión": 558906.92, "Habitantes.beneficiados": 357.0, "Ejecutora": null, "Trabajos": "FAM 2023 13DPR0920F Juan Escutia", "Geometria_tipo": "Punto" }, "geometry": { "type": "Point", "coordinates": [ -98.41806, 20.053678 ] } },
{ "type": "Feature", "properties": { "ID_OBRA": "1795_Santiago Tulantepec de Lugo Guerrero", "No.": 1794.0, "Municipio": "Santiago Tulantepec de Lugo Guerrero", "Rubro": "Espacios Educativos", "Ejercicio": 2023.0, "Obra": "Demolición De Módulo De Sanitarios Atípicos En Mal Estado, Extracción De Cisterna Y Fosa Séptica Atípicas, Construcción De Modulo De Sanitarios M-6, Estructura Regional (Zona Sísmica C Y D) 5.30 X 6.50 Mts. Y Obra Exterior, En La Primaria General Tierra Y Libertad Con C.c.t. 13dpr0133r, Ubicada En La Localidad De Emiliano Zapata, Municipio De Santiago Tulantepec De Lugo Guerrero.", "Localidad": "Emiliano Zapata", "Inversión": 1496126.04, "Habitantes.beneficiados": 251.0, "Ejecutora": null, "Trabajos": "FAM 2023 13DPR0133R Tierra Y Libertad", "Geometria_tipo": "Punto" }, "geometry": { "type": "Point", "coordinates": [ -98.407442, 20.077608 ] } },
{ "type": "Feature", "properties": { "ID_OBRA": "1787_Santiago de Anaya", "No.": 1786.0, "Municipio": "Santiago de Anaya", "Rubro": "Espacios Educativos", "Ejercicio": 2023.0, "Obra": "Construcción De Barda Perimetral, Construcción De Dos Bases Para Tinacos Y Rehabilitación De Explanada Principal, En La Secundaria Técnica 42 Con C.c.t. 13dst0044j, Ubicada En La Localidad De Yolotepec, Municipio De Santiago De Anaya.", "Localidad": "Yolotepec", "Inversión": 1777497.02, "Habitantes.beneficiados": 154.0, "Ejecutora": null, "Trabajos": "FAM 2023 13DST0044J Escuela Secundaria Tecnica 42", "Geometria_tipo": "Punto" }, "geometry": { "type": "Point", "coordinates": [ -99.07628, 20.394069 ] } },
{ "type": "Feature", "properties": { "ID_OBRA": "1788_Santiago de Anaya", "No.": 1787.0, "Municipio": "Santiago de Anaya", "Rubro": "Espacios Educativos", "Ejercicio": 2023.0, "Obra": "Construcción De Techado En Cancha De Usos Múltiples, En El Colegio De Bachilleres Plantel Santiago De Anaya, Con C.c.t. 13ecb0034l Ubicado En La Localidad De Santiago De Anaya, Municipio De Santiago De Anaya.", "Localidad": "Santiago De Anaya", "Inversión": 2735743.47, "Habitantes.beneficiados": 202.0, "Ejecutora": null, "Trabajos": "FAM 2023 13ECB0034L Colegio De Bachilleres Plantel Santiago De Anaya", "Geometria_tipo": "Punto" }, "geometry": { "type": "Point", "coordinates": [ -98.958861, 20.379097 ] } },
{ "type": "Feature", "properties": { "ID_OBRA": "1786_Santiago de Anaya", "No.": 1785.0, "Municipio": "Santiago de Anaya", "Rubro": "Espacios Educativos", "Ejercicio": 2023.0, "Obra": "Construcción De Techado En Cancha De Usos Múltiples, En La Telesecundaria 639, Con C.c.t. 13dtv0655x, Ubicado En La Localidad De Patria Nueva, Municipio De Santiago De Anaya.", "Localidad": "Patria Nueva", "Inversión": 2468583.61, "Habitantes.beneficiados": 100.0, "Ejecutora": null, "Trabajos": "FAM 2023 13DTV0655X Telesecundaria 639", "Geometria_tipo": "Punto" }, "geometry": { "type": "Point", "coordinates": [ -99.04884, 20.375719 ] } },
{ "type": "Feature", "properties": { "ID_OBRA": "1785_Santiago de Anaya", "No.": 1784.0, "Municipio": "Santiago de Anaya", "Rubro": "Espacios Educativos", "Ejercicio": 2023.0, "Obra": "Demolición De Módulo Atípico Existente, Construcción De 2 Aulas Didácticas, Estructura Regional (Zona Sísmica C Y D) 6.00 X 8.00 Mts., Rehabilitación General De Cisterna Y Obra Exterior, En La Primaria General Amado Nervo Con C.c.t. 13dpr0465g, Ubicada En La Localidad De Yolotepec, Municipio De Santiago De Anaya.", "Localidad": "Yolotepec", "Inversión": 1406413.51, "Habitantes.beneficiados": 282.0, "Ejecutora": null, "Trabajos": "FAM 2023 13DPR0465G Amado Nervo", "Geometria_tipo": "Punto" }, "geometry": { "type": "Point", "coordinates": [ -99.07701, 20.391169 ] } },
{ "type": "Feature", "properties": { "ID_OBRA": "1800_Tasquillo", "No.": 1799.0, "Municipio": "Tasquillo", "Rubro": "Espacios Educativos", "Ejercicio": 2023.0, "Obra": "Construccion De Fosa Séptica, Construcción De Pozo De Absorción Y Obra Exterior, En La Primaria General Dr. Jose María Luis Mora, Con C.c.t. 13dpr0491e, Ubicada En La Localidad De Danghu, En El Municipio De Tasquillo.", "Localidad": "Danghu", "Inversión": 299787.18, "Habitantes.beneficiados": 108.0, "Ejecutora": null, "Trabajos": "FAM 2023 13DPR0491E Dr. Jose Ma. Luis Mora", "Geometria_tipo": "Punto" }, "geometry": { "type": "Point", "coordinates": [ -99.34799, 20.506278 ] } },
{ "type": "Feature", "properties": { "ID_OBRA": "1799_Tasquillo", "No.": 1798.0, "Municipio": "Tasquillo", "Rubro": "Espacios Educativos", "Ejercicio": 2023.0, "Obra": "Construcción De Barda Perimetral, Rehabilitación General De Módulo De Sanitarios, Estructura Regional 6.00 X 8.00 Mts., Rehabilitación De Un Módulo De 5 E.e., Estructura Regional (3 Aulas, Dirección Y Sanitarios) Y Obra Exterior, En La Telesecundaria 537 Con C.c.t. 13dtv0553z, Ubicada En La Localidad De Bondhi, Municipio De Tasquillo.", "Localidad": "Bondhi", "Inversión": 1650713.95, "Habitantes.beneficiados": 228.0, "Ejecutora": null, "Trabajos": "FAM 2023 13DTV0553Z Telesecundaria 537", "Geometria_tipo": "Punto" }, "geometry": { "type": "Point", "coordinates": [ -99.29348, 20.532389 ] } },
{ "type": "Feature", "properties": { "ID_OBRA": "1809_Tecozautla", "No.": 1808.0, "Municipio": "Tecozautla", "Rubro": "Espacios Educativos", "Ejercicio": 2023.0, "Obra": "Construcción De Módulo De Sanitarios M-2, Construcción De Cisterna De Concreto De 5 M3, Construcción De Fosa Séptica, Pozo De Absorción Y Obra Exterior, En La Primaria General Independencia Y Libertad, Con C.c.t. 13dpr2669o, Ubicada En La Localidad De Tenzabhi, Municipio De Tecozautla.", "Localidad": "Tenzabhi", "Inversión": 585123.44, "Habitantes.beneficiados": 38.0, "Ejecutora": null, "Trabajos": "FAM 2023 13DPR2669O Independencia Y Libertad", "Geometria_tipo": "Punto" }, "geometry": { "type": "Point", "coordinates": [ -99.64147, 20.506089 ] } },
{ "type": "Feature", "properties": { "ID_OBRA": "1804_Tecozautla", "No.": 1803.0, "Municipio": "Tecozautla", "Rubro": "Espacios Educativos", "Ejercicio": 2023.0, "Obra": "Construcción De Módulo De Sanitarios M-4, Estructura Regional (Zona Sísmica C Y D), Construcción De Cisterna De Concreto De 10 M3, Fosa Séptica, Pozo De Absorción Y Obra Exterior, En La Telesecundaria 661 Con C.c.t. 13dtv0661h, Ubicada En La Localidad De Uxdejhé, Municipio De Tecozautla.", "Localidad": "Uxdejhe", "Inversión": 1028456.09, "Habitantes.beneficiados": 62.0, "Ejecutora": null, "Trabajos": "FAM 2023 13DTV0661H Telesecundaria 661", "Geometria_tipo": "Punto" }, "geometry": { "type": "Point", "coordinates": [ -99.67261, 20.576728 ] } },
{ "type": "Feature", "properties": { "ID_OBRA": "1802_Tecozautla", "No.": 1801.0, "Municipio": "Tecozautla", "Rubro": "Espacios Educativos", "Ejercicio": 2023.0, "Obra": "Construcción De Un Aula Didáctica Adosada, Estructura Regional (Zona Sísmica C Y D) 6.00 X 8.00 Mts., Rehabilitación General De Modulo Atípico Existente (Dirección) Con Sustitución De Sanitario Y Obra Exterior, En La Primaria General Lic. Javier Rojo Gómez Con C.c.t. 13dpr1865j, En La Localidad De Tecozautla, Municipio De Tecozautla.", "Localidad": "Tecozautla", "Inversión": 730095.94, "Habitantes.beneficiados": 507.0, "Ejecutora": null, "Trabajos": "FAM 2023 13DPR1865J Lic. Javier Rojo Gomez", "Geometria_tipo": "Punto" }, "geometry": { "type": "Point", "coordinates": [ -99.63813, 20.530078 ] } },
{ "type": "Feature", "properties": { "ID_OBRA": "1805_Tecozautla", "No.": 1804.0, "Municipio": "Tecozautla", "Rubro": "Espacios Educativos", "Ejercicio": 2023.0, "Obra": "Demolición De Módulo Atípico De Sanitarios Existentes, Construcción De Un Aula Didáctica Estructura Regional (Zona Sísmica C Y D) 6.00 X 8.00 Mts., Construcción De Módulo De Sanitarios M-4 Estructura Regional (Zona Sísmica C Y D), Construcción De Fosa Séptica, Pozo De Absorción Y Obra Exterior, En El Preescolar Indígena Fernando Montes De Oca, Con C.c.t. 13dcc0575g, Ubicado En La Localidad De San Pedro, Municipio De Tecozautla.", "Localidad": "San Pedro", "Inversión": 1485040.4, "Habitantes.beneficiados": 20.0, "Ejecutora": null, "Trabajos": "FAM 2023 13DCC0575G Fernando Montes De Oca", "Geometria_tipo": "Punto" }, "geometry": { "type": "Point", "coordinates": [ -99.518322, 20.609681 ] } },
{ "type": "Feature", "properties": { "ID_OBRA": "1801_Tecozautla", "No.": 1800.0, "Municipio": "Tecozautla", "Rubro": "Espacios Educativos", "Ejercicio": 2023.0, "Obra": "Rehabilitación General De Taller De Estructuras Metálicas, Estructura T-71 De 6 E.e.; Rehabilitación General De Laboratorio De Informática, Estructura U1-C De 5 E.e. Y Obra Exterior, En La Secundaria General Hermanos Flores Magón Con C.c.t. 13des0017u, Ubicada En La Localidad De Tecozautla, Municipio De Tecozautla.", "Localidad": "Tecozautla", "Inversión": 1781064.16, "Habitantes.beneficiados": 668.0, "Ejecutora": null, "Trabajos": "FAM 2023 13DES0017U Hermanos Flores Magon", "Geometria_tipo": "Punto" }, "geometry": { "type": "Point", "coordinates": [ -99.63535, 20.537778 ] } },
{ "type": "Feature", "properties": { "ID_OBRA": "1813_Tenango de Doria", "No.": 1812.0, "Municipio": "Tenango de Doria", "Rubro": "Espacios Educativos", "Ejercicio": 2023.0, "Obra": "Construcción De Un Aula Didactica, Estructura Regional (Zona Sísmica C Y D) 6.00 X 8.00 Mts. Y Obra Exterior, En El Preescolar Indigena Jose Vasconcelos Con C.c.t. 13dcc0251z, Ubicado En La Localidad De San Nicolas, Municipio De Tenango De Doria.", "Localidad": "San Nicolas", "Inversión": 695046.48, "Habitantes.beneficiados": 76.0, "Ejecutora": null, "Trabajos": "FAM 2023 13DCC0251Z Jose Vasconcelos", "Geometria_tipo": "Punto" }, "geometry": { "type": "Point", "coordinates": [ -98.18609, 20.321128 ] } },
{ "type": "Feature", "properties": { "ID_OBRA": "1821_Tenango de Doria", "No.": 1820.0, "Municipio": "Tenango de Doria", "Rubro": "Espacios Educativos", "Ejercicio": 2023.0, "Obra": "Demolición Y Construcción De Muro De Contención Y Barda Perimetral, Demolición De Módulo De Sanitarios M-4 Y Construcción De Módulo De Sanitarios M-2 En Sustitución Y Obra Exterior, En El Preescolar Cascada Infantil Con C.c.t. 13dcc0333j, Ubicado En La Localidad De El Casiu, Municipio De Tenango De Doria.", "Localidad": "El Casiu", "Inversión": 1907347.68, "Habitantes.beneficiados": 10.0, "Ejecutora": null, "Trabajos": "FAM 2023 13DCC0333J Cascada Infantil", "Geometria_tipo": "Punto" }, "geometry": { "type": "Point", "coordinates": [ -98.22773, 20.3727 ] } },
{ "type": "Feature", "properties": { "ID_OBRA": "1812_Tenango de Doria", "No.": 1811.0, "Municipio": "Tenango de Doria", "Rubro": "Espacios Educativos", "Ejercicio": 2023.0, "Obra": "Impermeabilización De Módulo Académico Y Administrativo, En La Universidad Intercultural Del Estado De Hidalgo., Con C.c.t. 13eiu0001c, Ubicada En La Localidad El Desdavi, Municipio De Tenango De Doria Hidalgo.", "Localidad": "El Desdavi", "Inversión": 2490461.45, "Habitantes.beneficiados": 611.0, "Ejecutora": null, "Trabajos": "FAM 2023 13EIU0001C Universidad Intercultural Del Estado De Hidalgo", "Geometria_tipo": "Punto" }, "geometry": { "type": "Point", "coordinates": [ -98.239936, 20.340256 ] } },
{ "type": "Feature", "properties": { "ID_OBRA": "1820_Tenango de Doria", "No.": 1819.0, "Municipio": "Tenango de Doria", "Rubro": "Espacios Educativos", "Ejercicio": 2023.0, "Obra": "Rehabilitación General De Modulo A De 4 Aulas Didácticas Estructura Regional 6.00 X 8.00 Mts., Rehabilitación General De Modulo De Laboratorio De Ciencias, Pórtico Y Aula Didáctica, Rehabilitación General De Modulo De Sanitarios 6.00 X 8.00 Mts., Estructura Regional Con Sustitución De Losa De Concreto Por Lamina Multipanel, Construcción De Base De Tinacos Y Obra Exterior, En La Secundaria Técnica 11 Con C.c.t. 13dst0011s, Ubicada En La Localidad De Tenango De Doria, Municipio De Tenango De Doria.", "Localidad": "Tenango De Doria", "Inversión": 2720967.71, "Habitantes.beneficiados": 226.0, "Ejecutora": null, "Trabajos": "FAM 2023 13DST0011S Escuela Secundaria Tecnica 11", "Geometria_tipo": "Punto" }, "geometry": { "type": "Point", "coordinates": [ -98.22509, 20.33895 ] } },
{ "type": "Feature", "properties": { "ID_OBRA": "1824_Tepeapulco", "No.": 1823.0, "Municipio": "Tepeapulco", "Rubro": "Espacios Educativos", "Ejercicio": 2023.0, "Obra": "Construcción De Salón De Usos Múltiples De 1 E.e. Estructura Regional 6.00 X 8.00 Mts. Rehabilitación De Un Módulo De 4 E.e. Estructura Regional Con Sustitución De Cubierta De Lámina A Lámina Multipanel Y Obra Exterior, En La Primaria General Narciso Mendoza Con C.c.t. 13dpr0563h, Ubicada En La Localidad De San Bartolomé De Tepetates Municipio De Tepeapulco.", "Localidad": "San Bartolome Tepetates", "Inversión": 1498935.44, "Habitantes.beneficiados": 66.0, "Ejecutora": null, "Trabajos": "FAM 2023 13DPR0563H Narciso Mendoza", "Geometria_tipo": "Punto" }, "geometry": { "type": "Point", "coordinates": [ -98.558278, 19.740469 ] } },
{ "type": "Feature", "properties": { "ID_OBRA": "1825_Tepehuacán de Guerrero", "No.": 1824.0, "Municipio": "Tepehuacán de Guerrero", "Rubro": "Espacios Educativos", "Ejercicio": 2023.0, "Obra": "Construcción De Muro De Contención En El Plantel Bertrand Rusell Con C.c.t. 13djn0967j Ubicado En La Localidad De Texcapa Municipio De Tepehuacán De Guerrero, Estado De Hidalgo.", "Localidad": "Texcapa", "Inversión": 755508.34, "Habitantes.beneficiados": 101.0, "Ejecutora": null, "Trabajos": "FAM 2023 13DJN0967J Bertrand Russell", "Geometria_tipo": "Punto" }, "geometry": { "type": "Point", "coordinates": [ -98.85428, 21.08915 ] } },
{ "type": "Feature", "properties": { "ID_OBRA": "1828_Tepehuacán de Guerrero", "No.": 1827.0, "Municipio": "Tepehuacán de Guerrero", "Rubro": "Espacios Educativos", "Ejercicio": 2023.0, "Obra": "Construcción De Muro De Contención, Construcción De Cisterna De Concreto De 10 M3, Rehabilitación General De Un Módulo De 2 Aulas Y Un Módulo De Sanitarios, Con Demolición De La Segunda Aula Por Daños Estructurales, Cancelación De Fosa Séptica Existente Y Construcción De Fosa Séptica Y Pozo De Absorción, Rehabilitación De Firme En Cancha De Usos Múltiples Y Obra Exterior En La Primaria General Vicente Guerrero Con C.c.t. 13dpr0569b, Ubicada En La Localidad De Tepehuacan De Guerrero, Municipio De Tepehuacan De Guerrero.", "Localidad": "Tepehuacan De Guerrero", "Inversión": 3500662.59, "Habitantes.beneficiados": 168.0, "Ejecutora": null, "Trabajos": "FAM 2023 13DPR0569B Vicente Guerrero", "Geometria_tipo": "Punto" }, "geometry": { "type": "Point", "coordinates": [ -98.83968, 21.01195 ] } },
{ "type": "Feature", "properties": { "ID_OBRA": "1826_Tepehuacán de Guerrero", "No.": 1825.0, "Municipio": "Tepehuacán de Guerrero", "Rubro": "Espacios Educativos", "Ejercicio": 2023.0, "Obra": "Demolición Y Construcción De Muro De Contención Y Sustitución, En La Primaria General Niños Heroes Con C.c.t. 13dpr2913j, Ubicada En La Localidad De Soyuco, Municipio De Tepehuacan De Guerrero.", "Localidad": "Soyuco", "Inversión": 1723590.8, "Habitantes.beneficiados": 48.0, "Ejecutora": null, "Trabajos": "FAM 2023 13DPR2913J Niños Heroes", "Geometria_tipo": "Punto" }, "geometry": { "type": "Point", "coordinates": [ -98.93739, 21.069119 ] } },
{ "type": "Feature", "properties": { "ID_OBRA": "1829_Tepehuacán de Guerrero", "No.": 1828.0, "Municipio": "Tepehuacán de Guerrero", "Rubro": "Espacios Educativos", "Ejercicio": 2023.0, "Obra": "Rehabilitacion De Modulo A, B Y Obra Exterior En El Plantel Gregorio Torres Quintero Con C.c.t. 13dpr0571q Ubicado En La Localidad De Acuimantla, Municipio De Tepehuacan De Guerrero, Estado De Hidalgo.", "Localidad": "Acuimantla", "Inversión": 632641.68, "Habitantes.beneficiados": 100.0, "Ejecutora": null, "Trabajos": "FAM 2023 13DPR0571Q Gregorio Torres Quintero", "Geometria_tipo": "Punto" }, "geometry": { "type": "Point", "coordinates": [ -98.79775, 21.0359 ] } },
{ "type": "Feature", "properties": { "ID_OBRA": "1827_Tepehuacán de Guerrero", "No.": 1826.0, "Municipio": "Tepehuacán de Guerrero", "Rubro": "Espacios Educativos", "Ejercicio": 2023.0, "Obra": "Rehabilitación General De 5 Módulos De Aulas; A, 4 Aulas Didácticas, Estructura Regional 6.00 X 8.00 Mts.; B, Un Módulo De Sanitarios 6.00 X 8.00 Mts. Y Aula Didáctica, Estructura Regional; C, Un Aula Didáctica Atípica; D, Un Aula Didáctica Atípica; E, Rehabilitación De Un Aula Didáctica Atípica Y Rehabilitación Eléctrica General, En La Primaria General Héroes De Chapultepec Con C.c.t. 13dpr1071b, Ubicada En La Localidad De Cuatolol, Municipio De Tepehuacan De Guerrero.", "Localidad": "Cuatolol", "Inversión": 1319186.2, "Habitantes.beneficiados": 230.0, "Ejecutora": null, "Trabajos": "FAM 2023 13DPR1071B Heroes De Chapultepec", "Geometria_tipo": "Punto" }, "geometry": { "type": "Point", "coordinates": [ -98.826119, 21.119739 ] } },
{ "type": "Feature", "properties": { "ID_OBRA": "1841_Tepeji del Río de Ocampo", "No.": 1840.0, "Municipio": "Tepeji del Río de Ocampo", "Rubro": "Espacios Educativos", "Ejercicio": 2023.0, "Obra": "Construcción De Techado En Cancha De Usos Múltiples, En La Primaria Progreso Campesino Con C.c.t. 13dpr0602t, Ubicada En La Localidad De Tinajas, Municipio De Tepeji Del Rio De Ocampo.", "Localidad": "Tinajas", "Inversión": 2432288.0, "Habitantes.beneficiados": 219.0, "Ejecutora": null, "Trabajos": "FAM 2023 13DPR0602T Progreso Campesino", "Geometria_tipo": "Punto" }, "geometry": { "type": "Point", "coordinates": [ -99.36752, 19.898447 ] } },
{ "type": "Feature", "properties": { "ID_OBRA": "1840_Tepeji del Río de Ocampo", "No.": 1839.0, "Municipio": "Tepeji del Río de Ocampo", "Rubro": "Espacios Educativos", "Ejercicio": 2023.0, "Obra": "Construcción De Techado En Cancha De Usos Múltiples, En La Telesecundaria 255 Con C.t.t. 13dtv0270t, Ubicada En La Localidad De San Ildefonso, Municipio De Tepeji Del Rio De Ocampo.", "Localidad": "San Ildefonso", "Inversión": 2225112.0, "Habitantes.beneficiados": 105.0, "Ejecutora": null, "Trabajos": "FAM 2023 13DTV0270T Telesecundaria 255", "Geometria_tipo": "Punto" }, "geometry": { "type": "Point", "coordinates": [ -99.366667, 19.996667 ] } },
{ "type": "Feature", "properties": { "ID_OBRA": "1839_Tepeji del Río de Ocampo", "No.": 1838.0, "Municipio": "Tepeji del Río de Ocampo", "Rubro": "Espacios Educativos", "Ejercicio": 2023.0, "Obra": "Construcción De Un Aula Didáctica Adosada Estructura Regional (Zona Sísmica C Y D) 6.00 X 8.00 Mts. Y Obra Exterior, En La Primaria María Morelos Y Pavón Con C.c.t. 13dpr1361s, Ubicada En La Localidad De Tepeji Del Rio, Municipio De Tepeji Del Rio.", "Localidad": "Tepeji Del Rio De Ocampo", "Inversión": 481977.26, "Habitantes.beneficiados": 190.0, "Ejecutora": null, "Trabajos": "FAM 2023 13DPR1361S Jose Ma. Morelos Y Pavon", "Geometria_tipo": "Punto" }, "geometry": { "type": "Point", "coordinates": [ -99.35215, 19.903169 ] } },
{ "type": "Feature", "properties": { "ID_OBRA": "1843_Tepeji del Río de Ocampo", "No.": 1842.0, "Municipio": "Tepeji del Río de Ocampo", "Rubro": "Espacios Educativos", "Ejercicio": 2023.0, "Obra": "Rehabilitación General Con Sustitución De Cubierta De Lámina Galvanizada A Cubierta De Lámina Multipanel, De Un Módulo Est. A-70 De 6 E.e. Y Obra Exterior En La Primaria General Emiliano Zapata Con C.c.t. 13dpr0593b, Ubicada En La Localidad De San Buenaventura En El Municipio De Tepeji Del Rio De Ocampo.", "Localidad": "San Buenaventura", "Inversión": 892899.01, "Habitantes.beneficiados": 304.0, "Ejecutora": null, "Trabajos": "FAM 2023 13DPR0593B Emiliano Zapata", "Geometria_tipo": "Punto" }, "geometry": { "type": "Point", "coordinates": [ -99.325728, 19.821808 ] } },
{ "type": "Feature", "properties": { "ID_OBRA": "1842_Tepeji del Río de Ocampo", "No.": 1841.0, "Municipio": "Tepeji del Río de Ocampo", "Rubro": "Espacios Educativos", "Ejercicio": 2023.0, "Obra": "Rehabilitación General Con Sustitución De Losa De Concreto A Cubierta De Lamina Multipanel En Modulo Atípico De Dos Aulas Y Biblioteca, Rehabilitación General Con Sustitución De Losa De Concreto A Cubierta De Lamina Multipanel De Un Modulo De Sanitarios Y Anexo, Estructura A-70 De 4 E.e., Construcción De Base De Tinacos Y Obra Exterior, En La Primaria María Ángeles Con C.c.t. 13dpr1189z, Ubicada En La Localidad De Tepeji Del Rio De Ocampo, Municipio De Tepeji Del Rio De Ocampo.", "Localidad": "Tepeji Del Rio De Ocampo", "Inversión": 2572921.49, "Habitantes.beneficiados": 329.0, "Ejecutora": null, "Trabajos": "FAM 2023 13DPR1189Z Maria Angeles", "Geometria_tipo": "Punto" }, "geometry": { "type": "Point", "coordinates": [ -99.343309, 19.91005 ] } },
{ "type": "Feature", "properties": { "ID_OBRA": "1834_Tepeji del Río de Ocampo", "No.": 1833.0, "Municipio": "Tepeji del Río de Ocampo", "Rubro": "Espacios Educativos", "Ejercicio": 2023.0, "Obra": "Rehabilitación General De Módulo De Sanitarios, En La Secundaria Técnica No. 12 Con C.c.t. 13dst0012r, Ubicada En La Colonia Tianguistengo (La Romera), En El Municipio De Tepeji Del Rio De Ocampo.", "Localidad": "Tianguistengo (La Romera)", "Inversión": 727103.22, "Habitantes.beneficiados": 431.0, "Ejecutora": null, "Trabajos": "FAM 2023 13DST0012R Escuela Secundaria Tecnica 12", "Geometria_tipo": "Punto" }, "geometry": { "type": "Point", "coordinates": [ -99.325672, 19.913725 ] } },
{ "type": "Feature", "properties": { "ID_OBRA": "1844_Tepetitlán", "No.": 1843.0, "Municipio": "Tepetitlán", "Rubro": "Espacios Educativos", "Ejercicio": 2023.0, "Obra": "Construccion De Un Modulo De 2 Aulas Didácticas En Estructura Regional (Zona Sísmica C Y D) 6.00 X 8.00 Mts. C/U Y Obra Extrerior, En La Primaria General Felipe Ángeles Con C.c.t. 13dpr1125p, Ubicada En La Localidad De Santa María Daxtho, Municipio De Tepetitlán.", "Localidad": "Santa Maria Daxtho", "Inversión": 1008180.48, "Habitantes.beneficiados": 25.0, "Ejecutora": null, "Trabajos": "FAM 2023 13DPR1125P Felipe Angeles", "Geometria_tipo": "Punto" }, "geometry": { "type": "Point", "coordinates": [ -99.382972, 20.132103 ] } },
{ "type": "Feature", "properties": { "ID_OBRA": "1845_Tezontepec de Aldama", "No.": 1844.0, "Municipio": "Tezontepec de Aldama", "Rubro": "Espacios Educativos", "Ejercicio": 2023.0, "Obra": "Acometida Y Conexión En Media Tensión, Acondicionamiento De Red En Baja Tensión, Instalación De Sistema Fotovoltaico Interconectado A La Red Y Adecuación De Instalaciones En Unidad De Docencia En La Unidad Académica De Tezontepec De Aldama Con C.c.t. 13eut0010g, Ubicada En La Localidad La Chiripa (Rancho) Municipio De Tezontepec De Aldama.", "Localidad": "La Chiripa [Rancho]", "Inversión": 2198899.16, "Habitantes.beneficiados": 290.0, "Ejecutora": null, "Trabajos": "FAM 2023 13EUT0010G Unidad Academica De Tezontepec De Aldama", "Geometria_tipo": "Punto" }, "geometry": { "type": "Point", "coordinates": [ -99.267306, 20.202139 ] } },
{ "type": "Feature", "properties": { "ID_OBRA": "1847_Tezontepec de Aldama", "No.": 1846.0, "Municipio": "Tezontepec de Aldama", "Rubro": "Espacios Educativos", "Ejercicio": 2023.0, "Obra": "Construcción De Taller De Conservación De Alimentos, En Estructura U1-C De 6 E.e., Rehabilitación General De Un Módulo, Estructura U1-C De 6 E.e., Para Habilitar Un Taller De Circuitos Eléctricos Y Obra Exterior, En La Secundaria General Cuauhtémoc Con C.c.t. 13des0096x, Ubicada En La Localidad De Presas, Municipio De Tezontepec De Aldama.", "Localidad": "Presas", "Inversión": 2811364.16, "Habitantes.beneficiados": 543.0, "Ejecutora": null, "Trabajos": "FAM 2023 13DES0096X Cuauhtemoc", "Geometria_tipo": "Punto" }, "geometry": { "type": "Point", "coordinates": [ -99.250975, 20.157936 ] } },
{ "type": "Feature", "properties": { "ID_OBRA": "1849_Tezontepec de Aldama", "No.": 1848.0, "Municipio": "Tezontepec de Aldama", "Rubro": "Espacios Educativos", "Ejercicio": 2023.0, "Obra": "Construcción De Techado En Cancha De Usos Múltiples, En La Telesecundaria 113 Con C.c.t. 13dtv0113c, Ubicada En La Localidad De Mangas, Municipio De Tezontepec De Aldama.", "Localidad": "Mangas", "Inversión": 2481597.91, "Habitantes.beneficiados": 339.0, "Ejecutora": null, "Trabajos": "FAM 2023 13DTV0113C Telesecundaria 113", "Geometria_tipo": "Punto" }, "geometry": { "type": "Point", "coordinates": [ -99.24765, 20.187439 ] } },
{ "type": "Feature", "properties": { "ID_OBRA": "1851_Tezontepec de Aldama", "No.": 1850.0, "Municipio": "Tezontepec de Aldama", "Rubro": "Espacios Educativos", "Ejercicio": 2023.0, "Obra": "Rehabilitación De Techado De Plaza Cívica, En El Jardín De Niños Vicente Suarez Con C.c.t. 13djn0078y, Ubicado En La Localidad De Mangas, Municipio De Tezontepec De Aldama.", "Localidad": "Mangas", "Inversión": 57074.44, "Habitantes.beneficiados": 78.0, "Ejecutora": null, "Trabajos": "FAM 2023 13DJN0078Y Vicente Suarez", "Geometria_tipo": "Punto" }, "geometry": { "type": "Point", "coordinates": [ -99.24712, 20.18745 ] } },
{ "type": "Feature", "properties": { "ID_OBRA": "1855_Tezontepec de Aldama", "No.": 1854.0, "Municipio": "Tezontepec de Aldama", "Rubro": "Espacios Educativos", "Ejercicio": 2023.0, "Obra": "Rehabilitación General De Dos Módulos, Estructura U2-C De 13 E.e. C/U, Rehabilitación General De Un Modulo Estructura U1-C De 4 E.e. Y Obra Exterior En La Secundaria General Quetzalcóatl Con C.c.t. 13des0075k, Ubicada En La Localidad De Huitel, Municipio De Tezontepec De Aldama.", "Localidad": "Huitel", "Inversión": 2298000.8, "Habitantes.beneficiados": 294.0, "Ejecutora": null, "Trabajos": "FAM 2023 13DES0075K Quetzalcoatl", "Geometria_tipo": "Punto" }, "geometry": { "type": "Point", "coordinates": [ -99.28307, 20.165928 ] } },
{ "type": "Feature", "properties": { "ID_OBRA": "1848_Tezontepec de Aldama", "No.": 1847.0, "Municipio": "Tezontepec de Aldama", "Rubro": "Espacios Educativos", "Ejercicio": 2023.0, "Obra": "Restructuración Y Reforzamiento De Techumbre De 24.55 X 33.35 Mts., En Plaza Civica En La Telesecundaria 710 Con C.c.t. 13dtv0710z Ubicada En La Localidad De Santiago Acayutlan Municipio De Tezontepec De Aldama.", "Localidad": "Santiago Acayutlan", "Inversión": 2615800.0, "Habitantes.beneficiados": 85.0, "Ejecutora": null, "Trabajos": "FAM 2023 13DTV0710Z Telesecundaria 710", "Geometria_tipo": "Punto" }, "geometry": { "type": "Point", "coordinates": [ -99.30106, 20.193739 ] } },
{ "type": "Feature", "properties": { "ID_OBRA": "1856_Tianguistengo", "No.": 1855.0, "Municipio": "Tianguistengo", "Rubro": "Espacios Educativos", "Ejercicio": 2023.0, "Obra": "Remodelacion De Area Administrativa En La Escuela Normal De La Sierra Hidalguense Con C.c.t. 13dnl0002g, Ubicado En La Localidad De Tianguistengo Municipio De Tianguistengo, Del Estado De Hidalgo.", "Localidad": "Tianguistengo", "Inversión": 1164909.02, "Habitantes.beneficiados": 468.0, "Ejecutora": null, "Trabajos": "FAM 2023 13DNL0002G Normal Sierra Hidalguense", "Geometria_tipo": "Punto" }, "geometry": { "type": "Point", "coordinates": [ -98.63411, 20.728328 ] } },
{ "type": "Feature", "properties": { "ID_OBRA": "1879_Tizayuca", "No.": 1878.0, "Municipio": "Tizayuca", "Rubro": "Espacios Educativos", "Ejercicio": 2023.0, "Obra": "Construcción De Techado En Cancha De Usos Múltiples, En La Primaria General Revolución Mexicana Con C.c.t. 13dpr0793z, Ubicada En La Localidad De Tizayuca, Municipio De Tizayuca.", "Localidad": "Tizayuca", "Inversión": 1643019.02, "Habitantes.beneficiados": 156.0, "Ejecutora": null, "Trabajos": "FAM 2023 13DPR0793Z Revolucion Mexicana", "Geometria_tipo": "Punto" }, "geometry": { "type": "Point", "coordinates": [ -98.987956, 19.8379 ] } },
{ "type": "Feature", "properties": { "ID_OBRA": "1884_Tizayuca", "No.": 1883.0, "Municipio": "Tizayuca", "Rubro": "Espacios Educativos", "Ejercicio": 2023.0, "Obra": "Construcción De Un Modulo De 9 E.e., Estructura U2-C Que Albergará: Pb: 4 Aulas Didácticas De 2 E.e. C/U. Pa: 4 Aulas Didacticas De 2 E.e. C/U, Escaleras, Costrucción De Barda En Reposición Y Obra Exterior, En La Primaria General Cuauhtémoc, Con C.c.t. 13dpr2544g, Ubicada En La Localidad De Tizayuca, Municipio De Tizayuca.", "Localidad": "Tizayuca", "Inversión": 6373027.24, "Habitantes.beneficiados": 295.0, "Ejecutora": null, "Trabajos": "FAM 2023 13DPR2544G Cuauhtemoc", "Geometria_tipo": "Punto" }, "geometry": { "type": "Point", "coordinates": [ -98.97911, 19.839739 ] } },
{ "type": "Feature", "properties": { "ID_OBRA": "1885_Tlahuelilpan", "No.": 1884.0, "Municipio": "Tlahuelilpan", "Rubro": "Espacios Educativos", "Ejercicio": 2023.0, "Obra": "Rehabilitación General De Un Taller De Informática En La Secundaria General Netzahualcóyotl Con C.c.t. 13des0029z, Ubicada En La Localidad De Tlahuelilpan, Municipio De Tlahuelilpan.", "Localidad": "Tlahuelilpan", "Inversión": 323873.24, "Habitantes.beneficiados": 461.0, "Ejecutora": null, "Trabajos": "FAM 2023 13DES0029Z Netzahualcoyotl", "Geometria_tipo": "Punto" }, "geometry": { "type": "Point", "coordinates": [ -99.229261, 20.130344 ] } },
{ "type": "Feature", "properties": { "ID_OBRA": "1887_Tlahuiltepa", "No.": 1886.0, "Municipio": "Tlahuiltepa", "Rubro": "Espacios Educativos", "Ejercicio": 2023.0, "Obra": "Construcción De 1 Aula Didáctica, Estructura Regional (Zona Sísmica C Y D) 6.00 X 8.00 Mts., Construcción De Un Modulo De Sanitarios M-2, Construcción De Cisterna De Concreto De 5 M3 Y Obra Exterior, En La Telesecundaria 634 Con C.c.t. 13dtv0650b, Ubicada En La Localidad De Xuchiatipa, Municipio De Tlahuiltepa.", "Localidad": "Xuchiatipa", "Inversión": 1119558.42, "Habitantes.beneficiados": 31.0, "Ejecutora": null, "Trabajos": "FAM 2023 13DTV0650B Telesecundaria 634", "Geometria_tipo": "Punto" }, "geometry": { "type": "Point", "coordinates": [ -98.95026, 21.02215 ] } },
{ "type": "Feature", "properties": { "ID_OBRA": "1894_Tlahuiltepa", "No.": 1893.0, "Municipio": "Tlahuiltepa", "Rubro": "Espacios Educativos", "Ejercicio": 2023.0, "Obra": "Construcción De Muro De Contención, Impermeabilización De 3 Módulos Y Rehabilitación Eléctrica General, En La Telesecundaria 291 Con C.c.t. 13dtv0062m, Ubicada En La Localidad De Tlahuiltepa, Municipio De Tlahuiltepa.", "Localidad": "Tlahuiltepa", "Inversión": 1048111.92, "Habitantes.beneficiados": 36.0, "Ejecutora": null, "Trabajos": "FAM 2023 13DTV0062M Telesecundaria 291", "Geometria_tipo": "Punto" }, "geometry": { "type": "Point", "coordinates": [ -98.948944, 20.923539 ] } },
{ "type": "Feature", "properties": { "ID_OBRA": "1890_Tlahuiltepa", "No.": 1889.0, "Municipio": "Tlahuiltepa", "Rubro": "Espacios Educativos", "Ejercicio": 2023.0, "Obra": "Rehabilitación General De Un Aula Didáctica, Estructura Regional 6.00 X 8.00 Mts.; Rehabilitación General De Un Modulo De Estructura Hm De Dos Aulas Didácticas 6.00 X 8.00 Mts. Con Sustitución De Cubierta De Lamina Multipanel Y Obra Exterior, En La Primaria General Paz Y Educación Con C.c.t. 13dpr0667c, Ubicada En La Localidad De Boca De León, Municipio De Tlahuiltepa.", "Localidad": "Boca De Leon", "Inversión": 959438.68, "Habitantes.beneficiados": 28.0, "Ejecutora": null, "Trabajos": "FAM 2023 13DPR0667C Paz Y Educacion", "Geometria_tipo": "Punto" }, "geometry": { "type": "Point", "coordinates": [ -98.99509, 20.990358 ] } },
{ "type": "Feature", "properties": { "ID_OBRA": "1899_Tlanchinol", "No.": 1898.0, "Municipio": "Tlanchinol", "Rubro": "Espacios Educativos", "Ejercicio": 2023.0, "Obra": "Construcción De Muro De Contención En El Plantel Justo Sierra Con C.c.t. 13dpr0686r Ubicado En La Localidad De Tlanchinol Municipio De Tlanchinol, Estado De Hidalgo.", "Localidad": "Tlanchinol", "Inversión": 927005.29, "Habitantes.beneficiados": 457.0, "Ejecutora": null, "Trabajos": "FAM 2023 13DPR0686R Justo Sierra", "Geometria_tipo": "Punto" }, "geometry": { "type": "Point", "coordinates": [ -98.66048, 20.9865 ] } },
{ "type": "Feature", "properties": { "ID_OBRA": "1900_Tlanchinol", "No.": 1899.0, "Municipio": "Tlanchinol", "Rubro": "Espacios Educativos", "Ejercicio": 2023.0, "Obra": "Construcción De Muro De Contención En El Plantel Telesecundaria 699 Con C.c.t. 13dtv0699u Ubicada En La Localidad De San Salvador, Municipio De Tlanchinol, Estado De Hidalgo.", "Localidad": "San Salvador", "Inversión": 474406.28, "Habitantes.beneficiados": 37.0, "Ejecutora": null, "Trabajos": "FAM 2023 13DTV0699U Telesecundaria 699", "Geometria_tipo": "Punto" }, "geometry": { "type": "Point", "coordinates": [ -98.59945, 21.012039 ] } },
{ "type": "Feature", "properties": { "ID_OBRA": "1897_Tlanchinol", "No.": 1896.0, "Municipio": "Tlanchinol", "Rubro": "Espacios Educativos", "Ejercicio": 2023.0, "Obra": "Construcción De Muro De Contención En El Preescolar Luis Donaldo Colosio Murrieta Con C.c.t. 13djn1243n Ubicado En La Localidad De Hueyapa, Municipio De Tlanchinol.", "Localidad": "Hueyapa", "Inversión": 396022.58, "Habitantes.beneficiados": 54.0, "Ejecutora": null, "Trabajos": "FAM 2023 13DJN1243N Luis Donaldo Colosio Murrieta", "Geometria_tipo": "Punto" }, "geometry": { "type": "Point", "coordinates": [ -98.69035, 21.084089 ] } },
{ "type": "Feature", "properties": { "ID_OBRA": "1901_Tlanchinol", "No.": 1900.0, "Municipio": "Tlanchinol", "Rubro": "Espacios Educativos", "Ejercicio": 2023.0, "Obra": "Construcción De Un Aula Didáctica, Estructura Regional (Zona Sísmica C Y D) 6.00 X 8.00 Mts. Y Obra Exterior En El Preescolar Indígena Lic. Benito Juárez Con C.c.t. 13dcc0677d, Ubicado En La Localidad De Chichatla, Municipio De Tlanchinol.", "Localidad": "Chichatla", "Inversión": 735910.87, "Habitantes.beneficiados": 101.0, "Ejecutora": null, "Trabajos": "FAM 2023 13DCC0677D Lic. Benito Juarez", "Geometria_tipo": "Punto" }, "geometry": { "type": "Point", "coordinates": [ -98.63113, 20.961258 ] } },
{ "type": "Feature", "properties": { "ID_OBRA": "1902_Tlanchinol", "No.": 1901.0, "Municipio": "Tlanchinol", "Rubro": "Espacios Educativos", "Ejercicio": 2023.0, "Obra": "Demolición Y Construcción De Muro De Contención Y Barda Perimetral, En La Secundaria General Jesús Reyes Heroles Con C.c.t. 13des0045q, En La Localidad De Tlanchinol, Municipio De Tlanchinol.", "Localidad": "Tlanchinol", "Inversión": 425494.87, "Habitantes.beneficiados": 396.0, "Ejecutora": null, "Trabajos": "FAM 2023 13DES0045Q Jesus Reyes Heroles", "Geometria_tipo": "Punto" }, "geometry": { "type": "Point", "coordinates": [ -98.66453, 20.987678 ] } },
{ "type": "Feature", "properties": { "ID_OBRA": "1904_Tlaxcoapan", "No.": 1903.0, "Municipio": "Tlaxcoapan", "Rubro": "Espacios Educativos", "Ejercicio": 2023.0, "Obra": "Construcción De Barda Perimetral De 3.00 M Altura Y Cercado Perimetral Con Malla Ciclónica De Altura Hasta 2m, En El Plantel Centro De Estudios Medio Superior A Distancia (Cemsad) Con Clave C.c.t. 13ems0060q, Ubicado En La Localidad De Doxey En El Municipio De Tlaxcoapan, Estado De Hidalgo.", "Localidad": "Doxey", "Inversión": 220320.02, "Habitantes.beneficiados": 57.0, "Ejecutora": null, "Trabajos": "FAM 2023 13EMS0060Q Centro De Educacion Media Superior A Distancia Doxey", "Geometria_tipo": "Punto" }, "geometry": { "type": "Point", "coordinates": [ -99.23425, 20.091833 ] } },
{ "type": "Feature", "properties": { "ID_OBRA": "1905_Tlaxcoapan", "No.": 1904.0, "Municipio": "Tlaxcoapan", "Rubro": "Espacios Educativos", "Ejercicio": 2023.0, "Obra": "Rehabilitación General Con Sustitución De Losa De Concreto A Cubierta De Lámina Multipanel De Un Módulo Est. 70 De 10 E.e., Rehabilitación General De Módulo De Sanitarios, Construcción De Base De Tinacos Y Obra Exterior, En La Primaria General Javier Rojo Gómez, Con C.c.t. 13dpr2450s, Ubicada En La Localidad De Tlaxcoapan, Municipio De Tlaxcoapan.", "Localidad": "Tlaxcoapan", "Inversión": 2313377.0, "Habitantes.beneficiados": 316.0, "Ejecutora": null, "Trabajos": "FAM 2023 13DPR2450S Javier Rojo Gomez", "Geometria_tipo": "Punto" }, "geometry": { "type": "Point", "coordinates": [ -99.222944, 20.083333 ] } },
{ "type": "Feature", "properties": { "ID_OBRA": "1906_Tolcayuca", "No.": 1905.0, "Municipio": "Tolcayuca", "Rubro": "Espacios Educativos", "Ejercicio": 2023.0, "Obra": "Construcción De Primera Etapa De Auditorio, En La Universidad Politécnica Metropolitana De Hidalgo Con C.c.t. 13epo0004z, Ubicada En La Localidad De Tolcayuca, Municipio De Tolcayuca.", "Localidad": "Vicente Guerrero (San Javier)", "Inversión": 2631150.27, "Habitantes.beneficiados": 3282.0, "Ejecutora": null, "Trabajos": "FAM 2023 13EPO0004Z Universidad Politecnica Metropolitana De Hidalgo", "Geometria_tipo": "Punto" }, "geometry": { "type": "Point", "coordinates": [ -98.888817, 19.946092 ] } },
{ "type": "Feature", "properties": { "ID_OBRA": "1912_Tula de Allende", "No.": 1911.0, "Municipio": "Tula de Allende", "Rubro": "Espacios Educativos", "Ejercicio": 2023.0, "Obra": "Construcción De Muro De Contención, Construcción De Barda Perimetral Y Obra Exterior, En La Telesecundaria No. 672 Con C.c.t. 13dtv0672n, Ubicada En La Localidad De El Llano, Municipio De Tula De Allende.", "Localidad": "El Llano", "Inversión": 1193995.55, "Habitantes.beneficiados": 134.0, "Ejecutora": null, "Trabajos": "FAM 2023 13DTV0672N Telesecundaria 672", "Geometria_tipo": "Punto" }, "geometry": { "type": "Point", "coordinates": [ -99.3141, 20.074169 ] } },
{ "type": "Feature", "properties": { "ID_OBRA": "1913_Tula de Allende", "No.": 1912.0, "Municipio": "Tula de Allende", "Rubro": "Espacios Educativos", "Ejercicio": 2023.0, "Obra": "Construcción De Unidad De Docencia De Dos Niveles Tipo Ut´S, Primera Etapa, En La Universidad Tecnológica De Tula Tepeji Con C.c.t. 13eut0001z, Ubicada De La Localidad El Carmen, Municipio De Tula De Allende.", "Localidad": "Sesenta Y Dos [Colonia]", "Inversión": 33064038.9, "Habitantes.beneficiados": 5310.0, "Ejecutora": null, "Trabajos": "FAM 2023 13EUT0001Z Universidad Tecnologica Tula-Tepeji", "Geometria_tipo": "Punto" }, "geometry": { "type": "Point", "coordinates": [ -99.34259, 20.009778 ] } },
{ "type": "Feature", "properties": { "ID_OBRA": "1914_Tula de Allende", "No.": 1913.0, "Municipio": "Tula de Allende", "Rubro": "Espacios Educativos", "Ejercicio": 2023.0, "Obra": "Rehabilitación General En Edificios A,B, Obra De Mitigación Y Obra Exterior, En El Plantel Escuela Secundaria Técnica No. 52 Con C.c.t. 13dst0053r Ubicado En La Localidad De Tula De Allende En El Municipio De Tula De Allende En El Estado De Hidalgo.", "Localidad": "Tula De Allende", "Inversión": 1679453.94, "Habitantes.beneficiados": 670.0, "Ejecutora": null, "Trabajos": "FAM 2023 13DST0053R Escuela Secundaria Tecnica 52", "Geometria_tipo": "Punto" }, "geometry": { "type": "Point", "coordinates": [ -99.344408, 20.057878 ] } },
{ "type": "Feature", "properties": { "ID_OBRA": "1919_Tulancingo de Bravo", "No.": 1918.0, "Municipio": "Tulancingo de Bravo", "Rubro": "Espacios Educativos", "Ejercicio": 2023.0, "Obra": "Construcción De 2 Aulas Didácticas De 2.5 E.e. Estructura U2-C En Planta Alta, Terminación De Módulo De Escaleras Y Obra Exterior, En El Colegio De Bachilleres Del Estado De Hidalgo Plantel Tulancingo Con C.c.t. 13ecb0033m, Ubicado En La Localidad Santiago Caltengo, Municipio De Tulancingo.", "Localidad": "Santiago Caltengo (Buenos Aires)", "Inversión": 1952036.27, "Habitantes.beneficiados": 334.0, "Ejecutora": null, "Trabajos": "FAM 2023 13ECB0033M Colegio De Bachilleres Plantel Tulancingo", "Geometria_tipo": "Punto" }, "geometry": { "type": "Point", "coordinates": [ -98.386078, 20.113975 ] } },
{ "type": "Feature", "properties": { "ID_OBRA": "1920_Tulancingo de Bravo", "No.": 1919.0, "Municipio": "Tulancingo de Bravo", "Rubro": "Espacios Educativos", "Ejercicio": 2023.0, "Obra": "Construcción De Techado En Cancha De Usos Múltiples, En La Primaria General Manuel Fernando Soto Con C.c.t. 13dpr1434u, Ubicada En La Localidad De San Nicolas El Chico (Rancho), Municipio De Tulancingo De Bravo.", "Localidad": "San Nicolas El Chico [Rancho]", "Inversión": 1405016.36, "Habitantes.beneficiados": 166.0, "Ejecutora": null, "Trabajos": "FAM 2023 13DPR1434U Manuel Fernando Soto", "Geometria_tipo": "Punto" }, "geometry": { "type": "Point", "coordinates": [ -98.385222, 20.09225 ] } },
{ "type": "Feature", "properties": { "ID_OBRA": "1931_Tulancingo de Bravo", "No.": 1930.0, "Municipio": "Tulancingo de Bravo", "Rubro": "Espacios Educativos", "Ejercicio": 2023.0, "Obra": "Construcción De Techado En Cancha De Usos Múltiples, En La Primaria General Tierra Y Libertad Con C.c.t. 13dpr2449c, Ubicada En La Localidad De Santa Maria El Chico, Municipio De Tulancingo De Bravo.", "Localidad": "Santa Maria El Chico", "Inversión": 1742622.31, "Habitantes.beneficiados": 160.0, "Ejecutora": null, "Trabajos": "FAM 2023 13DPR2449C Tierra Y Libertad", "Geometria_tipo": "Punto" }, "geometry": { "type": "Point", "coordinates": [ -98.397444, 20.107219 ] } },
{ "type": "Feature", "properties": { "ID_OBRA": "1927_Tulancingo de Bravo", "No.": 1926.0, "Municipio": "Tulancingo de Bravo", "Rubro": "Espacios Educativos", "Ejercicio": 2023.0, "Obra": "Construcción De Un Aula De Usos Múltiples De 2 E.e., Estructura Regional 6.00 X 8.00 Mts.; Rehabilitación General De Modulo De 4 Aulas, Estructura A-70 Y Obra Exterior, En La Primaria Adolfo Lopez Mateos Con C.c.t. 13dpr0078o, Ubicada En La Localidad De Tulancingo, Municipio De Tulancingo De Bravo.", "Localidad": "Tulancingo", "Inversión": 2143409.78, "Habitantes.beneficiados": 51.0, "Ejecutora": null, "Trabajos": "FAM 2023 13DPR0078O Adolfo Lopez Mateos", "Geometria_tipo": "Punto" }, "geometry": { "type": "Point", "coordinates": [ -98.360889, 20.080581 ] } },
{ "type": "Feature", "properties": { "ID_OBRA": "1930_Tulancingo de Bravo", "No.": 1929.0, "Municipio": "Tulancingo de Bravo", "Rubro": "Espacios Educativos", "Ejercicio": 2023.0, "Obra": "Demolicion Y Reconstruccion De Losa De Azotea, Del Modulo De Escaleras Y Construccion De Bardeado Perimetral (Al Alcance). En La Universidad Pedagógica Nacional Hidalgo, Sede Tulancingo, Con C.c.t. 13dup0004k, Ubicada En La Localidad De San Miguel Tutotepec, Municipio De Tulancingo.", "Localidad": "Rincones De La Hacienda", "Inversión": 1358945.09, "Habitantes.beneficiados": 330.0, "Ejecutora": null, "Trabajos": "FAM 2023 13DUP0004K Universidad Pedagogica Nacional-Hidalgo Unidad 131 Sede Regional Tulancingo", "Geometria_tipo": "Punto" }, "geometry": { "type": "Point", "coordinates": [ -98.400261, 20.120819 ] } },
{ "type": "Feature", "properties": { "ID_OBRA": "1922_Tulancingo de Bravo", "No.": 1921.0, "Municipio": "Tulancingo de Bravo", "Rubro": "Espacios Educativos", "Ejercicio": 2023.0, "Obra": "Rehabilitación General De Módulo De 3 E.e., Estructura Regional 6.00 X 8.00 Mts., En El Preescolar Salvador Díaz Mirón Con C.c.t. 13djn1310v, Ubicado En La Localidad De Fraccionamiento Del Magisterio Tulancinguense, Municipio De Tulancingo De Bravo.", "Localidad": "Fraccionamiento Del Magisterio Tulancinguense", "Inversión": 577440.88, "Habitantes.beneficiados": 35.0, "Ejecutora": null, "Trabajos": "FAM 2023 13DJN1310V Salvador Diaz Miron", "Geometria_tipo": "Punto" }, "geometry": { "type": "Point", "coordinates": [ -98.400333, 20.076139 ] } },
{ "type": "Feature", "properties": { "ID_OBRA": "1939_Zacualtipán de Ángeles", "No.": 1938.0, "Municipio": "Zacualtipán de Ángeles", "Rubro": "Espacios Educativos", "Ejercicio": 2023.0, "Obra": "Construcción De Área Administrativa De 2 E.e., Aula Didáctica De 1 E.e., En Estructura Regional, Zona Sísmica C Y D Y Obra Exterior, En El Centro De Educación Media Superior A Distancia Plantel Jalapa Con C.c.t. 13ems0080d Ubicado En La Localidad De Jalapa, Municipio De Zacualtipan De Angeles.", "Localidad": "Jalapa", "Inversión": 2677269.39, "Habitantes.beneficiados": 49.0, "Ejecutora": null, "Trabajos": "FAM 2023 13EMS0080D Centro De Educacion Media Superior A Distancia Jalapa", "Geometria_tipo": "Punto" }, "geometry": { "type": "Point", "coordinates": [ -98.516328, 20.672133 ] } },
{ "type": "Feature", "properties": { "ID_OBRA": "1944_Zapotlán de Juárez", "No.": 1943.0, "Municipio": "Zapotlán de Juárez", "Rubro": "Espacios Educativos", "Ejercicio": 2023.0, "Obra": "Construcción De Un Aula Didáctica, Estructura Regional (Zona Sísmica C Y D) 6.00 X 8.00 Mts. Y Obra Exterior, En La Primaria General Ignacio Zaragoza Con C.c.t. 13dpr2644f, Ubicada En La Localidad De San Pedro Huaquilpan, Municipio De Zapotlán De Juárez.", "Localidad": "San Pedro Huaquilpan", "Inversión": 712797.26, "Habitantes.beneficiados": 228.0, "Ejecutora": null, "Trabajos": "FAM 2023 13DPR2644F Ignacio Zaragoza", "Geometria_tipo": "Punto" }, "geometry": { "type": "Point", "coordinates": [ -98.87019, 19.989958 ] } },
{ "type": "Feature", "properties": { "ID_OBRA": "1952_Zempoala", "No.": 1951.0, "Municipio": "Zempoala", "Rubro": "Espacios Educativos", "Ejercicio": 2023.0, "Obra": "Construcción De Techado En Cancha De Usos Múltiples, En La Primaria General Lazaro Cardenas Con C.c.t. 13dpr2791p, Ubicada En La Localidad De El Barrio Casas Coloradas, Municipio De Zempoala.", "Localidad": "El Barrio Casas Coloradas", "Inversión": 2463995.39, "Habitantes.beneficiados": 78.0, "Ejecutora": null, "Trabajos": "FAM 2023 13DPR2791P Lazaro Cardenas", "Geometria_tipo": "Punto" }, "geometry": { "type": "Point", "coordinates": [ -98.661389, 19.8545 ] } },
{ "type": "Feature", "properties": { "ID_OBRA": "1954_Zempoala", "No.": 1953.0, "Municipio": "Zempoala", "Rubro": "Espacios Educativos", "Ejercicio": 2023.0, "Obra": "Construcción De Un Aula Didáctica Adosada, Estructura U1-C De 3 E.e.; Terminación De Módulo De Sanitarios De 2 E.e., Estructura U1-C Y Obra Exterior, En La Secundaria Técnica 69 Con C.c.t. 13dst0074d, Ubicada En La Localidad De Privadas De Santa Matilde, Municipio De Zempoala.", "Localidad": "Privadas Santa Matilde", "Inversión": 2454958.23, "Habitantes.beneficiados": 617.0, "Ejecutora": null, "Trabajos": "FAM 2023 13DST0074D Escuela Secundaria Tecnica 69", "Geometria_tipo": "Punto" }, "geometry": { "type": "Point", "coordinates": [ -98.786378, 20.017764 ] } },
{ "type": "Feature", "properties": { "ID_OBRA": "1958_Zimapán", "No.": 1957.0, "Municipio": "Zimapán", "Rubro": "Espacios Educativos", "Ejercicio": 2023.0, "Obra": "Construcción De Aula Didáctica De 1 E.e., En Estructura Regional Zona Sísmica C Y D Y Obra Exterior, En El Centro De Educación Media Superior A Distancia Plantel Aguas Blancas Con C.c.t. 13ems0067j, Ubicado En La Localidad Aguas Blancas, Municipio De Zimapán.", "Localidad": "Aguas Blancas", "Inversión": 1343764.32, "Habitantes.beneficiados": 105.0, "Ejecutora": null, "Trabajos": "FAM 2023 13EMS0067J Centro De Educacion Media Superior A Distancia Aguas Blancas", "Geometria_tipo": "Punto" }, "geometry": { "type": "Point", "coordinates": [ -99.416667, 20.658889 ] } },
{ "type": "Feature", "properties": { "ID_OBRA": "1963_Zimapán", "No.": 1962.0, "Municipio": "Zimapán", "Rubro": "Espacios Educativos", "Ejercicio": 2023.0, "Obra": "Construcción De Techado En Cancha De Usos Múltiples, En Escuela Primaria Indigena Nueva Reforma, Con C.c.t. 13dpb0744q, Ubicada En La Localidad De Zimapan, Municipio De Zimapan.", "Localidad": "Zimapan", "Inversión": 2440097.68, "Habitantes.beneficiados": 175.0, "Ejecutora": null, "Trabajos": "FAM 2023 13DPB0744Q Nueva Reforma", "Geometria_tipo": "Punto" }, "geometry": { "type": "Point", "coordinates": [ -99.393011, 20.744583 ] } },
{ "type": "Feature", "properties": { "ID_OBRA": "1962_Zimapán", "No.": 1961.0, "Municipio": "Zimapán", "Rubro": "Espacios Educativos", "Ejercicio": 2023.0, "Obra": "Construcción De Techado En Cancha De Usos Múltiples, En La Primaria General Ignacio Allende Con C.c.t. 13dpr0258y, Ubicada En La Localidad De Xajha, Municipio De Zimapan.", "Localidad": "Xajha", "Inversión": 2107592.49, "Habitantes.beneficiados": 98.0, "Ejecutora": null, "Trabajos": "FAM 2023 13DPB0258Y Ignacio Allende", "Geometria_tipo": "Punto" }, "geometry": { "type": "Point", "coordinates": [ -99.492761, 20.715661 ] } },
{ "type": "Feature", "properties": { "ID_OBRA": "1964_Zimapán", "No.": 1963.0, "Municipio": "Zimapán", "Rubro": "Espacios Educativos", "Ejercicio": 2023.0, "Obra": "Demolición De Un Modulo Atípico De 3 Aulas, Demolición De Un Modulo Atípico De Un Aula Y Sanitarios, Construcción De Un Modulo Estructura U2-C De 5 E.e. Que Albergaran 2 Aulas De 2.5 E.e. C/U En P.b. Y Dos Aulas De 2 E.e. C/U En P.a., Escaleras Y Obra Exterior En La Secundaria General Felipe Ángeles Con C.c.t. 13des0059t, Ubicada En La Localidad De Zimapán, Municipio De Zimapán.", "Localidad": "Zimapan", "Inversión": 4999711.16, "Habitantes.beneficiados": 460.0, "Ejecutora": null, "Trabajos": "FAM 2023 13DES0059T Felipe Angeles", "Geometria_tipo": "Punto" }, "geometry": { "type": "Point", "coordinates": [ -99.390382, 20.742056 ] } },
{ "type": "Feature", "properties": { "ID_OBRA": "1483_Acatlán", "No.": 1482.0, "Municipio": "Acatlán", "Rubro": "Espacios Educativos", "Ejercicio": 2024.0, "Obra": "Construcción De Un Aula Didáctica, Estructura Regional (Zona Sísmica C Y D) 6.00 X 8.00 Mts. Y Obra Exterior., En La Primaria General 21 De Marzo, Con C.c.t. 13dpr2426s, Ubicada En La Localidad De 28 De Mayo (Santa Rosa) (Colonia), Municipio De Acatlán.", "Localidad": "28 De Mayo (Santa Rosa) [Colonia]", "Inversión": 695485.46, "Habitantes.beneficiados": 316.0, "Ejecutora": null, "Trabajos": "FAM 2024 13DPR2426S 21 De Marzo", "Geometria_tipo": "Punto" }, "geometry": { "type": "Point", "coordinates": [ -98.39021, 20.165919 ] } },
{ "type": "Feature", "properties": { "ID_OBRA": "1512_Apan", "No.": 1511.0, "Municipio": "Apan", "Rubro": "Espacios Educativos", "Ejercicio": 2024.0, "Obra": "Construcción De Un Taller De Preparación Y Conservación De Alimentos Adosado De 5 E.e., Estructura U1-C Y Obra Exterior, En La Secundaria General Jesús Romero Flores, Con C.c.t. 13des0076j, Ubicada En La Localidad De Las Peñitas, Municipio De Apan.", "Localidad": "Las Peñitas", "Inversión": 2052521.19, "Habitantes.beneficiados": 713.0, "Ejecutora": null, "Trabajos": "FAM 2024 13DES0076J Jesus Romero Flores", "Geometria_tipo": "Punto" }, "geometry": { "type": "Point", "coordinates": [ -98.466108, 19.726075 ] } },
{ "type": "Feature", "properties": { "ID_OBRA": "1520_Atitalaquia", "No.": 1519.0, "Municipio": "Atitalaquia", "Rubro": "Espacios Educativos", "Ejercicio": 2024.0, "Obra": "Construcción De Muro De Contención Y Construcción De Barda Perimetral, En El Centro De Atención Múltiple No. 24 Con C.c.t. 13dml0024t, Ubicado En La Localidad De Atitalaquia, Municipio De Atitalaquia", "Localidad": "Atitalaquia", "Inversión": 1172548.09, "Habitantes.beneficiados": 66.0, "Ejecutora": null, "Trabajos": "FAM 2024 13DML0024T Centro De Atencion Multiple Num. 24", "Geometria_tipo": "Punto" }, "geometry": { "type": "Point", "coordinates": [ -99.21998, 20.061328 ] } },
{ "type": "Feature", "properties": { "ID_OBRA": "1518_Atitalaquia", "No.": 1517.0, "Municipio": "Atitalaquia", "Rubro": "Espacios Educativos", "Ejercicio": 2024.0, "Obra": "Construcción De Módulo De 4 Aulas Didácticas De 2.5 E.e. C/U, En Estructura U2-C En El Primer Nivel Módulo De Escaleras Y Obra Exterior, En La Secundaria Técnica No. 67 Con C.c.t. 13dst0072f Ubicada En La Localidad De Atitalaquia, Municipio De Atitalaquia.", "Localidad": "Atitalaquia", "Inversión": 2880927.87, "Habitantes.beneficiados": 208.0, "Ejecutora": null, "Trabajos": "FAM 2024 13DST0072F Escuela Secundaria Tecnica 67", "Geometria_tipo": "Punto" }, "geometry": { "type": "Point", "coordinates": [ -99.219536, 20.058117 ] } },
{ "type": "Feature", "properties": { "ID_OBRA": "1519_Atitalaquia", "No.": 1518.0, "Municipio": "Atitalaquia", "Rubro": "Espacios Educativos", "Ejercicio": 2024.0, "Obra": "Impermeabilización De Módulo Atípico Y Obra Exterior, En La Primaria General Benito Juárez Con C.c.t. 13dpr2447e, Ubicada En La Localidad De Atitalaquia, Municipio De Atitalaquia.", "Localidad": "Atitalaquia", "Inversión": 769594.24, "Habitantes.beneficiados": 483.0, "Ejecutora": null, "Trabajos": "FAM 2024 13DPR2447E Benito Juarez", "Geometria_tipo": "Punto" }, "geometry": { "type": "Point", "coordinates": [ -99.222336, 20.057975 ] } },
{ "type": "Feature", "properties": { "ID_OBRA": "1537_Atotonilco de Tula", "No.": 1536.0, "Municipio": "Atotonilco de Tula", "Rubro": "Espacios Educativos", "Ejercicio": 2024.0, "Obra": "Construcción De Un Módulo De 3 E.e., Estructura Regional (Zona Sísmica C Y D), Que Alberga Un Aula De Usos Múltiples De 2 E.e. Y Un Aula Didáctica De 1 E.e. Y Obra Exterior, En La Telesecundaria 656 Con C.c.t. 13dtv0314z, Ubicada En La Localidad De Praderas Del Potrero, Municipio De Atotonilco De Tula.", "Localidad": "Praderas Del Potrero", "Inversión": 1539450.26, "Habitantes.beneficiados": 64.0, "Ejecutora": null, "Trabajos": "FAM 2024 13DTV0314Z Telesecundaria 656", "Geometria_tipo": "Punto" }, "geometry": { "type": "Point", "coordinates": [ -99.23026, 19.884039 ] } },
{ "type": "Feature", "properties": { "ID_OBRA": "1531_Atotonilco de Tula", "No.": 1530.0, "Municipio": "Atotonilco de Tula", "Rubro": "Espacios Educativos", "Ejercicio": 2024.0, "Obra": "Reestructuración De Techado De Patio Cívico, En La Primaria General Jaime Torres Bodet, Con C.c.t. 13dpr2978t, Ubicada En La Localidad De Paseos De La Pradera, Municipio De Atotonilco De Tula.", "Localidad": "Paseos De La Pradera", "Inversión": 1701032.48, "Habitantes.beneficiados": 331.0, "Ejecutora": null, "Trabajos": "FAM 2024 13DPR2978T Jaime Torres Bodet", "Geometria_tipo": "Punto" }, "geometry": { "type": "Point", "coordinates": [ -99.231269, 19.898803 ] } },
{ "type": "Feature", "properties": { "ID_OBRA": "1529_Atotonilco de Tula", "No.": 1528.0, "Municipio": "Atotonilco de Tula", "Rubro": "Espacios Educativos", "Ejercicio": 2024.0, "Obra": "Rehabilitación Y Ampliación De Módulo De Sanitarios Atípicos Y Obra Exterior En El Preescolar General Fray Juan De Zumárraga Con C.c.t. 13djn0448z, Ubicado En La Localidad De Conejos, Municipio De Atotonilco De Tula", "Localidad": "Conejos", "Inversión": 791110.55, "Habitantes.beneficiados": 70.0, "Ejecutora": null, "Trabajos": "FAM 2024 13DJN0448Z Fray Juan De Zumarraga", "Geometria_tipo": "Punto" }, "geometry": { "type": "Point", "coordinates": [ -99.24266, 19.977019 ] } },
{ "type": "Feature", "properties": { "ID_OBRA": "1546_Calnali", "No.": 1545.0, "Municipio": "Calnali", "Rubro": "Espacios Educativos", "Ejercicio": 2024.0, "Obra": "Rehabilitación De Impermeabilizante En Modulo “B” De 10 E.e. En El Colegio De Estudios Científicos Y Tecnológicos Del Estado De Hidalgo Plantel Calnali, Con C.c.t. 13etc0010r, Ubicado En La Localidad De Calnali Municipio De Calnali", "Localidad": "Calnali", "Inversión": 321041.8, "Habitantes.beneficiados": 506.0, "Ejecutora": null, "Trabajos": "FAM 2024 13ETC0010R Colegio De Estudios Cientificos Y Tecnologicos Del Estado De Hidalgo Plantel Calnali", "Geometria_tipo": "Punto" }, "geometry": { "type": "Point", "coordinates": [ -98.59192, 20.903278 ] } },
{ "type": "Feature", "properties": { "ID_OBRA": "1553_Cardonal", "No.": 1552.0, "Municipio": "Cardonal", "Rubro": "Espacios Educativos", "Ejercicio": 2024.0, "Obra": "Demolición De Modulo Atípico De Dos Aulas Didácticas Y Bodega, Construcción De Modulo De Dos Aulas, Estructura Regional (Zona Sísmica C Y D) 6.00 X 8.00 Mts. C/U En Sustitución Y Obra Exterior, En La Primaria Indígena Valentín Gómez Farias Con C.c.t. 13dpb0614x, Ubicada En La Localidad De San Miguel Jigui, Municipio De Cardonal.", "Localidad": "San Miguel Jigui", "Inversión": 1430849.43, "Habitantes.beneficiados": 64.0, "Ejecutora": null, "Trabajos": "FAM 2024 13DPB0614X Valentin Gomez Farias", "Geometria_tipo": "Punto" }, "geometry": { "type": "Point", "coordinates": [ -99.1577, 20.635539 ] } },
{ "type": "Feature", "properties": { "ID_OBRA": "1557_Cardonal", "No.": 1556.0, "Municipio": "Cardonal", "Rubro": "Espacios Educativos", "Ejercicio": 2024.0, "Obra": "Rehabilitación General Con Sustitución De Cubierta De Lamina Multipanel De Módulo De 6 E.e. Estructura Hm, Rehabilitación General De Módulo Atípico De 4 E.e. Que Alberga Dos Aulas Didácticas De 2 E.e. C/U Y Obra Exterior En La Primaría General Vasco De Quiroga Con C.c.t. 13dpr2086k, Ubicada En La Localidad De San Cristóbal, Municipio De Cardonal", "Localidad": "San Cristobal", "Inversión": 1710669.38, "Habitantes.beneficiados": 87.0, "Ejecutora": null, "Trabajos": "FAM 2024 13DPR2086K Vasco De Quiroga", "Geometria_tipo": "Punto" }, "geometry": { "type": "Point", "coordinates": [ -98.99976, 20.597919 ] } },
{ "type": "Feature", "properties": { "ID_OBRA": "1556_Cardonal", "No.": 1555.0, "Municipio": "Cardonal", "Rubro": "Espacios Educativos", "Ejercicio": 2024.0, "Obra": "Rehabilitación General De Un Módulo De Sanitarios Tipo M-4, Construcción De Cisterna De Concreto De 10 M3, Dotación De Biodigestor De 7500 Lts. Y Obra Exterior, En La Primaria Indígena Benito Juárez Con C.c.t. 13dpb0073s, Ubicada En La Localidad De Durango Daboxtha, Municipio De Cardonal.", "Localidad": "Durango Daboxtha", "Inversión": 789046.47, "Habitantes.beneficiados": 44.0, "Ejecutora": null, "Trabajos": "FAM 2024 13DPB0073S Benito Juarez", "Geometria_tipo": "Punto" }, "geometry": { "type": "Point", "coordinates": [ -99.06884, 20.5448 ] } },
{ "type": "Feature", "properties": { "ID_OBRA": "1561_Chapulhuacán", "No.": 1560.0, "Municipio": "Chapulhuacán", "Rubro": "Espacios Educativos", "Ejercicio": 2024.0, "Obra": "Construcción De Módulo De Sanitarios M-4, Construcción De Fosa Séptica Y Pozo De Absorción Y Obra Exterior, En La Primaria General Guillermo Prieto, Con C.c.t. 13dpr1899z, Ubicada En La Localidad De El Barrio (Barrio Del Carmen), Municipio De Chapulhuacán.", "Localidad": "El Barrio (Barrio Del Carmen)", "Inversión": 647776.31, "Habitantes.beneficiados": 37.0, "Ejecutora": null, "Trabajos": "FAM 2024 13DPR1899Z Guillermo Prieto", "Geometria_tipo": "Punto" }, "geometry": { "type": "Point", "coordinates": [ -98.935194, 21.160219 ] } },
{ "type": "Feature", "properties": { "ID_OBRA": "1577_Chapulhuacán", "No.": 1576.0, "Municipio": "Chapulhuacán", "Rubro": "Espacios Educativos", "Ejercicio": 2024.0, "Obra": "Demolición De Un Aula Didáctica, Estructura Regional 6.00 X 8.00 Mts. Desmantelamiento De Techado De Patio Cívico, Construcción De Aula Didáctica, Estructura Regional 6.00 X 8.00 Mts, Construcción De Muro De Contención Y Obra Exterior, En El Preescolar Francisco González Bocanegra, Con C.c.t. 13djn0014n, Ubicado En La Localidad De Santa Ana De Allende, Municipio De Chapulhuacán.", "Localidad": "Santa Ana De Allende", "Inversión": 1868626.79, "Habitantes.beneficiados": 56.0, "Ejecutora": null, "Trabajos": "FAM 2024 13DJN0014N Francisco Gonzalez Bocanegra", "Geometria_tipo": "Punto" }, "geometry": { "type": "Point", "coordinates": [ -98.985389, 21.125167 ] } },
{ "type": "Feature", "properties": { "ID_OBRA": "1587_Cuautepec de Hinojosa", "No.": 1586.0, "Municipio": "Cuautepec de Hinojosa", "Rubro": "Espacios Educativos", "Ejercicio": 2024.0, "Obra": "Construcción De Un Aula Didáctica, Estructura Regional (Zona Sísmica C Y D) 6.00 X 8.00 Mts. Y Obra Exterior, En La Primaria General Cristóbal Colón Con C.c.t. 13dpr1875q, Ubicada En La Localidad De Santa Elena Paliseca Municipio De Cuautepec De Hinojosa.", "Localidad": "Santa Elena Paliseca", "Inversión": 767486.08, "Habitantes.beneficiados": 404.0, "Ejecutora": null, "Trabajos": "FAM 2024 13DPR1875Q Cristobal Colon", "Geometria_tipo": "Punto" }, "geometry": { "type": "Point", "coordinates": [ -98.23957, 19.997428 ] } },
{ "type": "Feature", "properties": { "ID_OBRA": "1588_Cuautepec de Hinojosa", "No.": 1587.0, "Municipio": "Cuautepec de Hinojosa", "Rubro": "Espacios Educativos", "Ejercicio": 2024.0, "Obra": "Construcción De Un Aula Didáctica, Estructura Regional (Zona Sísmica C Y D) 6.00 X 8.00 Mts. Y Obra Exterior, En La Primaria General Lic. Benito Juárez Con C.c.t. 13dpr0241z, Ubicada En La Localidad De Cuautepec, Municipio De Cuautepec De Hinojosa.", "Localidad": "Cuautepec", "Inversión": 654013.57, "Habitantes.beneficiados": 252.0, "Ejecutora": null, "Trabajos": "FAM 2024 13DPR0241Z Lic. Benito Juarez", "Geometria_tipo": "Punto" }, "geometry": { "type": "Point", "coordinates": [ -98.339481, 20.057258 ] } },
{ "type": "Feature", "properties": { "ID_OBRA": "1589_Cuautepec de Hinojosa", "No.": 1588.0, "Municipio": "Cuautepec de Hinojosa", "Rubro": "Espacios Educativos", "Ejercicio": 2024.0, "Obra": "Construcción De Un Módulo De Sanitarios M-4, Estructura Regional (Zona Sísmica C Y D) Y Obra Exterior, En La Primaria General Lauro Aguirre, Con C.c.t. 13dpr1418c, Ubicado En La Localidad De Las Animas, Municipio De Cuautepec De Hinojosa.", "Localidad": "Las Animas", "Inversión": 886139.75, "Habitantes.beneficiados": 42.0, "Ejecutora": null, "Trabajos": "FAM 2024 13DPR1418C Lauro Aguirre", "Geometria_tipo": "Punto" }, "geometry": { "type": "Point", "coordinates": [ -98.33089, 19.9214 ] } },
{ "type": "Feature", "properties": { "ID_OBRA": "1595_Francisco I. Madero", "No.": 1594.0, "Municipio": "Francisco I. Madero", "Rubro": "Espacios Educativos", "Ejercicio": 2024.0, "Obra": "Construcción De Un Módulo De 2 E.e. (Laboratorio Taller Y Aula De Medios), Estructura Regional (Zona Sísmica C Y D) 6.00 X 8.00 Mts. C/U Y Obra Exterior, En La Telesecundaria 471, Con C.c.t. 13dtv0512z, Ubicada En La Localidad De Lázaro Cárdenas (El Mexe) (Colonia), Municipio De Francisco I Madero.", "Localidad": "Lazaro Cardenas (El Mexe) [Colonia]", "Inversión": 1450517.96, "Habitantes.beneficiados": 133.0, "Ejecutora": null, "Trabajos": "FAM 2024 13DTV0512Z Telesecundaria 471", "Geometria_tipo": "Punto" }, "geometry": { "type": "Point", "coordinates": [ -99.09447, 20.224839 ] } },
{ "type": "Feature", "properties": { "ID_OBRA": "1600_Huasca de Ocampo", "No.": 1599.0, "Municipio": "Huasca de Ocampo", "Rubro": "Espacios Educativos", "Ejercicio": 2024.0, "Obra": "Construcción De Un Aula Didáctica (Zona Sísmica C Y D) 5.30 X 6.00 Mts. Y Obra Exterior, En El Preescolar General Yoloxochitl, Con C.c.t. 13djn0362u, Ubicado En La Localidad De San Miguel Regla, Municipio De Huasca De Ocampo.", "Localidad": "San Miguel Regla", "Inversión": 546140.5, "Habitantes.beneficiados": 59.0, "Ejecutora": null, "Trabajos": "FAM 2024 13DJN0362U Yoloxochitl", "Geometria_tipo": "Punto" }, "geometry": { "type": "Point", "coordinates": [ -98.56009, 20.218119 ] } },
{ "type": "Feature", "properties": { "ID_OBRA": "1617_Huejutla de Reyes", "No.": 1616.0, "Municipio": "Huejutla de Reyes", "Rubro": "Espacios Educativos", "Ejercicio": 2024.0, "Obra": "Construcción De Un Aula Didáctica Adosada, Estructura Regional 6.00 X 8.00 Mts., Construcción De Rampas De Acceso Y Obra Exterior, En La Primaria General Niños Héroes, Con C.c.t. 13dpr1910f, Ubicada En La Localidad De Huejutla De Reyes, Municipio De Huejutla De Reyes.", "Localidad": "Huejutla De Reyes", "Inversión": 780440.23, "Habitantes.beneficiados": 247.0, "Ejecutora": null, "Trabajos": "FAM 2024 13DPR1910F Niños Heroes", "Geometria_tipo": "Punto" }, "geometry": { "type": "Point", "coordinates": [ -98.40523, 21.142839 ] } },
{ "type": "Feature", "properties": { "ID_OBRA": "1618_Huejutla de Reyes", "No.": 1617.0, "Municipio": "Huejutla de Reyes", "Rubro": "Espacios Educativos", "Ejercicio": 2024.0, "Obra": "Rehabilitación General De 4 Módulos, Construcción De Cisterna De Concreto De 10 M3 Y Obra Exterior, En La Primaria General Benito Juárez, Con C.c.t. 13dpr2245i, Ubicada En La Localidad De Huejutla De Reyes, Municipio De Huejutla De Reyes.", "Localidad": "Huejutla De Reyes", "Inversión": 1501067.71, "Habitantes.beneficiados": 270.0, "Ejecutora": null, "Trabajos": "FAM 2024 13DPR2245I Benito Juarez", "Geometria_tipo": "Punto" }, "geometry": { "type": "Point", "coordinates": [ -98.40491, 21.137089 ] } },
{ "type": "Feature", "properties": { "ID_OBRA": "1613_Huejutla de Reyes", "No.": 1612.0, "Municipio": "Huejutla de Reyes", "Rubro": "Espacios Educativos", "Ejercicio": 2024.0, "Obra": "Rehabilitación General De Un Módulo De 8 E.e., (4 Aulas Didácticas De 2 E.e. C/U), Estructura A-70, Construcción De Un Tramo De Barda Perimetral, En La Primaria General Benito Juárez, Con C.c.t. 13dpr2187i, Ubicada En La Localidad De Huejutla De Reyes, Municipio De Huejutla De Reyes.", "Localidad": "Huejutla De Reyes", "Inversión": 1980432.59, "Habitantes.beneficiados": 390.0, "Ejecutora": null, "Trabajos": "FAM 2024 13DPR2187I Benito Juarez", "Geometria_tipo": "Punto" }, "geometry": { "type": "Point", "coordinates": [ -98.42489, 21.146208 ] } },
{ "type": "Feature", "properties": { "ID_OBRA": "1631_Huichapan", "No.": 1630.0, "Municipio": "Huichapan", "Rubro": "Espacios Educativos", "Ejercicio": 2024.0, "Obra": "Construcción De Un Módulo De Sanitarios, Estructura U1-C De 2 E.e., Rehabilitación General De Módulos Y Obra Exterior, En La Secundaria General Moisés Sáenz Con C.c.t. 13des0064e, Ubicada En La Localidad De Huichapan, Municipio De Huichapan.", "Localidad": "Huichapan", "Inversión": 8801097.17, "Habitantes.beneficiados": 617.0, "Ejecutora": null, "Trabajos": "FAM 2024 13DES0064E Moises Saenz", "Geometria_tipo": "Punto" }, "geometry": { "type": "Point", "coordinates": [ -99.65357, 20.375108 ] } },
{ "type": "Feature", "properties": { "ID_OBRA": "1637_Huichapan", "No.": 1636.0, "Municipio": "Huichapan", "Rubro": "Espacios Educativos", "Ejercicio": 2024.0, "Obra": "Reestructuración De Techado En Plaza Cívica, En La Primaria General Benito Juárez Con C.c.t. 13dpr2358l, Ubicada En La Localidad De San José Atlan, Municipio De Huichapan.", "Localidad": "San Jose Atlan", "Inversión": 1427818.16, "Habitantes.beneficiados": 374.0, "Ejecutora": null, "Trabajos": "FAM 2024 13DPR2358L Benito Juarez", "Geometria_tipo": "Punto" }, "geometry": { "type": "Point", "coordinates": [ -99.66985, 20.338169 ] } },
{ "type": "Feature", "properties": { "ID_OBRA": "1635_Huichapan", "No.": 1634.0, "Municipio": "Huichapan", "Rubro": "Espacios Educativos", "Ejercicio": 2024.0, "Obra": "Rehabilitación De Módulo De Sanitarios, Estructura Y Obra Exterior, En El Preescolar Profr. Paz Lozano Con C.c.t. 13djn0288c, Ubicado En La Localidad De Huichapan, Municipio De Huichapan", "Localidad": "Huichapan", "Inversión": 209624.63, "Habitantes.beneficiados": 196.0, "Ejecutora": null, "Trabajos": "FAM 2024 13DJN0288C Profr. Paz Lozano", "Geometria_tipo": "Punto" }, "geometry": { "type": "Point", "coordinates": [ -99.64671, 20.37635 ] } },
{ "type": "Feature", "properties": { "ID_OBRA": "1655_Ixmiquilpan", "No.": 1654.0, "Municipio": "Ixmiquilpan", "Rubro": "Espacios Educativos", "Ejercicio": 2024.0, "Obra": "Rehabilitación General De Un Módulo Sanitarios, Estructura Regional 6.00 X 8.00, Readaptación De Taller De Conservación De Alimentos, Estructura U1-C De 5 E.e., Rehabilitación De Un Laboratorio De Computo, Estructura U1-C De 4 E.e., Rehabilitación De Un Módulo De 4 Aulas Didácticas, Estructura U1 -C De 2.5 E.e. C/U Y Obra Exterior, En La Secundaria General Ermilo Abreu Gómez, Con C.c.t. 13des0073m, Ubicada En La Localidad De Ixmiquilpan, Municipio De Ixmiquilpan.", "Localidad": "Ixmiquilpan", "Inversión": 2845111.22, "Habitantes.beneficiados": 556.0, "Ejecutora": null, "Trabajos": "FAM 2024 13DES0073M Ermilo Abreu Gomez", "Geometria_tipo": "Punto" }, "geometry": { "type": "Point", "coordinates": [ -99.21433, 20.507539 ] } },
{ "type": "Feature", "properties": { "ID_OBRA": "1675_Jacala de Ledezma", "No.": 1674.0, "Municipio": "Jacala de Ledezma", "Rubro": "Espacios Educativos", "Ejercicio": 2024.0, "Obra": "Demolición De Un Módulo Atípico De 3 Aulas Didácticas, Construcción De Muro De Contención, Construcción De 3 Aulas Didácticas, Estructura Regional 6.00 X 8.00 Mts. Y Obra Exterior, En La Primaria General El Pensador Mexicano Con C.c.t. 13dpr1047b, Ubicada En La Localidad De Jacala, Municipio De Jacala De Ledezma.", "Localidad": "Jacala", "Inversión": 3987604.45, "Habitantes.beneficiados": 285.0, "Ejecutora": null, "Trabajos": "FAM 2024 13DPR1047B El Pensador Mexicano", "Geometria_tipo": "Punto" }, "geometry": { "type": "Point", "coordinates": [ -99.189889, 21.0055 ] } },
{ "type": "Feature", "properties": { "ID_OBRA": "1679_La Misión", "No.": 1678.0, "Municipio": "La Misión", "Rubro": "Espacios Educativos", "Ejercicio": 2024.0, "Obra": "Demolición De Sanitarios Atípicos Y Depósito De Agua, Desmantelamiento De Techado En Patio Cívico, Construcción De Un Módulo De Sanitarios M-4, Estructura Regional Y Obra Exterior, En La Primaria General Veinte De Noviembre, Con C.c.t. 13dpr0190i, Ubicada En La Localidad De La Culebra, Municipio De La Misión.", "Localidad": "La Culebra", "Inversión": 698356.78, "Habitantes.beneficiados": 26.0, "Ejecutora": null, "Trabajos": "FAM 2024 13DPR0190I Veinte De Noviembre", "Geometria_tipo": "Punto" }, "geometry": { "type": "Point", "coordinates": [ -99.065861, 21.056111 ] } },
{ "type": "Feature", "properties": { "ID_OBRA": "1681_Metztitlán", "No.": 1680.0, "Municipio": "Metztitlán", "Rubro": "Espacios Educativos", "Ejercicio": 2024.0, "Obra": "Rehabilitación General De Un Módulo De 3 E.e. De 3.00 X 12.00 Mts., Estructura A-70 Para Taller De Conservación De Alimentos, En La Escuela Secundaria Técnica 5, Con C.c.t. 13dst0005h, Ubicada En La Localidad De Metztitlán, Municipio De Metztitlán.", "Localidad": "Metztitlan", "Inversión": 1198570.67, "Habitantes.beneficiados": 393.0, "Ejecutora": null, "Trabajos": "FAM 2024 13DST0005H Escuela Secundaria Tecnica 5", "Geometria_tipo": "Punto" }, "geometry": { "type": "Point", "coordinates": [ -98.76494, 20.592269 ] } },
{ "type": "Feature", "properties": { "ID_OBRA": "1688_Mineral de la Reforma", "No.": 1687.0, "Municipio": "Mineral de la Reforma", "Rubro": "Espacios Educativos", "Ejercicio": 2024.0, "Obra": "Construcción De Taller De Diseño Arquitectónico De 4 E.e., Estructura U1-C, Rehabilitación General De Taller De Carpintería De 5 E.e., Estructura U1-C, Rehabilitación General De Módulo De 9 E.e. Estructura U1-C, Rehabilitación General De Módulo De Sanitarios De 2 E.e., Estructura U1-C, Rehabilitación Eléctrica General Y Obra Exterior, En La Secundaria General No.8, Maestros De México Con C.c.t. 13des0070p, Ubicada En Unidad Mineral 11 De Julio, Municipio De Mineral De La Reforma.", "Localidad": "Unidad Minera 11 De Julio", "Inversión": 6960000.0, "Habitantes.beneficiados": 777.0, "Ejecutora": null, "Trabajos": "FAM 2024 13DES0070P Maestros De Mexico", "Geometria_tipo": "Punto" }, "geometry": { "type": "Point", "coordinates": [ -98.721731, 20.104311 ] } },
{ "type": "Feature", "properties": { "ID_OBRA": "1701_Mineral de la Reforma", "No.": 1700.0, "Municipio": "Mineral de la Reforma", "Rubro": "Espacios Educativos", "Ejercicio": 2024.0, "Obra": "Construcción De Un Aula Adosada, Estructura Regional (Zona Sísmica C Y D) 6.00 X 8.00 Mts. Y Obra Exterior, En La Primaria General Ramón G. Bonfil Con C.c.t. 13dpr0130u, Ubicada En La Localidad De La Reforma Municipio De Mineral De La Reforma.", "Localidad": "La Reforma", "Inversión": 584831.43, "Habitantes.beneficiados": 179.0, "Ejecutora": null, "Trabajos": "FAM 2024 13DPR0130U Ramon G. Bonfil", "Geometria_tipo": "Punto" }, "geometry": { "type": "Point", "coordinates": [ -98.746139, 20.071303 ] } },
{ "type": "Feature", "properties": { "ID_OBRA": "1702_Mineral de la Reforma", "No.": 1701.0, "Municipio": "Mineral de la Reforma", "Rubro": "Espacios Educativos", "Ejercicio": 2024.0, "Obra": "Rehabilitación Eléctrica Exterior (Alimentadores), En La Primaria General Benito Juárez, Con C.c.t. 13dpr2950n, Ubicada En La Localidad De El Saucillo Fraccionamiento, Municipio De Mineral De La Reforma.", "Localidad": "El Saucillo Fraccionamiento", "Inversión": 254757.24, "Habitantes.beneficiados": 402.0, "Ejecutora": null, "Trabajos": "FAM 2024 13DPR2950N Benito Juarez", "Geometria_tipo": "Punto" }, "geometry": { "type": "Point", "coordinates": [ -98.726464, 20.069931 ] } },
{ "type": "Feature", "properties": { "ID_OBRA": "1713_Mixquiahuala de Juárez", "No.": 1712.0, "Municipio": "Mixquiahuala de Juárez", "Rubro": "Espacios Educativos", "Ejercicio": 2024.0, "Obra": "Reestructuración De Techado En Plaza Cívica, En El Preescolar General Valentín Gómez Farías Con C.c.t. 13djn0269o, Ubicado En La Localidad De Mixquiahuala, Municipio De Mixquiahuala.", "Localidad": "Mixquiahuala De Juarez", "Inversión": 335379.69, "Habitantes.beneficiados": 46.0, "Ejecutora": null, "Trabajos": "FAM 2024 13DJN0269O Valentin Gomez Farias", "Geometria_tipo": "Punto" }, "geometry": { "type": "Point", "coordinates": [ -99.20497, 20.232508 ] } },
{ "type": "Feature", "properties": { "ID_OBRA": "1712_Mixquiahuala de Juárez", "No.": 1711.0, "Municipio": "Mixquiahuala de Juárez", "Rubro": "Espacios Educativos", "Ejercicio": 2024.0, "Obra": "Rehabilitación General De 1 Módulo De Sanitarios Atípico Y Obra Exterior, En La Primaria General Hogar Y Patria Con C.c.t. 13dpr0214b, Ubicada En La Localidad De Mixquiahuala (Colonia Morelos, El Nueve), Municipio De Mixquiahuala.", "Localidad": "Morelos (El Nueve) [Colonia]", "Inversión": 948507.74, "Habitantes.beneficiados": 185.0, "Ejecutora": null, "Trabajos": "FAM 2024 13DPR0214B Hogar Y Patria", "Geometria_tipo": "Punto" }, "geometry": { "type": "Point", "coordinates": [ -99.14024, 20.2266 ] } },
{ "type": "Feature", "properties": { "ID_OBRA": "1722_Pachuca de Soto", "No.": 1721.0, "Municipio": "Pachuca de Soto", "Rubro": "Espacios Educativos", "Ejercicio": 2024.0, "Obra": "Construcción De Obras Complementarias, En La Secundaria Técnica Salomón Nazar Ruiz Con C.c.t. 13dst0071g, Ubicada En La Localidad De Pachuca De Soto, Municipio De Pachuca De Soto.", "Localidad": "Pachuca De Soto", "Inversión": 697687.56, "Habitantes.beneficiados": 473.0, "Ejecutora": null, "Trabajos": "FAM 2024 13DST0071G Salomon Nazar Ruiz", "Geometria_tipo": "Punto" }, "geometry": { "type": "Point", "coordinates": [ -98.777008, 20.052994 ] } },
{ "type": "Feature", "properties": { "ID_OBRA": "1743_Pachuca de Soto", "No.": 1742.0, "Municipio": "Pachuca de Soto", "Rubro": "Espacios Educativos", "Ejercicio": 2024.0, "Obra": "Construcción De Un Módulo De Sanitarios M-4, Estructura Regional (Zona Sísmica C Y D), Construcción De Cisterna De Concreto De 10 M3 Y Obra Exterior, En La Primaria General 20 De Noviembre Con C.c.t. 13dpr2900f, Ubicada En La Localidad De Pachuca De Soto, Municipio De Pachuca De Soto.", "Localidad": "Pachuca De Soto", "Inversión": 1272205.5, "Habitantes.beneficiados": 154.0, "Ejecutora": null, "Trabajos": "FAM 2024 13DPR2900F 20 De Noviembre", "Geometria_tipo": "Punto" }, "geometry": { "type": "Point", "coordinates": [ -98.791981, 20.088519 ] } },
{ "type": "Feature", "properties": { "ID_OBRA": "1721_Pachuca de Soto", "No.": 1720.0, "Municipio": "Pachuca de Soto", "Rubro": "Espacios Educativos", "Ejercicio": 2024.0, "Obra": "Construcción De Un Módulo De Sanitarios M-6, Estructura Regional (Zona Sísmica C Y D) 6.00 X 5.30 Mts. Y Obra Exterior, En La Primaria General Adolfo López Mateos, Con C.c.t. 13dpr2763t, Ubicada En La Localidad De Pachuca De Soto, Municipio De Pachuca De Soto.", "Localidad": "Pachuca De Soto", "Inversión": 1267978.13, "Habitantes.beneficiados": 175.0, "Ejecutora": null, "Trabajos": "FAM 2024 13DPR2763T Adolfo Lopez Mateos", "Geometria_tipo": "Punto" }, "geometry": { "type": "Point", "coordinates": [ -98.74336, 20.09965 ] } },
{ "type": "Feature", "properties": { "ID_OBRA": "1747_Pachuca de Soto", "No.": 1746.0, "Municipio": "Pachuca de Soto", "Rubro": "Espacios Educativos", "Ejercicio": 2024.0, "Obra": "Demolición Y Construcción De Barda Perimetral, En La Primaria General Guadalupe Victoria, Con C.c.t. 13dpr0085y, Ubicada En La Localidad De Pachuca De Soto, Municipio De Pachuca De Soto.", "Localidad": "Pachuca De Soto", "Inversión": 679084.21, "Habitantes.beneficiados": 222.0, "Ejecutora": null, "Trabajos": "FAM 2024 13DPR0085Y Guadalupe Victoria", "Geometria_tipo": "Punto" }, "geometry": { "type": "Point", "coordinates": [ -98.714803, 20.124033 ] } },
{ "type": "Feature", "properties": { "ID_OBRA": "1737_Pachuca de Soto", "No.": 1736.0, "Municipio": "Pachuca de Soto", "Rubro": "Espacios Educativos", "Ejercicio": 2024.0, "Obra": "Rehabilitación De Un Módulo De Sanitarios, Estructura U1-C Y Rehabilitación Eléctrica General Exterior, En La Secundaria General Manuel Fernando Soto Pastrana Con C.c.t. 13des0101s, Ubicada En La Localidad De Pachuca De Soto, Municipio De Pachuca De Soto.", "Localidad": "Pachuca De Soto", "Inversión": 509517.1, "Habitantes.beneficiados": 247.0, "Ejecutora": null, "Trabajos": "FAM 2024 13DES0101S Manuel Fernando Soto Pastrana", "Geometria_tipo": "Punto" }, "geometry": { "type": "Point", "coordinates": [ -98.73425, 20.105361 ] } },
{ "type": "Feature", "properties": { "ID_OBRA": "1740_Pachuca de Soto", "No.": 1739.0, "Municipio": "Pachuca de Soto", "Rubro": "Espacios Educativos", "Ejercicio": 2024.0, "Obra": "Rehabilitación General De 1 Módulo De Sanitarios Estructura Regional 6.00 X 8.00 Mts. Y Rehabilitación Con Cambio De Impermeabilizante De 4 Módulos Estructura Regional, En La Escuela Primaria General Cuitláhuac Con C.c.t. 13dpr1932r, En La Localidad De Pachuca De Soto, Municipio De Pachuca De Soto.", "Localidad": "Pachuca De Soto", "Inversión": 1469073.38, "Habitantes.beneficiados": 243.0, "Ejecutora": null, "Trabajos": "FAM 2024 13DPR1932R Cuitlahuac", "Geometria_tipo": "Punto" }, "geometry": { "type": "Point", "coordinates": [ -98.78549, 20.049728 ] } },
{ "type": "Feature", "properties": { "ID_OBRA": "1730_Pachuca de Soto", "No.": 1729.0, "Municipio": "Pachuca de Soto", "Rubro": "Espacios Educativos", "Ejercicio": 2024.0, "Obra": "Rehabilitación General De Un Módulo Atípico De Un Aula Didáctica Con Sustitución De Losa Por Cubierta De Lámina Multipanel Y Obra Exterior, En La Primaria General Ignacio Zaragoza Con C.c.t. 13dpr0354b, Ubicada En La Localidad De Huixmi, Municipio De Pachuca De Soto.", "Localidad": "El Huixmi", "Inversión": 679957.73, "Habitantes.beneficiados": 269.0, "Ejecutora": null, "Trabajos": "FAM 2024 13DPR0354B Ignacio Zaragoza", "Geometria_tipo": "Punto" }, "geometry": { "type": "Point", "coordinates": [ -98.82046, 20.075939 ] } },
{ "type": "Feature", "properties": { "ID_OBRA": "1725_Pachuca de Soto", "No.": 1724.0, "Municipio": "Pachuca de Soto", "Rubro": "Espacios Educativos", "Ejercicio": 2024.0, "Obra": "Sustitución De Cancelería De Un Módulo De 3 Aulas, Estructura Regional 6.00 X 8.00 Mts C/U, Rehabilitación Eléctrica General (Alimentadores) Y Obra Exterior, En La Primaria General Libertadores De América Con C.c.t. 13dpr0687q, Ubicada En La Localidad De Pachuca, Municipio De Pachuca De Soto.", "Localidad": "Pachuca De Soto", "Inversión": 623780.01, "Habitantes.beneficiados": 311.0, "Ejecutora": null, "Trabajos": "FAM 2024 13DPR0687Q Libertadores De America", "Geometria_tipo": "Punto" }, "geometry": { "type": "Point", "coordinates": [ -98.733944, 20.105778 ] } },
{ "type": "Feature", "properties": { "ID_OBRA": "1767_Progreso de Obregón", "No.": 1766.0, "Municipio": "Progreso de Obregón", "Rubro": "Espacios Educativos", "Ejercicio": 2024.0, "Obra": "Construcción De Laboratorio De Diseño Arquitectónico De 4 E.e. Y Construcción De Taller De Turismo De 6 E.e. Adosados, Estructura U1-C. Construcción De Laboratorio De Contabilidad De 4 E.e., Estructura U1-C Y Obra Exterior, En La Secundaria Técnica 63, Con C.c.t. 13dst0063y, Ubicada En La Localidad De Los Olivos, Municipio De Progreso De Obregón.", "Localidad": "Los Olivos", "Inversión": 5781440.0, "Habitantes.beneficiados": 334.0, "Ejecutora": null, "Trabajos": "FAM 2024 13DST0063Y Escuela Secundaria Tecnica 63", "Geometria_tipo": "Punto" }, "geometry": { "type": "Point", "coordinates": [ -99.181111, 20.275475 ] } },
{ "type": "Feature", "properties": { "ID_OBRA": "1775_San Agustín Tlaxiaca", "No.": 1774.0, "Municipio": "San Agustín Tlaxiaca", "Rubro": "Espacios Educativos", "Ejercicio": 2024.0, "Obra": "Construcción De Un Aula Didáctica Adosada, Estructura Regional 6.00 X 8.00 Mts Y Obra Exterior, En La Primaria General Efrén Rebolledo Con C.c.t. 13dpr1529h, En La Localidad De Oriental De Zapata, Municipio De San Agustín Tlaxiaca", "Localidad": "Oriental De Zapata", "Inversión": 502727.05, "Habitantes.beneficiados": 206.0, "Ejecutora": null, "Trabajos": "FAM 2024 13DPR1529H Efren Rebolledo", "Geometria_tipo": "Punto" }, "geometry": { "type": "Point", "coordinates": [ -99.03289, 19.981428 ] } },
{ "type": "Feature", "properties": { "ID_OBRA": "1771_San Agustín Tlaxiaca", "No.": 1770.0, "Municipio": "San Agustín Tlaxiaca", "Rubro": "Espacios Educativos", "Ejercicio": 2024.0, "Obra": "Construcción De Un Aula Didáctica, Estructura Regional (Zona Sísmica C Y D) 6.00 X 8.00 Mts. Y Obra Exterior En La Primaria General María Isabel Ordaz Camacho Con C.c.t. 13dpr1037v, Ubicada En La Localidad De Nueva Tlaxiaca, Municipio De San Agustín Tlaxiaca.", "Localidad": "Nueva Tlaxiaca", "Inversión": 672835.57, "Habitantes.beneficiados": 315.0, "Ejecutora": null, "Trabajos": "FAM 2024 13DPR1037V Maria Isabel Ordaz Camacho", "Geometria_tipo": "Punto" }, "geometry": { "type": "Point", "coordinates": [ -98.85154, 20.0281 ] } },
{ "type": "Feature", "properties": { "ID_OBRA": "1783_San Salvador", "No.": 1782.0, "Municipio": "San Salvador", "Rubro": "Espacios Educativos", "Ejercicio": 2024.0, "Obra": "Rehabilitación De Módulo De Sanitarios Anexo Con Dirección, Estructura Regional 6.00 X 8.00 Mts. Y Obra Exterior, En La Primaria General Miguel Hidalgo, Con. C.c.t. 13dpr1241f, Ubicada En La Localidad De Caxuxi, Municipio De San Salvador.", "Localidad": "Caxuxi", "Inversión": 411087.32, "Habitantes.beneficiados": 323.0, "Ejecutora": null, "Trabajos": "FAM 2024 13DPR1241F Miguel Hidalgo", "Geometria_tipo": "Punto" }, "geometry": { "type": "Point", "coordinates": [ -98.9935, 20.302989 ] } },
{ "type": "Feature", "properties": { "ID_OBRA": "1782_San Salvador", "No.": 1781.0, "Municipio": "San Salvador", "Rubro": "Espacios Educativos", "Ejercicio": 2024.0, "Obra": "Rehabilitación General De Un Módulo De Sanitarios Anexo Con Dirección, En Un Módulo De 4 E.e., Estructura Regional 6.00 X 8.00 Mts Y Obra Exterior, En El Preescolar General México, Con C.c.t. 13djn0090t, Ubicada En La Localidad De San Antonio Zaragoza, Municipio De San Salvador.", "Localidad": "San Antonio Zaragoza", "Inversión": 575723.11, "Habitantes.beneficiados": 75.0, "Ejecutora": null, "Trabajos": "FAM 2024 13DJN0090T Mexico", "Geometria_tipo": "Punto" }, "geometry": { "type": "Point", "coordinates": [ -98.999531, 20.256411 ] } },
{ "type": "Feature", "properties": { "ID_OBRA": "1798_Tasquillo", "No.": 1797.0, "Municipio": "Tasquillo", "Rubro": "Espacios Educativos", "Ejercicio": 2024.0, "Obra": "Rehabilitación General De Dos Módulos De 5 E.e. C/U, Estructura Hm, Con Sustitución De Cubierta Por Lamina Multipanel Y Obra Exterior, En El Preescolar General Vicente Suárez, Con C.c.t. 13djn0109a, Ubicado En La Localidad De Tasquillo, Municipio De Tasquillo.", "Localidad": "Tasquillo", "Inversión": 1123886.0, "Habitantes.beneficiados": 97.0, "Ejecutora": null, "Trabajos": "FAM 2024 13DJN0109A Vicente Suarez", "Geometria_tipo": "Punto" }, "geometry": { "type": "Point", "coordinates": [ -99.3132, 20.5495 ] } },
{ "type": "Feature", "properties": { "ID_OBRA": "1806_Tecozautla", "No.": 1805.0, "Municipio": "Tecozautla", "Rubro": "Espacios Educativos", "Ejercicio": 2024.0, "Obra": "Construcción De Un Aula Didáctica, Estructura Regional (Zona Sísmica C Y D) 6.00 X 8.00 Mts. Y Obra Exterior, En La Primaria General Veinte De Noviembre, Con C.c.t. 13dpr0514z, Ubicada En La Localidad De Pañhe, Municipio De Tecozautla.", "Localidad": "Pañhe", "Inversión": 704493.87, "Habitantes.beneficiados": 356.0, "Ejecutora": null, "Trabajos": "FAM 2024 13DPR0514Z Veinte De Noviembre", "Geometria_tipo": "Punto" }, "geometry": { "type": "Point", "coordinates": [ -99.69603, 20.520669 ] } },
{ "type": "Feature", "properties": { "ID_OBRA": "1811_Tecozautla", "No.": 1810.0, "Municipio": "Tecozautla", "Rubro": "Espacios Educativos", "Ejercicio": 2024.0, "Obra": "Demolición De Módulo Atípico De Dos Niveles, Construcción De Un Módulo De Sanitarios M-10, Estructura Regional (Zona Sísmica C Y D) 6.50 X 8.00 Mts., Construcción De Cisterna De Concreto De 10 M3, Reposición De Barda Perimetral Y Obra Exterior, En La Primaria General Lic. Benito Juárez, Con C.c.t. 13dpr1197i, Ubicada En La Localidad De La Mesilla, Municipio De Tecozautla.", "Localidad": "La Mesilla", "Inversión": 2050912.19, "Habitantes.beneficiados": 197.0, "Ejecutora": null, "Trabajos": "FAM 2024 13DPR1197I Lic. Benito Juarez", "Geometria_tipo": "Punto" }, "geometry": { "type": "Point", "coordinates": [ -99.67097, 20.485808 ] } },
{ "type": "Feature", "properties": { "ID_OBRA": "1822_Tenango de Doria", "No.": 1821.0, "Municipio": "Tenango de Doria", "Rubro": "Espacios Educativos", "Ejercicio": 2024.0, "Obra": "Modulo B “Edificación De Modulo De Docencia” (Dos Niveles 11 Aulas – Núcleo De Baños) Primera Etapa, En La Universidad Intercultural Del Estado De Hidalgo, Con C.c.t. 13eiu0001c, Ubicado En La Localidad De El Desdaví, Municipio De Tenango De Doria.", "Localidad": "El Desdavi", "Inversión": 9964999.91, "Habitantes.beneficiados": 611.0, "Ejecutora": null, "Trabajos": "FAM 2024 13EIU0001C Universidad Intercultural Del Estado De Hidalgo", "Geometria_tipo": "Punto" }, "geometry": { "type": "Point", "coordinates": [ -98.239936, 20.340256 ] } },
{ "type": "Feature", "properties": { "ID_OBRA": "1838_Tepeji del Río de Ocampo", "No.": 1837.0, "Municipio": "Tepeji del Río de Ocampo", "Rubro": "Espacios Educativos", "Ejercicio": 2024.0, "Obra": "Construcción De Un Aula Didáctica, Estructura Regional (Zona Sísmica C Y D) 6.00 X 8.00 Mts. Y Obra Exterior, En La Primaria General Benito Juárez, Con C.c.t. 13dpr1462q, Ubicada En La Localidad De Santiago Tlaltepoxco, Municipio De Tepeji Del Rio De Ocampo.", "Localidad": "Santiago Tlaltepoxco", "Inversión": 707546.13, "Habitantes.beneficiados": 153.0, "Ejecutora": null, "Trabajos": "FAM 2024 13DPR1462Q Benito Juarez", "Geometria_tipo": "Punto" }, "geometry": { "type": "Point", "coordinates": [ -99.257978, 19.883269 ] } },
{ "type": "Feature", "properties": { "ID_OBRA": "1833_Tepeji del Río de Ocampo", "No.": 1832.0, "Municipio": "Tepeji del Río de Ocampo", "Rubro": "Espacios Educativos", "Ejercicio": 2024.0, "Obra": "Demolición De Barda Perimetral Existente Y Construcción De Barda En Reposición En La Telesecundaria 330, Con C.c.t. 13dtv0163k, Ubicada En La Localidad De Santiago Tlapanaloya, Municipio De Tepeji Del Rio De Ocampo.", "Localidad": "Santiago Tlapanaloya", "Inversión": 737194.02, "Habitantes.beneficiados": 89.0, "Ejecutora": null, "Trabajos": "FAM 2024 13DTV0163K Telesecundaria 330", "Geometria_tipo": "Punto" }, "geometry": { "type": "Point", "coordinates": [ -99.349167, 19.875556 ] } },
{ "type": "Feature", "properties": { "ID_OBRA": "1846_Tezontepec de Aldama", "No.": 1845.0, "Municipio": "Tezontepec de Aldama", "Rubro": "Espacios Educativos", "Ejercicio": 2024.0, "Obra": "Reestructuración De Techado De Plaza Cívica, En La Primaria General Juan Aldama Con C.c.t. 13dpr1441d, Ubicada En La Localidad De Tezontepec, Municipio De Tezontepec De Aldama", "Localidad": "Tezontepec De Aldama", "Inversión": 5371218.54, "Habitantes.beneficiados": 712.0, "Ejecutora": null, "Trabajos": "FAM 2024 13DPR1441D Juan Aldama", "Geometria_tipo": "Punto" }, "geometry": { "type": "Point", "coordinates": [ -99.272897, 20.192781 ] } },
{ "type": "Feature", "properties": { "ID_OBRA": "1863_Tizayuca", "No.": 1862.0, "Municipio": "Tizayuca", "Rubro": "Espacios Educativos", "Ejercicio": 2024.0, "Obra": "Construcción De Barda Perimetral, En El Prescolar General Francisco Gabilondo Soler Cri Cri Con C.c.t. 13djn158l, Ubicado En La Localidad De Pachuca, Municipio De Pachuca De Soto.", "Localidad": "Emiliano Zapata", "Inversión": 447000.0, "Habitantes.beneficiados": 91.0, "Ejecutora": null, "Trabajos": "FAM 2024 13DJN1583L Rodolfo Neri Vela", "Geometria_tipo": "Punto" }, "geometry": { "type": "Point", "coordinates": [ -98.963653, 19.854697 ] } },
{ "type": "Feature", "properties": { "ID_OBRA": "1882_Tizayuca", "No.": 1881.0, "Municipio": "Tizayuca", "Rubro": "Espacios Educativos", "Ejercicio": 2024.0, "Obra": "Construcción De Dirección, Estructura Regional, (Zona Sísmica C Y D) 6.00 X 8.00 Mts., Ampliación De Módulo De Sanitarios, Estructura Regional (Zona Sísmica C Y D) 6.50 X 8.00 Mts. Y Obra Exterior, En La Primaria General Matilde Montoya Lafragua, Con C.c.t. 13dpr0806n, Ubicada En La Localidad De Emiliano Zapata, Municipio De Tizayuca.", "Localidad": "Emiliano Zapata", "Inversión": 1327622.3, "Habitantes.beneficiados": 220.0, "Ejecutora": null, "Trabajos": "FAM 2024 13DPR0806N Matilde Montoya Lafragua", "Geometria_tipo": "Punto" }, "geometry": { "type": "Point", "coordinates": [ -98.963956, 19.854256 ] } },
{ "type": "Feature", "properties": { "ID_OBRA": "1859_Tizayuca", "No.": 1858.0, "Municipio": "Tizayuca", "Rubro": "Espacios Educativos", "Ejercicio": 2024.0, "Obra": "Construcción De Laboratorio De Computo De 4 E.e., Estructura U1-C Y Obra Exterior, En La Secundaria General Antonio Cuadrini D'palma, Con C.c.t. 13des0115v, Ubicado En La Localidad De Don Antonio, Municipio De Tizayuca.", "Localidad": "Don Antonio", "Inversión": 1912310.38, "Habitantes.beneficiados": 483.0, "Ejecutora": null, "Trabajos": "FAM 2024 13DES0115V Antonio Cuadrini D' Palma", "Geometria_tipo": "Punto" }, "geometry": { "type": "Point", "coordinates": [ -98.93418, 19.876069 ] } },
{ "type": "Feature", "properties": { "ID_OBRA": "1860_Tizayuca", "No.": 1859.0, "Municipio": "Tizayuca", "Rubro": "Espacios Educativos", "Ejercicio": 2024.0, "Obra": "Construcción De Un Aula Didáctica De 3 E.e. Adosada, Estructura U1-C Y Obra Exterior, En La Secundaria General Profr. Arnulfo Pacheco Cruz, Con C.c.t. 13des0108l, Ubicada En La Localidad De El Cid, Municipio De Tizayuca.", "Localidad": "El Cid", "Inversión": 1058357.04, "Habitantes.beneficiados": 609.0, "Ejecutora": null, "Trabajos": "FAM 2024 13DES0108L Profr. Arnulfo Pacheco Cruz", "Geometria_tipo": "Punto" }, "geometry": { "type": "Point", "coordinates": [ -98.9266, 19.866908 ] } },
{ "type": "Feature", "properties": { "ID_OBRA": "1861_Tizayuca", "No.": 1860.0, "Municipio": "Tizayuca", "Rubro": "Espacios Educativos", "Ejercicio": 2024.0, "Obra": "Construcción De Un Aula Didáctica, Estructura Regional (Zona Sísmica C Y D) 6.00 X 8.00 Mts. Y Obra Exterior, En La Telesecundaria 189 Con C.c.t. 13dtv0219w, Ubicada En La Localidad De Tepojaco, Municipio De Tizayuca", "Localidad": "Tepojaco", "Inversión": 746174.19, "Habitantes.beneficiados": 510.0, "Ejecutora": null, "Trabajos": "FAM 2024 13DTV0219W Telesecundaria 189", "Geometria_tipo": "Punto" }, "geometry": { "type": "Point", "coordinates": [ -98.946886, 19.842539 ] } },
{ "type": "Feature", "properties": { "ID_OBRA": "1866_Tizayuca", "No.": 1865.0, "Municipio": "Tizayuca", "Rubro": "Espacios Educativos", "Ejercicio": 2024.0, "Obra": "Reestructuración De Techado De Plaza Cívica, En La Primaria General Juan De Dios Rodríguez Heredia, Con C.c.t. 13dpr0146v, Ubicada En La Localidad De El Cid, Municipio De Tizayuca.", "Localidad": "El Cid", "Inversión": 1224707.83, "Habitantes.beneficiados": 245.0, "Ejecutora": null, "Trabajos": "FAM 2024 13DPR0146V Juan De Dios Rodriguez Heredia", "Geometria_tipo": "Punto" }, "geometry": { "type": "Point", "coordinates": [ -98.927672, 19.867464 ] } },
{ "type": "Feature", "properties": { "ID_OBRA": "1881_Tizayuca", "No.": 1880.0, "Municipio": "Tizayuca", "Rubro": "Espacios Educativos", "Ejercicio": 2024.0, "Obra": "Rehabilitación De 2 Módulos Sanitarios, Estructura Atípica De 2 E.e. C/U Y Obra Exterior, En La Primaria General Niños Héroes, Con C.c.t. 13dpr2957g, Ubicada En La Localidad Los Héroes Tizayuca, Municipio De Tizayuca.", "Localidad": "Los Heroes Tizayuca", "Inversión": 1586596.11, "Habitantes.beneficiados": 700.0, "Ejecutora": null, "Trabajos": "FAM 2024 13DPR2957G Niños Heroes", "Geometria_tipo": "Punto" }, "geometry": { "type": "Point", "coordinates": [ -98.98755, 19.862214 ] } },
{ "type": "Feature", "properties": { "ID_OBRA": "1877_Tizayuca", "No.": 1876.0, "Municipio": "Tizayuca", "Rubro": "Espacios Educativos", "Ejercicio": 2024.0, "Obra": "Rehabilitación General De Un Módulo De Sanitarios Atípico, Rehabilitación General De Un Módulo De Dirección Atípica Y Obra Exterior, En La Primaria General Sor Juana Inés De La Cruz, Con C.c.t. 13dpr2977u, Ubicada En La Localidad De Tizayuca, Municipio De Tizayuca.", "Localidad": "Tizayuca", "Inversión": 604248.74, "Habitantes.beneficiados": 199.0, "Ejecutora": null, "Trabajos": "FAM 2024 13DPR2977U Sor Juana Ines De La Cruz", "Geometria_tipo": "Punto" }, "geometry": { "type": "Point", "coordinates": [ -98.984011, 19.821106 ] } },
{ "type": "Feature", "properties": { "ID_OBRA": "1896_Tlanalapa", "No.": 1895.0, "Municipio": "Tlanalapa", "Rubro": "Espacios Educativos", "Ejercicio": 2024.0, "Obra": "Construcción De Un Módulo De Sanitarios M-8, Estructura Regional (Zona Sísmica C Y D) 6.50 X 8.00 Mts. Y Obra Exterior, En La Primaria General Cuauhtémoc, Con C.c.t. 13dpr2393r, Ubicada En La Localidad De Tlanalapa, Municipio De Tlanalapa.", "Localidad": "Tlanalapa", "Inversión": 1515770.61, "Habitantes.beneficiados": 287.0, "Ejecutora": null, "Trabajos": "FAM 2024 13DPR2393R Cuauhtemoc", "Geometria_tipo": "Punto" }, "geometry": { "type": "Point", "coordinates": [ -98.595806, 19.812219 ] } },
{ "type": "Feature", "properties": { "ID_OBRA": "1895_Tlanalapa", "No.": 1894.0, "Municipio": "Tlanalapa", "Rubro": "Espacios Educativos", "Ejercicio": 2024.0, "Obra": "Rehabilitación General De Módulo A De 4 E. E., Que Alberga Dos Aulas Didácticas, Dirección Y Sanitarios, Pórtico De Acceso Y Reestructuración De Techado De Plaza Cívica, En El Jardín De Niños Profra. Juana Luna Samperio Con C.c.t. 13djn0091s, Ubicada En La Localidad De Tlanalapa, Municipio De Tlanalapa.", "Localidad": "Tlanalapa", "Inversión": 1795137.5, "Habitantes.beneficiados": 51.0, "Ejecutora": null, "Trabajos": "FAM 2024 13DJN0091S Profra. Juana Luna Samperio", "Geometria_tipo": "Punto" }, "geometry": { "type": "Point", "coordinates": [ -98.606639, 19.817667 ] } },
{ "type": "Feature", "properties": { "ID_OBRA": "1909_Tolcayuca", "No.": 1908.0, "Municipio": "Tolcayuca", "Rubro": "Espacios Educativos", "Ejercicio": 2024.0, "Obra": "Rehabilitación General De Servicios Sanitarios, Estructura Atípica, En La Primaria General Elisa Acuña Rossetti, Con C.c.t. 13dpr0809k, Ubicada En La Localidad Bosques De Ibiza, Municipio De Tolcayuca.", "Localidad": "Bosques De Ibiza", "Inversión": 477869.8, "Habitantes.beneficiados": 361.0, "Ejecutora": null, "Trabajos": "FAM 2024 13DPR0809K Elisa Acuña Rossetti", "Geometria_tipo": "Punto" }, "geometry": { "type": "Point", "coordinates": [ -98.941297, 19.891319 ] } },
{ "type": "Feature", "properties": { "ID_OBRA": "1928_Tulancingo de Bravo", "No.": 1927.0, "Municipio": "Tulancingo de Bravo", "Rubro": "Espacios Educativos", "Ejercicio": 2024.0, "Obra": "Construcción De Un Aula Didáctica, Estructura Regional (Zona Sísmica C Y D) 6.00 X 8.00 Mts, Construcción De Dos Muros De Contención Y Obra Exterior, En La Primaria Indígena Tierra Y Libertad Con C.c.t. 13dpb0714w, Ubicada En La Localidad De Viveros De La Loma, Municipio De Tulancingo De Bravo.", "Localidad": "Viveros De La Loma", "Inversión": 947881.11, "Habitantes.beneficiados": 169.0, "Ejecutora": null, "Trabajos": "FAM 2024 13DPB0714W Tierra Y Libertad", "Geometria_tipo": "Punto" }, "geometry": { "type": "Point", "coordinates": [ -98.339806, 20.098969 ] } },
{ "type": "Feature", "properties": { "ID_OBRA": "1924_Tulancingo de Bravo", "No.": 1923.0, "Municipio": "Tulancingo de Bravo", "Rubro": "Espacios Educativos", "Ejercicio": 2024.0, "Obra": "Demolición De Módulo Atípico Y Construcción De Un Módulo De 4 E.e., Estructura Regional (Zona Sísmica C Y D) 6.00 X 8.00 Mts. Y Obra Exterior, En La Primaria General Juan Escutia, Con C.c.t. 13dpr2863s, Ubicada En La Localidad De Tulancingo, Municipio De Tulancingo De Bravo.", "Localidad": "Tulancingo", "Inversión": 2439598.56, "Habitantes.beneficiados": 271.0, "Ejecutora": null, "Trabajos": "FAM 2024 13DPR2863S Juan Escutia", "Geometria_tipo": "Punto" }, "geometry": { "type": "Point", "coordinates": [ -98.342172, 20.066442 ] } },
{ "type": "Feature", "properties": { "ID_OBRA": "1925_Tulancingo de Bravo", "No.": 1924.0, "Municipio": "Tulancingo de Bravo", "Rubro": "Espacios Educativos", "Ejercicio": 2024.0, "Obra": "Rehabilitación General De Un Módulo De 5 Aulas Didácticas Atípicas Y Obra Exterior En La Primaria General Lázaro Cárdenas Con C.c.t. 13dpr2629n, Ubicada En La Localidad De Jaltepec, Municipio De Tulancingo De Bravo", "Localidad": "Jaltepec", "Inversión": 1237310.86, "Habitantes.beneficiados": 512.0, "Ejecutora": null, "Trabajos": "FAM 2024 13DPR2629N Lazaro Cardenas", "Geometria_tipo": "Punto" }, "geometry": { "type": "Point", "coordinates": [ -98.418444, 20.117667 ] } },
{ "type": "Feature", "properties": { "ID_OBRA": "1941_Zapotlán de Juárez", "No.": 1940.0, "Municipio": "Zapotlán de Juárez", "Rubro": "Espacios Educativos", "Ejercicio": 2024.0, "Obra": "Construcción De Un Aula Didáctica Adosada De 3 E.e., Estructura U1-C, Construcción De Fosa Séptica Y Pozo De Absorción Y Obra Exterior, En La Secundaria General Juan Guillermo Villasana López, Con C.c.t 13des0112y, Ubicada En La Localidad De Zapotlán De Juárez, Municipio De Zapotlán De Juárez", "Localidad": "Zapotlan De Juarez", "Inversión": 1351392.17, "Habitantes.beneficiados": 408.0, "Ejecutora": null, "Trabajos": "FAM 2024 13DES0112Y Juan Guillermo Villasana Lopez", "Geometria_tipo": "Punto" }, "geometry": { "type": "Point", "coordinates": [ -98.8552, 19.973508 ] } },
{ "type": "Feature", "properties": { "ID_OBRA": "1951_Zempoala", "No.": 1950.0, "Municipio": "Zempoala", "Rubro": "Espacios Educativos", "Ejercicio": 2024.0, "Obra": "Construcción De Un Módulo De 2 Aulas Didácticas, En Estructura Regional (Zona Sísmica C Y D) 6.00 X 8.00 Mts. Cada Una Y Obra Exterior, En La Telesecundaria 17 Con C.c.t. 13dtv0393c, Ubicada En La Localidad De Nueva Esperanza, Municipio De Zempoala.", "Localidad": "Nueva Esperanza", "Inversión": 1181604.47, "Habitantes.beneficiados": 221.0, "Ejecutora": null, "Trabajos": "FAM 2024 13DTV0393C Telesecundaria 17", "Geometria_tipo": "Punto" }, "geometry": { "type": "Point", "coordinates": [ -98.711972, 19.984053 ] } },
{ "type": "Feature", "properties": { "ID_OBRA": "1955_Zempoala", "No.": 1954.0, "Municipio": "Zempoala", "Rubro": "Espacios Educativos", "Ejercicio": 2024.0, "Obra": "Rehabilitación General De Un Módulo De Sanitarios Anexo Con Dirección, En Un Módulo De 4 E.e. Estructura Regional 6.00 X 8.00 Mts. En La Telesecundaria 136 Con C.c.t. 13dtv0132r, Ubicada En La Localidad De San Gabriel Azteca, Municipio De Zempoala", "Localidad": "San Gabriel Azteca", "Inversión": 509462.64, "Habitantes.beneficiados": 119.0, "Ejecutora": null, "Trabajos": "FAM 2024 13DTV0132R Telesecundaria 136", "Geometria_tipo": "Punto" }, "geometry": { "type": "Point", "coordinates": [ -98.615056, 19.878444 ] } },
{ "type": "Feature", "properties": { "ID_OBRA": "1948_Zempoala", "No.": 1947.0, "Municipio": "Zempoala", "Rubro": "Espacios Educativos", "Ejercicio": 2024.0, "Obra": "Renivelación E Impermeabilización De Losa, En Tres Módulos, Estructura Atípica, En La Primaria General Ignacio Allende Con C.c.t. 13dpr0872m, Ubicada En La Localidad De Francisco Villa Municipio De Zempoala", "Localidad": "Francisco Villa", "Inversión": 730565.05, "Habitantes.beneficiados": 97.0, "Ejecutora": null, "Trabajos": "FAM 2024 13DPR0872M Ignacio Allende", "Geometria_tipo": "Punto" }, "geometry": { "type": "Point", "coordinates": [ -98.576778, 19.940306 ] } },
{ "type": "Feature", "properties": { "ID_OBRA": "1961_Zimapán", "No.": 1960.0, "Municipio": "Zimapán", "Rubro": "Espacios Educativos", "Ejercicio": 2024.0, "Obra": "Construcción De Un Módulo De 5 E.e., En Estructura U2-C Que Contempla: Dos Aulas Didácticas De 2 E.e., C/U, Escalera Y Obra Exterior, La Primaria Indígena Nueva Reforma Con C.c.t. 13dpb0744q, Ubicada En La Localidad De Zimapán, Municipio De Zimapán.", "Localidad": "Zimapan", "Inversión": 2278762.38, "Habitantes.beneficiados": 175.0, "Ejecutora": null, "Trabajos": "FAM 2024 13DPB0744Q Nueva Reforma", "Geometria_tipo": "Punto" }, "geometry": { "type": "Point", "coordinates": [ -99.393011, 20.744583 ] } },
{ "type": "Feature", "properties": { "ID_OBRA": "1957_Zimapán", "No.": 1956.0, "Municipio": "Zimapán", "Rubro": "Espacios Educativos", "Ejercicio": 2024.0, "Obra": "Rehabilitación General De Un Módulo De 2 Aulas Didácticas, Dirección Con Sanitarios, Estructura Regional, Con Sustitución De Losa De Concreto Por Lamina Multipanel Y Obra Exterior, En El Preescolar General Rosaura Zapata, Con C.c.t. 13djn0108b, Ubicado En La Localidad De Zimapán, Municipio De Zimapán.", "Localidad": "Zimapan", "Inversión": 1638932.91, "Habitantes.beneficiados": 172.0, "Ejecutora": null, "Trabajos": "FAM 2024 13DJN0108B Rosaura Zapata", "Geometria_tipo": "Punto" }, "geometry": { "type": "Point", "coordinates": [ -99.37819, 20.735558 ] } }
]
}
