{
"type": "FeatureCollection",
"name": "obras_vial_linea_nueva",
"crs": { "type": "name", "properties": { "name": "urn:ogc:def:crs:OGC:1.3:CRS84" } },
"features": [
{ "type": "Feature", "properties": { "ID_OBRA": "1111_Tenango de Doria", "No.": 1111.0, "Municipio": "Tenango de Doria", "Rubro": "Infraestructura Carretera", "Ejercicio": 2024.0, "Obra": "Construcción de pavimentación de concreto hidráulico en camino rural tramo Cerro Chico - San José del Valle, sub&#10;tramo uno: del 6+615.00 al 6+765.00, sub tramo dos: del 7+705.00 al 7+255.00, sub tramo tres del 11+345.00 al 11+520.00, en el municipio de Tenango de Doria.", "Localidad": "Cerro Chiquito", "Inversión": 4183061.74, "Habitantes.beneficiados": 464.0, "Ejecutora": "DGCCE", "Trabajos": "Considera los trabajos de preliminares, riego de impregnación, piso para pavimento de concreto hidráulico.", "Geometria_tipo": "Línea", "extract": 0.59716960417348175 }, "geometry": { "type": "LineString", "coordinates": [ [ -98.175547766349197, 20.386279232481698 ], [ -98.175708621790605, 20.386030909017304 ], [ -98.176069822559299, 20.386092980612197 ], [ -98.176208813632996, 20.385808681340993 ], [ -98.177162399246896, 20.385319469359796 ], [ -98.177287399118796, 20.384751796995896 ], [ -98.177732852394001, 20.3846345744745 ], [ -98.178038245348802, 20.384629071391096 ], [ -98.178387335829996, 20.38436453803299 ], [ -98.178811783208005, 20.384234893465599 ], [ -98.178895905459498, 20.384106444499995 ], [ -98.178790201742402, 20.384042659275501 ], [ -98.178088991916297, 20.3842288955036 ], [ -98.177208173601798, 20.384088717830302 ], [ -98.1768921573874, 20.384447478242294 ], [ -98.176798401902303, 20.384951680681297 ], [ -98.176349717331306, 20.384951598270995 ], [ -98.175901265815099, 20.385050912050197 ], [ -98.175622762556699, 20.385347081492899 ], [ -98.175321080192305, 20.385251792531903 ], [ -98.175173057733502, 20.384633287300897 ], [ -98.174547166222794, 20.3842517358901 ], [ -98.174460895682401, 20.384007227496401 ], [ -98.174700162835705, 20.383949721198199 ], [ -98.174850334051101, 20.3840940970886 ], [ -98.175044181266998, 20.384199051600895 ], [ -98.175296418217201, 20.384381763885795 ], [ -98.175461415856702, 20.384730420326999 ], [ -98.175585457171294, 20.3847914752393 ], [ -98.175698737668299, 20.384736554195499 ], [ -98.175770430020805, 20.3845490205217 ], [ -98.175882135604397, 20.384381869716002 ], [ -98.176110322799403, 20.384358199474196 ], [ -98.176233214278597, 20.384358221734892 ], [ -98.176408779375507, 20.384088573503 ], [ -98.176769588565307, 20.383338776271501 ], [ -98.177199705539195, 20.382966395416201 ], [ -98.177637022880802, 20.3827241293972 ], [ -98.178320719068395, 20.382750362635001 ], [ -98.179484641653715, 20.381936147986298 ], [ -98.179551687872703, 20.380956804901604 ], [ -98.179999381587521, 20.380126742638094 ], [ -98.180031387389221, 20.3794843656644 ], [ -98.180385140114595, 20.378821546640793 ], [ -98.180405779694411, 20.378581551180897 ], [ -98.180222228708402, 20.3784242195463 ], [ -98.180020831675904, 20.378621422955693 ], [ -98.179407493660605, 20.379370497469498 ], [ -98.179000045202798, 20.3796296374666 ], [ -98.178606136822907, 20.379751052827498 ], [ -98.177650414890607, 20.379321721569795 ], [ -98.177402931462595, 20.379303132573398 ], [ -98.1774258481271, 20.379441576041298 ], [ -98.177750813659799, 20.380149403222202 ], [ -98.177677870601897, 20.380258969487798 ], [ -98.177123255439994, 20.380284392881098 ], [ -98.1762330942002, 20.380526475666795 ], [ -98.175601061164002, 20.3803585031431 ], [ -98.175297663433994, 20.380017804795695 ], [ -98.175075138189399, 20.380038070919699 ], [ -98.174902141998203, 20.380119866099498 ], [ -98.174578295059206, 20.3801115761961 ], [ -98.1742464643023, 20.380074612885895 ], [ -98.1741191275527, 20.380095062739798 ], [ -98.173830136356401, 20.380528342181798 ], [ -98.173506671552104, 20.380524376842203 ], [ -98.1731357445546, 20.380721867341101 ], [ -98.172831353233093, 20.380770061670795 ], [ -98.172522513053707, 20.380974697819699 ], [ -98.171965093112505, 20.380970428563099 ], [ -98.171298804517107, 20.380741549275601 ], [ -98.170675037726198, 20.381003417901795 ], [ -98.170267315310994, 20.380826214737496 ], [ -98.170194784014498, 20.380850648465195 ], [ -98.170127310433799, 20.381007467598799 ], [ -98.1702726094518, 20.381506764021495 ], [ -98.170207259949507, 20.381841458238295 ], [ -98.169727605483502, 20.3823154062244 ], [ -98.169571511872107, 20.382633316824695 ], [ -98.169094600124197, 20.3824009981467 ], [ -98.167919704468318, 20.381789279215397 ], [ -98.166913429007195, 20.381399120430093 ], [ -98.166177518740696, 20.380585217773902 ], [ -98.164871372117005, 20.379922223619296 ], [ -98.164147918951898, 20.3799606011662 ], [ -98.163739519293102, 20.3797559092109 ], [ -98.163064802608005, 20.379326576198103 ], [ -98.162471978100399, 20.379014406935198 ], [ -98.162264267403401, 20.379067731111004 ], [ -98.162243684470397, 20.3791794221715 ], [ -98.162318377613502, 20.379427400660095 ], [ -98.162228026885501, 20.379556758695898 ], [ -98.162071461204704, 20.379606827416801 ], [ -98.160955618119701, 20.3797235858022 ], [ -98.160666928884908, 20.379882728199398 ], [ -98.159162507540998, 20.379761359107498 ], [ -98.1589072414246, 20.379859589939798 ], [ -98.158895556409306, 20.380031977188004 ], [ -98.158691196342104, 20.380187845928496 ], [ -98.157748419087696, 20.3800478898109 ], [ -98.157498569341598, 20.380096800471595 ], [ -98.157436004532499, 20.380249976510704 ], [ -98.157458721774901, 20.380555973058403 ], [ -98.157378049152001, 20.380664421861301 ], [ -98.1569083247024, 20.380890345766197 ], [ -98.1565071217087, 20.381528302690192 ], [ -98.156161734002694, 20.381707663830397 ], [ -98.156162723880897, 20.381986556035091 ], [ -98.156223749150399, 20.382359531455496 ], [ -98.156432974543705, 20.384242013506295 ], [ -98.156408264288601, 20.384377616195401 ], [ -98.156015351757205, 20.3843490900428 ], [ -98.155901995427797, 20.3844872080962 ], [ -98.155797688822403, 20.384951944689501 ], [ -98.15553046307771, 20.384982430967096 ], [ -98.155216123274499, 20.384936490743403 ], [ -98.154862372695817, 20.385002645302201 ], [ -98.153819104172015, 20.384930925748698 ], [ -98.153653867990499, 20.384829991907093 ], [ -98.153554482674494, 20.384666179465196 ], [ -98.153527818037006, 20.384305836892597 ], [ -98.153374915870998, 20.3841063127608 ], [ -98.152679927560001, 20.383579289068297 ], [ -98.152407234862395, 20.383076027907098 ], [ -98.151907532509398, 20.382675770794098 ], [ -98.1517179853995, 20.382654076953695 ], [ -98.151590411401699, 20.382771558034104 ], [ -98.151580327635997, 20.383025717926699 ], [ -98.151597822767599, 20.383241716661502 ], [ -98.151341377196005, 20.383741120842998 ], [ -98.150986880523206, 20.383963445961392 ], [ -98.150521013847595, 20.383872600298798 ], [ -98.150332423326404, 20.383671051689898 ], [ -98.1502522078071, 20.383309396982103 ], [ -98.149974372753206, 20.383138954117701 ], [ -98.149670242731005, 20.383070045996003 ], [ -98.149367000000609, 20.383229988817398 ], [ -98.149112027304099, 20.383501273263196 ], [ -98.148870196614794, 20.383433567539395 ], [ -98.148546046765503, 20.3832911394625 ], [ -98.148413889628699, 20.383428917130605 ], [ -98.148198104135801, 20.383924135784596 ], [ -98.147940038767103, 20.3840179347422 ], [ -98.147017385599597, 20.383807361573702 ], [ -98.1438688397931, 20.382777711835796 ], [ -98.141826641838705, 20.382836005945794 ], [ -98.140217498905997, 20.3830568893102 ], [ -98.139783024356504, 20.383300648892291 ] ] } },
{ "type": "Feature", "properties": { "ID_OBRA": "1225_Tlahuiltepa", "No.": 1225.0, "Municipio": "Tlahuiltepa", "Rubro": "Infraestructura Carretera", "Ejercicio": 2022.0, "Obra": "Construcción de Pavimento de concreto hidráulico de acceso a cabecera, municipio de Tlahuiltepa", "Localidad": "Tlahuiltepa", "Inversión": 14951336.78, "Habitantes.beneficiados": null, "Ejecutora": "DGCCE", "Trabajos": "Considera los trabajos de preliminares, riego de impregnación, piso para pavimento de concreto hidráulico.", "Geometria_tipo": "Línea", "extract": 1.0285259168236391 }, "geometry": { "type": "LineString", "coordinates": [ [ -98.945691739789694, 20.920081218406395 ], [ -98.945095282483507, 20.919581686298205 ], [ -98.944921790663599, 20.919114433241099 ], [ -98.945129859936003, 20.918542472167701 ], [ -98.945135528714999, 20.918026758953399 ], [ -98.945279259082298, 20.9176299643817 ], [ -98.945544292347407, 20.917347933827095 ], [ -98.945523846992302, 20.917036708322101 ], [ -98.945283161193402, 20.917045172212404 ], [ -98.945083936623604, 20.917021240831705 ], [ -98.944987848894812, 20.916798347662393 ], [ -98.944567357273598, 20.916343422133895 ], [ -98.9444335182842, 20.916374659360599 ], [ -98.944347551469207, 20.916466732844601 ], [ -98.944197312200998, 20.916739009065605 ], [ -98.943932396793898, 20.917140214338698 ], [ -98.943648071700807, 20.917333129472802 ], [ -98.943015394537795, 20.917345164530797 ], [ -98.942816509260993, 20.917517443744696 ], [ -98.942726476500894, 20.917897547967399 ], [ -98.942661848205503, 20.918120367971401 ], [ -98.942434810409395, 20.9180422610298 ], [ -98.942003722452398, 20.917575202621993 ], [ -98.941544875181805, 20.917371707733096 ], [ -98.941153434871893, 20.917518694909198 ], [ -98.940509210850905, 20.917547191783203 ], [ -98.939236806633502, 20.917492846606201 ], [ -98.938064259562495, 20.917775754977903 ], [ -98.937727792138304, 20.917674441084397 ], [ -98.937582470963818, 20.917749831556499 ], [ -98.937390744066505, 20.918041664904699 ], [ -98.937096774260894, 20.918319531980099 ], [ -98.936732072050702, 20.918259235066401 ], [ -98.936443302963895, 20.918234935741598 ], [ -98.935978279194899, 20.918626964312399 ], [ -98.935530941964203, 20.919308038 ] ] } },
{ "type": "Feature", "properties": { "ID_OBRA": "1226_Tlahuiltepa", "No.": 1226.0, "Municipio": "Tlahuiltepa", "Rubro": "Infraestructura Carretera", "Ejercicio": 2024.0, "Obra": "Construcción de pavimento de concreto hidráulico en acceso a cabecera de Tlahuiltepa", "Localidad": "Tlahuiltepa", "Inversión": 48377795.13, "Habitantes.beneficiados": 286.0, "Ejecutora": "DGCCE", "Trabajos": "Considera los trabajos de preliminares, riego de impregnación, piso para pavimento de concreto hidráulico.", "Geometria_tipo": "Línea", "extract": 0.8509081472758222 }, "geometry": { "type": "LineString", "coordinates": [ [ -98.919559076647104, 20.915437726691898 ], [ -98.920299177122004, 20.916059267326101 ], [ -98.920823646442003, 20.916636361573502 ], [ -98.921780237587797, 20.917476630076898 ], [ -98.9223421064641, 20.917740056610096 ], [ -98.922682461854706, 20.917988762147093 ], [ -98.923041630210406, 20.918600763334702 ], [ -98.923873117592194, 20.918977074212595 ], [ -98.924190454591994, 20.918944255064201 ], [ -98.924809595422104, 20.919065494811097 ], [ -98.925272581618799, 20.919056761056297 ], [ -98.925597569354693, 20.918822581171398 ], [ -98.925694110923899, 20.918415908571401 ], [ -98.92619215795682, 20.918256025282901 ], [ -98.926517014269194, 20.918375770679297 ], [ -98.926924365387507, 20.918499108279402 ], [ -98.927080233950704, 20.918574145363099 ], [ -98.927152034193995, 20.918642614284799 ] ] } },
{ "type": "Feature", "properties": { "ID_OBRA": "1227_Tlahuiltepa", "No.": 1227.0, "Municipio": "Tlahuiltepa", "Rubro": "Infraestructura Carretera", "Ejercicio": 2023.0, "Obra": "Construcción de Pavimentación de Concreto Hidráulico del Camino Tlaxcantitla - Santa María; en el municipio de Tlahuiltepa.", "Localidad": "Tlaxcantitla", "Inversión": 44621342.03, "Habitantes.beneficiados": 1252.0, "Ejecutora": "DGOPI", "Trabajos": "Considera los trabajos de preliminares, riego de impregnación, piso para pavimento de concreto hidráulico.", "Geometria_tipo": "Línea", "extract": 0.32320424829365252 }, "geometry": { "type": "LineString", "coordinates": [ [ -98.895625512382296, 20.866072237848993 ], [ -98.894929597756601, 20.865718207795801 ], [ -98.894343416848699, 20.865618631304802 ], [ -98.894109291220502, 20.865455649443597 ], [ -98.893954470164303, 20.865245745813198 ], [ -98.893869237366999, 20.865010338505897 ], [ -98.892912953949903, 20.8637727285439 ], [ -98.892524774838193, 20.863280401102099 ], [ -98.892400797070394, 20.863006714993102 ], [ -98.892362408357997, 20.862497413555896 ], [ -98.892390972635908, 20.862358300123095 ], [ -98.892343129261107, 20.862318720736596 ], [ -98.892010283846204, 20.862311376152 ], [ -98.891775990714706, 20.862273715442498 ], [ -98.890834698809996, 20.8618405903098 ], [ -98.890502387650102, 20.861438674017698 ], [ -98.890223512642606, 20.861227917519102 ], [ -98.890006914091501, 20.861266198595601 ], [ -98.889862084453398, 20.861482497357098 ], [ -98.889754077284195, 20.861567188913401 ], [ -98.889355206671297, 20.861576497667201 ], [ -98.88896577630301, 20.861557488033696 ], [ -98.888675388210416, 20.861714024948999 ], [ -98.888726254020497, 20.861963798719099 ], [ -98.888878262886493, 20.862143195296998 ], [ -98.889103144319293, 20.862309655644395 ], [ -98.889235019556196, 20.862547299169297 ], [ -98.889484679803601, 20.862836240607901 ], [ -98.889597846105303, 20.863125001138396 ], [ -98.889489691189397, 20.863333442482492 ], [ -98.889043662913707, 20.863369758034004 ], [ -98.888874803061611, 20.863477815103099 ], [ -98.888657685462704, 20.863950436990301 ], [ -98.888623094418904, 20.864328565510601 ], [ -98.888804093446609, 20.864592913962401 ], [ -98.88891201380531, 20.8648561117033 ], [ -98.888507290499405, 20.864987244742498 ], [ -98.888086330802395, 20.8650491785247 ], [ -98.887780308894193, 20.865299178824898 ], [ -98.887532431965397, 20.865457800298895 ], [ -98.8872261580714, 20.865218139871299 ], [ -98.886815498268206, 20.865014386888696 ], [ -98.8865306690453, 20.864704962964893 ], [ -98.886519590629803, 20.864693290337598 ], [ -98.886349981187706, 20.864443456120796 ], [ -98.886037248253416, 20.8643336254617 ], [ -98.885828182547002, 20.864337799363 ], [ -98.885511220653896, 20.864387565378699 ], [ -98.885181933067102, 20.8644065309532 ], [ -98.884867827837212, 20.864379706623005 ], [ -98.884376732938307, 20.864511244211094 ], [ -98.883370658242896, 20.864756020140799 ], [ -98.883188555066099, 20.864768330917798 ], [ -98.882981643983499, 20.864624422049804 ], [ -98.882528133962794, 20.863760102702198 ], [ -98.882010504071303, 20.8631338154728 ], [ -98.881890620662602, 20.862826777216398 ], [ -98.881550250607901, 20.862522809057303 ], [ -98.880827853259106, 20.862291198868597 ], [ -98.880585469666599, 20.862070552835096 ], [ -98.880273717669795, 20.861870781957304 ], [ -98.880183203467894, 20.861671279847997 ], [ -98.880171493390506, 20.861448600795502 ], [ -98.880150732977697, 20.861269149606994 ], [ -98.880061339910498, 20.8610053843576 ], [ -98.879910840791197, 20.8608130722269 ], [ -98.87962045594, 20.8606307146189 ], [ -98.879300597144095, 20.860490258922798 ], [ -98.87893821555511, 20.860212813492392 ], [ -98.878640294141107, 20.859729437656 ], [ -98.878428544871795, 20.859491209743997 ], [ -98.878147140082703, 20.859174613940297 ], [ -98.877999921550796, 20.858839470968903 ], [ -98.877164333299007, 20.858282612401297 ] ] } },
{ "type": "Feature", "properties": { "ID_OBRA": "1233_Tlanalapa", "No.": 1233.0, "Municipio": "Tlanalapa", "Rubro": "Infraestructura Carretera", "Ejercicio": 2024.0, "Obra": "Pavimentación asfáltica en camino Col. Bonfil - salida a Tepeapulco, en el municipio de Tlanalapa", "Localidad": "Tlanalapa", "Inversión": 9279927.49, "Habitantes.beneficiados": 8062.0, "Ejecutora": "DGIVC", "Trabajos": "Considera los trabajos de capa subbase, riego de impregnación, suministro y aplicación de riego de liga con emulsión asfáltica", "Geometria_tipo": "Línea", "extract": 0.22421360532257259 }, "geometry": { "type": "LineString", "coordinates": [ [ -98.594180206260802, 19.8111947285377 ], [ -98.585769649101593, 19.806100938116195 ] ] } },
{ "type": "Feature", "properties": { "ID_OBRA": "1254_Tlanchinol", "No.": 1254.0, "Municipio": "Tlanchinol", "Rubro": "Infraestructura Carretera", "Ejercicio": 2023.0, "Obra": "Pavimentación del Camino Rural E.C.F. Acatempa - San Salvador -Tianguis - Tlalnepanco - Tehuetlan, en el Municipio de Tlanchinol.", "Localidad": "Tlanchinol", "Inversión": 12436875.74, "Habitantes.beneficiados": null, "Ejecutora": "DGCCE", "Trabajos": "Considera los trabajos de dase hidráulica, pavimento y cunetas.", "Geometria_tipo": "Línea", "extract": 0.33529363944427748 }, "geometry": { "type": "LineString", "coordinates": [ [ -98.565303452432616, 21.042233160344399 ], [ -98.564649646321101, 21.0425554883745 ], [ -98.564480907175707, 21.042699318456396 ], [ -98.5646776671542, 21.043275792195395 ], [ -98.564601853773794, 21.0434547193674 ], [ -98.564242061614607, 21.043060176037898 ], [ -98.563603460823998, 21.042420621077294 ], [ -98.563510971263199, 21.042523506945095 ], [ -98.563219953391396, 21.043641536225802 ], [ -98.563074405005807, 21.043792032071501 ], [ -98.562960319542512, 21.043662185718297 ], [ -98.562777842622694, 21.04251172381759 ], [ -98.5626568678464, 21.042434203328501 ], [ -98.561091770508995, 21.042897445552097 ], [ -98.560678508665902, 21.042659428926704 ], [ -98.560269981388501, 21.042311724886801 ], [ -98.559748715374198, 21.042479733914401 ], [ -98.559489923857612, 21.042554108620799 ], [ -98.559141723255294, 21.042318108302297 ], [ -98.558321422769794, 21.042428466092797 ], [ -98.557779383957396, 21.042261590443101 ], [ -98.557377895255001, 21.042032282681799 ], [ -98.557138945103304, 21.042052702953999 ], [ -98.554100761027698, 21.043280502499396 ], [ -98.553598072228695, 21.043496254888701 ], [ -98.552714621952504, 21.043654715005694 ], [ -98.552586996742207, 21.043757467991796 ], [ -98.552342313670295, 21.044292614459497 ], [ -98.552221569210602, 21.044360688835301 ], [ -98.552007538290312, 21.044093908799699 ], [ -98.551834136424802, 21.044003794574596 ], [ -98.551670924305597, 21.044095789760995 ], [ -98.551405111410901, 21.044425210662094 ], [ -98.5511970919639, 21.044746628739698 ], [ -98.551111498966506, 21.0448007064061 ], [ -98.550876497893796, 21.044816486727797 ], [ -98.550522130552693, 21.044934392164798 ], [ -98.550397308000498, 21.045220297278895 ], [ -98.550439652375204, 21.045392657657096 ], [ -98.550615871771697, 21.0458041406051 ], [ -98.550565576363098, 21.046553391441009 ], [ -98.5505089573074, 21.046657447937303 ], [ -98.550328179443198, 21.046652626920093 ], [ -98.549983763370903, 21.046614954101798 ], [ -98.549758523104202, 21.046654700478495 ], [ -98.549473736007101, 21.046814248918501 ], [ -98.548942446617502, 21.0473097097072 ], [ -98.548768028851796, 21.047466600750401 ], [ -98.5485956216733, 21.047475173530295 ], [ -98.547801041954202, 21.047150348727701 ], [ -98.546886799194098, 21.046736727342005 ], [ -98.546622631544196, 21.046701215952201 ], [ -98.546450530930102, 21.0467703392064 ], [ -98.546363401849305, 21.046977264956102 ], [ -98.546359821684405, 21.047171003990204 ], [ -98.546284801097997, 21.047246737851999 ], [ -98.544840748918105, 21.047892678311793 ], [ -98.543763711703221, 21.047941427607103 ], [ -98.543448489165996, 21.048042122343098 ], [ -98.542479179726001, 21.0485066339266 ], [ -98.540453730363794, 21.049487894494099 ], [ -98.539094728384597, 21.050444059369003 ], [ -98.537538628036302, 21.0514841993845 ], [ -98.535612295450306, 21.052462228047595 ] ] } },
{ "type": "Feature", "properties": { "ID_OBRA": "1267_Tlaxcoapan", "No.": 1267.0, "Municipio": "Tlaxcoapan", "Rubro": "Vialidades Urbanas", "Ejercicio": 2025.0, "Obra": "Construcción de pavimentación hidráulica y drenaje pluvial en Av. Francisco I. Madero, en el municipio de Tlaxcoapan", "Localidad": "Tlaxcoapan", "Inversión": 31315867.55, "Habitantes.beneficiados": null, "Ejecutora": "SIPDUS", "Trabajos": null, "Geometria_tipo": "Línea", "extract": 0.39275098372886019 }, "geometry": { "type": "LineString", "coordinates": [ [ -99.242441951917399, 20.0967641068377 ], [ -99.242419488162099, 20.094755526135895 ], [ -99.242384105002003, 20.0909150970881 ], [ -99.242436878815894, 20.087519916845597 ], [ -99.242391810747407, 20.085188809810695 ] ] } },
{ "type": "Feature", "properties": { "ID_OBRA": "1397_Yahualica", "No.": 1397.0, "Municipio": "Yahualica", "Rubro": "Infraestructura Carretera", "Ejercicio": 2023.0, "Obra": "Construcción de pavimentación hidráulica tramo Atlalco - Santa Teresa, en el municipio de Yahualica.", "Localidad": "Santa Teresa", "Inversión": 9386871.68, "Habitantes.beneficiados": 4941.0, "Ejecutora": "DGCCE", "Trabajos": "Considera los trabajos de preliminares y pavimento hidráulico.", "Geometria_tipo": "Línea", "extract": 0.43517250215028691 }, "geometry": { "type": "LineString", "coordinates": [ [ -98.371999078498504, 20.8786639515749 ], [ -98.369866931011316, 20.8784501668788 ], [ -98.369147770028903, 20.878480020202296 ], [ -98.368980156629405, 20.8787039429996 ], [ -98.367767499838905, 20.878796254085898 ], [ -98.366699343745211, 20.879895954436805 ], [ -98.366107932575503, 20.880888983517099 ], [ -98.365831115077299, 20.883162263096999 ], [ -98.365508829579596, 20.884366398895295 ], [ -98.365856628499898, 20.885396450254404 ], [ -98.365210885643293, 20.886074442557703 ], [ -98.364688834637505, 20.885103538059795 ], [ -98.364262585856196, 20.884405355514392 ], [ -98.364231268113102, 20.884469720954701 ], [ -98.364815424354006, 20.886087598267501 ], [ -98.364345132920704, 20.887435589842799 ], [ -98.364078896413801, 20.888486096632896 ], [ -98.364224731903903, 20.889010843584 ], [ -98.364051790714896, 20.889390610623298 ], [ -98.363506408472404, 20.889841002292698 ], [ -98.363501901395693, 20.890582199992597 ], [ -98.363292275897095, 20.891004617641691 ], [ -98.362592074939698, 20.891334817303395 ], [ -98.362260265496602, 20.891725708589707 ], [ -98.362121032835006, 20.892213882507502 ], [ -98.361539283937006, 20.892659225532796 ], [ -98.361188752486697, 20.892624359038201 ], [ -98.360917791209104, 20.892824421718899 ], [ -98.360529017731807, 20.8926705976432 ], [ -98.359684871169705, 20.893025840664404 ], [ -98.358989319913803, 20.892631487040898 ], [ -98.358348641729606, 20.892760698789495 ], [ -98.357804694728301, 20.892659298921597 ], [ -98.3575931533247, 20.892778137600498 ], [ -98.357570824564704, 20.893273973885798 ], [ -98.357382438361597, 20.893700802876797 ], [ -98.3572792430992, 20.894615947215591 ], [ -98.357085719192597, 20.895239469099597 ], [ -98.356591423595901, 20.895519562877801 ], [ -98.355099357992302, 20.895653552886891 ], [ -98.353944659062805, 20.895236651971594 ], [ -98.353372320654799, 20.895139086832401 ], [ -98.352711639344093, 20.8954335207765 ], [ -98.351907267138699, 20.895536517244604 ], [ -98.351136121363993, 20.895265538028596 ], [ -98.350717562548894, 20.895054189271498 ], [ -98.349493267650601, 20.895037248561298 ], [ -98.349264089651996, 20.8950958888903 ], [ -98.349232331402604, 20.8952238365585 ], [ -98.349363303671396, 20.8953471532968 ], [ -98.349971325270701, 20.895516998480097 ], [ -98.350857159049994, 20.896237168752105 ], [ -98.351483942646993, 20.896331336403197 ], [ -98.352259539595096, 20.896614780290697 ], [ -98.353320192720204, 20.896753674166099 ], [ -98.354013670820393, 20.896921745655892 ], [ -98.355043218335297, 20.897594604757899 ], [ -98.3566800886191, 20.898266577068799 ], [ -98.356722502939903, 20.898485815027001 ], [ -98.355619615185901, 20.898655668057696 ], [ -98.355061147523898, 20.8989600833042 ], [ -98.353714939959701, 20.899225918401296 ], [ -98.3526378368351, 20.898860230624905 ], [ -98.351219878327598, 20.898434514600996 ], [ -98.350158173680697, 20.898301759035494 ], [ -98.349645261713405, 20.898505121864499 ], [ -98.349122784828594, 20.898397512538498 ], [ -98.348933452417498, 20.898471750113 ], [ -98.348836799409213, 20.899177653419304 ], [ -98.348257802239701, 20.8993684583244 ], [ -98.346315166978599, 20.899206462129197 ], [ -98.346034270616201, 20.899409570947597 ], [ -98.345997279834407, 20.899925266950298 ], [ -98.345759582308204, 20.900116335337604 ], [ -98.345361059165697, 20.900039728549199 ], [ -98.344731511343198, 20.899909324127297 ], [ -98.344128512240502, 20.900065852177299 ], [ -98.343492493270801, 20.900212307321802 ], [ -98.342352132045306, 20.9007189143239 ], [ -98.341616573860094, 20.900632931093696 ], [ -98.341452414046799, 20.900351749972092 ], [ -98.341294548002907, 20.899848303971901 ], [ -98.3411769395302, 20.899656245214796 ], [ -98.341022206038502, 20.899672777862904 ], [ -98.340914888504898, 20.899870045378595 ], [ -98.340796076448299, 20.900423413366795 ], [ -98.340714085164919, 20.900815190038802 ], [ -98.340737013993007, 20.900960095126599 ], [ -98.340830144441995, 20.9010674285148 ], [ -98.341422752773894, 20.901403685574401 ], [ -98.341706482131102, 20.901598664854898 ], [ -98.34179566435941, 20.9017967309113 ], [ -98.341701186027393, 20.901932534321503 ], [ -98.341390202727197, 20.9019267034972 ], [ -98.340492616273096, 20.901673243875798 ], [ -98.340093037771297, 20.901323523219798 ], [ -98.339648692483607, 20.901236005339801 ], [ -98.339511343806095, 20.901354239299593 ], [ -98.339467479967098, 20.901584545727896 ], [ -98.3395473348655, 20.901858421526999 ], [ -98.339600774988597, 20.902177253038801 ], [ -98.339475937114898, 20.902524477974399 ], [ -98.3394295957102, 20.9026769842833 ], [ -98.3395145911783, 20.902774126292702 ], [ -98.339756632139498, 20.902892847258499 ], [ -98.340159729168207, 20.903315337361402 ], [ -98.340341663642306, 20.903470211518496 ], [ -98.340736028673419, 20.903674387644298 ], [ -98.340896859719507, 20.903842921718795 ], [ -98.340958445663603, 20.904063692798395 ], [ -98.341197363409094, 20.904246344027801 ], [ -98.341414813616296, 20.904404566646399 ], [ -98.341460926724096, 20.904545869533003 ], [ -98.341512742099397, 20.904830479212798 ], [ -98.341690245521903, 20.904996324886699 ], [ -98.342135936404603, 20.905208560353501 ], [ -98.342217147983007, 20.905328039408698 ], [ -98.342163362745893, 20.905449030195197 ], [ -98.342031585641706, 20.905578420658191 ], [ -98.341573072576395, 20.905648815994898 ], [ -98.340880195481219, 20.905637405490495 ], [ -98.3408599616739, 20.905635529694003 ], [ -98.340239136160505, 20.905826409376701 ], [ -98.339743299545901, 20.905949342577792 ], [ -98.339419157589404, 20.906101812879601 ], [ -98.3393214877172, 20.906416651596693 ], [ -98.339438114852499, 20.906640751025197 ], [ -98.339690195532, 20.906819402626692 ], [ -98.339759708370906, 20.906988265334203 ], [ -98.339708940757802, 20.907271851212197 ], [ -98.339504644522506, 20.907432302058201 ], [ -98.339213485487804, 20.907437513303201 ], [ -98.338152508081393, 20.9073987978045 ], [ -98.337916076660207, 20.907300186820098 ], [ -98.337869094152197, 20.907069951177505 ], [ -98.337833550751895, 20.9067283006409 ], [ -98.337706559268597, 20.906612383752599 ], [ -98.337519366744303, 20.906613819555101 ], [ -98.337325521517101, 20.906760992475 ], [ -98.337173095367405, 20.907063992910302 ], [ -98.337015029768821, 20.907979971222197 ], [ -98.336791418275595, 20.908486561731898 ], [ -98.336687823714314, 20.909026738734102 ], [ -98.336709651710706, 20.909487923724402 ], [ -98.336496196958507, 20.910036723517397 ], [ -98.335949648517598, 20.910214482596498 ] ] } },
{ "type": "Feature", "properties": { "ID_OBRA": "1420_Zacualtipán de Ángeles", "No.": 1420.0, "Municipio": "Zacualtipán de Ángeles", "Rubro": "Vialidades Urbanas", "Ejercicio": 2023.0, "Obra": "Pavimentación de concreto hidráulico en calle Nicolás Bravo, colonia Cacala, en el municipio de Zacualtipán.", "Localidad": "Zacualtipán", "Inversión": 1276998.56, "Habitantes.beneficiados": null, "Ejecutora": "DGCCE", "Trabajos": "Considera los trabajos de preliminares, riego de impregnación, piso para pavimento de concreto hidráulico.", "Geometria_tipo": "Línea", "extract": 0.33206452446922108 }, "geometry": { "type": "LineString", "coordinates": [ [ -98.663425458948694, 20.641048916614196 ], [ -98.662130340500298, 20.640997697130302 ], [ -98.661772836332901, 20.641041446764195 ], [ -98.661482528036899, 20.6412617496783 ], [ -98.661485182558593, 20.641333134629299 ], [ -98.660992983124302, 20.641396360405896 ], [ -98.660443129716199, 20.641560086022391 ], [ -98.659678802878403, 20.641735735156303 ], [ -98.658893680955998, 20.642047148894598 ] ] } },
{ "type": "Feature", "properties": { "ID_OBRA": "1422_Zacualtipán de Ángeles", "No.": 1422.0, "Municipio": "Zacualtipán de Ángeles", "Rubro": "Vialidades Urbanas", "Ejercicio": 2023.0, "Obra": "Pavimentación de calle y muro de contención San José, colonia Santa Cecilia, en el municipio de Zacualtipán de Ángeles.", "Localidad": "Zacualtipán", "Inversión": 2420621.2, "Habitantes.beneficiados": null, "Ejecutora": "DGCCE", "Trabajos": "Considera los trabajos de preliminares, piso para pavimento de concreto hidráulico.", "Geometria_tipo": "Línea", "extract": 0.44358278732591871 }, "geometry": { "type": "LineString", "coordinates": [ [ -98.660568832937798, 20.664004725672203 ], [ -98.660271502490602, 20.663479681759899 ], [ -98.659966863996203, 20.663159472332598 ], [ -98.659736758250205, 20.662853442642298 ], [ -98.659629347965307, 20.662479952355891 ] ] } },
{ "type": "Feature", "properties": { "ID_OBRA": "1423_Zacualtipán de Ángeles", "No.": 1423.0, "Municipio": "Zacualtipán de Ángeles", "Rubro": "Vialidades Urbanas", "Ejercicio": 2023.0, "Obra": "Pavimentación de concreto hidráulico de calle Nicolás Bravo primera etapa en colonia Loma Bonita", "Localidad": "Zacualtipán", "Inversión": 1450003.02, "Habitantes.beneficiados": null, "Ejecutora": "DGCCE", "Trabajos": "Considera los trabajos de preliminares, riego de impregnación, piso para pavimento de concreto hidráulico.", "Geometria_tipo": "Línea", "extract": 0.335822711348986 }, "geometry": { "type": "LineString", "coordinates": [ [ -98.662843215698103, 20.6410357894278 ], [ -98.662019427473211, 20.640959470123896 ], [ -98.6618582927223, 20.640997439170199 ], [ -98.661548030573101, 20.641255262326993 ], [ -98.661333140037996, 20.641381142013699 ], [ -98.661022893298195, 20.641409756903901 ], [ -98.659405041745813, 20.641794369804696 ], [ -98.658611994653299, 20.6421329667285 ], [ -98.658059517582601, 20.642166068322901 ] ] } },
{ "type": "Feature", "properties": { "ID_OBRA": "1438_Zapotlán de Juárez", "No.": 1438.0, "Municipio": "Zapotlán de Juárez", "Rubro": "Vialidades Urbanas", "Ejercicio": 2023.0, "Obra": "Construcción de pavimento hidráulico en calle Sin Nombre (La Monera) en el municipio de Zapotlán de Juárez.", "Localidad": "Zapotlán de Juárez", "Inversión": 2430370.47, "Habitantes.beneficiados": 4978.0, "Ejecutora": "DGIVC", "Trabajos": "Considera los trabajos de preliminares, piso para pavimento de concreto hidráulico.", "Geometria_tipo": "Línea", "extract": 0.42054912570393282 }, "geometry": { "type": "LineString", "coordinates": [ [ -98.872923097207803, 19.981066884489497 ], [ -98.8701974242353, 19.980379893219698 ] ] } },
{ "type": "Feature", "properties": { "ID_OBRA": "1447_Zempoala", "No.": 1447.0, "Municipio": "Zempoala", "Rubro": "Vialidades Urbanas", "Ejercicio": 2022.0, "Obra": "Construcción de pavimentación de concreto hidráulico en Antiguo Camino F.F.C.C. en Santa Matilde, municipio de Zempoala", "Localidad": "Jagüey de Téllez (Estación Téllez)", "Inversión": 1201285.61, "Habitantes.beneficiados": 3639.0, "Ejecutora": "DGIVC", "Trabajos": "Considera los trabajos de preliminares, riego de impregnación, piso para pavimento de concreto hidráulico.", "Geometria_tipo": "Línea", "extract": 0.45660631571759414 }, "geometry": { "type": "LineString", "coordinates": [ [ -98.782612750067003, 20.027955119445895 ], [ -98.781745820936294, 20.037138721738199 ] ] } },
{ "type": "Feature", "properties": { "ID_OBRA": "1448_Zempoala", "No.": 1448.0, "Municipio": "Zempoala", "Rubro": "Vialidades Urbanas", "Ejercicio": 2023.0, "Obra": "Construcción de Pavimentación Hidráulica de Av. Victoria (Hombro B); en el municipio de Zempoala.", "Localidad": "Privadas Santa Matilde", "Inversión": 1452207.0, "Habitantes.beneficiados": 17589.0, "Ejecutora": "DGOPI", "Trabajos": "Considera los trabajos de preliminares, riego de impregnación, piso para pavimento de concreto Hidráulico, en la localidad de Privadas Santa Matilde municipio de  Zempoala", "Geometria_tipo": "Línea", "extract": 0.31327610728413463 }, "geometry": { "type": "LineString", "coordinates": [ [ -98.7849410933526, 20.012148634324696 ], [ -98.7849332328245, 20.012280511282299 ], [ -98.784927022531804, 20.012478344476104 ], [ -98.784959816277606, 20.012680596225501 ], [ -98.785051085476198, 20.012949137819 ], [ -98.785086306433399, 20.013112124512304 ], [ -98.785078219625802, 20.013388655896602 ], [ -98.785055854017102, 20.013538032596195 ], [ -98.785117882552697, 20.0137595924887 ], [ -98.785118293418705, 20.013768017160398 ], [ -98.785045216738197, 20.013818903688396 ], [ -98.784934974322198, 20.013931189242399 ], [ -98.784919015148901, 20.014210725233902 ], [ -98.784948444334901, 20.014419852942201 ], [ -98.784977401387593, 20.014577951757403 ], [ -98.785033821465106, 20.014783125575899 ], [ -98.785078126845903, 20.015063241882398 ] ] } },
{ "type": "Feature", "properties": { "ID_OBRA": "1449_Zempoala", "No.": 1449.0, "Municipio": "Zempoala", "Rubro": "Vialidades Urbanas", "Ejercicio": 2023.0, "Obra": "Construcción de Pavimentación Hidráulica de Av. Victoria (Hombro A); en el municipio de Zempoala.", "Localidad": "Privadas Santa Matilde", "Inversión": 1452339.0, "Habitantes.beneficiados": null, "Ejecutora": "DGOPI", "Trabajos": "Considera los trabajos de preliminares, riego de impregnación, piso para pavimento de concreto Hidráulico, en la localidad de Privadas Santa Matilde municipio de  Zempoala", "Geometria_tipo": "Línea", "extract": 0.31121273228789065 }, "geometry": { "type": "LineString", "coordinates": [ [ -98.784938147286397, 20.014975373033895 ], [ -98.784899615860297, 20.014772659589099 ], [ -98.784879406651896, 20.014598084177702 ], [ -98.784858841455105, 20.014371501920504 ], [ -98.784846738702896, 20.014136941257895 ], [ -98.784865593208295, 20.013905026392298 ], [ -98.784864046873494, 20.013827441190397 ], [ -98.784854868439396, 20.013742790345596 ], [ -98.784867443835594, 20.013626944032701 ], [ -98.784874660413195, 20.013618785484596 ], [ -98.784931682289894, 20.013546040118797 ], [ -98.784980766703697, 20.013482390379192 ], [ -98.785004570576206, 20.013342552899495 ], [ -98.784981961042504, 20.013112124279594 ], [ -98.784921948391599, 20.012963052728796 ], [ -98.784921541237594, 20.012949137569105 ], [ -98.784890563142497, 20.012805880155497 ], [ -98.784890217102202, 20.0127925024291 ], [ -98.784811280694399, 20.012466052644598 ], [ -98.784817582491513, 20.012459921751301 ], [ -98.784837079283406, 20.012165567359201 ] ] } },
{ "type": "Feature", "properties": { "ID_OBRA": "1475_Zimapán", "No.": 1475.0, "Municipio": "Zimapán", "Rubro": "Vialidades Urbanas", "Ejercicio": 2023.0, "Obra": "Construcción de huellas de concreto hidráulico y empedrado en el municipio de Zimapán, en la localidad de Plutarco Elías Calles, Manzana las Lindas en calle Ciprés", "Localidad": "Plutarco Elías Calles (Santiago)", "Inversión": 1659279.8, "Habitantes.beneficiados": null, "Ejecutora": "DGIVC", "Trabajos": "Considera los trabajos de construcción de huellas de concreto hidráulico y empedrado en la localidad, el cual consta de terracerías y pisos de concreto.", "Geometria_tipo": "Línea", "extract": 0.33037207588038969 }, "geometry": { "type": "LineString", "coordinates": [ [ -99.362301303552897, 20.726874680001703 ], [ -99.361374140796798, 20.726831421859796 ], [ -99.360412520739203, 20.726585526582394 ], [ -99.359345880731496, 20.726357783548103 ], [ -99.358508889743803, 20.726471387883702 ] ] } },
{ "type": "Feature", "properties": { "ID_OBRA": "400_Ixmiquilpan", "No.": 400.0, "Municipio": "Ixmiquilpan", "Rubro": "Vialidades Urbanas", "Ejercicio": 2022.0, "Obra": "Pavimentación asfáltica en Circuito Paredes, municipio de Ixmiquilpan", "Localidad": "Capula", "Inversión": 1759117.17, "Habitantes.beneficiados": 587.0, "Ejecutora": "DGCCE", "Trabajos": "Considera los trabajos de capa subbase, riego de impregnación, suministro y aplicación de riego de liga con emulsión asfáltica", "Geometria_tipo": "Línea", "extract": -0.2781918726551203 }, "geometry": { "type": "LineString", "coordinates": [ [ -99.136072122286294, 20.507262542576999 ], [ -99.136028678177098, 20.506876768638698 ], [ -99.135820666135203, 20.505513977336197 ], [ -99.135688076837596, 20.505558064572597 ], [ -99.135924508054515, 20.507104377916001 ] ] } },
{ "type": "Feature", "properties": { "ID_OBRA": "489_La Misión", "No.": 489.0, "Municipio": "La Misión", "Rubro": "Vialidades Urbanas", "Ejercicio": 2023.0, "Obra": "Pavimentación hidráulica de Calle Sin Nombre del Km 0+541.50 al 1+209.50 en Mesa del Huizache", "Localidad": "Mesa del Huizache", "Inversión": 5998800.0, "Habitantes.beneficiados": 73.0, "Ejecutora": "DGOPI", "Trabajos": "Considera los trabajos de preliminares, piso para pavimento de concreto hidráulico.", "Geometria_tipo": "Línea", "extract": 0.24984999776911193 }, "geometry": { "type": "LineString", "coordinates": [ [ -99.076178260291599, 21.001419398000106 ], [ -99.074174256650096, 21.001727113809199 ], [ -99.071785865331407, 21.001232389028505 ], [ -99.0716111096269, 21.001489900820896 ], [ -99.072111136026805, 21.0031886552168 ], [ -99.071561487898705, 21.003683318558096 ], [ -99.070904406749904, 21.003188631657199 ], [ -99.069566975399098, 21.003162902604501 ], [ -99.069279016887407, 21.003895255464801 ], [ -99.067628250371598, 21.004511433172691 ], [ -99.066808256248208, 21.004292035020697 ] ] } },
{ "type": "Feature", "properties": { "ID_OBRA": "490_La Misión", "No.": 490.0, "Municipio": "La Misión", "Rubro": "Vialidades Urbanas", "Ejercicio": 2024.0, "Obra": "Pavimentación hidráulica de calle sin nombre del km 1+239.5 al 1+850.90 en Mesa del Huizache, municipio de La Misión", "Localidad": "Mesa del Huizache", "Inversión": 5808822.0, "Habitantes.beneficiados": 73.0, "Ejecutora": "DGOPI", "Trabajos": "Considera los trabajos de preliminares, piso para pavimento de concreto hidráulico.", "Geometria_tipo": "Línea", "extract": 0.22461086748363773 }, "geometry": { "type": "LineString", "coordinates": [ [ -99.080752216105793, 21.002429195645703 ], [ -99.078528982338995, 21.001807976792197 ], [ -99.078314402945395, 21.000486793065001 ], [ -99.076145642489493, 21.001391955390893 ] ] } },
{ "type": "Feature", "properties": { "ID_OBRA": "526_Metztitlán", "No.": 526.0, "Municipio": "Metztitlán", "Rubro": "Infraestructura Carretera", "Ejercicio": 2024.0, "Obra": "Terminación de la construcción de pavimento de concreto hidráulico de la carretera Metztitlán - Zoquizoquipan", "Localidad": "Zoquizoquipan", "Inversión": 43373329.46, "Habitantes.beneficiados": 404.0, "Ejecutora": null, "Trabajos": "Considera los trabajos de preliminares, riego de impregnación, piso para pavimento de concreto hidráulico.", "Geometria_tipo": "Línea", "extract": 0.18820531672854807 }, "geometry": { "type": "LineString", "coordinates": [ [ -98.757605490185, 20.583470258297297 ], [ -98.754778304197501, 20.584553495280101 ], [ -98.753264262689996, 20.586434586615205 ], [ -98.751404616311902, 20.587829722385592 ], [ -98.750425554673697, 20.590642438289496 ], [ -98.747763736316003, 20.593486581405795 ], [ -98.744068172554094, 20.595743663955599 ], [ -98.743155954574206, 20.597501036937398 ], [ -98.743128306878504, 20.600421481013797 ], [ -98.741853188254495, 20.603163064837499 ], [ -98.741724224748594, 20.604438087420501 ], [ -98.739301604717497, 20.606362586571503 ], [ -98.737872321607995, 20.609384124022 ], [ -98.737768779678404, 20.614755732810295 ], [ -98.736761454280995, 20.624107860583095 ], [ -98.734103711530096, 20.631075553482496 ], [ -98.733095211672818, 20.632964026963496 ], [ -98.733786938925505, 20.634400917024696 ], [ -98.733580337641797, 20.636050020568192 ], [ -98.732622562722298, 20.634401110595199 ], [ -98.732741939400498, 20.636105488520403 ], [ -98.732002641772695, 20.634729398091295 ], [ -98.7312272430094, 20.634674776771401 ], [ -98.730934601877806, 20.635113491748097 ], [ -98.731618831303621, 20.636327206550401 ], [ -98.731209429290899, 20.636882697553194 ], [ -98.7311871895281, 20.637552261354895 ], [ -98.730672393491105, 20.6378323318254 ], [ -98.730231300496598, 20.637608389256197 ], [ -98.730645823252601, 20.636994162645802 ], [ -98.7306186886142, 20.636598253878304 ], [ -98.729907371979493, 20.636192694461801 ], [ -98.729674849616103, 20.636429071429497 ], [ -98.72971629827282, 20.636955266915294 ], [ -98.729312934002493, 20.636904226440898 ], [ -98.729002667302098, 20.636666312682401 ], [ -98.7289110556504, 20.636159130029895 ], [ -98.728685601297499, 20.6360918121424 ], [ -98.728556745583205, 20.636310949986797 ], [ -98.728911872846794, 20.6374340818527 ], [ -98.728713836485099, 20.637571484555099 ], [ -98.728423866542997, 20.637228592848103 ], [ -98.728249417110803, 20.636615531169902 ], [ -98.728031661900602, 20.636254487168593 ], [ -98.727809154685502, 20.636193732655901 ], [ -98.727679216605097, 20.636376218050199 ], [ -98.727987717276804, 20.6383087644993 ], [ -98.7277362336728, 20.638439911169208 ], [ -98.727533858701705, 20.638286986112 ], [ -98.727494530004805, 20.637851032301299 ], [ -98.727321495310406, 20.637286613816801 ], [ -98.726933184308294, 20.637525149705301 ], [ -98.727017163794997, 20.637938163934695 ], [ -98.727154196235105, 20.638481598818601 ], [ -98.727093252562597, 20.6392193652744 ], [ -98.727785929831413, 20.640210556734598 ], [ -98.727622323228815, 20.640415948420099 ], [ -98.727281879764902, 20.640300443520196 ], [ -98.726996610809607, 20.639915700160895 ], [ -98.725961135546996, 20.640159441671198 ], [ -98.725250088561396, 20.640698870742895 ], [ -98.724976682651018, 20.6408274830289 ], [ -98.724027811578196, 20.640645375133797 ], [ -98.723462953475007, 20.642519096931402 ], [ -98.722949378572096, 20.642588958477095 ], [ -98.722535092167107, 20.642868610621697 ], [ -98.722194684963199, 20.643312394501301 ], [ -98.722048212655395, 20.643452800374899 ], [ -98.721829441828206, 20.643898232886599 ], [ -98.72114172833021, 20.644203765505097 ], [ -98.720797101565495, 20.644203787756901 ], [ -98.720146286951106, 20.644715132468395 ], [ -98.719854161440296, 20.644748583330397 ], [ -98.719713516430303, 20.644893616509894 ], [ -98.719174384577713, 20.645083680453094 ] ] } },
{ "type": "Feature", "properties": { "ID_OBRA": "539_Mineral de la Reforma", "No.": 539.0, "Municipio": "Mineral de la Reforma", "Rubro": "Vialidades Urbanas", "Ejercicio": 2023.0, "Obra": "Construcción de pavimento de concreto hidráulico en calle camino Interparcelario del Km. 0+000 al Km. 0+350, Fraccionamiento El Paraíso, municipio de Mineral de la Reforma", "Localidad": "Forjadores de Pachuca", "Inversión": 4610284.09, "Habitantes.beneficiados": null, "Ejecutora": "DGIVC", "Trabajos": "Considera los trabajos de preliminares, riego de impregnación, piso para pavimento de concreto hidráulico.", "Geometria_tipo": "Línea", "extract": 0.32693775130128799 }, "geometry": { "type": "LineString", "coordinates": [ [ -98.743387634970318, 20.059947856799997 ], [ -98.740507452979202, 20.058471776906899 ] ] } },
{ "type": "Feature", "properties": { "ID_OBRA": "582_Mineral de la Reforma", "No.": 582.0, "Municipio": "Mineral de la Reforma", "Rubro": "Vialidades Urbanas", "Ejercicio": 2023.0, "Obra": "Construcción de pavimento de concreto hidráulico en calle Diamante del Km. 0+000 al Km. 0+450, Fraccionamiento El Paraíso, municipio de Mineral de la Reforma.", "Localidad": "Santa María la Calera", "Inversión": 3849999.64, "Habitantes.beneficiados": null, "Ejecutora": "DGIVC", "Trabajos": "Considera los trabajos de preliminares, riego de impregnación, piso para pavimento de concreto hidráulico.", "Geometria_tipo": "Línea", "extract": 0.61367434597338266 }, "geometry": { "type": "LineString", "coordinates": [ [ -98.720242144381004, 20.033433124749596 ], [ -98.719530669398395, 20.033139951143799 ], [ -98.718465497139107, 20.033200794193501 ], [ -98.718080752475004, 20.033531143156996 ], [ -98.715937823553503, 20.0338229633869 ] ] } },
{ "type": "Feature", "properties": { "ID_OBRA": "594_Mineral del Chico", "No.": 594.0, "Municipio": "Mineral del Chico", "Rubro": "Vialidades Urbanas", "Ejercicio": 2023.0, "Obra": "Pavimentación de concreto hidráulico en rodadas del camino a Cebadas, municipio de Mineral del Chico", "Localidad": "Los Naranjos", "Inversión": 523600.8, "Habitantes.beneficiados": 139.0, "Ejecutora": "DGOPI", "Trabajos": "Considera los trabajos de preliminares, riego de impregnación, piso para pavimento de concreto hidráulico.", "Geometria_tipo": "Línea", "extract": 0.50501615000407041 }, "geometry": { "type": "LineString", "coordinates": [ [ -98.724941110386098, 20.240216123955101 ], [ -98.726007113560698, 20.240717456481001 ], [ -98.726387360530495, 20.241825252138501 ], [ -98.727368511390196, 20.242624436423895 ], [ -98.727866714289704, 20.242603696339604 ], [ -98.727756718347194, 20.242898001573202 ], [ -98.728286649525302, 20.243135128335499 ], [ -98.7292506770236, 20.243671349595001 ], [ -98.729837063132194, 20.243926185568597 ], [ -98.729970799675996, 20.244283335948801 ], [ -98.729359849240296, 20.244652111998704 ], [ -98.730063757684604, 20.245007378738197 ], [ -98.730348328512406, 20.245347237788799 ], [ -98.730651483258001, 20.245272275001199 ], [ -98.7312328084152, 20.244242590859905 ], [ -98.731295344255699, 20.243780364216899 ], [ -98.731021448451102, 20.2433705670528 ], [ -98.731044522383002, 20.243259437108399 ], [ -98.731169651160897, 20.243278898532296 ], [ -98.731472597987505, 20.243463705376005 ], [ -98.731612004502296, 20.243923400187295 ], [ -98.731674652363395, 20.243887330638096 ], [ -98.731698576548297, 20.243626840354199 ], [ -98.731988840466599, 20.243473248468298 ], [ -98.732176138475694, 20.243228188469896 ], [ -98.7326248497954, 20.243194461842798 ], [ -98.732824270810099, 20.243016805986098 ], [ -98.733336252832999, 20.242725618507599 ] ] } },
{ "type": "Feature", "properties": { "ID_OBRA": "595_Mineral del Chico", "No.": 595.0, "Municipio": "Mineral del Chico", "Rubro": "Vialidades Urbanas", "Ejercicio": 2023.0, "Obra": "Pavimentación de concreto hidráulico en rodadas del camino Naranjos - Tezahuapan, municipio de Mineral del Chico", "Localidad": "Los Naranjos", "Inversión": 523607.53, "Habitantes.beneficiados": null, "Ejecutora": "DGOPI", "Trabajos": "Considera los trabajos de preliminares, riego de impregnación, piso para pavimento de concreto hidráulico.", "Geometria_tipo": "Línea", "extract": 0.271828156845559 }, "geometry": { "type": "LineString", "coordinates": [ [ -98.679321048534007, 20.244523152665295 ], [ -98.680521043964305, 20.246026839932195 ], [ -98.680482447735798, 20.246835922368305 ], [ -98.680838332865804, 20.247342953336599 ], [ -98.680586622656307, 20.248276423413699 ], [ -98.679911850756696, 20.248162123831996 ], [ -98.680154402938797, 20.248932840397998 ], [ -98.680319145002798, 20.249932316868303 ], [ -98.680929177420694, 20.250219932620496 ], [ -98.681121154917307, 20.250847263042701 ], [ -98.680507625036796, 20.252874241884001 ], [ -98.680382883576797, 20.253713063208501 ], [ -98.679804745564496, 20.256088412383605 ], [ -98.677806025099301, 20.255022278941201 ], [ -98.675933043020606, 20.2553718410208 ], [ -98.674630472563194, 20.254043980501201 ], [ -98.674521282913105, 20.253521591208404 ], [ -98.675239618223699, 20.2533345164975 ], [ -98.674080981242497, 20.253194317480098 ], [ -98.673289725081716, 20.254139462956598 ], [ -98.672848278167095, 20.253473863843592 ], [ -98.672545995337515, 20.253054700507203 ], [ -98.672583499113699, 20.252281204470702 ], [ -98.671863880725894, 20.253333003173697 ], [ -98.671812525046093, 20.254380554138297 ], [ -98.671630261276704, 20.255069228532001 ], [ -98.670346453675407, 20.255168509839997 ], [ -98.671488670272097, 20.2557248318492 ], [ -98.672248259283094, 20.256188488765002 ], [ -98.671884652984716, 20.256659556950197 ], [ -98.671301064656205, 20.256240030346103 ], [ -98.670079157369898, 20.256343715602203 ], [ -98.669374164237595, 20.2568704809857 ], [ -98.669569041384804, 20.257570957122493 ], [ -98.670064492071404, 20.2579003889782 ], [ -98.6701878542072, 20.258345405910003 ], [ -98.669662663784905, 20.258570279253096 ], [ -98.669542047863402, 20.2591407927254 ], [ -98.669013414023894, 20.2592560384625 ], [ -98.667587598693999, 20.259839755792299 ], [ -98.666840580107106, 20.259604317731302 ], [ -98.666486071501396, 20.260799004149195 ], [ -98.665674199310217, 20.260195232221395 ], [ -98.664829980058997, 20.260374650711398 ], [ -98.664626159409707, 20.260075589014196 ], [ -98.66421527128152, 20.260981555153094 ] ] } },
{ "type": "Feature", "properties": { "ID_OBRA": "599_Mineral del Chico", "No.": 599.0, "Municipio": "Mineral del Chico", "Rubro": "Vialidades Urbanas", "Ejercicio": 2023.0, "Obra": "Construcción de empedrado ahogado en concreto hidráulico calle Luis Donaldo Colosio, municipio Mineral del Chico", "Localidad": "Mineral del Chico", "Inversión": 2151402.58, "Habitantes.beneficiados": 533.0, "Ejecutora": "DGOPI", "Trabajos": "Considera los trabajos de preliminares, riego de impregnación, piso para pavimento de concreto hidráulico.", "Geometria_tipo": "Línea", "extract": 0.31110903051810435 }, "geometry": { "type": "LineString", "coordinates": [ [ -98.7301117865821, 20.2128406981853 ], [ -98.729260973093801, 20.212880745875392 ], [ -98.727753777363816, 20.212514978020899 ], [ -98.727270817004396, 20.212593590503602 ], [ -98.727241776101494, 20.212835025454204 ], [ -98.7278821071952, 20.213288060117502 ], [ -98.727988553018506, 20.213609506958797 ], [ -98.72796410411182, 20.214425921319503 ], [ -98.727384073928505, 20.214863204774399 ], [ -98.727294667062296, 20.215233742973997 ], [ -98.727144211597505, 20.215305298555599 ], [ -98.726780186328, 20.215133365556397 ] ] } },
{ "type": "Feature", "properties": { "ID_OBRA": "605_Mineral del Monte", "No.": 605.0, "Municipio": "Mineral del Monte", "Rubro": "Vialidades Urbanas", "Ejercicio": 2023.0, "Obra": "Construcción de pavimento de concreto hidráulico del camino Francisco I. Madero; en el municipio de Mineral del Monte", "Localidad": "Mineral del Monte", "Inversión": 5809152.23, "Habitantes.beneficiados": 11149.0, "Ejecutora": "DGCCE", "Trabajos": "Considera los trabajos de preliminares, riego de impregnación, piso para pavimento de concreto hidráulico.", "Geometria_tipo": "Línea", "extract": 0.39518572094596338 }, "geometry": { "type": "LineString", "coordinates": [ [ -98.673001923258013, 20.145371652451299 ], [ -98.672799979051305, 20.144746932930001 ], [ -98.672915181665005, 20.144218514194897 ], [ -98.673288483837993, 20.143398776701702 ], [ -98.673447258874816, 20.142711853514896 ], [ -98.673970216705698, 20.142133684201298 ], [ -98.674001035514905, 20.141636588449696 ], [ -98.674120963522498, 20.141335981323497 ], [ -98.674124127945802, 20.1411010957878 ], [ -98.674283121955995, 20.1404505102442 ] ] } },
{ "type": "Feature", "properties": { "ID_OBRA": "614_Mixquiahuala de Juárez", "No.": 614.0, "Municipio": "Mixquiahuala de Juárez", "Rubro": "Vialidades Urbanas", "Ejercicio": 2023.0, "Obra": "Pavimentación asfáltica de calle Otomíes, en la colonia La Noria de Taxhuada, municipio de Mixquiahuala.", "Localidad": "Mixquiahuala de Juárez", "Inversión": 4316257.27, "Habitantes.beneficiados": null, "Ejecutora": "DGCCE", "Trabajos": "Considera los trabajos de capa subbase, riego de impregnación, suministro y aplicación de riego de liga con emulsión asfáltica", "Geometria_tipo": "Línea", "extract": 0.37046211864897016 }, "geometry": { "type": "LineString", "coordinates": [ [ -99.231608410720014, 20.2318913110817 ], [ -99.231443620553506, 20.232855814494098 ], [ -99.231500299464102, 20.232946464269308 ], [ -99.231565184959507, 20.232875837542192 ], [ -99.231849498904893, 20.231355173924491 ] ] } },
{ "type": "Feature", "properties": { "ID_OBRA": "616_Mixquiahuala de Juárez", "No.": 616.0, "Municipio": "Mixquiahuala de Juárez", "Rubro": "Vialidades Urbanas", "Ejercicio": 2024.0, "Obra": "Construcción de pavimentación de concreto hidráulico en calle Ponciano Arriaga en la sexta demarcación en el municipio de Mixquiahuala de Juárez .", "Localidad": "Mixquiahuala de Juárez", "Inversión": 2275835.0, "Habitantes.beneficiados": 27713.0, "Ejecutora": "DGOPI", "Trabajos": "Considera los trabajos de preliminares, riego de impregnación, piso para pavimento de concreto hidráulico.", "Geometria_tipo": "Línea", "extract": 0.43764033424456361 }, "geometry": { "type": "LineString", "coordinates": [ [ -99.232376034225496, 20.212586552763803 ], [ -99.230799317534505, 20.213713701476394 ], [ -99.229280680815421, 20.215293854284699 ], [ -99.226405105933495, 20.218294916377896 ], [ -99.223332001870403, 20.220948623647903 ], [ -99.220055872817298, 20.224615558435602 ], [ -99.218499437555806, 20.226096769417399 ] ] } },
{ "type": "Feature", "properties": { "ID_OBRA": "624_Molango de Escamilla", "No.": 624.0, "Municipio": "Molango de Escamilla", "Rubro": "Vialidades Urbanas", "Ejercicio": 2023.0, "Obra": "Construcción de pavimentación de concreto hidráulico en Cerrada del Pípila en el Barrio Santa Cruz 2da Sección, en el municipio de Molango de Escamilla.", "Localidad": "Molango de Escamilla", "Inversión": 1045918.74, "Habitantes.beneficiados": 4995.0, "Ejecutora": "DGCCE", "Trabajos": "Considera los trabajos de preliminares, riego de impregnación, piso para pavimento de concreto hidráulico.", "Geometria_tipo": "Línea", "extract": 0.47018125298788843 }, "geometry": { "type": "LineString", "coordinates": [ [ -98.724502888395193, 20.784332049795594 ], [ -98.722607982823007, 20.784318757720097 ], [ -98.7221792666558, 20.784103438094196 ], [ -98.721589009670495, 20.784126882613101 ] ] } },
{ "type": "Feature", "properties": { "ID_OBRA": "839_Pachuca de Soto", "No.": 839.0, "Municipio": "Pachuca de Soto", "Rubro": "Vialidades Urbanas", "Ejercicio": 2024.0, "Obra": "Construcción de pavimentación en calle Hatsheput (Sinai), colonia Faraona, Pachuca, Hidalgo", "Localidad": "Pachuca de Soto", "Inversión": 2756318.91, "Habitantes.beneficiados": null, "Ejecutora": "DGCCE", "Trabajos": "Considera los trabajos de preliminares, piso para pavimento de concreto hidráulico.", "Geometria_tipo": "Línea", "extract": 0.41839993638215234 }, "geometry": { "type": "LineString", "coordinates": [ [ -98.773315564152895, 20.137136040062195 ], [ -98.771521483679507, 20.137024811242892 ] ] } },
{ "type": "Feature", "properties": { "ID_OBRA": "1208_Tizayuca", "No.": 1208.0, "Municipio": "Tizayuca", "Rubro": "Vialidades Urbanas", "Ejercicio": 2023.0, "Obra": "Pavimentación de concreto hidráulico en el acceso a Huitzila, tramo: E.C. Carr. México - Pachuca a la calle Campeche; en el municipio de Tizayuca.", "Localidad": "Tizayuca", "Inversión": 22171868.39, "Habitantes.beneficiados": 60265.0, "Ejecutora": "DGCCE", "Trabajos": "Considera los trabajos de preliminares, riego de impregnación, piso para pavimento de concreto hidráulico.", "Geometria_tipo": "Línea", "extract": 0.57199205296955047 }, "geometry": { "type": "LineString", "coordinates": [ [ -98.972365143811487, 19.811851913525295 ], [ -98.971303118885416, 19.811468813763298 ], [ -98.969388172386502, 19.810940755822003 ], [ -98.967808891796821, 19.810485175012897 ], [ -98.966526758077705, 19.810107249033297 ], [ -98.965690344664409, 19.809889811761298 ], [ -98.96455678438052, 19.809770738843593 ], [ -98.963797409044801, 19.809641311658005 ], [ -98.962839935795301, 19.809299623382088 ] ] } },
{ "type": "Feature", "properties": { "ID_OBRA": "1209_Tizayuca", "No.": 1209.0, "Municipio": "Tizayuca", "Rubro": "Vialidades Urbanas", "Ejercicio": 2023.0, "Obra": "Pavimentación asfáltica circuito Pirules, municipio de Tizayuca.", "Localidad": "Tizayuca", "Inversión": 7338700.76, "Habitantes.beneficiados": null, "Ejecutora": "DGCCE", "Trabajos": "Considera los trabajos de capa subbase, riego de impregnación, suministro y aplicación de riego de liga con emulsión asfáltica", "Geometria_tipo": "Línea", "extract": 0.64606321294141356 }, "geometry": { "type": "LineString", "coordinates": [ [ -98.926678360724793, 19.871570530846796 ], [ -98.925897222085013, 19.871226662410503 ], [ -98.925609142586694, 19.871100316623401 ], [ -98.924573164390594, 19.870684807603098 ], [ -98.923769865789495, 19.870450350621997 ], [ -98.922146648616007, 19.869944964394698 ], [ -98.921127290391098, 19.869637563736397 ], [ -98.920002672349412, 19.869298901304195 ], [ -98.919570553101906, 19.869095703497702 ], [ -98.919310173555317, 19.868897715640799 ], [ -98.919121813883294, 19.868652835581099 ], [ -98.919022094056899, 19.868220386892297 ], [ -98.919110733902599, 19.867787937024101 ], [ -98.919232613690411, 19.867485742440099 ], [ -98.919609333034302, 19.866636468370501 ], [ -98.920063612243297, 19.865755927875803 ], [ -98.920401551654805, 19.865188002714397 ], [ -98.920977710651599, 19.864208457289699 ] ] } },
{ "type": "Feature", "properties": { "ID_OBRA": "1430_Zapotlán de Juárez", "No.": 1430.0, "Municipio": "Zapotlán de Juárez", "Rubro": "Vialidades Urbanas", "Ejercicio": 2023.0, "Obra": "Construcción de pavimento asfáltico en calle de Las Flores y calle Olímpica, en la localidad de Acayuca; en el municipio de Zapotlán de Juárez.", "Localidad": "Acayuca", "Inversión": 969061.0, "Habitantes.beneficiados": null, "Ejecutora": "DGOPI", "Trabajos": "Considera los trabajos de preliminares, piso para pavimento de concreto hidráulico.", "Geometria_tipo": "Línea", "extract": 0.52934646467578339 }, "geometry": { "type": "LineString", "coordinates": [ [ -98.837012328751797, 20.014057954580821 ], [ -98.836344257236732, 20.013620673482698 ] ] } },
{ "type": "Feature", "properties": { "ID_OBRA": "1434_Zapotlán de Juárez", "No.": 1434.0, "Municipio": "Zapotlán de Juárez", "Rubro": "Vialidades Urbanas", "Ejercicio": 2023.0, "Obra": "Construcción de pavimento hidráulico en calle línea divisoria en tramo 1 (entre calle Art 1932 y calle Reforma) tramo 2 (entre calle Fco. Márquez y calle Juan Álvarez) en la localidad de San Pedro Huaquilpan; en el municipio de Zapotlán de Juárez.", "Localidad": "San Pedro Huaquilpan", "Inversión": 1931894.0, "Habitantes.beneficiados": null, "Ejecutora": "DGOPI", "Trabajos": "Considera los trabajos de preliminares, piso para pavimento de concreto hidráulico.", "Geometria_tipo": "Línea", "extract": 0.44121003395743202 }, "geometry": { "type": "LineString", "coordinates": [ [ -98.862883359990875, 19.98142568144571 ], [ -98.849341515446753, 19.978918180285532 ] ] } },
{ "type": "Feature", "properties": { "ID_OBRA": "530_Mineral de la Reforma", "No.": 530.0, "Municipio": "Mineral de la Reforma", "Rubro": "Vialidades Urbanas", "Ejercicio": 2024.0, "Obra": "Construcción de pavimento hidráulico en calle San Mateo, Barrio Carboneras, Mineral de la Reforma", "Localidad": "Carboneras", "Inversión": 5121812.84, "Habitantes.beneficiados": 2442.0, "Ejecutora": "DGOPI", "Trabajos": "Considera los trabajos de preliminares, piso para pavimento de concreto hidráulico.", "Geometria_tipo": "Línea", "extract": 0.57869888431976346 }, "geometry": { "type": "LineString", "coordinates": [ [ -98.704299008121382, 20.09265320339318 ], [ -98.703939283932513, 20.093396406166615 ], [ -98.703666565313526, 20.093901409522033 ], [ -98.703260982947128, 20.094813620681212 ] ] } },
{ "type": "Feature", "properties": { "ID_OBRA": "532_Mineral de la Reforma", "No.": 532.0, "Municipio": "Mineral de la Reforma", "Rubro": "Vialidades Urbanas", "Ejercicio": 2023.0, "Obra": "Pavimentación de concreto hidráulico en calle Solidaridad del Km. 0+000 al Km. 0+372 en la colonia El Saucillo, municipio de Mineral de la Reforma.", "Localidad": "El Saucillo", "Inversión": 4362002.93, "Habitantes.beneficiados": 3399.0, "Ejecutora": "DGOPI", "Trabajos": "Considera los trabajos de preliminares, riego de impregnación, piso para pavimento de concreto hidráulico.", "Geometria_tipo": "Línea", "extract": 0.57099084986441051 }, "geometry": { "type": "LineString", "coordinates": [ [ -98.737994426779011, 20.069943060881428 ], [ -98.737985738942797, 20.069965738285035 ], [ -98.737967902784902, 20.070002116196122 ], [ -98.73659001622697, 20.072196462379086 ] ] } },
{ "type": "Feature", "properties": { "ID_OBRA": "533_Mineral de la Reforma", "No.": 533.0, "Municipio": "Mineral de la Reforma", "Rubro": "Vialidades Urbanas", "Ejercicio": 2023.0, "Obra": "Pavimentación de concreto hidráulico en la calle Venustiano Carranza colonia El Saucillo, municipio de Mineral de la Reforma, Hidalgo", "Localidad": "El Saucillo", "Inversión": 1741036.3, "Habitantes.beneficiados": null, "Ejecutora": "DGOPI", "Trabajos": "Considera los trabajos de preliminares, riego de impregnación, piso para pavimento de concreto hidráulico.", "Geometria_tipo": "Línea", "extract": 0.58328762420502211 }, "geometry": { "type": "LineString", "coordinates": [ [ -98.744836858971084, 20.079159616671603 ], [ -98.741373182363674, 20.076105744515203 ], [ -98.740653780171385, 20.075586096960173 ], [ -98.739992913119735, 20.075001262303157 ], [ -98.73879274881341, 20.074060127908062 ], [ -98.738102887503288, 20.073371262093385 ], [ -98.737577848137477, 20.072948179377139 ], [ -98.736626028456612, 20.072223878242752 ], [ -98.735569997968341, 20.071387838297316 ], [ -98.735103188316316, 20.070932969942824 ] ] } },
{ "type": "Feature", "properties": { "ID_OBRA": "536_Mineral de la Reforma", "No.": 536.0, "Municipio": "Mineral de la Reforma", "Rubro": "Vialidades Urbanas", "Ejercicio": 2023.0, "Obra": "Construcción de pavimento en calle Francisco Villa, Col. El Venado, tramo dos; en el municipio de Mineral de la Reforma", "Localidad": "El Venado", "Inversión": 921001.95, "Habitantes.beneficiados": null, "Ejecutora": "DGIVC", "Trabajos": "Considera los trabajos de preliminares, piso para pavimento de concreto hidráulico.", "Geometria_tipo": "Línea", "extract": 0.47530311764978328 }, "geometry": { "type": "LineString", "coordinates": [ [ -98.759909739699054, 20.06527201585914 ], [ -98.760379136128208, 20.06412282469865 ], [ -98.760338779751365, 20.063693468241791 ], [ -98.761014945190368, 20.058480059691099 ] ] } },
{ "type": "Feature", "properties": { "ID_OBRA": "537_Mineral de la Reforma", "No.": 537.0, "Municipio": "Mineral de la Reforma", "Rubro": "Vialidades Urbanas", "Ejercicio": 2023.0, "Obra": "Construcción de Pavimento en Calle Francisco Villa, Col. El Venado, Tramo Uno; en el Municipio de Mineral de la Reforma", "Localidad": "El Venado", "Inversión": 1360802.83, "Habitantes.beneficiados": null, "Ejecutora": "DGIVC", "Trabajos": "Considera los trabajos de preliminares, piso para pavimento de concreto hidráulico.", "Geometria_tipo": "Línea", "extract": 0.47616158521282315 }, "geometry": { "type": "LineString", "coordinates": [ [ -98.759890564404373, 20.065253557662196 ], [ -98.760377248926417, 20.064119163274157 ], [ -98.761053843130156, 20.058516842259948 ] ] } },
{ "type": "Feature", "properties": { "ID_OBRA": "538_Mineral de la Reforma", "No.": 538.0, "Municipio": "Mineral de la Reforma", "Rubro": "Vialidades Urbanas", "Ejercicio": 2023.0, "Obra": "Construcción de pavimentación asfáltica acceso a la comunidad de Los Gemelos, en el municipio de Mineral de la Reforma.", "Localidad": "Forjadores de Pachuca", "Inversión": 3967500.66, "Habitantes.beneficiados": 4027.0, "Ejecutora": "DGIVC", "Trabajos": "Considera los trabajos de capa subbase, riego de impregnación, suministro y aplicación de riego de liga con emulsión asfáltica", "Geometria_tipo": "Línea", "extract": 0.66206847268594737 }, "geometry": { "type": "LineString", "coordinates": [ [ -98.709070804299245, 20.029559052784069 ], [ -98.707564689353589, 20.029517560220111 ], [ -98.706339965206098, 20.029457851727603 ], [ -98.703320118944831, 20.029310076026412 ] ] } },
{ "type": "Feature", "properties": { "ID_OBRA": "544_Mineral de la Reforma", "No.": 544.0, "Municipio": "Mineral de la Reforma", "Rubro": "Infraestructura Carretera", "Ejercicio": 2022.0, "Obra": "Construcción de Boulevard La Providencia - San Fernando, en el municipio de Mineral de la Reforma", "Localidad": "La Providencia Siglo Xxi", "Inversión": 38811500.38, "Habitantes.beneficiados": 22705.0, "Ejecutora": "DGIVC", "Trabajos": "Considera los trabajos de la Construcción de Vialidad Providencia el Saucillo en el municipio de Mineral de la Reforma.", "Geometria_tipo": "Línea", "extract": 0.48956045012644028 }, "geometry": { "type": "LineString", "coordinates": [ [ -98.723687262396425, 20.067603059106091 ], [ -98.730206931403316, 20.062671102703924 ], [ -98.731038958965755, 20.061179182579853 ] ] } },
{ "type": "Feature", "properties": { "ID_OBRA": "567_Mineral de la Reforma", "No.": 567.0, "Municipio": "Mineral de la Reforma", "Rubro": "Vialidades Urbanas", "Ejercicio": 2024.0, "Obra": "Construcción de pavimento hidráulico en calle 21 de marzo, San Guillermo La Reforma, municipio de Mineral de la Reforma", "Localidad": "San Guillermo la Reforma", "Inversión": 5090716.21, "Habitantes.beneficiados": 995.0, "Ejecutora": "DGOPI", "Trabajos": "Considera los trabajos de preliminares, piso para pavimento de concreto hidráulico.", "Geometria_tipo": "Línea", "extract": 0.71298914767394717 }, "geometry": { "type": "LineString", "coordinates": [ [ -98.703049420945092, 20.1193712103709 ], [ -98.702843301059303, 20.119591806519296 ], [ -98.70253301305911, 20.119816564539097 ], [ -98.701908004372996, 20.120245268755397 ] ] } },
{ "type": "Feature", "properties": { "ID_OBRA": "579_Mineral de la Reforma", "No.": 579.0, "Municipio": "Mineral de la Reforma", "Rubro": "Vialidades Urbanas", "Ejercicio": 2024.0, "Obra": "Pavimentación hidráulica en calle El Roble y Av. De los Sabinos, en san Miguel La Higa, Mineral de la Reforma", "Localidad": "San Miguel la Higa", "Inversión": 5952795.44, "Habitantes.beneficiados": 720.0, "Ejecutora": "DGOPI", "Trabajos": "Considera los trabajos de preliminares, piso para pavimento de concreto hidráulico.", "Geometria_tipo": "Línea", "extract": 0.27694545691947331 }, "geometry": { "type": "LineString", "coordinates": [ [ -98.748282000072905, 20.0073863508245 ], [ -98.7478113327128, 20.007258481657299 ], [ -98.747468534519896, 20.007190466142902 ], [ -98.747055000192006, 20.007155098075398 ], [ -98.747030514606806, 20.006575605892195 ], [ -98.747046838330206, 20.006042364258796 ], [ -98.747063162053692, 20.005541770072401 ], [ -98.747095809500706, 20.005245222429298 ], [ -98.747093088880121, 20.004929630442199 ], [ -98.747074044536106, 20.004638524040296 ], [ -98.747125736327092, 20.004219548471198 ], [ -98.747256326114808, 20.003297258095195 ] ] } },
{ "type": "Feature", "properties": { "ID_OBRA": "579_Mineral de la Reforma", "No.": 579.0, "Municipio": "Mineral de la Reforma", "Rubro": "Vialidades Urbanas", "Ejercicio": 2024.0, "Obra": "Pavimentación hidráulica en calle El Roble y Av. De los Sabinos, en san Miguel La Higa, Mineral de la Reforma", "Localidad": "San Miguel la Higa", "Inversión": 5952795.44, "Habitantes.beneficiados": 720.0, "Ejecutora": "DGOPI", "Trabajos": "Considera los trabajos de preliminares, piso para pavimento de concreto hidráulico.", "Geometria_tipo": "Línea", "extract": 0.29164997166795603 }, "geometry": { "type": "LineString", "coordinates": [ [ -98.746872718613204, 20.008316803062399 ], [ -98.746992425918705, 20.008055623486801 ], [ -98.747090368259506, 20.007805326393601 ], [ -98.747095809500706, 20.007680177846996 ], [ -98.747057720812592, 20.007527823094598 ], [ -98.747055000192006, 20.007155098075398 ] ] } },
{ "type": "Feature", "properties": { "ID_OBRA": "581_Mineral de la Reforma", "No.": 581.0, "Municipio": "Mineral de la Reforma", "Rubro": "Vialidades Urbanas", "Ejercicio": 2023.0, "Obra": "Construcción y reconstrucción de pavimento asfáltico en Blvd. Santa Rita del Km. 0+000 al Km. 0+650, La Calera, municipio de Mineral de la Reforma", "Localidad": "Santa María la Calera", "Inversión": 5629027.65, "Habitantes.beneficiados": 2261.0, "Ejecutora": "DGOPI", "Trabajos": "Considera los trabajos de la operación de escarificación, disgregado, construcción de base hidráulica, suministro y aplicación de riego de liga con emulsión asfáltica.", "Geometria_tipo": "Línea", "extract": 0.64723324340368771 }, "geometry": { "type": "LineString", "coordinates": [ [ -98.714967169821179, 20.029902049200601 ], [ -98.711804845123496, 20.029714858695797 ], [ -98.710502477143393, 20.029667065375492 ], [ -98.708769969280013, 20.029547582074503 ] ] } },
{ "type": "Feature", "properties": { "ID_OBRA": "583_Mineral de la Reforma", "No.": 583.0, "Municipio": "Mineral de la Reforma", "Rubro": "Vialidades Urbanas", "Ejercicio": 2023.0, "Obra": "Pavimentación con concreto hidráulico de calle Brillante, entre Av. Minerales y calle Diamante en la localidad de Santa María la Calera en el municipio de Mineral de la Reforma", "Localidad": "Santa María la Calera", "Inversión": 1168572.96, "Habitantes.beneficiados": null, "Ejecutora": "DGCCE", "Trabajos": "Considera los trabajos de preliminares, riego de impregnación, piso para pavimento de concreto hidráulico.", "Geometria_tipo": "Línea", "extract": 0.61638091448796462 }, "geometry": { "type": "LineString", "coordinates": [ [ -98.718729335415802, 20.032089375663997 ], [ -98.71869500456819, 20.032539968038201 ], [ -98.718634925584993, 20.032866111089998 ], [ -98.718467352198005, 20.033194694675196 ] ] } },
{ "type": "Feature", "properties": { "ID_OBRA": "779_Pachuca de Soto", "No.": 779.0, "Municipio": "Pachuca de Soto", "Rubro": "Vialidades Urbanas", "Ejercicio": 2022.0, "Obra": "Construcción de pavimento de concreto asfáltico en calle Santa María Regla, del fraccionamiento Juan C. Doria, municipio de Pachuca de Soto", "Localidad": "Pachuca de Soto", "Inversión": 409190.92, "Habitantes.beneficiados": null, "Ejecutora": "DGIVC", "Trabajos": "La construcción del pavimento de concreto asfáltico involucra trabajos de: preliminares, acarreos, compactación del terreno natural, base, carpeta asfáltica, mampara informativa, guarniciones y banquetas.", "Geometria_tipo": "Línea", "extract": 0.58480120726145457 }, "geometry": { "type": "LineString", "coordinates": [ [ -98.777919637229132, 20.068446201162708 ], [ -98.777994207727417, 20.06733640228666 ] ] } },
{ "type": "Feature", "properties": { "ID_OBRA": "780_Pachuca de Soto", "No.": 780.0, "Municipio": "Pachuca de Soto", "Rubro": "Vialidades Urbanas", "Ejercicio": 2022.0, "Obra": "Construcción de pavimentación de concreto asfáltico en calle San Miguel Regla del fraccionamiento Juan C. Doria, municipio de Pachuca de Soto", "Localidad": "Pachuca de Soto", "Inversión": 1058183.27, "Habitantes.beneficiados": null, "Ejecutora": "DGIVC", "Trabajos": "Considera los trabajos de preliminares, piso para pavimento de concreto hidráulico.", "Geometria_tipo": "Línea", "extract": 0.58818005869261536 }, "geometry": { "type": "LineString", "coordinates": [ [ -98.776468426697136, 20.070060597540142 ], [ -98.776487181235979, 20.069718475193831 ] ] } },
{ "type": "Feature", "properties": { "ID_OBRA": "781_Pachuca de Soto", "No.": 781.0, "Municipio": "Pachuca de Soto", "Rubro": "Vialidades Urbanas", "Ejercicio": 2022.0, "Obra": "Pavimentación hidráulica de calle Santa Rosa, colonia San Cayetano, municipio de Pachuca de Soto", "Localidad": "Pachuca de Soto", "Inversión": 1335221.83, "Habitantes.beneficiados": null, "Ejecutora": "DGIVC", "Trabajos": "Considera los trabajos de preliminares, piso para pavimento de concreto hidráulico.", "Geometria_tipo": "Línea", "extract": 0.48412217025381582 }, "geometry": { "type": "LineString", "coordinates": [ [ -98.777559409501123, 20.104492536183979 ], [ -98.77733511522554, 20.101887281993282 ] ] } },
{ "type": "Feature", "properties": { "ID_OBRA": "809_Pachuca de Soto", "No.": 809.0, "Municipio": "Pachuca de Soto", "Rubro": "Vialidades Urbanas", "Ejercicio": 2023.0, "Obra": "Pavimentación de concreto hidráulico en calle Pedro Escobedo del km. 0+000 al km. 0+500 en colonia Barrio El Lobo, municipio de Pachuca de Soto, Hidalgo.", "Localidad": "Pachuca de Soto", "Inversión": 5784005.68, "Habitantes.beneficiados": null, "Ejecutora": "DGOPI", "Trabajos": "Considera los trabajos de preliminares, riego de impregnación, piso para pavimento de concreto hidráulico.", "Geometria_tipo": "Línea", "extract": 0.74201802410833972 }, "geometry": { "type": "LineString", "coordinates": [ [ -98.723810549797307, 20.119995076729506 ], [ -98.723426947895788, 20.120099042486782 ], [ -98.722819462092104, 20.1205841249445 ], [ -98.722234276281839, 20.121349411523358 ], [ -98.722062392060778, 20.121650205754538 ], [ -98.721759536527728, 20.121998780615495 ], [ -98.721506525331051, 20.122128153106591 ], [ -98.72145701721513, 20.122230261610238 ], [ -98.721679913394425, 20.124044800813873 ] ] } },
{ "type": "Feature", "properties": { "ID_OBRA": "834_Pachuca de Soto", "No.": 834.0, "Municipio": "Pachuca de Soto", "Rubro": "Infraestructura Carretera", "Ejercicio": 2024.0, "Obra": "Pavimentación con concreto hidráulico Blvd. Minero del Km. 0+000 Al Km. 4+200 (Dos Cuerpos), en el municipio de Pachuca.", "Localidad": "Pachuca de Soto", "Inversión": 164168924.77000001, "Habitantes.beneficiados": null, "Ejecutora": "DGCCE", "Trabajos": "Considera los trabajos de preliminares, riego de impregnación, piso para pavimento de concreto hidráulico.", "Geometria_tipo": "Línea", "extract": 0.47694998145627987 }, "geometry": { "type": "LineString", "coordinates": [ [ -98.775685823695923, 20.112194865904428 ], [ -98.788230838365024, 20.122659928123504 ], [ -98.798577883087759, 20.123328053888709 ] ] } },
{ "type": "Feature", "properties": { "ID_OBRA": "837_Pachuca de Soto", "No.": 837.0, "Municipio": "Pachuca de Soto", "Rubro": "Vialidades Urbanas", "Ejercicio": 2024.0, "Obra": "Construcción de pavimentación hidráulica en calle Prolongación Esmeralda, Independencia, municipio de Pachuca de Soto", "Localidad": "Pachuca de Soto", "Inversión": 5351103.37, "Habitantes.beneficiados": null, "Ejecutora": "DGCCE", "Trabajos": "Considera los trabajos de preliminares, piso para pavimento de concreto hidráulico.", "Geometria_tipo": "Línea", "extract": 0.47162278647256956 }, "geometry": { "type": "LineString", "coordinates": [ [ -98.784540537147336, 20.112232395165254 ], [ -98.78456502414744, 20.114661989653765 ], [ -98.784447433174819, 20.114640095813993 ], [ -98.78440082460466, 20.1155957996388 ], [ -98.784446455874686, 20.115628419660936 ], [ -98.784450687280142, 20.116294444906895 ] ] } },
{ "type": "Feature", "properties": { "ID_OBRA": "838_Pachuca de Soto", "No.": 838.0, "Municipio": "Pachuca de Soto", "Rubro": "Vialidades Urbanas", "Ejercicio": 2024.0, "Obra": "Construcción de pavimentación hidráulica en calle Evita Perón, calle Josefa O. De Domínguez, calle Leona Vicario, La Condesa, municipio de Pachuca de Soto", "Localidad": "Pachuca de Soto", "Inversión": 4579961.08, "Habitantes.beneficiados": null, "Ejecutora": "DGCCE", "Trabajos": "Considera los trabajos de preliminares, piso para pavimento de concreto hidráulico.", "Geometria_tipo": "Línea", "extract": 0.47441615545212856 }, "geometry": { "type": "LineString", "coordinates": [ [ -98.768863822227516, 20.131929647017742 ], [ -98.7692984120701, 20.13244853836267 ], [ -98.769370031023058, 20.133234596194885 ], [ -98.77094149712606, 20.133971079553493 ], [ -98.769420706996485, 20.1332564239951 ], [ -98.769296231134291, 20.133527319257176 ] ] } },
{ "type": "Feature", "properties": { "ID_OBRA": "846_Pachuca de Soto", "No.": 846.0, "Municipio": "Pachuca de Soto", "Rubro": "Vialidades Urbanas", "Ejercicio": 2024.0, "Obra": "Construcción de pavimentación concreto hidráulico en calle Guillermo Prieto, colonia Francisco I. Madero (La Surtidora), municipio de Pachuca de Soto.", "Localidad": "Pachuca de Soto", "Inversión": 2492039.6, "Habitantes.beneficiados": null, "Ejecutora": "DGCCE", "Trabajos": "Considera los trabajos de preliminares, riego de impregnación, piso para pavimento de concreto hidráulico.", "Geometria_tipo": "Línea", "extract": 0.72496163873192565 }, "geometry": { "type": "LineString", "coordinates": [ [ -98.728455038968889, 20.119448338375317 ], [ -98.726642692391479, 20.120734017403418 ] ] } },
{ "type": "Feature", "properties": { "ID_OBRA": "861_Pachuca de Soto", "No.": 861.0, "Municipio": "Pachuca de Soto", "Rubro": "Vialidades Urbanas", "Ejercicio": 2024.0, "Obra": "Terminación de pavimentación hidráulica en la Calle Zafiro, de la Col. Punta Krystal, municipio de Pachuca de Soto", "Localidad": "Pachuca de Soto", "Inversión": 930668.63, "Habitantes.beneficiados": null, "Ejecutora": "DGCCE", "Trabajos": "Considera los trabajos de preliminares, piso para pavimento de concreto hidráulico.", "Geometria_tipo": "Línea", "extract": 0.48209584253918708 }, "geometry": { "type": "LineString", "coordinates": [ [ -98.779265685660647, 20.129082361204507 ], [ -98.77953464453357, 20.128823247521115 ], [ -98.778228213650692, 20.127556061300837 ] ] } },
{ "type": "Feature", "properties": { "ID_OBRA": "868_Pachuca de Soto", "No.": 868.0, "Municipio": "Pachuca de Soto", "Rubro": "Infraestructura Carretera", "Ejercicio": 2024.0, "Obra": "Pavimentación con concreto hidráulico Blvd. Everardo Márquez del Km. 0+000 al 5+800 de Puente Tuzos - Rio de las Avenidas (dos cuerpos).", "Localidad": "Pachuca de Soto", "Inversión": 266856944.33000001, "Habitantes.beneficiados": null, "Ejecutora": "DGCCE", "Trabajos": "Considera los trabajos de preliminares, riego de impregnación, piso para pavimento de concreto hidráulico.", "Geometria_tipo": "Línea", "extract": 0.48828812979200037 }, "geometry": { "type": "LineString", "coordinates": [ [ -98.741445784374051, 20.05540619134306 ], [ -98.743078526032619, 20.058518148891928 ], [ -98.74357559476293, 20.060019126660599 ], [ -98.744065032347152, 20.06439398674549 ], [ -98.745554810357675, 20.088230473438941 ], [ -98.747282938620046, 20.110921364335546 ] ] } },
{ "type": "Feature", "properties": { "ID_OBRA": "900_Pachuca de Soto", "No.": 900.0, "Municipio": "Pachuca de Soto", "Rubro": "Infraestructura Carretera", "Ejercicio": 2025.0, "Obra": "Construcción de pavimento hidráulico del Boulevard Colonias - Santa Catarina, municipio de Pachuca de Soto", "Localidad": "Pachuca de Soto", "Inversión": 70000000.0, "Habitantes.beneficiados": null, "Ejecutora": "SIPDUS", "Trabajos": null, "Geometria_tipo": "Línea", "extract": 0.38261843582538146 }, "geometry": { "type": "LineString", "coordinates": [ [ -98.817675803920281, 20.110359152568385 ], [ -98.803684567317276, 20.097775789025096 ], [ -98.79686076203825, 20.082702644380877 ] ] } },
{ "type": "Feature", "properties": { "ID_OBRA": "901_Pachuca de Soto", "No.": 901.0, "Municipio": "Pachuca de Soto", "Rubro": "Infraestructura Carretera", "Ejercicio": 2025.0, "Obra": "Construcción de pavimento hidráulico del Boulevard Nuevo Hidalgo del entronque con Boulevard Luis Donaldo Colosio a la Antigua carretera La Paz, municipio de Pachuca de Soto", "Localidad": "Pachuca de Soto", "Inversión": 62580177.08, "Habitantes.beneficiados": null, "Ejecutora": "SIPDUS", "Trabajos": null, "Geometria_tipo": "Línea", "extract": 0.4807748498118245 }, "geometry": { "type": "LineString", "coordinates": [ [ -98.75959989666687, 20.096748178480251 ], [ -98.760556312181734, 20.096145915838669 ], [ -98.760557052186513, 20.096108881024698 ], [ -98.760630517988815, 20.09559762853457 ], [ -98.760706755588743, 20.094820609999022 ], [ -98.761445853486052, 20.093197208903621 ], [ -98.761560493623733, 20.092543215076677 ], [ -98.761385028562614, 20.09200110948678 ], [ -98.760941197164584, 20.090715263934147 ], [ -98.761139266043813, 20.089961594200741 ], [ -98.761487777811553, 20.089341787418991 ], [ -98.76220207272614, 20.088311184418341 ], [ -98.763164419760656, 20.087232735684328 ], [ -98.763451376807865, 20.086731482330741 ] ] } },
{ "type": "Feature", "properties": { "ID_OBRA": "904_Pachuca de Soto", "No.": 904.0, "Municipio": "Pachuca de Soto", "Rubro": "Infraestructura Carretera", "Ejercicio": 2025.0, "Obra": "Pavimentación de concreto hidráulico en la Av. Universidad: tramo Av. Francisco I. Madero - Viaducto Javier Rojo Gómez, municipio de Pachuca de Soto", "Localidad": "Pachuca de Soto", "Inversión": 23420634.070000399, "Habitantes.beneficiados": null, "Ejecutora": "SIPDUS", "Trabajos": null, "Geometria_tipo": "Línea", "extract": 0.70852673357127638 }, "geometry": { "type": "LineString", "coordinates": [ [ -98.728380948777101, 20.110692664203739 ], [ -98.727991581742913, 20.110714402082387 ], [ -98.727434509323245, 20.110945894818848 ], [ -98.726190164990641, 20.111100680215522 ], [ -98.722864188024403, 20.111304190536586 ] ] } },
{ "type": "Feature", "properties": { "ID_OBRA": "905_Pachuca de Soto", "No.": 905.0, "Municipio": "Pachuca de Soto", "Rubro": "Infraestructura Carretera", "Ejercicio": 2025.0, "Obra": "Pavimentación con concreto hidráulico Boulevard Everardo Marquez del km 0+000 al 5+800 de Puente Tuzos - Río de la Avenidas (Dos cuerpos), en el municipio de Pachuca de Soto", "Localidad": "Pachuca de Soto", "Inversión": 24000000.0, "Habitantes.beneficiados": null, "Ejecutora": "SIPDUS", "Trabajos": null, "Geometria_tipo": "Línea", "extract": 0.48928426737568431 }, "geometry": { "type": "LineString", "coordinates": [ [ -98.741774688377291, 20.055584413107372 ], [ -98.741773164980103, 20.055810668086018 ], [ -98.743525500784372, 20.059647889191414 ], [ -98.745845058589524, 20.088361138064798 ], [ -98.747192006694775, 20.111066166805365 ] ] } },
{ "type": "Feature", "properties": { "ID_OBRA": "1003_San Bartolo Tutotepec", "No.": 1003.0, "Municipio": "San Bartolo Tutotepec", "Rubro": "Infraestructura Carretera", "Ejercicio": 2024.0, "Obra": "Construcción de superestructura para puente en camino de acceso principal a la localidad El Piñal, San Bartolo Tutotepec", "Localidad": "El Piñal", "Inversión": 2961083.5, "Habitantes.beneficiados": 84.0, "Ejecutora": "DGCCE", "Trabajos": "Se realiza la construcción de superestructura para puente en camino de acceso principal a la localidad El Piñal, San Bartolo Tutotepec, contemplando las siguientes partidas: accesos y superestructuras.", "Geometria_tipo": "Línea", "extract": 0.2633247490030553 }, "geometry": { "type": "LineString", "coordinates": [ [ -98.17816961115831, 20.51918704488941 ], [ -98.177841527648752, 20.518789625877755 ], [ -98.178231451533549, 20.518825925893498 ], [ -98.178653557797176, 20.518923515304163 ], [ -98.178746760539084, 20.518788336472877 ], [ -98.179055371514124, 20.518703649064225 ], [ -98.179168243167268, 20.518777185664131 ] ] } },
{ "type": "Feature", "properties": { "ID_OBRA": "1010_San Bartolo Tutotepec", "No.": 1010.0, "Municipio": "San Bartolo Tutotepec", "Rubro": "Infraestructura Carretera", "Ejercicio": 2024.0, "Obra": "Construcción de pavimentación hidráulica Santiago - La Cumbre de Muridores, municipio de San Bartolo Tutotepec", "Localidad": "Santiago", "Inversión": 19848653.2, "Habitantes.beneficiados": 605.0, "Ejecutora": "DGIVC", "Trabajos": "Considera los trabajos de preliminares y pavimento hidráulico.", "Geometria_tipo": "Línea", "extract": 0.13127167559983283 }, "geometry": { "type": "LineString", "coordinates": [ [ -98.227645009011638, 20.39973867204003 ], [ -98.228038765611501, 20.399738851532742 ], [ -98.228110466354821, 20.399725176961841 ], [ -98.228242763983701, 20.39972521508864 ], [ -98.228346993210053, 20.399673745105716 ], [ -98.228421616477675, 20.399617916667179 ], [ -98.228496466960848, 20.39956260540346 ], [ -98.228622606428715, 20.399553077741231 ], [ -98.228663971865402, 20.399580651472249 ], [ -98.228787956468878, 20.399661325178172 ], [ -98.228871023945374, 20.399715063327687 ], [ -98.229017895745713, 20.399786337461471 ], [ -98.229133706667966, 20.399848636663979 ], [ -98.229197466537059, 20.399865626022532 ], [ -98.229358274056921, 20.399860969918901 ], [ -98.229477165008944, 20.399877942701441 ], [ -98.229575469134772, 20.399906411171756 ], [ -98.229651998294344, 20.399944190030261 ], [ -98.229717299602669, 20.400010104963819 ], [ -98.229782170398224, 20.400123330524561 ], [ -98.229802404027012, 20.400255571555636 ], [ -98.229777778777617, 20.400407090775605 ], [ -98.229667809263887, 20.40040927237591 ], [ -98.22948129285308, 20.400372069373514 ], [ -98.229350505565165, 20.400334147565694 ], [ -98.229263413361849, 20.400324664046128 ], [ -98.229154712072244, 20.400324582756191 ], [ -98.229014347552095, 20.40031512435834 ], [ -98.228948749531384, 20.400342576431516 ], [ -98.228858257496626, 20.400419870653224 ], [ -98.228692899954737, 20.400505800409821 ], [ -98.22865703938426, 20.400585566439595 ], [ -98.228662402426437, 20.400691952706936 ], [ -98.228701534743962, 20.400763062672262 ], [ -98.228794658835739, 20.400835770356608 ], [ -98.228891035221892, 20.400866315504235 ], [ -98.229010197680708, 20.400888921679066 ], [ -98.229152504791912, 20.400903547229067 ], [ -98.229262947536753, 20.400907929532096 ], [ -98.229384182403038, 20.400930520301646 ], [ -98.22949574797947, 20.400934747633038 ], [ -98.229641065375517, 20.400948866227775 ], [ -98.229753954446508, 20.400953165829289 ], [ -98.229890767935842, 20.400949713831771 ], [ -98.230062257580897, 20.40095621100474 ], [ -98.230200865390401, 20.400952479233641 ], [ -98.230269474333085, 20.400923694454434 ], [ -98.230349253309072, 20.400913953004299 ], [ -98.230510121314907, 20.400846505720157 ], [ -98.230647870593302, 20.40083642160555 ], [ -98.230751174961526, 20.400864873624862 ], [ -98.230878206236113, 20.400883742198985 ], [ -98.230971022338949, 20.400893131217117 ], [ -98.231113230162677, 20.40093577559545 ], [ -98.231233017425097, 20.400988747863448 ], [ -98.231317344589897, 20.40103096258963 ], [ -98.231426440102496, 20.401113802425936 ], [ -98.231535239610793, 20.401146221732336 ], [ -98.231618562343456, 20.401185369281428 ], [ -98.23177364403378, 20.401194262815945 ], [ -98.231869059196853, 20.401153660068925 ], [ -98.2318807662664, 20.401123633757823 ], [ -98.232023640141179, 20.401012694132774 ], [ -98.232119424368946, 20.400971863812664 ], [ -98.232241103745181, 20.400922968986418 ], [ -98.232367115845136, 20.400927984824609 ], [ -98.232482942827446, 20.40096425836062 ], [ -98.232574584531363, 20.401010334218 ], [ -98.232705937910694, 20.401068982020806 ], [ -98.232787957899504, 20.401147282011358 ], [ -98.232859619216484, 20.40125786251884 ], [ -98.23291693097768, 20.401346416581834 ], [ -98.233001491550297, 20.401427694892565 ], [ -98.233099170382658, 20.401479358604181 ], [ -98.233296489552387, 20.401583723647274 ], [ -98.233422482362315, 20.401627211353858 ], [ -98.2335509704034, 20.401672857098387 ], [ -98.233680109712921, 20.4017640552965 ], [ -98.233753402722755, 20.40187068629573 ], [ -98.233795646712892, 20.40207984120887 ], [ -98.233878423325024, 20.402250747973671 ], [ -98.2339729033705, 20.402389374988555 ], [ -98.234057844480446, 20.40256438850879 ], [ -98.234105059136553, 20.402684456089681 ], [ -98.234213176760349, 20.402792784911369 ], [ -98.23434173052992, 20.40293068033353 ], [ -98.234445405784328, 20.403033053331704 ], [ -98.234515131651762, 20.403137840289375 ], [ -98.23461907233218, 20.403294452473766 ], [ -98.234706486730119, 20.403426163889851 ], [ -98.234853583908105, 20.40354169012652 ], [ -98.234953948088872, 20.403639417136286 ], [ -98.235108716813528, 20.403713306388308 ], [ -98.235231176628872, 20.403742438969626 ], [ -98.235383405447038, 20.403712843162584 ], [ -98.235496971607617, 20.403676202250104 ], [ -98.235571820936812, 20.40363254036231 ], [ -98.23561911416877, 20.403545820240332 ], [ -98.235726188982014, 20.403393191611066 ], [ -98.235783712159176, 20.403270420465841 ], [ -98.235802935567065, 20.403141500301267 ], [ -98.235873791450501, 20.403040534426587 ], [ -98.235920028957949, 20.402954415145043 ], [ -98.236043003728483, 20.402882004877267 ], [ -98.236118974066159, 20.402840805202469 ], [ -98.236300332556567, 20.402856220640636 ], [ -98.236454512119025, 20.402829561537271 ], [ -98.236505199812981, 20.4028020615551 ], [ -98.236684862587978, 20.402761616818282 ], [ -98.236890010181952, 20.40270738537669 ], [ -98.236954610656596, 20.402700892427902 ], [ -98.237199306940752, 20.402653867237643 ], [ -98.237314751627864, 20.402619823707745 ], [ -98.23745559208102, 20.402572001706687 ], [ -98.237621420075698, 20.402510070003686 ], [ -98.237743199764196, 20.40249062141503 ], [ -98.237888913192364, 20.402456378902489 ], [ -98.237988984979197, 20.40245365979127 ], [ -98.238103957206448, 20.402419161077734 ], [ -98.238309945150036, 20.402364872282256 ], [ -98.2385180276667, 20.402258845869103 ], [ -98.238674149040023, 20.402179296251717 ], [ -98.238856354257493, 20.402086454941884 ], [ -98.238960503207764, 20.402033385719911 ], [ -98.239066546091578, 20.40192863096436 ], [ -98.239184729602897, 20.401843102287902 ], [ -98.239440423215157, 20.401699818181935 ], [ -98.239665313501376, 20.40140559873652 ], [ -98.239708705865525, 20.401342982148364 ], [ -98.239792048032655, 20.401260461244021 ], [ -98.23986365230121, 20.401204516126452 ], [ -98.239980564727816, 20.401186020662021 ], [ -98.240057200162212, 20.401189796653021 ], [ -98.24016217752461, 20.401201650687938 ], [ -98.240227580435501, 20.401230915354951 ], [ -98.240350143519947, 20.401274005611079 ], [ -98.240467318044963, 20.401261708389637 ], [ -98.240564744808523, 20.401258093367385 ], [ -98.240645117856559, 20.401223199881706 ], [ -98.24077462706893, 20.401186384982058 ], [ -98.240855393159549, 20.401151338683359 ], [ -98.240979665205685, 20.401058500078399 ], [ -98.241069543905212, 20.401038936017603 ], [ -98.241179970750437, 20.401010495996964 ], [ -98.24127027452333, 20.400990834295001 ], [ -98.241360770921645, 20.400971130465532 ], [ -98.241501292592531, 20.400949372505128 ], [ -98.241580580641795, 20.400954233247269 ], [ -98.241657172383697, 20.400999548066579 ], [ -98.241754318683931, 20.401031701894738 ], [ -98.241830872130365, 20.401071755741231 ], [ -98.241898500296998, 20.401095158381732 ], [ -98.241983752473629, 20.401147316233732 ], [ -98.242048383405802, 20.401209321966896 ], [ -98.242133616949289, 20.401261468342838 ], [ -98.24221881632792, 20.401313335185737 ], [ -98.242310014078981, 20.401287007963646 ], [ -98.24239246069412, 20.401246231429418 ], [ -98.242469197154605, 20.401151888653729 ], [ -98.2425050374747, 20.401020067126257 ], [ -98.242529466044232, 20.400916763330105 ], [ -98.242580904287706, 20.400862198488333 ], [ -98.242683485689483, 20.40075338308138 ], [ -98.242743664901056, 20.400715210972525 ], [ -98.242835162604294, 20.400637958618187 ], [ -98.242935595157746, 20.40057737656408 ], [ -98.243050894881819, 20.400587834585789 ], [ -98.243102189834417, 20.400536856750517 ], [ -98.243167112521391, 20.400417750546396 ], [ -98.243220712036717, 20.400325564607058 ], [ -98.243264573246577, 20.400215456212081 ], [ -98.24328482614132, 20.400104428798883 ], [ -98.243352776543787, 20.399983273436916 ], [ -98.243371614685671, 20.399919099812777 ], [ -98.243463486922948, 20.399742034148336 ], [ -98.243516970325118, 20.399595751783313 ], [ -98.243541638714149, 20.399494222042861 ], [ -98.243611626898726, 20.399380430874828 ], [ -98.24365534111152, 20.399316584216365 ], [ -98.24372417672258, 20.39920462888669 ], [ -98.243795324190529, 20.39914628827324 ], [ -98.243886924277589, 20.399126179301625 ], [ -98.243964141294711, 20.399173172305069 ], [ -98.244024023953855, 20.399234982709508 ], [ -98.244077245018559, 20.399331152607203 ], [ -98.244102429644741, 20.399423554092035 ], [ -98.244127817027234, 20.39951669786506 ], [ -98.244162222578922, 20.399625519602136 ], [ -98.244211543427227, 20.39966689052542 ], [ -98.244332768964199, 20.399649188604819 ], [ -98.24442566995387, 20.399628395020976 ], [ -98.244508694418101, 20.399591024005737 ], [ -98.244564070976352, 20.39955169336897 ], [ -98.244619238702825, 20.399468092757559 ], [ -98.2446929722487, 20.399372809655112 ], [ -98.244747199098342, 20.399289167521008 ], [ -98.244782071687084, 20.399217054189688 ], [ -98.244854936918415, 20.399122987855069 ], [ -98.244870412861061, 20.399062624622129 ], [ -98.244901187590685, 20.398942590182145 ], [ -98.244927769786301, 20.398901707724235 ], [ -98.244928075205863, 20.398775197467469 ], [ -98.244917195705241, 20.398631394789003 ], [ -98.244907273738264, 20.398490395373297 ], [ -98.244921039904639, 20.398389046729065 ], [ -98.244945658393121, 20.39830603595707 ], [ -98.245011193839474, 20.398248888095242 ], [ -98.245057535340266, 20.398201664060931 ], [ -98.245134492464302, 20.398162973038801 ], [ -98.245182293880063, 20.398117911564746 ], [ -98.245294528876983, 20.398014984711011 ], [ -98.245376925915124, 20.397946097279362 ], [ -98.24542401507135, 20.397941031944686 ], [ -98.245545017310064, 20.397893753438982 ], [ -98.24561883602118, 20.39785158318411 ], [ -98.245682336023265, 20.397793498194908 ], [ -98.245753841184779, 20.397709132926806 ], [ -98.245806775394769, 20.397635498870649 ], [ -98.245877873402947, 20.397551631065461 ], [ -98.245961417628862, 20.397525614662296 ], [ -98.246016308432303, 20.3974943033801 ], [ -98.246198087576332, 20.397389274261201 ], [ -98.246336097354828, 20.39733204131484 ], [ -98.24646016996617, 20.397328109990571 ], [ -98.246536975849665, 20.397328966857042 ], [ -98.246671394768768, 20.397333058569806 ], [ -98.246802300908996, 20.397365974004369 ], [ -98.246906099145534, 20.397401948773968 ], [ -98.24697862489964, 20.397470425398659 ], [ -98.247043425171469, 20.397525581147818 ], [ -98.247171869128564, 20.397555375446586 ], [ -98.247289453411398, 20.397568879999323 ], [ -98.24737601903044, 20.397575610941026 ], [ -98.247466602857045, 20.397585111575182 ], [ -98.247638032210276, 20.397588217713878 ], [ -98.247754407753931, 20.397631389956331 ], [ -98.247848645289309, 20.397682676117263 ], [ -98.247931302224387, 20.397717478174187 ], [ -98.248066633636682, 20.397781571828837 ], [ -98.24817912588928, 20.397812740667714 ], [ -98.24821658356889, 20.397823014932847 ], [ -98.248405379776045, 20.397874800112948 ], [ -98.248494852548234, 20.397913298714155 ], [ -98.248625069958265, 20.398005214531281 ], [ -98.2486791807315, 20.398076651160157 ], [ -98.248711844177322, 20.398158042074382 ], [ -98.248756697051419, 20.398248344104328 ], [ -98.24875580374686, 20.398323250721557 ], [ -98.248794880343581, 20.3984441694823 ], [ -98.248817881441695, 20.39854582261264 ], [ -98.248841060517492, 20.398648260378781 ], [ -98.248864418405418, 20.398751493182136 ], [ -98.248863060252461, 20.398863213635135 ], [ -98.248886673619481, 20.398968036579767 ], [ -98.248917049291137, 20.399043376249669 ], [ -98.248959693583487, 20.399172559272539 ], [ -98.248983984499972, 20.399279907881844 ], [ -98.249048085753159, 20.399436466655612 ], [ -98.249151761140567, 20.399524801410617 ], [ -98.249286657923804, 20.39957304991071 ], [ -98.249405380192556, 20.399644306677889 ], [ -98.249506787802247, 20.399730301838915 ], [ -98.249550225823839, 20.399827290253121 ], [ -98.24964203628133, 20.399943270564972 ], [ -98.249744413294081, 20.400030628456602 ], [ -98.249908722059899, 20.400071477989467 ], [ -98.250135077474866, 20.400148414553239 ], [ -98.250258928311482, 20.400222317129383 ], [ -98.250371780468598, 20.400325470675998 ], [ -98.250469101080952, 20.400407743950673 ], [ -98.250567194568504, 20.400490671226216 ], [ -98.250648913796766, 20.40055189308092 ], [ -98.250828355630844, 20.400648116042284 ], [ -98.250898874363031, 20.400739260049534 ], [ -98.251057404152448, 20.400888323234621 ], [ -98.251149973800452, 20.40100658796155 ], [ -98.251255272722844, 20.401095664844615 ], [ -98.251406666442378, 20.401190856433576 ], [ -98.251505691106786, 20.40131511959363 ], [ -98.251660433432235, 20.401412818314896 ], [ -98.251761812423567, 20.401539569208769 ], [ -98.251867662014519, 20.401670425364969 ], [ -98.251918402616809, 20.401779944533502 ], [ -98.251958228786293, 20.401930322429745 ], [ -98.252073834773554, 20.402007684903584 ], [ -98.252116264164698, 20.402047032572604 ], [ -98.252164380637183, 20.402059270969513 ], [ -98.25217864506709, 20.402037979569837 ], [ -98.252258111067007, 20.401975310206439 ], [ -98.252286433091072, 20.401932963564267 ], [ -98.252325989601218, 20.401901784772313 ], [ -98.252369136777162, 20.401827906493679 ], [ -98.252398091925926, 20.401775295975881 ], [ -98.252426062840314, 20.401733462089155 ], [ -98.252440905384745, 20.401701996079016 ], [ -98.252468757214814, 20.401660351815295 ], [ -98.252508688397043, 20.401619129476831 ], [ -98.252574509854441, 20.401584818765276 ], [ -98.252624913263858, 20.40157377316401 ], [ -98.252675266372904, 20.401562738342204 ], [ -98.252721767575366, 20.401576749197179 ], [ -98.252780521693296, 20.401591169303103 ], [ -98.252816167743759, 20.401611975733818 ], [ -98.252855807868215, 20.40161598874738 ], [ -98.252907925312698, 20.401628534562619 ], [ -98.252984160593428, 20.401668916288791 ], [ -98.253035146899464, 20.401692173117681 ], [ -98.25311337503058, 20.40169994365009 ], [ -98.253167800130825, 20.401669209516875 ], [ -98.253235709632747, 20.401625716958911 ], [ -98.253267426546103, 20.401571942237801 ], [ -98.253272182874355, 20.401533716769173 ], [ -98.253304664407594, 20.40147793563051 ], [ -98.253325328334981, 20.401412800799289 ], [ -98.253342791469734, 20.401373069339236 ], [ -98.253393170240273, 20.401276001602014 ], [ -98.253399468161902, 20.401226097963793 ], [ -98.253392767658767, 20.401179590376831 ], [ -98.253386112073485, 20.401133392636027 ], [ -98.253358487317115, 20.401056846270276 ], [ -98.253337535053731, 20.401026278832216 ], [ -98.253294158054885, 20.400977379256165 ], [ -98.253252635062722, 20.400916760868494 ], [ -98.253220788097451, 20.4008774348749 ], [ -98.253172592179055, 20.40086449073749 ], [ -98.253152042482242, 20.40083439734088 ], [ -98.25309075068968, 20.400824040213919 ], [ -98.25304316996106, 20.400809507434772 ], [ -98.253011922188193, 20.40076982784225 ], [ -98.253018902369021, 20.400724347895185 ], [ -98.253053930922832, 20.400662177431109 ], [ -98.253101691299491, 20.400597749856324 ], [ -98.253148736648853, 20.400534285434407 ], [ -98.253195083825787, 20.400471762813485 ], [ -98.253230004673497, 20.400401459019221 ], [ -98.253263071820015, 20.40033441087024 ], [ -98.253308696837465, 20.400256767560176 ], [ -98.253339140827151, 20.400202314895335 ], [ -98.253369248644574, 20.400148462536372 ], [ -98.253387260275758, 20.400096899408009 ], [ -98.253381655542199, 20.400049144993261 ], [ -98.253387783036814, 20.400000091569972 ], [ -98.253383437885475, 20.399943324625397 ], [ -98.253378229384978, 20.399896159792881 ], [ -98.253373063323039, 20.399849321201199 ], [ -98.25335771277831, 20.399794685087574 ], [ -98.253364116662411, 20.399747161789207 ], [ -98.253356504282323, 20.399720196408754 ], [ -98.253340416496755, 20.399675469166432 ], [ -98.253335183370694, 20.399638164640219 ], [ -98.25332998434574, 20.399601106642354 ], [ -98.253326299254439, 20.399554890872214 ], [ -98.253311625453193, 20.399509980363639 ], [ -98.253308046457974, 20.399464512710619 ], [ -98.253311007757702, 20.399446080829922 ], [ -98.253302454052772, 20.399365649213372 ], [ -98.253319165122718, 20.399328747429127 ], [ -98.253335737236966, 20.399292153212361 ], [ -98.25333859558053, 20.399274360707597 ], [ -98.253379134373404, 20.399219124465869 ], [ -98.253428353584695, 20.39917259153442 ], [ -98.253465175078006, 20.39913593508463 ], [ -98.253515751067269, 20.399073498086391 ], [ -98.253541332275361, 20.399038459751999 ], [ -98.253607690658299, 20.399001231666052 ], [ -98.253666302960397, 20.398940450383769 ], [ -98.253739927566443, 20.398911916019678 ], [ -98.253781890174309, 20.398893453407201 ], [ -98.253834380863765, 20.398866554447995 ], [ -98.253896185781116, 20.398839382128834 ], [ -98.253928081485213, 20.398814056144364 ], [ -98.25396052174186, 20.398781099493796 ], [ -98.253993415447212, 20.398740704566919 ], [ -98.254016372015016, 20.398701220624147 ], [ -98.254030295894054, 20.398654984779078 ], [ -98.254033889033693, 20.398617191507601 ], [ -98.25403531796421, 20.398602162881929 ], [ -98.254021840441652, 20.398557003948714 ], [ -98.253999757122344, 20.398512093132371 ], [ -98.253978895840021, 20.398460220591069 ], [ -98.253957320238513, 20.398416395214479 ], [ -98.253925692442905, 20.398374154323829 ], [ -98.253901074771804, 20.398346699338667 ], [ -98.253884127940907, 20.398333190648572 ], [ -98.253860555322987, 20.39829882144786 ], [ -98.253846430947078, 20.398264323699301 ], [ -98.253840772681968, 20.398236706139976 ], [ -98.253836060741705, 20.398202342212354 ], [ -98.253819387298279, 20.398189114602509 ], [ -98.253758622179504, 20.398085915716578 ], [ -98.253746730925428, 20.397640545559298 ], [ -98.253754461124686, 20.397521818879497 ], [ -98.253813614384569, 20.397505444088246 ], [ -98.253878015300899, 20.397536925779868 ], [ -98.25393075369729, 20.397555181564467 ], [ -98.253951333686871, 20.397599186623715 ], [ -98.254021600650333, 20.397595823742229 ], [ -98.254077008501838, 20.397596628444695 ], [ -98.254124649954875, 20.397649057234272 ], [ -98.254166858180156, 20.397748806898736 ], [ -98.254189269939275, 20.397790722210704 ], [ -98.254234431279784, 20.397875183754039 ], [ -98.254269658854739, 20.397930484528171 ], [ -98.254288383794275, 20.398008005151738 ], [ -98.254307658775147, 20.398075156149684 ], [ -98.254336220904122, 20.398169963559329 ], [ -98.254382427762621, 20.39824237374512 ], [ -98.254405734620775, 20.39827889744436 ], [ -98.254469816010555, 20.398328241471496 ], [ -98.254536119824365, 20.398369694914919 ], [ -98.254605882920018, 20.398385495389558 ], [ -98.254692028853526, 20.398376668954299 ], [ -98.254778654169996, 20.398351851005064 ], [ -98.254825507226329, 20.398276812478375 ], [ -98.254816030867829, 20.39821319819837 ], [ -98.254824623975097, 20.398114217854609 ], [ -98.254831928303389, 20.398033224324077 ], [ -98.254817282074356, 20.397899594595671 ], [ -98.254772331749237, 20.39781259884338 ], [ -98.254747240180748, 20.397667869817415 ], [ -98.254741373143986, 20.397596729445787 ], [ -98.254710831457089, 20.397495804042759 ], [ -98.254692025457302, 20.397420477439674 ], [ -98.25465832893174, 20.397366180065511 ], [ -98.254636576218658, 20.397324776145606 ], [ -98.254589880164133, 20.397274882557618 ], [ -98.254570265476815, 20.397217969704048 ], [ -98.254550823677079, 20.39716155808954 ], [ -98.254520111684613, 20.397093490241584 ], [ -98.254499177941483, 20.397053672765502 ], [ -98.254495401068041, 20.396979899636019 ], [ -98.254487898852418, 20.396937437215641 ], [ -98.254484234466403, 20.396865171120705 ], [ -98.254480617145305, 20.396793842639969 ], [ -98.254475171835153, 20.396738068047039 ], [ -98.254486746935797, 20.396649635384556 ], [ -98.254481512271255, 20.3965948411401 ], [ -98.254476330357775, 20.39654060073773 ], [ -98.254485803323945, 20.396469616719941 ], [ -98.254495138956429, 20.39639966202116 ], [ -98.2545043404062, 20.396330714107801 ], [ -98.254539918284436, 20.396243480104701 ], [ -98.254548644828603, 20.396176822048396 ], [ -98.254565996029825, 20.39613450496195 ], [ -98.254573648499061, 20.396071631418167 ], [ -98.25456603829015, 20.396037267840274 ], [ -98.254576264733444, 20.395952109570466 ], [ -98.25457163323604, 20.395894559751891 ], [ -98.254568492996739, 20.395825828241627 ], [ -98.254555139682481, 20.395748633653351 ], [ -98.254549713069622, 20.395703547754994 ], [ -98.25453640118937, 20.395636463165086 ], [ -98.254518399945511, 20.395605035085495 ], [ -98.25449405574517, 20.395540940663224 ], [ -98.254490954242243, 20.395485562777015 ], [ -98.254477955398855, 20.39542198324887 ], [ -98.254459454971084, 20.395393851070409 ], [ -98.254422657450917, 20.395337895167639 ], [ -98.254423981397423, 20.395327631342468 ], [ -98.254409701651127, 20.395269317935593 ], [ -98.254392875920601, 20.395231682623763 ], [ -98.25439307306155, 20.395159594243822 ], [ -98.254387635829232, 20.395128483789868 ], [ -98.25435938252356, 20.395047324088047 ], [ -98.254348905742049, 20.394986831989517 ], [ -98.254345446671891, 20.394946778131857 ], [ -98.254335181694643, 20.39488764312123 ], [ -98.25431985839225, 20.394858886659549 ], [ -98.254287730558062, 20.394811688365671 ], [ -98.254259506543036, 20.394745627049765 ], [ -98.254246857889271, 20.394686095998541 ], [ -98.254231287583082, 20.394659567486354 ], [ -98.254228252299896, 20.394622558681949 ], [ -98.254208250300039, 20.39457603427584 ], [ -98.254190074983569, 20.39452113619631 ], [ -98.254172141320154, 20.394466967065668 ], [ -98.254161325696217, 20.394423200807186 ], [ -98.254139041085679, 20.394382139204701 ], [ -98.254115014247461, 20.394350198518616 ], [ -98.254115921938023, 20.394298686097525 ], [ -98.254117814633133, 20.394289978290832 ], [ -98.254122446412552, 20.394222073168606 ], [ -98.254113956379612, 20.394214577261597 ], [ -98.254118579407574, 20.394147891216519 ], [ -98.254136193117617, 20.394113519242879 ], [ -98.254172756203815, 20.394078623283978 ], [ -98.254220742906725, 20.394056199936561 ], [ -98.254273287721105, 20.394057743520936 ], [ -98.254305529581401, 20.394074827747378 ], [ -98.254336525490416, 20.394100109029498 ], [ -98.254367750996209, 20.394125577525745 ], [ -98.254391656699795, 20.394142761020891 ], [ -98.254432205953961, 20.394168852551182 ], [ -98.254447482390376, 20.39418594998164 ], [ -98.254470532609886, 20.394211747568111 ], [ -98.254483461439378, 20.394245783702061 ], [ -98.254510909736055, 20.394306231830782 ], [ -98.254530849306789, 20.394358644948877 ], [ -98.254554638810916, 20.394399715487037 ], [ -98.254597551090853, 20.394455165459163 ], [ -98.254620461207736, 20.394520062555237 ], [ -98.254627099283752, 20.39455293885068 ], [ -98.254652642749875, 20.394593582513519 ], [ -98.25467076503071, 20.39460958720932 ], [ -98.254696528183928, 20.394650544567046 ], [ -98.254730141283389, 20.394716896295524 ], [ -98.254775383622828, 20.394759068883065 ], [ -98.254792949743219, 20.394777314881367 ], [ -98.254819325838767, 20.394812217591262 ], [ -98.254873876263346, 20.39486494658907 ], [ -98.254881833638805, 20.394883920181542 ], [ -98.254913993790865, 20.394960603565416 ], [ -98.254946693005579, 20.395038572689817 ], [ -98.254982022235254, 20.395089294403402 ], [ -98.255009961277153, 20.395110998591825 ], [ -98.255028240289093, 20.39513192348733 ], [ -98.255074954708419, 20.395175010356159 ], [ -98.255123221707578, 20.395221979750225 ], [ -98.25516272788343, 20.395257153346698 ], [ -98.255192460751445, 20.395283625491103 ], [ -98.255222282788083, 20.395310177005801 ], [ -98.255272731197323, 20.395336598010637 ], [ -98.25531304205974, 20.39536320023057 ], [ -98.255363316083375, 20.395407891046037 ], [ -98.255414174463027, 20.395435082616697 ], [ -98.255475125250726, 20.395466042760997 ], [ -98.255516006380432, 20.395493859555561 ], [ -98.255587972632739, 20.395516837420811 ], [ -98.255628929103096, 20.395551063764508 ], [ -98.255680634861193, 20.395586776472115 ], [ -98.255711817845125, 20.395620331520401 ], [ -98.255743173856359, 20.395674258866705 ], [ -98.255774851828917, 20.395718571529471 ], [ -98.255817477090986, 20.395764584992445 ], [ -98.255849715637979, 20.395799386035605 ], [ -98.255892912887447, 20.39585027245457 ], [ -98.255925435029127, 20.395880974313485 ], [ -98.25595809861241, 20.39591181000382 ], [ -98.255991144285559, 20.39596238575475 ], [ -98.256024132021338, 20.395993569526556 ], [ -98.256046204073414, 20.396014434828878 ], [ -98.256079604139856, 20.396055771427395 ], [ -98.256124360416194, 20.396107911611583 ], [ -98.256180465229932, 20.396144793668064 ], [ -98.256213848798751, 20.396156802808932 ], [ -98.256271493430702, 20.39621695808551 ], [ -98.256307559921737, 20.396277584920849 ], [ -98.256343624064854, 20.396328047274494 ], [ -98.25640195861456, 20.396351250537794 ], [ -98.25644955523083, 20.396383098289629 ], [ -98.256474513131892, 20.396421154138352 ], [ -98.256488870426097, 20.39647911150994 ], [ -98.256491474599827, 20.396534924864895 ], [ -98.256541325772019, 20.396590636141219 ], [ -98.2565911465949, 20.396635580084009 ], [ -98.256630238329009, 20.396699577743085 ], [ -98.256666602616974, 20.396732854524465 ], [ -98.256703105606206, 20.396766258074386 ], [ -98.256727979994224, 20.396799169691931 ], [ -98.256742091572406, 20.396852812549653 ], [ -98.256768594359571, 20.396918064312878 ], [ -98.256781910014652, 20.396950848359641 ], [ -98.256819554666095, 20.39699581824808 ], [ -98.256880708051952, 20.397031508525185 ], [ -98.256944894989502, 20.3970864094244 ], [ -98.257025100797392, 20.397154466181849 ], [ -98.257080869177372, 20.397226681564682 ], [ -98.257124788446333, 20.397307025695802 ], [ -98.257168478470845, 20.397376838750489 ], [ -98.257196069204625, 20.397396882616764 ], [ -98.257239693618857, 20.397456117285312 ], [ -98.257269418228901, 20.397500240108567 ], [ -98.257316813590776, 20.397588302978235 ], [ -98.257338028750723, 20.397680399620029 ], [ -98.257356273936807, 20.397772471156571 ], [ -98.257356405560699, 20.397809705897512 ], [ -98.25736910290999, 20.397847312347061 ], [ -98.257394374923081, 20.397885299324678 ], [ -98.257432235971095, 20.397923674663932 ], [ -98.257470084496987, 20.397952750965583 ], [ -98.25749536471136, 20.397981468726158 ], [ -98.257533249507077, 20.398010575647636 ], [ -98.257583833557433, 20.398058742329376 ], [ -98.257635288301799, 20.398090907694961 ], [ -98.257700069960833, 20.398097512209095 ], [ -98.257738928877728, 20.398082758136205 ], [ -98.257804003235691, 20.398080223903065 ], [ -98.257856543809794, 20.398077280823443 ], [ -98.257922453195192, 20.398076064567537 ], [ -98.257975523075572, 20.398083012615569 ], [ -98.25804127536253, 20.398061966649525 ], [ -98.258107728117409, 20.39806072274213 ], [ -98.258160979186982, 20.398057736934145 ], [ -98.258214355026993, 20.398054743595235 ], [ -98.258227507490858, 20.398046527812717 ], [ -98.25838412149534, 20.398100768398983 ], [ -98.258485379504606, 20.398119371385786 ], [ -98.258546316122562, 20.398133953324521 ], [ -98.258617234453055, 20.398166506883538 ], [ -98.258656226832315, 20.39818205032585 ], [ -98.25873352929213, 20.39819899191157 ], [ -98.258762699958709, 20.398205384941065 ], [ -98.258812003055795, 20.39820715049407 ], [ -98.258881289918179, 20.398213226474589 ], [ -98.258911399978714, 20.398210710057171 ], [ -98.259002690140676, 20.398218817648424 ], [ -98.259044473916504, 20.398224290011797 ], [ -98.259097300869954, 20.398222061826772 ], [ -98.259150297967196, 20.398219826447232 ], [ -98.259213638268065, 20.398228081811585 ], [ -98.259286343929077, 20.398274394884218 ], [ -98.259348478487411, 20.398328815700538 ], [ -98.259390253781575, 20.398362218885456 ], [ -98.259422152023575, 20.398375796781579 ], [ -98.259475389347614, 20.398401600719698 ], [ -98.259507518067807, 20.398415281072939 ], [ -98.259561806582212, 20.3984226337646 ], [ -98.259615980213312, 20.398439349478135 ], [ -98.259670381049261, 20.398456135071314 ], [ -98.259724716237812, 20.398482377573764 ], [ -98.259746354566758, 20.398486654666407 ], [ -98.259820732332003, 20.398516066020338 ], [ -98.259831522177009, 20.398518727252871 ], [ -98.259908113760901, 20.398526443637959 ], [ -98.259962748963417, 20.398539882334873 ], [ -98.260019224325845, 20.398538726501002 ], [ -98.260075371878216, 20.398565769961301 ], [ -98.260143541366901, 20.398584218096335 ], [ -98.260176699997501, 20.398628996418029 ], [ -98.260187294514367, 20.39866093965669 ], [ -98.260185808604618, 20.398711967447809 ], [ -98.260196450207317, 20.398744130866124 ], [ -98.260171871751709, 20.39879251427438 ], [ -98.260136010598742, 20.398829209841619 ], [ -98.260100449253272, 20.398855626191146 ], [ -98.260064541219066, 20.398892365214017 ], [ -98.26002895949803, 20.398918797600821 ], [ -98.259993374046488, 20.398945232409908 ], [ -98.259945536214261, 20.39899084390516 ], [ -98.259909132648772, 20.39903805930653 ], [ -98.259895639953996, 20.399088514979631 ], [ -98.259893615837711, 20.399140722875529 ], [ -98.259938164716999, 20.399189123362948 ], [ -98.259960533872231, 20.3992134265693 ], [ -98.260029184486285, 20.399236923695248 ], [ -98.260063328447998, 20.399254867256893 ], [ -98.260133490150736, 20.399256246350294 ], [ -98.260193185462271, 20.399232354564305 ], [ -98.260264658033549, 20.399210573056781 ], [ -98.260324137095523, 20.39919816174535 ], [ -98.260395898815105, 20.399176297871271 ], [ -98.260443180327499, 20.399184823778935 ], [ -98.260491222519931, 20.399170202276299 ], [ -98.260562901684722, 20.39917140989045 ], [ -98.260623128696494, 20.39915886863384 ], [ -98.260671293626686, 20.399155784897459 ], [ -98.260731630003733, 20.399154829003063 ], [ -98.260792047488678, 20.399165535913792 ], [ -98.260840481950993, 20.39918584298421 ], [ -98.260925741467162, 20.39923635414468 ], [ -98.2609748565323, 20.399256982063108 ], [ -98.261024221745615, 20.399301498050047 ], [ -98.261049088024208, 20.399363401102221 ], [ -98.261086568389175, 20.399425166262741 ], [ -98.261137191914273, 20.399521835142679 ], [ -98.261201090862244, 20.399591564306661 ], [ -98.261239982399388, 20.399642961002488 ], [ -98.261279502959781, 20.399709527512545 ], [ -98.261305896298254, 20.399744451406896 ], [ -98.261346821490946, 20.399842128908329 ], [ -98.261373710101012, 20.399877843016991 ], [ -98.261401740180347, 20.399956174685833 ], [ -98.261415987996813, 20.400002043851078 ], [ -98.261431000232307, 20.400076542083841 ], [ -98.261433043043624, 20.400162127828537 ], [ -98.261434760787196, 20.400234089995518 ], [ -98.261422932374259, 20.400302555644718 ], [ -98.261423926303763, 20.400346078515017 ], [ -98.261411540102955, 20.400398808835295 ], [ -98.261413389955607, 20.400485528159987 ], [ -98.261428717519223, 20.400563278694499 ], [ -98.261458060162667, 20.400646720409888 ], [ -98.261514557561483, 20.40069640598092 ], [ -98.261571159124358, 20.400731565894013 ], [ -98.261627235608046, 20.400736778944147 ], [ -98.261683884002068, 20.400754928347801 ], [ -98.261771237376792, 20.400858262559034 ], [ -98.261814632264944, 20.400904690229471 ], [ -98.261857399519783, 20.400934679474265 ], [ -98.262043017873935, 20.401061598498984 ], [ -98.262114635436319, 20.40110420794711 ], [ -98.262171838261153, 20.401132700253488 ], [ -98.26225934949133, 20.401162607784233 ], [ -98.26230174770609, 20.401154065253902 ], [ -98.262354470758538, 20.40109613151732 ], [ -98.262395318946986, 20.401070211813757 ], [ -98.262445199525473, 20.401001625438809 ], [ -98.262441181965684, 20.400952625090991 ], [ -98.262463207892097, 20.400865959802747 ], [ -98.262473599056975, 20.400820476144432 ], [ -98.262470996649526, 20.400788867569887 ], [ -98.262504483956022, 20.40068529423549 ], [ -98.262499094636794, 20.400622611325161 ], [ -98.262537624230205, 20.400582793654333 ], [ -98.262557717810907, 20.400494646741574 ], [ -98.262593022442942, 20.400424405886493 ], [ -98.262660408844084, 20.400403809889653 ], [ -98.262732290266669, 20.400428728291256 ], [ -98.262779315020467, 20.400480406712383 ], [ -98.262828285394647, 20.400547887063031 ], [ -98.262888712637107, 20.400586924977343 ], [ -98.262933426230632, 20.400608573259635 ], [ -98.263006824344572, 20.400633437279168 ], [ -98.263081629218263, 20.400681951829821 ], [ -98.263155484012898, 20.400716496326606 ], [ -98.263242528216921, 20.400738142251189 ], [ -98.263315558121349, 20.400758627076193 ], [ -98.26337753712464, 20.400806679187951 ], [ -98.263423851455428, 20.400839281143536 ], [ -98.263501770522609, 20.400891314119097 ], [ -98.263579389067417, 20.40093127287636 ], [ -98.263659392220646, 20.400986572197123 ], [ -98.263710034002003, 20.401038170835516 ], [ -98.263780030209006, 20.401122692526769 ], [ -98.263831904305277, 20.401186708323205 ], [ -98.263865322002871, 20.40121939405774 ], [ -98.263936688036708, 20.401316017753736 ], [ -98.263953584912329, 20.401332567574379 ], [ -98.264004452360538, 20.40138239121319 ], [ -98.264073924773328, 20.401441363350248 ], [ -98.264175026629232, 20.401505433693483 ], [ -98.26427116064032, 20.401535809841935 ], [ -98.264336552107281, 20.401561877280987 ], [ -98.264399154468336, 20.401570839825595 ], [ -98.264472847076632, 20.401561500142471 ], [ -98.264511448743178, 20.401551009200531 ], [ -98.264572731310423, 20.40157845964788 ], [ -98.264653421348086, 20.401625959665566 ], [ -98.264716439150874, 20.401595799684191 ], [ -98.264730597226574, 20.401535050771948 ], [ -98.264709386412193, 20.401441524017276 ], [ -98.264703549677833, 20.401350499098836 ], [ -98.264710690935502, 20.401315954470771 ], [ -98.264737364603121, 20.401243996850599 ], [ -98.264763806988341, 20.401172665943911 ], [ -98.264780399995104, 20.401120369036899 ], [ -98.264828270531609, 20.401028722141614 ], [ -98.264853970115027, 20.400959264704621 ], [ -98.264860655963858, 20.400926285971533 ], [ -98.264874123783457, 20.400838068040905 ], [ -98.264893186064768, 20.400728085062198 ], [ -98.264917851871004, 20.400598048766415 ], [ -98.264930835521042, 20.400474426967808 ], [ -98.264936556862651, 20.400402675615371 ], [ -98.264932856097545, 20.400337604607525 ], [ -98.264928668735791, 20.400223471855437 ], [ -98.264913031169257, 20.400161637130562 ], [ -98.264900012103681, 20.400065653335776 ], [ -98.264887165811373, 20.399970945143561 ], [ -98.264878272050609, 20.399892316188389 ], [ -98.264866920196894, 20.399801546712947 ], [ -98.264854292000564, 20.39974630287869 ], [ -98.264845279824684, 20.399660108704296 ], [ -98.264829735174573, 20.399592297019002 ], [ -98.264803658939258, 20.399492308780424 ], [ -98.264782047005099, 20.399382764175037 ], [ -98.264726525061334, 20.399313176957936 ], [ -98.264704026694744, 20.399238346850581 ], [ -98.264722964743029, 20.39918805946866 ], [ -98.264756901466384, 20.399150970801539 ], [ -98.264779920196744, 20.399116074719551 ], [ -98.264784784411574, 20.399023903652271 ], [ -98.264773039880168, 20.398950958134908 ], [ -98.264759785730178, 20.398908695880074 ], [ -98.264750739982063, 20.398840007219281 ], [ -98.264741337570257, 20.398802745036456 ], [ -98.264716493134884, 20.398704289389912 ], [ -98.26469154784094, 20.398576324432224 ], [ -98.264680774649349, 20.398508573783406 ], [ -98.26466771736672, 20.398468626157118 ], [ -98.264652897015708, 20.398389076800257 ], [ -98.264653484469534, 20.39832308442416 ], [ -98.264680090366966, 20.398269716954086 ], [ -98.264728076769913, 20.398215957913621 ], [ -98.264788600664929, 20.398200504995739 ], [ -98.264840609072138, 20.398223918560461 ], [ -98.264901832332413, 20.398272917030255 ], [ -98.264928070982052, 20.398284749036474 ], [ -98.265028826512321, 20.398349066645075 ], [ -98.265213767178665, 20.398488097070032 ], [ -98.265235392880868, 20.398524052503653 ], [ -98.2652736418774, 20.398570602288075 ], [ -98.265319104572839, 20.398635745946439 ], [ -98.265360069073012, 20.398674029609641 ], [ -98.265384994567469, 20.398708268720796 ], [ -98.265410784054581, 20.39873442298228 ], [ -98.265446059407822, 20.398761168386969 ], [ -98.265471418641795, 20.398795915681859 ], [ -98.265507035334466, 20.398822958548603 ], [ -98.26555164478826, 20.398859061892406 ], [ -98.265622091142262, 20.398917673436447 ], [ -98.265667145129754, 20.398948056289797 ], [ -98.265711028782221, 20.398996763583419 ], [ -98.265749616652755, 20.399028265750484 ], [ -98.265778163026965, 20.399060376363824 ], [ -98.26581732150666, 20.39908353816395 ], [ -98.265855188975522, 20.399117862843951 ], [ -98.265883245340262, 20.399137697844761 ], [ -98.265911415761849, 20.39915761338883 ], [ -98.26597781813571, 20.399198703714244 ], [ -98.266006041566783, 20.399227444924815 ], [ -98.266073334289771, 20.399269137211636 ], [ -98.266132004565478, 20.39929224124911 ], [ -98.266161321582189, 20.399312031105051 ], [ -98.266220477613587, 20.399343218968845 ], [ -98.266290420607234, 20.399358259130096 ], [ -98.266330488027236, 20.39937059706261 ], [ -98.266370842909083, 20.399374311101795 ], [ -98.266411437410454, 20.399369362648439 ], [ -98.266472524769767, 20.39935758434379 ], [ -98.266523307931266, 20.399370917382647 ], [ -98.26656424029116, 20.399365530778709 ], [ -98.2666359530904, 20.399371302668889 ], [ -98.266687336237283, 20.399384182048799 ], [ -98.26670794073425, 20.399386714463397 ], [ -98.266759632285215, 20.399402949236361 ], [ -98.266801220627855, 20.399417861915104 ], [ -98.266864040315966, 20.399445033494821 ], [ -98.266916924340038, 20.399480345872227 ], [ -98.266959882682215, 20.399533360621806 ], [ -98.266981538739358, 20.399564198127695 ], [ -98.267014289215155, 20.399623165994516 ], [ -98.267057822582927, 20.39966576061871 ], [ -98.267101548207492, 20.399699670051163 ], [ -98.267156327999487, 20.3997263513048 ], [ -98.267189542696983, 20.399749933031558 ], [ -98.267266481300922, 20.39977691014446 ], [ -98.267343697179129, 20.399802689996815 ], [ -98.267388580432112, 20.39983506400846 ], [ -98.267433382590653, 20.39985810223288 ], [ -98.26747837802823, 20.399881240179088 ], [ -98.267545499986284, 20.399896995499788 ], [ -98.267613111206401, 20.399905414957686 ], [ -98.267692508644856, 20.399915581985976 ], [ -98.267750028223787, 20.399932680618125 ], [ -98.267784901100143, 20.39994691570049 ], [ -98.267809607031012, 20.399979820833739 ], [ -98.267858768363837, 20.400036012176329 ], [ -98.267883835560085, 20.400069374414286 ], [ -98.267910345019672, 20.400123331333578 ], [ -98.267948766592454, 20.400179232355978 ], [ -98.267963258499222, 20.40022208550868 ], [ -98.26800144514435, 20.400268359267088 ], [ -98.268039904864239, 20.400314964385512 ], [ -98.268078641821404, 20.400361904352046 ], [ -98.268128862027623, 20.400400252635915 ], [ -98.268204124841617, 20.400443682733343 ], [ -98.268245406504761, 20.400487006146122 ], [ -98.268312121001827, 20.400535616272759 ], [ -98.268353884329855, 20.400578692506713 ], [ -98.268421654835336, 20.400627677059699 ], [ -98.268492266032112, 20.400690710461411 ], [ -98.268547514487992, 20.400726817292835 ], [ -98.268604550793214, 20.400774902359121 ], [ -98.268676116322084, 20.400836664405968 ], [ -98.268720555447658, 20.400881721275383 ], [ -98.268763559864226, 20.400914372677931 ], [ -98.268867641585089, 20.401008744900381 ], [ -98.268911714669542, 20.401042261711506 ], [ -98.268983118565544, 20.401081073655131 ], [ -98.269040401391948, 20.401115392423396 ], [ -98.269093885885852, 20.401132716124369 ], [ -98.269160372321195, 20.401150968332296 ], [ -98.269227125776055, 20.401169293765196 ], [ -98.269290200926264, 20.401171447018775 ], [ -98.269323788944803, 20.401156023680777 ], [ -98.269364081778306, 20.40111284198667 ], [ -98.269386911368997, 20.401043572340633 ], [ -98.26941212393811, 20.400988355845687 ], [ -98.269438372027977, 20.400880393495086 ], [ -98.269469466739324, 20.400800073380651 ], [ -98.269482219289529, 20.400747424309049 ], [ -98.269480640292073, 20.40068296195026 ], [ -98.269489701908512, 20.400617323889207 ], [ -98.269487149131592, 20.400552775075035 ], [ -98.269481915707459, 20.400476396302494 ], [ -98.269471141490456, 20.400426643509491 ], [ -98.269455138071521, 20.40035274251348 ], [ -98.269444572625829, 20.400303954009946 ], [ -98.269433952038455, 20.400214358105149 ], [ -98.269416854077207, 20.400125824358469 ], [ -98.2693904178753, 20.400049427191746 ], [ -98.269375369109866, 20.399965987337641 ], [ -98.26933938981918, 20.399907386781791 ], [ -98.26929790406335, 20.39986408339669 ], [ -98.269272622488785, 20.399843648466867 ], [ -98.26922193714212, 20.399788370869128 ], [ -98.269175257294208, 20.399708143776188 ], [ -98.269152518841608, 20.399668952739418 ], [ -98.269128125862736, 20.399596115454919 ], [ -98.269100369201368, 20.399519582184798 ], [ -98.269080527557136, 20.399484631151751 ], [ -98.269063906795893, 20.399425233202152 ], [ -98.26903779841065, 20.399331928871394 ], [ -98.269009109075284, 20.399264283819438 ], [ -98.268952560633494, 20.399200530941499 ], [ -98.268899864563835, 20.39916851121508 ], [ -98.268860975157452, 20.399155887551558 ], [ -98.268793621222784, 20.399138626884096 ], [ -98.268730836751331, 20.399114399425073 ], [ -98.268698363900711, 20.399097088664554 ], [ -98.268656515649596, 20.399080868500779 ], [ -98.268574882360667, 20.399058666749248 ], [ -98.268544501579981, 20.399051613993571 ], [ -98.268483701290194, 20.399037499223326 ], [ -98.268411511442025, 20.399014235040859 ], [ -98.268341061491896, 20.399001129893385 ], [ -98.268289357648896, 20.398985395823122 ], [ -98.268202704967877, 20.398940209275032 ], [ -98.26812368464536, 20.398875110189721 ], [ -98.268099905596387, 20.39884688155729 ], [ -98.268065116265461, 20.398809638664353 ], [ -98.268051402867911, 20.398781213669746 ], [ -98.268022935568013, 20.39871532038179 ], [ -98.268016657041173, 20.398668069959069 ], [ -98.268000802875477, 20.398621753914565 ], [ -98.267997128308409, 20.3985938889439 ], [ -98.267996970581848, 20.398519922683519 ], [ -98.268001640780042, 20.398483159513294 ], [ -98.268005064038718, 20.3984377292037 ], [ -98.268016280298241, 20.398382979995016 ], [ -98.268029395714308, 20.398345909390336 ], [ -98.268041087060382, 20.398300408824849 ], [ -98.268061639107202, 20.39825477192425 ], [ -98.268090865176646, 20.398209054626978 ], [ -98.268120229056677, 20.398157575205246 ], [ -98.268136052873871, 20.398133480896146 ], [ -98.268177679554753, 20.398100273679635 ], [ -98.268219005122489, 20.398067307312825 ], [ -98.268243937605746, 20.398050657991579 ], [ -98.268286232388817, 20.398033068209354 ], [ -98.268319612199903, 20.398016067725855 ], [ -98.268352089818066, 20.397991686366606 ], [ -98.26839377068535, 20.39797438899776 ], [ -98.268418827705503, 20.397965537272515 ], [ -98.268452383798632, 20.397956240741994 ], [ -98.268495971251681, 20.397961274981292 ], [ -98.268549627764145, 20.39798059445631 ], [ -98.268593007922149, 20.397985588374816 ], [ -98.268645619010329, 20.397997467779355 ], [ -98.268687882191671, 20.397995056424545 ], [ -98.268704747010034, 20.397994094196495 ], [ -98.268763591865465, 20.397990736779942 ], [ -98.268812862561035, 20.397980547516539 ], [ -98.268846211354557, 20.397978654818203 ], [ -98.268886795049866, 20.397969003096339 ], [ -98.268918939043289, 20.397959856710035 ], [ -98.268967440965781, 20.397949823358459 ], [ -98.268998283719498, 20.397933521334856 ], [ -98.269030340652762, 20.397918079106478 ], [ -98.269081563232518, 20.397896879843437 ], [ -98.269107425050265, 20.397889756189137 ], [ -98.269280422978227, 20.397826265988439 ], [ -98.269368276531964, 20.397825330406075 ], [ -98.269418700253922, 20.397809709177938 ], [ -98.269469043906369, 20.397794112763883 ], [ -98.269537959114146, 20.397785867261664 ], [ -98.26956791617674, 20.397778036395156 ], [ -98.269654579975594, 20.397784650615257 ], [ -98.269715892423761, 20.397775045789423 ], [ -98.269767066815646, 20.397772779983313 ], [ -98.269818114591644, 20.397770519823343 ], [ -98.269879205370685, 20.397767814963611 ], [ -98.269978527145511, 20.39776478885241 ], [ -98.270051639603949, 20.397773773043991 ], [ -98.270088676418354, 20.397767455305416 ], [ -98.270134942041722, 20.397761354964004 ], [ -98.270190195934319, 20.39776268733651 ], [ -98.270226809263079, 20.397770799276085 ], [ -98.27025423200709, 20.397778696445279 ], [ -98.27032765559666, 20.397794965905497 ], [ -98.270365311693681, 20.397802380119586 ], [ -98.270422482227701, 20.397802392891307 ], [ -98.270460595953935, 20.397802401878831 ], [ -98.270498709629194, 20.397802410772005 ], [ -98.270536773217927, 20.397809494061168 ], [ -98.270613001465748, 20.39780951173023 ], [ -98.270632058789005, 20.39780951581292 ], [ -98.270669952349735, 20.397816769297357 ], [ -98.270707810405625, 20.397817037115949 ], [ -98.270764572509449, 20.397824516935849 ], [ -98.270830834752005, 20.397832067324284 ], [ -98.270887735185823, 20.397825391048478 ], [ -98.270944616053868, 20.397825794706403 ], [ -98.271001581600359, 20.397833164630267 ], [ -98.271030284205253, 20.397833073315311 ], [ -98.271078157356257, 20.39784694190735 ], [ -98.271135561686719, 20.397853767205028 ], [ -98.271183391589545, 20.397860621698946 ], [ -98.271250366681016, 20.397881426832178 ], [ -98.27128861512675, 20.39788830805735 ], [ -98.271345951710344, 20.397902180550993 ], [ -98.271365018149254, 20.397902185050846 ], [ -98.271412684575978, 20.39790219570294 ], [ -98.271479431557566, 20.397909215927271 ], [ -98.271527096629725, 20.397909226685567 ], [ -98.271593839930816, 20.397916248030885 ], [ -98.271660331691692, 20.39792379701629 ], [ -98.271736364199427, 20.397931420712325 ], [ -98.271793414209441, 20.397938906262493 ], [ -98.271850488822622, 20.397946395190999 ], [ -98.271926620121903, 20.397961094652423 ], [ -98.271964702508171, 20.397968447648722 ], [ -98.272040900859935, 20.397983160089019 ], [ -98.272117143590819, 20.397997881410276 ], [ -98.272174358235972, 20.398005392441583 ], [ -98.272240874247345, 20.398014524961045 ], [ -98.272297965100904, 20.398016518837103 ], [ -98.272374255281406, 20.398019183274133 ], [ -98.272422034883462, 20.398020851909948 ], [ -98.27249864006771, 20.398023527230585 ], [ -98.272546609561573, 20.398032509856126 ], [ -98.272604288701075, 20.39803453118709 ], [ -98.272681371794462, 20.398044557521992 ], [ -98.272729649902118, 20.398046255287948 ], [ -98.272826437273395, 20.39804965920835 ], [ -98.272894362398318, 20.398059126483219 ], [ -98.272972132164895, 20.398061558410674 ], [ -98.27304036228702, 20.398071031767991 ], [ -98.27310874021488, 20.398080525734571 ], [ -98.273167474711798, 20.398089730854064 ], [ -98.273216566054629, 20.398106008040191 ], [ -98.273285334943978, 20.398115567637902 ], [ -98.273383806706278, 20.398126094055034 ], [ -98.273403284687902, 20.398126074499899 ], [ -98.273451543933248, 20.398124908464979 ], [ -98.27352861022176, 20.398130135759686 ], [ -98.273595866874459, 20.398128281209122 ], [ -98.273653348352852, 20.398119362633686 ], [ -98.273749083614177, 20.398116731648749 ], [ -98.273825504483966, 20.398114631408159 ], [ -98.27389215776482, 20.398105489479104 ], [ -98.273949274791349, 20.398103925036395 ], [ -98.274025301643633, 20.398101842622754 ], [ -98.2740726373965, 20.398093253755857 ], [ -98.274137702373679, 20.398082565362497 ], [ -98.274202604423863, 20.398064873399271 ], [ -98.274258835426622, 20.398048707039415 ], [ -98.274315294860585, 20.398040075428565 ], [ -98.274370984101665, 20.398016464241785 ], [ -98.274417825074806, 20.398008055525146 ], [ -98.274464244355826, 20.397992178771684 ], [ -98.274547829362788, 20.397968144487351 ], [ -98.274556849732619, 20.397960504904013 ], [ -98.274603424013591, 20.397952158595007 ], [ -98.274677256666919, 20.397928410351415 ], [ -98.274686623381058, 20.397928235033451 ], [ -98.274732608348728, 20.397912496574261 ], [ -98.274795169458784, 20.397887594771671 ], [ -98.27485622541893, 20.397868722641949 ], [ -98.274907776592599, 20.397843173714641 ], [ -98.274967827781808, 20.397817179638992 ], [ -98.275027560510026, 20.397791323233132 ], [ -98.275070096929213, 20.397773978259274 ], [ -98.275129747748196, 20.397755610859939 ], [ -98.275214388988616, 20.397728494891972 ], [ -98.275290240588376, 20.397695424144977 ], [ -98.275331038318356, 20.397664199067783 ], [ -98.275433946844529, 20.397652038520043 ], [ -98.275537872389307, 20.397594690937229 ], [ -98.275570215764773, 20.397585354652783 ], [ -98.275609997512518, 20.397568358450901 ], [ -98.275649614109312, 20.397551432910856 ], [ -98.275681603946097, 20.39754221566082 ], [ -98.275712799119304, 20.397525918880433 ], [ -98.275768190061015, 20.397508156455274 ], [ -98.275814635949288, 20.397483991442208 ], [ -98.275852492808227, 20.397453588682858 ], [ -98.275859922330611, 20.397446130223745 ], [ -98.275963538315182, 20.397367742276614 ], [ -98.276049899572698, 20.397331212720296 ], [ -98.276113685921231, 20.39731150605834 ], [ -98.27616699263956, 20.397292446376955 ], [ -98.276221236429379, 20.397258391602168 ], [ -98.276263806516752, 20.397240206293365 ], [ -98.276305714041442, 20.397229506211001 ], [ -98.276337152496765, 20.397219660474658 ], [ -98.276389032818088, 20.397208232551716 ], [ -98.276451666716355, 20.397181448417097 ], [ -98.276502049900415, 20.397171094299839 ], [ -98.276542904404636, 20.39715387892511 ], [ -98.276604446681731, 20.39712074509978 ], [ -98.276624694057901, 20.397112220405152 ], [ -98.276695520061608, 20.397078815531845 ], [ -98.276744880688994, 20.39706876986283 ], [ -98.27679405733484, 20.397058761477211 ], [ -98.276851884624378, 20.397062842827289 ], [ -98.276919744095892, 20.397058910229777 ], [ -98.276977232747697, 20.397062864464413 ], [ -98.276996914266249, 20.39705443818572 ], [ -98.277044534152211, 20.397058947437717 ], [ -98.277121071570761, 20.397054492891975 ], [ -98.27718807219388, 20.397043360184451 ], [ -98.277245272953877, 20.397032830826362 ], [ -98.277254725093684, 20.397032285389663 ], [ -98.277320352818506, 20.397022378535556 ], [ -98.277394166442846, 20.397013600648371 ], [ -98.277431224907303, 20.397005476896801 ], [ -98.277468218528995, 20.39699736753499 ], [ -98.277541908562412, 20.396981402648844 ], [ -98.277606163018703, 20.396965877605684 ], [ -98.277642752850468, 20.39695808567755 ], [ -98.277688337743996, 20.396950215023757 ], [ -98.277724218525975, 20.39695727125444 ], [ -98.277769440758618, 20.396956819198234 ], [ -98.277823672997599, 20.39695627698109 ], [ -98.277877867400633, 20.396955735132693 ], [ -98.277941046845882, 20.396955103388603 ], [ -98.278013189274731, 20.39695438212707 ], [ -98.278049236566645, 20.396954016732344 ], [ -98.278103552429684, 20.396945002014842 ], [ -98.278166636588466, 20.396942924694205 ], [ -98.27822055575497, 20.39693483790915 ], [ -98.278274293480038, 20.39693520487555 ], [ -98.278319083013031, 20.396942712760879 ], [ -98.27838186699708, 20.396950352477209 ], [ -98.278417790233121, 20.396957815658862 ], [ -98.278480708894719, 20.396965473855214 ], [ -98.278552702533574, 20.396973204447672 ], [ -98.27860668882731, 20.396973581024422 ], [ -98.278669703400723, 20.396974020605118 ], [ -98.278696719834514, 20.396974209019739 ], [ -98.278750680514577, 20.396974228843902 ], [ -98.278804587994983, 20.396974060601288 ], [ -98.278858816011223, 20.396988227362257 ], [ -98.278903683465728, 20.396987895908147 ], [ -98.278957381073369, 20.396987183779871 ], [ -98.27900166869658, 20.396972275181803 ], [ -98.279046092177779, 20.396964540202099 ], [ -98.279090935043115, 20.396971101860469 ], [ -98.279135518810847, 20.396970515883663 ], [ -98.279162253259642, 20.396970164460715 ], [ -98.279207062247309, 20.396976721494568 ], [ -98.279260473281184, 20.396976016255667 ], [ -98.279296360985455, 20.396982687966005 ], [ -98.279341143252751, 20.396989241563265 ], [ -98.279385585725663, 20.396988649456649 ], [ -98.27943114712248, 20.396996408471267 ], [ -98.279467279144839, 20.396996794311054 ], [ -98.279523046398012, 20.397019418116351 ], [ -98.279587517279751, 20.39704146679053 ], [ -98.279614333082847, 20.3970478838704 ], [ -98.279642236407014, 20.39706902349953 ], [ -98.279696447239914, 20.397089230513451 ], [ -98.279751862954242, 20.397124231936104 ], [ -98.279795570063115, 20.397122595736136 ], [ -98.279812410446183, 20.397114555479295 ], [ -98.279871463051776, 20.397090191474305 ], [ -98.279886242039922, 20.39706019642507 ], [ -98.27991561843308, 20.397000574182481 ], [ -98.279946090156216, 20.396955884298983 ], [ -98.279977043470936, 20.396918673451808 ], [ -98.280008512974817, 20.396888832556453 ], [ -98.280047638825451, 20.396851731566169 ], [ -98.280078771849787, 20.396822209701131 ], [ -98.280127373460132, 20.396799363653486 ], [ -98.280151941578765, 20.396791495579681 ], [ -98.280177241858738, 20.39679071859295 ], [ -98.280217754245598, 20.396775293952647 ], [ -98.280250547133463, 20.396767221009828 ], [ -98.280274182686895, 20.396758906245154 ], [ -98.280304633857767, 20.396742885719828 ], [ -98.280358279683895, 20.39671868772221 ], [ -98.280396735114849, 20.396702667473946 ], [ -98.280420920591567, 20.396701523974283 ], [ -98.280459102516772, 20.396685596224859 ], [ -98.280491165969977, 20.396684096291448 ], [ -98.280521068144182, 20.39666863503103 ], [ -98.280559859255959, 20.396659829014137 ], [ -98.280606432061475, 20.396650693135218 ], [ -98.280646002251785, 20.396648881390036 ], [ -98.280693340545639, 20.396646713874453 ], [ -98.280732667295567, 20.396644913214189 ], [ -98.280761753986482, 20.396629696453694 ], [ -98.280791879126156, 20.396621407695743 ], [ -98.280811784488762, 20.396599795504116 ], [ -98.280853026985739, 20.39661175123279 ], [ -98.280881109024435, 20.396638116495446 ], [ -98.280908036550883, 20.396657656130241 ], [ -98.280934995800934, 20.396677218270685 ], [ -98.280986619942738, 20.396708914417086 ], [ -98.281005383181352, 20.396728640377415 ], [ -98.281051791073281, 20.3967557674729 ], [ -98.281077161663191, 20.396791565457871 ], [ -98.281100695347689, 20.39682652013493 ], [ -98.281134356467376, 20.396832546506541 ], [ -98.281178649660461, 20.396852303211059 ], [ -98.281213600615473, 20.396865323447617 ], [ -98.281257971447062, 20.396885113519506 ], [ -98.28129430240476, 20.396905175841091 ], [ -98.281330684287013, 20.396925266550873 ], [ -98.281357663639938, 20.396938590408318 ], [ -98.281376576749977, 20.396952184535738 ], [ -98.28154352998979, 20.39695295643298 ], [ -98.281794489759392, 20.396995488005775 ], [ -98.281895189943185, 20.39696094972469 ], [ -98.282071325263558, 20.396856392725343 ], [ -98.282149300601517, 20.3967820865814 ], [ -98.282261671982667, 20.396667358810529 ], [ -98.282374244591679, 20.396532520084495 ], [ -98.282535140087148, 20.396372127961687 ], [ -98.282593464201767, 20.396271919648829 ], [ -98.282648962097525, 20.396195707811319 ], [ -98.282728095926927, 20.39611697314875 ], [ -98.282837975013678, 20.395984426688766 ], [ -98.282891121550136, 20.395930608844392 ], [ -98.282978785851569, 20.395778663423634 ], [ -98.283083986589048, 20.395672010226647 ], [ -98.283144653766072, 20.395547576402297 ], [ -98.283225224861752, 20.395445224902506 ], [ -98.283282181946802, 20.395346102411349 ], [ -98.283315817408052, 20.395250080912035 ], [ -98.283374821454359, 20.395128854015425 ], [ -98.283410611406509, 20.395010955575 ], [ -98.283441036469497, 20.394939697864526 ], [ -98.283552100642027, 20.394747116244083 ], [ -98.283607037473288, 20.394651860374783 ], [ -98.283663307612059, 20.394536200164659 ], [ -98.283713862232815, 20.39446704634792 ], [ -98.283763283513423, 20.394399967660938 ], [ -98.283857338287632, 20.394310092445551 ], [ -98.283904163902079, 20.394265347906888 ], [ -98.283974151912119, 20.394198470182616 ], [ -98.284088198891581, 20.394109118818037 ], [ -98.284160008696645, 20.394020106611887 ], [ -98.284274417673672, 20.393928443866308 ], [ -98.284343965011928, 20.393860575349084 ], [ -98.284356714770738, 20.39372947170153 ], [ -98.284346433331379, 20.393621687236401 ], [ -98.284356972738465, 20.39351409002958 ], [ -98.284369518933744, 20.393386003280291 ], [ -98.284394913770782, 20.393199597066918 ], [ -98.284413653604844, 20.393061970004368 ], [ -98.284399135991166, 20.392896715409883 ], [ -98.284381793640179, 20.39275644275229 ], [ -98.284359836262141, 20.392643262923869 ], [ -98.284320475350754, 20.392512058735402 ], [ -98.284312871166307, 20.39242726729314 ], [ -98.28430801825364, 20.392322655152846 ], [ -98.284318725438723, 20.392241015272116 ], [ -98.28432183787703, 20.392077946298919 ], [ -98.284314784847737, 20.39199596815223 ], [ -98.284310178532152, 20.391879461599569 ], [ -98.284283485020765, 20.391800312193329 ], [ -98.284276861290792, 20.391704514336769 ], [ -98.284265871287261, 20.391646807558555 ], [ -98.284276897307961, 20.391553748662972 ], [ -98.284287842511503, 20.391461377817343 ], [ -98.284280184108155, 20.391369700647939 ], [ -98.284287457890201, 20.391298595629372 ], [ -98.284282975735735, 20.391188880686933 ], [ -98.284289622943618, 20.391134762728409 ], [ -98.284320499919701, 20.391027935555798 ], [ -98.284348966424318, 20.390939718757608 ], [ -98.284361805072734, 20.390833909677468 ], [ -98.284387764359593, 20.39076455084211 ], [ -98.284389860790526, 20.390747114536381 ], [ -98.284402374948115, 20.390643033286835 ], [ -98.284432001259006, 20.390555556991647 ], [ -98.284460984090813, 20.39046921220956 ], [ -98.284527065772096, 20.39036683602588 ], [ -98.284577187429761, 20.390248323213701 ], [ -98.284622598188236, 20.390164559754105 ], [ -98.284689051021488, 20.390048402999508 ], [ -98.284748904301026, 20.389982787888769 ], [ -98.284792772928583, 20.38990136427417 ], [ -98.284873658928078, 20.389789039070543 ], [ -98.284914649170517, 20.389725296930411 ], [ -98.284970825254959, 20.389677923436441 ], [ -98.285028369283339, 20.389614916968135 ], [ -98.285083857649411, 20.38956816368389 ], [ -98.285120484708585, 20.389537318293819 ], [ -98.285194936924768, 20.389460234045345 ], [ -98.285250838590059, 20.389398840259418 ], [ -98.285339866875248, 20.389338244953532 ], [ -98.285375897746064, 20.389307917358167 ], [ -98.285461892720335, 20.389278389850318 ], [ -98.285597811956237, 20.389249674894611 ], [ -98.28569887881622, 20.389236119948574 ], [ -98.28581831961074, 20.389221045788265 ], [ -98.285886307385468, 20.389220791507228 ], [ -98.285988247062619, 20.389220410254822 ], [ -98.28607392082904, 20.389204867170033 ], [ -98.286175699127199, 20.389204490333675 ], [ -98.286261114851925, 20.389188978065551 ], [ -98.286363291925781, 20.389173460435117 ], [ -98.286430698031722, 20.389173730718234 ], [ -98.286532334543338, 20.389173059506597 ], [ -98.286633914182332, 20.389172307700189 ], [ -98.286701577411932, 20.389171806500698 ], [ -98.286735099962172, 20.389186594895694 ], [ -98.286785830709348, 20.389186215637739 ], [ -98.286903908978047, 20.389200374188878 ], [ -98.287022238015268, 20.389184447387038 ], [ -98.287106415903637, 20.389199373238402 ], [ -98.287173808187205, 20.389214439150461 ], [ -98.287241278242234, 20.3892442621806 ], [ -98.287308964455292, 20.389290313081005 ], [ -98.287410891419697, 20.389336907345285 ], [ -98.287478930311636, 20.389352568294118 ], [ -98.287563834261476, 20.389352769475906 ], [ -98.287648643703321, 20.389352506559149 ], [ -98.287767103593637, 20.389351402949114 ], [ -98.287834725596213, 20.389350772535622 ], [ -98.287952660477401, 20.389320584922949 ], [ -98.288020292995341, 20.389306143868826 ], [ -98.288121878187326, 20.389291918510722 ], [ -98.28822502751099, 20.389337200857266 ], [ -98.288294394975651, 20.389382402631739 ], [ -98.288364180347443, 20.389442345629504 ], [ -98.288450498950922, 20.389487072737239 ], [ -98.28851872076568, 20.389501509940331 ], [ -98.288587108905205, 20.389530449765271 ], [ -98.288655812050067, 20.389574081772277 ], [ -98.288707300893975, 20.38960315514549 ], [ -98.288776409863047, 20.389661556268159 ], [ -98.288811956787072, 20.389734985344322 ], [ -98.288847569475365, 20.389808549053978 ], [ -98.288898567693877, 20.389808209012781 ], [ -98.288966187507299, 20.389792992644438 ], [ -98.289033384815156, 20.389763041388118 ], [ -98.28908429185762, 20.389762708804895 ], [ -98.289186028477388, 20.389762012683015 ], [ -98.289270703057653, 20.389818570133439 ], [ -98.289340289899584, 20.389891548004762 ], [ -98.289429959538893, 20.389967731033639 ], [ -98.289499228088673, 20.389997327085126 ], [ -98.289568390042632, 20.390026781441371 ], [ -98.289670207765766, 20.390040303153167 ], [ -98.28973754409266, 20.390039269385255 ], [ -98.289822759138687, 20.390053361609692 ], [ -98.289902040312953, 20.390004851825783 ], [ -98.289942870293984, 20.389938837961932 ], [ -98.28997977222582, 20.389870368505861 ], [ -98.289985057700349, 20.389790371649621 ], [ -98.290007867799233, 20.389725712292975 ], [ -98.290009529152456, 20.389602502665053 ], [ -98.290017585467993, 20.389540654020774 ], [ -98.290025592040834, 20.389479186501237 ], [ -98.290014390696825, 20.389374880054795 ], [ -98.290004861113033, 20.38928613977507 ], [ -98.289999516843253, 20.389214115794712 ], [ -98.289981441999032, 20.389130618864399 ], [ -98.289963389130435, 20.38904722357486 ], [ -98.289945358127468, 20.388963929515107 ], [ -98.289929152858875, 20.388922796655645 ], [ -98.289897925108477, 20.388868554407896 ], [ -98.289866501722244, 20.388814176787466 ], [ -98.289846686348724, 20.388702729612955 ], [ -98.289872865783664, 20.388617836819549 ], [ -98.289914187467929, 20.388546684109659 ], [ -98.289956539238617, 20.388489965076776 ], [ -98.289999062091283, 20.388447226893099 ], [ -98.290040635141963, 20.388377341118961 ], [ -98.29006874349399, 20.388349132532618 ], [ -98.290124707812652, 20.388292968411587 ], [ -98.290195383926616, 20.388263851553877 ], [ -98.290252209252515, 20.388248878602564 ], [ -98.290340463816548, 20.388220543857003 ], [ -98.290413698370415, 20.388192590849101 ], [ -98.290472101985486, 20.388164981460363 ], [ -98.290544879957608, 20.388123947959986 ], [ -98.290559667827921, 20.388070545384721 ], [ -98.290588285258707, 20.388016945365035 ], [ -98.290631009208212, 20.387950003237577 ], [ -98.290658891373951, 20.387909859432149 ], [ -98.290712973430942, 20.387856207945475 ], [ -98.29076644886679, 20.38782920813826 ], [ -98.290819633815147, 20.387802355325885 ], [ -98.290884284311176, 20.387749277779772 ], [ -98.290909625734528, 20.387722913946259 ], [ -98.290974559877654, 20.387683470326966 ], [ -98.291054987664097, 20.387670299086675 ], [ -98.29109644874903, 20.38767025020967 ], [ -98.291164670153378, 20.387657212688399 ], [ -98.291218888797587, 20.38764424121176 ], [ -98.291300010692083, 20.387618432120377 ], [ -98.291354223681296, 20.387605591946311 ], [ -98.291367915492998, 20.387605602918882 ], [ -98.291448465699318, 20.387580025745148 ], [ -98.291542121129993, 20.387554618679101 ], [ -98.291621930090869, 20.387529323064133 ], [ -98.29166118449821, 20.387504005697195 ], [ -98.291726578681207, 20.387466197114364 ], [ -98.291817752283364, 20.387416088563224 ], [ -98.291869780849339, 20.387391201499909 ], [ -98.291948903003558, 20.387353956389177 ], [ -98.292020225361355, 20.387341592399562 ], [ -98.292105038802617, 20.38731675319999 ], [ -98.292161738460948, 20.387304398148579 ], [ -98.292355467578119, 20.387292667201759 ], [ -98.292567717612883, 20.387206745645624 ], [ -98.292635997907809, 20.387115288252019 ], [ -98.292729065374331, 20.386955655206467 ], [ -98.29277593294303, 20.386865258610349 ], [ -98.292845696078373, 20.386730700624906 ], [ -98.29287282179277, 20.386619760162816 ], [ -98.292876816644011, 20.38655369612691 ], [ -98.292937208090294, 20.386326161909867 ], [ -98.29294718659952, 20.38620520616217 ], [ -98.293023328865345, 20.38597690698964 ], [ -98.293057025892082, 20.385792882214474 ], [ -98.293058957614306, 20.38576936040192 ], [ -98.293052009244505, 20.385609825770398 ], [ -98.293056981144275, 20.38552730394014 ], [ -98.293084225835358, 20.385386175220926 ], [ -98.293107633508882, 20.38530703390277 ], [ -98.293157561908814, 20.385121800775302 ], [ -98.293141946632261, 20.385046471019336 ], [ -98.293127051077349, 20.384953459190665 ], [ -98.293094196692394, 20.384858285779366 ], [ -98.293062223100009, 20.384745906551451 ], [ -98.293031418316474, 20.384647247640789 ], [ -98.293001174087038, 20.384564142030488 ], [ -98.292986149871595, 20.384522857616837 ], [ -98.292959673648269, 20.384385290847678 ], [ -98.292928520024319, 20.384323895121298 ], [ -98.2929155215934, 20.38421779661908 ], [ -98.292886677052991, 20.38409135575268 ], [ -98.292839985104322, 20.383996305406107 ], [ -98.29274100561004, 20.383944144224788 ], [ -98.29264217149607, 20.383909415432569 ], [ -98.292576578263919, 20.383896923078584 ], [ -98.29248024999454, 20.38386096094268 ], [ -98.292400904524229, 20.383828506605997 ], [ -98.292355032047865, 20.383785981983571 ], [ -98.292309455158389, 20.383743732012508 ], [ -98.292267264954702, 20.383652586799201 ], [ -98.292272402425141, 20.38357092317921 ], [ -98.292308880423846, 20.383495268734194 ], [ -98.292313914480616, 20.383414164690748 ], [ -98.292301547028814, 20.383362549975342 ], [ -98.292322786683144, 20.383283856531399 ], [ -98.292327396279063, 20.383218785714504 ], [ -98.292365061551294, 20.383127229414981 ], [ -98.292369947122083, 20.383062153749911 ], [ -98.292394043909383, 20.382980203008508 ], [ -98.292384082258124, 20.382926870599459 ], [ -98.292347510323964, 20.38283521269496 ], [ -98.292309650356628, 20.382761168124414 ], [ -98.292300592071626, 20.382708765942574 ], [ -98.292312531568271, 20.382609497322189 ], [ -98.292335353859528, 20.382546061286181 ], [ -98.29235998982287, 20.382466691991709 ], [ -98.292395565894111, 20.382422232799431 ], [ -98.29245142324865, 20.38234574025676 ], [ -98.292483696419723, 20.382333059252069 ], [ -98.292536323105466, 20.382288224662524 ], [ -98.292643884788532, 20.38229962152062 ], [ -98.29269029397399, 20.38230453875002 ], [ -98.292756198085016, 20.382187016100435 ], [ -98.292797775456648, 20.382121136505905 ], [ -98.292838989003371, 20.382055833837502 ], [ -98.292869539672012, 20.381956287947425 ], [ -98.292893574950824, 20.38189251726784 ], [ -98.292919486895883, 20.381813324341266 ], [ -98.292977738745918, 20.381721129249431 ], [ -98.293045140040434, 20.381663890311163 ], [ -98.293111344471001, 20.38160793562092 ], [ -98.293186188054193, 20.381641880815387 ], [ -98.293294108903766, 20.381662484902165 ], [ -98.293344867065514, 20.3816325349358 ], [ -98.293475484066278, 20.381617666705406 ], [ -98.293540208934814, 20.381617829497532 ], [ -98.293650745110071, 20.381663801808653 ], [ -98.293731915280233, 20.381664011191678 ], [ -98.293796075280412, 20.3816794669359 ], [ -98.293892909208267, 20.381695039291731 ], [ -98.293989746955589, 20.381711203745834 ], [ -98.29405519981924, 20.381696915510073 ], [ -98.294087988687139, 20.381682692241085 ], [ -98.294138081921901, 20.381624015195676 ], [ -98.29422085015284, 20.381536680301917 ], [ -98.294254301781166, 20.381478197006501 ], [ -98.294303570209792, 20.381434141736644 ], [ -98.294401248500407, 20.381361349957057 ], [ -98.294465936214365, 20.381317998621366 ], [ -98.294530362446736, 20.381274822687676 ], [ -98.294594477234384, 20.381246391305069 ], [ -98.294658439474475, 20.381203497314441 ], [ -98.294769628663758, 20.381117522440192 ], [ -98.29489622944412, 20.381075128512517 ], [ -98.294975057753277, 20.381046936922633 ], [ -98.29506950589483, 20.381018897748994 ], [ -98.295148218831372, 20.380991612770515 ], [ -98.295195719828868, 20.380991823266669 ], [ -98.295259318568569, 20.381005799703171 ], [ -98.295323172559264, 20.38102009190532 ], [ -98.295450429175659, 20.3810343026651 ], [ -98.295577357351036, 20.381047862861799 ], [ -98.295639254985673, 20.381032857246424 ], [ -98.29576487226727, 20.381031895584279 ], [ -98.295811924027674, 20.381031535356254 ], [ -98.295918466438948, 20.380988232347551 ], [ -98.29597924152317, 20.380960009892274 ], [ -98.296052670213257, 20.380890343057096 ], [ -98.296139052009337, 20.380819849388303 ], [ -98.296238561980289, 20.3807362571605 ], [ -98.29626550627637, 20.380695243479757 ], [ -98.296319208771976, 20.38062681686554 ], [ -98.296357138784145, 20.380559068084445 ], [ -98.296394702099136, 20.380491964313791 ], [ -98.296393392880432, 20.380478741002378 ], [ -98.296445765668466, 20.380425100914081 ], [ -98.296471760268929, 20.3803984683917 ], [ -98.296536213103906, 20.380332433825799 ], [ -98.296575930724941, 20.380306050455108 ], [ -98.29662820914551, 20.38026686118593 ], [ -98.296692929471234, 20.380215173800849 ], [ -98.296754326577087, 20.380138862688693 ], [ -98.29683285759468, 20.380100709214268 ], [ -98.296897037765518, 20.380062985830989 ], [ -98.296935003077394, 20.380038031792331 ], [ -98.296968374124702, 20.3799764023845 ], [ -98.296968614198477, 20.379866825271439 ], [ -98.296943502406052, 20.379782509847335 ], [ -98.296937996327344, 20.379734647463696 ], [ -98.296914379626259, 20.379639443171559 ], [ -98.296908886485269, 20.37955641614009 ], [ -98.296878834999532, 20.379449228750538 ], [ -98.296875016747393, 20.379366564628803 ], [ -98.296859223418167, 20.379295498024362 ], [ -98.296855447970316, 20.379213298863846 ], [ -98.296839172986708, 20.37913082167146 ], [ -98.296867974015328, 20.378895205809116 ], [ -98.296892777421945, 20.378729023222231 ], [ -98.296893731251544, 20.37866527075894 ], [ -98.296894923561595, 20.378585637566069 ], [ -98.296940667223254, 20.378493891968237 ], [ -98.297008185749618, 20.37839679266034 ], [ -98.297067277269534, 20.378297946525088 ], [ -98.297087066674038, 20.378249460877601 ], [ -98.297190166005407, 20.378169251463969 ], [ -98.297251672236357, 20.378112171244581 ], [ -98.297353170842257, 20.378063883668204 ], [ -98.297413344111462, 20.37808426647889 ], [ -98.297524559445023, 20.378170682462621 ], [ -98.297579357521272, 20.37820006449336 ], [ -98.297616091774657, 20.378199000015385 ], [ -98.297689349990847, 20.378212348441469 ], [ -98.297780874728218, 20.378225150976391 ], [ -98.297927333058567, 20.378220876630092 ], [ -98.298055380660642, 20.378201703432467 ], [ -98.298165444864154, 20.378181836055834 ], [ -98.298237921096188, 20.378195881163073 ], [ -98.298328479455037, 20.37819452303798 ], [ -98.298436800839468, 20.378208848527656 ], [ -98.29852699587309, 20.378223442254008 ], [ -98.298616763812603, 20.378269696923677 ], [ -98.298707172236121, 20.37829846981629 ], [ -98.298797501722845, 20.378297161251268 ], [ -98.298851348613212, 20.378282793808619 ], [ -98.298978768258152, 20.378215246987555 ], [ -98.299069649523474, 20.37816429761854 ], [ -98.299124378097915, 20.378113851138046 ], [ -98.299178896047607, 20.378064024505548 ], [ -98.299251418666202, 20.377982643842735 ], [ -98.299251995291812, 20.377903704383531 ], [ -98.299305902451977, 20.377886294515623 ], [ -98.29941399572111, 20.377817160450977 ], [ -98.299503475166745, 20.377812037298888 ], [ -98.299557109495183, 20.37780815095751 ], [ -98.299663828446043, 20.377835717620592 ], [ -98.299735014576655, 20.377815224180598 ], [ -98.299823722578878, 20.377777470669265 ], [ -98.299912100719126, 20.377756113239446 ], [ -98.300017654839806, 20.377701419293974 ], [ -98.300122771226867, 20.37764852572484 ], [ -98.300174511744231, 20.377563450163695 ], [ -98.300226657580438, 20.37754440445504 ], [ -98.300347508304085, 20.377473175182022 ], [ -98.300416026078125, 20.377421180467742 ], [ -98.300484507235993, 20.377385474135735 ], [ -98.300587385432337, 20.377364178626546 ], [ -98.300656324927161, 20.377362182677135 ], [ -98.300723447531539, 20.377309713311199 ], [ -98.300772995941301, 20.377243095676949 ], [ -98.30083652162655, 20.377123602009135 ], [ -98.300868078303196, 20.377071686676011 ], [ -98.300914437253994, 20.376970946427466 ], [ -98.300959148807323, 20.376867792698267 ], [ -98.300972094498732, 20.376800440608296 ], [ -98.300985959254902, 20.376750251368868 ], [ -98.300999923163189, 20.376700750452567 ], [ -98.30104546158249, 20.37663308937665 ], [ -98.301074511106521, 20.376567153720234 ], [ -98.301165731639415, 20.376465703749627 ], [ -98.30121180809941, 20.376431061473941 ], [ -98.301286471326222, 20.376347935295076 ], [ -98.301391690403335, 20.376263630297995 ], [ -98.301464526524256, 20.376182362261684 ], [ -98.301473656976071, 20.376090746248593 ], [ -98.301452907853729, 20.376016689320814 ], [ -98.301451859829285, 20.376001745481567 ], [ -98.301447681293922, 20.375942162605821 ], [ -98.30144145384125, 20.375853363676278 ], [ -98.301436300928117, 20.375779887265065 ], [ -98.301446523824339, 20.375706219407633 ], [ -98.301472037958732, 20.375632538015552 ], [ -98.301482621044954, 20.375560528585467 ], [ -98.301477864766127, 20.375476253970252 ], [ -98.30147277549689, 20.375405271608216 ], [ -98.301480041356626, 20.375305455039424 ], [ -98.30144725555553, 20.375251685951067 ], [ -98.301386671091564, 20.375214095464841 ], [ -98.301325020730587, 20.375162463400649 ], [ -98.301278739524008, 20.37512370269252 ], [ -98.301246112513439, 20.375070049495672 ], [ -98.301184668219747, 20.374979290788929 ], [ -98.3011397537053, 20.374928583916148 ], [ -98.301122924067471, 20.374862003753954 ], [ -98.301120639743814, 20.374794689259996 ], [ -98.301133748432093, 20.374753595939314 ], [ -98.301188060156193, 20.374657101746937 ], [ -98.301243215656925, 20.374601300338682 ], [ -98.301283224981532, 20.3745335367488 ], [ -98.30132341031171, 20.374479398233866 ], [ -98.301376681465158, 20.374412189626579 ], [ -98.301444188850439, 20.374370905778626 ], [ -98.301471454700419, 20.374369861736021 ], [ -98.301551370209253, 20.37431600240323 ], [ -98.301578005125307, 20.374239663027659 ], [ -98.301591873200351, 20.37421428811324 ], [ -98.301603536441192, 20.374138362153975 ], [ -98.301618007082595, 20.374063146022017 ], [ -98.301633699260492, 20.374000627598136 ], [ -98.301679008080285, 20.373912979189235 ], [ -98.301708836387107, 20.373875392082848 ], [ -98.301782545922052, 20.373825269624351 ], [ -98.301855170260751, 20.373825248326607 ], [ -98.301913162961895, 20.373825231615587 ], [ -98.301971061105093, 20.373825214929813 ], [ -98.302046648076427, 20.373850229042919 ], [ -98.302092996924259, 20.373900291205629 ], [ -98.302169098223871, 20.373937906683814 ], [ -98.302259687371404, 20.373950495431981 ], [ -98.302366035405399, 20.373975672939508 ], [ -98.302412108340619, 20.374000830940396 ], [ -98.302493948768443, 20.374039086778797 ], [ -98.3025418152735, 20.374039352196405 ], [ -98.302601382668769, 20.374001584351674 ], [ -98.302644926160653, 20.373963767992155 ], [ -98.302688424578122, 20.373925991434952 ], [ -98.302762371407297, 20.373875713595766 ], [ -98.302790143277974, 20.373850556583715 ], [ -98.302873553169945, 20.373800353881329 ], [ -98.302956547983058, 20.373737863531101 ], [ -98.3030138464473, 20.373700446454951 ], [ -98.303069860578461, 20.373663135134265 ], [ -98.303121232894242, 20.373626138295265 ], [ -98.30319652018288, 20.373564874773891 ], [ -98.303208575340179, 20.373552679781945 ], [ -98.303261863088053, 20.373528372968334 ], [ -98.303341457685605, 20.373492065713506 ], [ -98.303391745083957, 20.373455896249627 ], [ -98.303460325406306, 20.373431782638921 ], [ -98.303512153329947, 20.373395672417903 ], [ -98.303574858384266, 20.373347881272419 ], [ -98.303597795666562, 20.37332420915898 ], [ -98.303627444196195, 20.37326513798444 ], [ -98.30365919043507, 20.37321826923678 ], [ -98.303690741988021, 20.373171687709871 ], [ -98.303737289924911, 20.373125251549723 ], [ -98.303787196655335, 20.373090453731958 ], [ -98.303842745366182, 20.373021406914773 ], [ -98.303857012431095, 20.373021415110301 ], [ -98.30392347886675, 20.372977356787121 ], [ -98.303996591144468, 20.372955985324403 ], [ -98.304075188391081, 20.372912741153225 ], [ -98.304151037254854, 20.372902747166446 ], [ -98.304183186129492, 20.372881260158682 ], [ -98.304250847440002, 20.372849494192099 ], [ -98.304320735773885, 20.372849524666531 ], [ -98.304372653074878, 20.372838656895745 ], [ -98.304590607440772, 20.372730175158448 ], [ -98.304626413596083, 20.372899243531585 ], [ -98.304777723554238, 20.372802340056239 ], [ -98.304844843397589, 20.372723106536359 ], [ -98.304938657190064, 20.372583468370227 ], [ -98.305032179669666, 20.372425156516449 ], [ -98.305061430847843, 20.37232356798652 ], [ -98.305092832590972, 20.372198232318151 ], [ -98.30510521386195, 20.372074626417962 ], [ -98.305120442116092, 20.371911163738122 ], [ -98.305164840960686, 20.37182203453121 ], [ -98.305192103792223, 20.371712977395816 ], [ -98.30521564352037, 20.37164787498628 ], [ -98.305293818536114, 20.371581086535205 ], [ -98.305331890779769, 20.371558466994401 ], [ -98.30540770927422, 20.371513421894687 ], [ -98.305517959350283, 20.371488188316942 ], [ -98.305627401006063, 20.371464880142895 ], [ -98.305749518874038, 20.371498686702019 ], [ -98.305850810028318, 20.371601417576137 ], [ -98.305906681808167, 20.371561207913597 ], [ -98.30594568462125, 20.37149607209647 ], [ -98.305934312886123, 20.371360428374533 ], [ -98.305922474448877, 20.371231486780417 ], [ -98.305908784098349, 20.371146790952668 ], [ -98.30587644336363, 20.371070296440294 ], [ -98.305861852757658, 20.370994361229993 ], [ -98.305847367978487, 20.370918977364898 ], [ -98.305832987871611, 20.370844139236432 ], [ -98.305836036473679, 20.370769842217115 ], [ -98.305842474867546, 20.370635165368171 ], [ -98.305831376226791, 20.370518687485099 ], [ -98.305851170730733, 20.370462209836063 ], [ -98.305887943725054, 20.370405330652257 ], [ -98.305978092582691, 20.370289791483 ], [ -98.306031752027309, 20.370228364522909 ], [ -98.306067985959913, 20.370169045967909 ], [ -98.306187823314261, 20.370102875559045 ], [ -98.306204569293158, 20.370101402744229 ], [ -98.306288577546979, 20.370075655309126 ], [ -98.306371769772724, 20.370053514668633 ], [ -98.306454155895153, 20.370038672723325 ], [ -98.306569353924047, 20.370025581836877 ], [ -98.306618705627329, 20.370027886922692 ], [ -98.306684604244154, 20.370030972285132 ], [ -98.30679996440719, 20.370001847693821 ], [ -98.306816360925239, 20.36998582074888 ], [ -98.30691451002302, 20.36990665006142 ], [ -98.306913761803614, 20.369840476306386 ], [ -98.306896657869572, 20.369774077432513 ], [ -98.306879667858951, 20.36970812148715 ], [ -98.30684655159223, 20.369641989932557 ], [ -98.306797389954681, 20.369559315532388 ], [ -98.306748446247752, 20.369426962143311 ], [ -98.306700335303361, 20.369360289046515 ], [ -98.306636840084238, 20.36927571510288 ], [ -98.306589756414908, 20.36920846054743 ], [ -98.306558421601679, 20.369190736209529 ], [ -98.306496346841243, 20.369124622375629 ], [ -98.306450123257321, 20.369076123003541 ], [ -98.306419715065005, 20.369028457531023 ], [ -98.306374596251871, 20.368949839974928 ], [ -98.306299349952042, 20.368844780864578 ], [ -98.306269813987996, 20.368785707401624 ], [ -98.306240004612107, 20.368742293346259 ], [ -98.306226005305987, 20.368684146192809 ], [ -98.306198426818654, 20.368593468472685 ], [ -98.306187041713159, 20.368500508566214 ], [ -98.306189671117124, 20.368438752988695 ], [ -98.306177168090258, 20.368378481847163 ], [ -98.306194845732691, 20.368317206230419 ], [ -98.306214763457149, 20.36819746941919 ], [ -98.306247249874133, 20.368122979283211 ], [ -98.30627874947298, 20.368063894884202 ], [ -98.30628017994033, 20.368021502910899 ], [ -98.306298703594763, 20.367907938719309 ], [ -98.306256950809143, 20.367868373945672 ], [ -98.30620088498263, 20.367830011111188 ], [ -98.306143422549653, 20.367819928891805 ], [ -98.30605649485814, 20.367811823351452 ], [ -98.305984919818627, 20.367788543570352 ], [ -98.305914226355597, 20.367751549084883 ], [ -98.305874387337866, 20.367686974418227 ], [ -98.305875391111456, 20.367673415648987 ], [ -98.305865569113521, 20.367607227256762 ], [ -98.305858888909128, 20.367502182691787 ], [ -98.305851318200268, 20.367411919261869 ], [ -98.305855338950735, 20.367360465648623 ], [ -98.305845881180886, 20.367297655755124 ], [ -98.305851749628715, 20.367222389964571 ], [ -98.305845116850875, 20.367124431912398 ], [ -98.305851770632501, 20.367039531346848 ], [ -98.305857390048089, 20.366967832238334 ], [ -98.305864764158656, 20.366873736269135 ], [ -98.305857344907892, 20.366793138120379 ], [ -98.305862800894772, 20.366724688182259 ], [ -98.305856399048224, 20.366635051892882 ], [ -98.305878741721003, 20.366524692822463 ], [ -98.305883059629252, 20.366470519575909 ], [ -98.305875797961519, 20.366395687548128 ], [ -98.305834141674325, 20.366417136439988 ], [ -98.305776661768391, 20.366460454296007 ], [ -98.30573005285261, 20.366526214002469 ], [ -98.305669764377186, 20.366582218455108 ], [ -98.305622507722347, 20.366649920857299 ], [ -98.305548511190196, 20.366707504389765 ], [ -98.305502281863411, 20.366754032613152 ], [ -98.305411041325243, 20.366825133745841 ], [ -98.30533064700343, 20.366897960248657 ], [ -98.305251165744309, 20.366948285158909 ], [ -98.30515946806257, 20.366975206728792 ], [ -98.305129956999394, 20.36697603363104 ], [ -98.305068634491221, 20.366990072267821 ], [ -98.304989661973025, 20.367017144741556 ], [ -98.304881901356765, 20.367032795225057 ], [ -98.304819046191213, 20.367047120234677 ], [ -98.304749815175867, 20.367011556055253 ], [ -98.30473691974359, 20.366999432722455 ], [ -98.304716100162636, 20.366950263790986 ], [ -98.304721163762053, 20.366851797983106 ], [ -98.304723641157253, 20.366767216510102 ], [ -98.304726131278045, 20.366755209590782 ], [ -98.304753319311757, 20.366695411123409 ], [ -98.304769336030844, 20.366613432397202 ], [ -98.304800188161991, 20.366532639250426 ], [ -98.304828320479459, 20.366464543715328 ], [ -98.304851775768824, 20.366419722742567 ], [ -98.304891753211962, 20.3663643827607 ], [ -98.304912530389601, 20.366331576111548 ], [ -98.304939091343371, 20.366266734384705 ], [ -98.304997317084485, 20.366182037882066 ], [ -98.304991870783795, 20.366140121464628 ], [ -98.304986471628425, 20.366098565321259 ], [ -98.304957437376274, 20.366036504873225 ], [ -98.304953910529491, 20.365985622059316 ], [ -98.304952512926235, 20.365925334281371 ], [ -98.304962784106309, 20.365875985826644 ], [ -98.304955182908415, 20.365846255848449 ], [ -98.304979692533621, 20.365798479637355 ], [ -98.304991171004119, 20.365740988482838 ], [ -98.30502377688363, 20.36570340913218 ], [ -98.305075647101916, 20.36562918480972 ], [ -98.305089752009394, 20.365555799727893 ], [ -98.305096711323856, 20.365519589465826 ], [ -98.30510532550673, 20.365474770226047 ], [ -98.305117228710586, 20.365412838197607 ], [ -98.305099946572014, 20.365377409208893 ], [ -98.305060590433158, 20.365333145867559 ], [ -98.305065070201891, 20.365186858588306 ], [ -98.305002127016593, 20.365097075381023 ], [ -98.304951973331171, 20.365054215398001 ], [ -98.304900998183811, 20.365056338013069 ], [ -98.304781701625856, 20.36515239273017 ], [ -98.304727243739691, 20.365189998145489 ], [ -98.304671909641968, 20.365228116818159 ], [ -98.304615292140909, 20.365278470028699 ], [ -98.304544154660249, 20.365318687293605 ], [ -98.304470953240696, 20.36537188610632 ], [ -98.304396129758743, 20.365426263736104 ], [ -98.304305703536812, 20.365470408551236 ], [ -98.304196935221981, 20.365529757103001 ], [ -98.304121691116066, 20.365534930864715 ], [ -98.304003123139594, 20.365504506905683 ], [ -98.303947705306726, 20.365444158289861 ], [ -98.303905885023809, 20.365396256889049 ], [ -98.303882015969904, 20.365310574193828 ], [ -98.303875006044237, 20.365212390140275 ], [ -98.303890025974084, 20.365088651863882 ], [ -98.303885658676919, 20.365004210807037 ], [ -98.303908768194162, 20.364943878355856 ], [ -98.303923937405145, 20.364826730274302 ], [ -98.30398292623812, 20.36471216242369 ], [ -98.304003051275501, 20.364667441741137 ], [ -98.304020257944302, 20.364645267520626 ], [ -98.304084060703076, 20.364590602625157 ], [ -98.304115999614837, 20.364558391924877 ], [ -98.30416310634628, 20.364516169199764 ], [ -98.304238445149721, 20.364454336664831 ], [ -98.304297717667382, 20.364393801513497 ], [ -98.304327687458112, 20.364354043711767 ], [ -98.304344259598139, 20.364314536137023 ], [ -98.304363164072853, 20.364246233955271 ], [ -98.304383327863036, 20.364160170437497 ], [ -98.304387333192111, 20.364112942545777 ], [ -98.304392077341674, 20.364057003108201 ], [ -98.304397528292711, 20.363992729163932 ], [ -98.304414419534695, 20.363939148350056 ], [ -98.304418868431, 20.363885684893397 ], [ -98.304422529742695, 20.363841691937491 ], [ -98.304438882814395, 20.36379037714331 ], [ -98.304467529580833, 20.363732237888808 ], [ -98.304507317535425, 20.363676148463711 ], [ -98.304521383550025, 20.36364396360943 ], [ -98.304523161054107, 20.363619331843196 ], [ -98.304539228385153, 20.363555304958215 ], [ -98.30455176525183, 20.363540286828666 ], [ -98.304392618282634, 20.363246345359833 ], [ -98.303979574255649, 20.363343845680696 ], [ -98.303871983948483, 20.363279045629699 ], [ -98.303856965449555, 20.363148704107331 ], [ -98.303840198280028, 20.363050126876743 ], [ -98.303844546229229, 20.362970341272689 ], [ -98.303879051068449, 20.362729252350984 ], [ -98.303903528579909, 20.362670677483283 ], [ -98.30393146329645, 20.362538029518891 ], [ -98.30398125185657, 20.36237641081858 ], [ -98.304006758795651, 20.362273255316044 ], [ -98.304056587132436, 20.362071739101111 ], [ -98.30406051571498, 20.361979684207299 ], [ -98.304085532782565, 20.361860530715919 ], [ -98.304089711667586, 20.361751756912359 ], [ -98.30411342321591, 20.361640776020085 ], [ -98.304117885436099, 20.361515668145149 ], [ -98.304082253035489, 20.361423497941185 ], [ -98.304027977041443, 20.361316858086582 ], [ -98.303952351826581, 20.361256416827537 ], [ -98.303914487363713, 20.36122615447692 ], [ -98.303801830985961, 20.361115065438511 ], [ -98.30373010657118, 20.361024493697023 ], [ -98.303635586319288, 20.360979926270556 ], [ -98.303546560101637, 20.360904238517858 ], [ -98.303430663289248, 20.3608981614037 ], [ -98.303295188679442, 20.360876283813521 ], [ -98.303274472182537, 20.360880457929142 ], [ -98.303183349677312, 20.360827046613018 ], [ -98.303104221197543, 20.360818817870477 ], [ -98.302998520408565, 20.360839449284189 ], [ -98.302873376309066, 20.360858542351529 ], [ -98.302753311214559, 20.360867459464888 ], [ -98.302637873207445, 20.360852358250209 ], [ -98.302527901862419, 20.360813411286827 ], [ -98.302471963385841, 20.360722289444496 ], [ -98.302396945691129, 20.360634450418313 ], [ -98.302303194149516, 20.360549656224151 ], [ -98.302185643401756, 20.360488980240639 ], [ -98.302064892277485, 20.360448860238662 ], [ -98.301983235587912, 20.360407569284252 ], [ -98.301858940600667, 20.360325360481287 ], [ -98.301793334169886, 20.360242400739399 ], [ -98.301740178915949, 20.360181289558845 ], [ -98.301661417974742, 20.360142490160992 ], [ -98.301556667707871, 20.360125436302177 ], [ -98.301444716424697, 20.360113567015173 ], [ -98.301344635742694, 20.360135973427518 ], [ -98.301230845285346, 20.360139980670777 ], [ -98.301102398224131, 20.360168519333506 ], [ -98.301001459035916, 20.360190516734793 ], [ -98.300874961255644, 20.360290364515311 ], [ -98.300820987968606, 20.360348168038488 ], [ -98.300761703234969, 20.360441025166171 ], [ -98.300678871118436, 20.360553603717179 ], [ -98.30060048497424, 20.360647999099246 ], [ -98.300502779476417, 20.360804395840571 ], [ -98.300461573390095, 20.360822805699438 ], [ -98.300365893287221, 20.360901111430763 ], [ -98.300269323912289, 20.360980145242433 ], [ -98.300085474669245, 20.361066609778298 ], [ -98.300003287011563, 20.36100820186585 ], [ -98.299952103856754, 20.360926516677651 ], [ -98.299897790444859, 20.360804066438625 ], [ -98.299855716514983, 20.360703982210481 ], [ -98.299844718881559, 20.360625006225721 ], [ -98.299814805166193, 20.360489770544959 ], [ -98.299804183852643, 20.360413084261381 ], [ -98.29978408029686, 20.360326538807016 ], [ -98.299747219706958, 20.360224395252221 ], [ -98.299736460091339, 20.360104077230243 ], [ -98.29973791572543, 20.360018323438108 ], [ -98.299704305110438, 20.359917503199039 ], [ -98.299684763606209, 20.359849664529001 ], [ -98.299600914891258, 20.359636578758646 ], [ -98.299878252487289, 20.3596797712433 ], [ -98.299987343746196, 20.359753461227303 ], [ -98.300097964304285, 20.359811373790816 ], [ -98.300177640118577, 20.359890041385867 ], [ -98.300189933342637, 20.359907498289186 ], [ -98.300290172944372, 20.359978998839029 ], [ -98.300379220312408, 20.359978967143388 ], [ -98.300455766319544, 20.359961197945164 ], [ -98.300577473543896, 20.359908432038218 ], [ -98.300645101254929, 20.359856182356214 ], [ -98.300743707677213, 20.359752877931676 ], [ -98.300776634424395, 20.359648580284571 ], [ -98.300771322096196, 20.359525393700384 ], [ -98.300755311759275, 20.359388277794377 ], [ -98.300678964485968, 20.359342060470272 ], [ -98.300641301001605, 20.359294377621335 ], [ -98.300538842933335, 20.359237670283687 ], [ -98.3005140381578, 20.359191913530008 ], [ -98.300508829915003, 20.359097808071475 ], [ -98.3005159050999, 20.359020271498547 ], [ -98.30057420932927, 20.358957144477255 ], [ -98.300687951682093, 20.358920758027022 ], [ -98.300817245144898, 20.358898434943718 ], [ -98.300882880680263, 20.35888006372306 ], [ -98.300995505976374, 20.358830435546185 ], [ -98.301062811800364, 20.35879818450827 ], [ -98.301178591868776, 20.358721528318874 ], [ -98.30126084482113, 20.358646389312977 ], [ -98.301303349739669, 20.358574283145852 ], [ -98.301341023106659, 20.358517196536859 ], [ -98.301398583767494, 20.358392521851211 ], [ -98.301418918365144, 20.358299340936252 ], [ -98.30141129143189, 20.358221511709161 ], [ -98.301454230018166, 20.358156289958604 ], [ -98.301513088636412, 20.358116865880259 ], [ -98.30161284004987, 20.358103341445993 ], [ -98.301692047665441, 20.358090318116627 ], [ -98.301770185015585, 20.358090017603157 ], [ -98.301847014606125, 20.358089813196059 ], [ -98.301983270769625, 20.358089603369841 ], [ -98.301998394950672, 20.358089580162453 ], [ -98.302075006489673, 20.35807678460138 ], [ -98.302195718921269, 20.358076608658067 ], [ -98.302241142457987, 20.35807652259243 ], [ -98.30234576326427, 20.358114131228984 ], [ -98.302403401422595, 20.358164612429 ], [ -98.302442140587999, 20.358228453976952 ], [ -98.302495558727031, 20.358292707509158 ], [ -98.30255170247483, 20.358331415903407 ], [ -98.3026327541141, 20.35840971121355 ], [ -98.302685190731879, 20.358475634521337 ], [ -98.30272288185904, 20.358542067501624 ], [ -98.302817293199283, 20.358649379142484 ], [ -98.302887842378453, 20.358703499176045 ], [ -98.302974972500863, 20.358757480895441 ], [ -98.303034461909618, 20.358784310924829 ], [ -98.303096599608935, 20.358783743486661 ], [ -98.303174164086386, 20.358783034397604 ], [ -98.303284983473773, 20.358754603803675 ], [ -98.303381354073821, 20.358712556683248 ], [ -98.303445194993614, 20.35868470192473 ], [ -98.303538996464397, 20.358669721238432 ], [ -98.303631686417447, 20.358668066850569 ], [ -98.303692685061989, 20.358680213770281 ], [ -98.303798554809632, 20.358718000294871 ], [ -98.303859345936573, 20.358730093335925 ], [ -98.303904763540302, 20.358742467658985 ], [ -98.30399630297498, 20.358740675141032 ], [ -98.304071942545363, 20.358752410669769 ], [ -98.304132507245995, 20.358738669208414 ], [ -98.304207933023008, 20.358724851936085 ], [ -98.304268174055764, 20.35871121111888 ], [ -98.304358296113861, 20.35869708648849 ], [ -98.304433324403746, 20.358670118936562 ], [ -98.30449316307093, 20.358643440204517 ], [ -98.304567629491913, 20.358616653287399 ], [ -98.304656603925395, 20.358576648923805 ], [ -98.304759744041405, 20.358549543547802 ], [ -98.30481841893139, 20.358535955905833 ], [ -98.304949785619385, 20.358508730924648 ], [ -98.304993322776483, 20.358495453601691 ], [ -98.305036745066047, 20.358482210968379 ], [ -98.305166327229927, 20.358442691358938 ], [ -98.305238329123526, 20.358441887579929 ], [ -98.305367442823936, 20.358440446535493 ], [ -98.305467432476078, 20.358439330170782 ], [ -98.30555283839044, 20.358438376624211 ], [ -98.305651695687786, 20.358424777764679 ], [ -98.305722471685826, 20.358436273745845 ], [ -98.305793521139208, 20.358460182308374 ], [ -98.30585050829022, 20.35848428462856 ], [ -98.305921362540147, 20.358508124041386 ], [ -98.305978218963503, 20.358532173936908 ], [ -98.306062723931177, 20.358555685865056 ], [ -98.306105605104634, 20.358579941290323 ], [ -98.306162280106804, 20.358603916930214 ], [ -98.306192839092915, 20.358653559365525 ], [ -98.30626824012613, 20.358753032228709 ], [ -98.306315008580725, 20.35881619757544 ], [ -98.306400554650907, 20.358840107809499 ], [ -98.306425060730135, 20.358801074444255 ], [ -98.306432370015401, 20.358724371853711 ], [ -98.306440706468535, 20.35866088500919 ], [ -98.306436218401117, 20.358598456253191 ], [ -98.306431917530915, 20.35853641301436 ], [ -98.30644030703246, 20.358462145230344 ], [ -98.306420833139612, 20.35837652826909 ], [ -98.306374240256602, 20.358315524808681 ], [ -98.306330946768469, 20.358291363404149 ], [ -98.306221588020236, 20.358280315887988 ], [ -98.306125378034835, 20.358269069105226 ], [ -98.306054916346753, 20.358245156055052 ], [ -98.306007078422169, 20.358171983157984 ], [ -98.305988950333543, 20.358123440568903 ], [ -98.305955228211388, 20.358051232574351 ], [ -98.305937400095587, 20.358003436584379 ], [ -98.305932023624848, 20.357944066007029 ], [ -98.305927755687989, 20.357896938400255 ], [ -98.305922462165469, 20.357838483568152 ], [ -98.305929754188369, 20.357769002999341 ], [ -98.305913717358351, 20.357734461304595 ], [ -98.305885361887235, 20.357711456651685 ], [ -98.305830493469728, 20.357688402820983 ], [ -98.305747932761335, 20.357642374350849 ], [ -98.30565410654124, 20.35763051827912 ], [ -98.305626860316664, 20.357618961413586 ], [ -98.305505658482133, 20.357606985070564 ], [ -98.305451431638346, 20.357595287154126 ], [ -98.305370169906581, 20.357583445614992 ], [ -98.305328982887943, 20.357560342473565 ], [ -98.305287202858693, 20.357514427555607 ], [ -98.305244962096452, 20.357445934975715 ], [ -98.305216101903568, 20.357366616820361 ], [ -98.305241554398535, 20.357310722502735 ], [ -98.305280480054492, 20.35726646823165 ], [ -98.305358951248394, 20.357223019066161 ], [ -98.305424797856602, 20.357212794448579 ], [ -98.3055158839867, 20.357180945339739 ], [ -98.305580630816337, 20.35715989387008 ], [ -98.30567167274458, 20.357150236791306 ], [ -98.305723204267608, 20.357140113355602 ], [ -98.3057751297995, 20.35714090435901 ], [ -98.3058393539863, 20.357130976502805 ], [ -98.305915839661381, 20.357110308526245 ], [ -98.30601638183974, 20.357068519431927 ], [ -98.306128909301776, 20.357027251480812 ], [ -98.306239219155401, 20.356953858980376 ], [ -98.30631365386752, 20.356911820100471 ], [ -98.306387738688841, 20.356869978788112 ], [ -98.306461867385011, 20.356839093835163 ], [ -98.306524006581228, 20.356829569896785 ], [ -98.306585550751009, 20.356809347185546 ], [ -98.306672155343335, 20.356800400992022 ], [ -98.306757522742828, 20.356770141851218 ], [ -98.306867576904494, 20.356751192008208 ], [ -98.306963820285233, 20.356710866110646 ], [ -98.307060198906242, 20.356681251089068 ], [ -98.307120447211688, 20.356661342211801 ], [ -98.307181609147989, 20.356662548355519 ], [ -98.30725595980536, 20.356685043889247 ], [ -98.307280906293428, 20.356696044486693 ], [ -98.307382542911114, 20.356749989448652 ], [ -98.307432499027158, 20.356761128621478 ], [ -98.307507748680564, 20.356783068904317 ], [ -98.307558395367565, 20.356804683343945 ], [ -98.307596764521378, 20.356826142515111 ], [ -98.307697241846682, 20.356858854425575 ], [ -98.307787967581476, 20.356901386596135 ], [ -98.307841775390983, 20.356943646454226 ], [ -98.307889118685182, 20.357016782942569 ], [ -98.307936271414746, 20.357068755860336 ], [ -98.307999609182858, 20.35706890561428 ], [ -98.308033781124806, 20.357048215888309 ], [ -98.308076638594699, 20.357006925828493 ], [ -98.308120610855894, 20.356965498085316 ], [ -98.308165218749906, 20.356902494232209 ], [ -98.308223169084087, 20.35685022931688 ], [ -98.308291174546127, 20.356809554460476 ], [ -98.308321745390955, 20.356779544889665 ], [ -98.308350622149831, 20.356739450396326 ], [ -98.308386273425057, 20.35666939774417 ], [ -98.308424968119155, 20.356619990115842 ], [ -98.308445160427695, 20.356600383029289 ], [ -98.308567464754717, 20.356370356636184 ], [ -98.308830223113929, 20.356152355939916 ], [ -98.308897990819858, 20.356072343424493 ], [ -98.308924734053164, 20.355932995627459 ], [ -98.308920570331551, 20.355868737180288 ], [ -98.308877530779753, 20.355750523882413 ], [ -98.30881867262336, 20.355658795921197 ], [ -98.308778360063357, 20.355582379552931 ], [ -98.308717013039072, 20.355463354617754 ], [ -98.308698170199023, 20.355445994284633 ], [ -98.308636682001747, 20.355325058310179 ], [ -98.308561699075923, 20.355271438246579 ], [ -98.308485286674895, 20.355194868134419 ], [ -98.308447198414086, 20.355156701442528 ], [ -98.308369340787962, 20.355055405979954 ], [ -98.308292864093033, 20.354974683565676 ], [ -98.308277031724657, 20.354768813070187 ], [ -98.30828755714073, 20.354670103635939 ], [ -98.308326847334087, 20.354465770808993 ], [ -98.308350434104568, 20.354307375609491 ], [ -98.308356076233252, 20.354150909463851 ], [ -98.308362590768724, 20.354001371157079 ], [ -98.308367394924815, 20.353833069066557 ], [ -98.308376915308102, 20.35373028357326 ], [ -98.30836471002641, 20.353566835636478 ], [ -98.308327759468909, 20.353510528087057 ], [ -98.308270447873184, 20.353381980064423 ], [ -98.308215499958052, 20.35329025780441 ], [ -98.308194195230811, 20.353199927269831 ], [ -98.308155646102279, 20.353092245216615 ], [ -98.308151215083868, 20.353003806628738 ], [ -98.308131302051109, 20.352933263006566 ], [ -98.308111516444711, 20.352863170252999 ], [ -98.308074758456854, 20.352775970932029 ], [ -98.308054498889916, 20.35268974568331 ], [ -98.308034501783979, 20.352604642692732 ], [ -98.308013205231333, 20.35248678563811 ], [ -98.307991600441255, 20.352367901760253 ], [ -98.307987468098688, 20.352283138021178 ], [ -98.307982556146726, 20.352182379466267 ], [ -98.307943601985187, 20.352044704677962 ], [ -98.307895067385161, 20.352011005161838 ], [ -98.307848180927891, 20.351997295883749 ], [ -98.307753900078865, 20.351967111898738 ], [ -98.307643960136602, 20.351935266352026 ], [ -98.307549249091821, 20.351885981340725 ], [ -98.30747004230281, 20.351820025500775 ], [ -98.307376005302359, 20.351754307247308 ], [ -98.307283102308844, 20.351720881341954 ], [ -98.307175250940219, 20.351687347866758 ], [ -98.307098469947533, 20.351654451348825 ], [ -98.307006748711117, 20.35160684085049 ], [ -98.306930580085805, 20.351577027465208 ], [ -98.306870097659925, 20.35151576093244 ], [ -98.306825310726751, 20.35143908283521 ], [ -98.30681124702167, 20.351347091286197 ], [ -98.306827672413164, 20.351225168930448 ], [ -98.306843881263802, 20.351104854080418 ], [ -98.30687491204958, 20.350956487790562 ], [ -98.306890236219473, 20.350883218257231 ], [ -98.306905233267358, 20.350839450491176 ], [ -98.306920448515569, 20.350739876086518 ], [ -98.306949819218318, 20.35067138061563 ], [ -98.306993565758887, 20.350563503737547 ], [ -98.307065769068117, 20.350443258439995 ], [ -98.307123121616186, 20.350363724339125 ], [ -98.307165946773353, 20.350310978819021 ], [ -98.307250981629409, 20.350193026438074 ], [ -98.307335232358042, 20.35007591510125 ], [ -98.307405089643993, 20.349998190621832 ], [ -98.307474270551339, 20.349908097385093 ], [ -98.307528272832982, 20.349804847356683 ], [ -98.307568320694884, 20.349727775096458 ], [ -98.307607710907078, 20.349638647374391 ], [ -98.307659437282979, 20.349512708939553 ], [ -98.307711406981824, 20.349413162604474 ], [ -98.307776235785397, 20.349302520997842 ], [ -98.307839552722427, 20.349169043313637 ], [ -98.30790256466247, 20.349049157576449 ], [ -98.307952455583433, 20.348954235237759 ], [ -98.307989036782203, 20.348871890790459 ], [ -98.30802477188557, 20.34877858398406 ], [ -98.308048605501511, 20.34872069370488 ], [ -98.308084983146827, 20.348651651837564 ], [ -98.308134939369864, 20.348594468526557 ], [ -98.308173051635379, 20.348571608774911 ], [ -98.308223425144362, 20.348537437877628 ], [ -98.308273589305543, 20.348503408721282 ], [ -98.308322923291456, 20.348458292968498 ], [ -98.308397764304104, 20.348413365462033 ], [ -98.308474373539937, 20.348368840285893 ], [ -98.308549757168905, 20.348302270436957 ], [ -98.30862562676073, 20.34824699588345 ], [ -98.308687995434198, 20.348191899715079 ], [ -98.308736900847137, 20.348137007503599 ], [ -98.308760861052178, 20.348104178620986 ], [ -98.308783905176597, 20.348060546535329 ], [ -98.308858014144619, 20.34798426898486 ], [ -98.308857272382198, 20.347973433952195 ], [ -98.308906319165175, 20.347919169373725 ], [ -98.308956008648678, 20.347875816586935 ], [ -98.30899321196307, 20.347843358047459 ], [ -98.309041917643555, 20.347789442617177 ], [ -98.309090488678706, 20.347735676016661 ], [ -98.309138433172507, 20.3476930661731 ], [ -98.309186004097924, 20.347650656889297 ], [ -98.309245239156724, 20.347597849166434 ], [ -98.309304317645243, 20.347545236479181 ], [ -98.309361703053469, 20.347471774074467 ], [ -98.309396161420366, 20.347429975983861 ], [ -98.309441343952656, 20.347367511707205 ], [ -98.309475688744527, 20.347336698502716 ], [ -98.309521284858363, 20.34729577193901 ], [ -98.309564282451021, 20.347234645698901 ], [ -98.309596975262906, 20.347194100978019 ], [ -98.309643994235032, 20.347163522723541 ], [ -98.309702539929049, 20.347122778986467 ], [ -98.309750661303909, 20.347102388885919 ], [ -98.309819841299941, 20.347051922252689 ], [ -98.309865922287869, 20.347021865387095 ], [ -98.309913107068354, 20.347001905428392 ], [ -98.309971338768761, 20.346972010072882 ], [ -98.31002941124143, 20.346942196019835 ], [ -98.310108094356153, 20.346882732955535 ], [ -98.310130122177767, 20.346862973837339 ], [ -98.310198651502645, 20.34682361491593 ], [ -98.310198651502645, 20.34682361491593 ], [ -98.310345406703789, 20.346770673878702 ], [ -98.310637236635301, 20.346605150099851 ], [ -98.310685968984941, 20.346574678643087 ], [ -98.310766523087651, 20.346529197368579 ], [ -98.310830307864663, 20.346499069284729 ], [ -98.310894437031124, 20.346454815179349 ], [ -98.311003817134278, 20.346412470188319 ], [ -98.311067160432302, 20.346369231093529 ], [ -98.31114488161991, 20.346341233342848 ], [ -98.311223352945689, 20.346297909425019 ], [ -98.311300444714703, 20.346284060189014 ], [ -98.311377489140057, 20.34627021948285 ], [ -98.311454920387604, 20.346241865664592 ], [ -98.311562293102412, 20.346228863725315 ], [ -98.311654724397485, 20.346201014283 ], [ -98.311731750222947, 20.3461729765102 ], [ -98.311824165181633, 20.346130667376638 ], [ -98.311931553821509, 20.346101923694331 ], [ -98.312008252928763, 20.346072354395019 ], [ -98.312084733550407, 20.34604272268248 ], [ -98.312191398837157, 20.346012970627989 ], [ -98.31228258172132, 20.345997868171349 ], [ -98.312403483895409, 20.345951177095511 ], [ -98.312493959408215, 20.345935217643795 ], [ -98.312554739349352, 20.345950083130429 ], [ -98.312629875340619, 20.345934241233739 ], [ -98.312704301455568, 20.345903213720199 ], [ -98.312778379613661, 20.345872331094753 ], [ -98.31286709130255, 20.345841489044815 ], [ -98.312925502498757, 20.345810996880534 ], [ -98.31299855190548, 20.345780543000068 ], [ -98.313101425795807, 20.345751085490008 ], [ -98.313159248241632, 20.345721714648889 ], [ -98.313171314276147, 20.345677746436991 ], [ -98.313403946071716, 20.345590923521275 ], [ -98.313627976442987, 20.345601212309777 ], [ -98.313705926853345, 20.345585122764057 ], [ -98.313811803652584, 20.345582570192075 ], [ -98.313889180236032, 20.345566564178903 ], [ -98.313994493452668, 20.345564043559957 ], [ -98.314097808941113, 20.345575675181308 ], [ -98.314171078665311, 20.345588024794495 ], [ -98.314287675880408, 20.345613458530174 ], [ -98.314390857962252, 20.345625068483955 ], [ -98.314479034545357, 20.345637041325151 ], [ -98.314600819889407, 20.345605745432028 ], [ -98.314676234520491, 20.345589811212388 ], [ -98.314851819076353, 20.345600770696457 ], [ -98.315041619575439, 20.345624205694705 ], [ -98.315115739806529, 20.345608867947284 ], [ -98.315278525878895, 20.345564198369765 ], [ -98.315424469377021, 20.345535661026769 ], [ -98.315482306456545, 20.345535319105974 ], [ -98.315539705193999, 20.345548794862506 ], [ -98.315654722048436, 20.345575797439022 ], [ -98.315741127428169, 20.345590274557502 ], [ -98.315813166633347, 20.345605349871612 ], [ -98.315914544722531, 20.345606628360716 ], [ -98.316001543271028, 20.345607725358835 ], [ -98.316074115166472, 20.345608684668498 ], [ -98.316146760163619, 20.345609717949145 ], [ -98.316263147532027, 20.345611373376904 ], [ -98.316350853170277, 20.345626917032 ], [ -98.316439214404113, 20.345656876954479 ], [ -98.316542240594003, 20.345672772954909 ], [ -98.316632040828551, 20.345717480754537 ], [ -98.316720762706908, 20.345732046361196 ], [ -98.316795580146632, 20.34576092496409 ], [ -98.316869862575672, 20.345775252060246 ], [ -98.316944444974553, 20.345802534962097 ], [ -98.317032966924586, 20.345815152583373 ], [ -98.317122418594991, 20.345842204577952 ], [ -98.317212033345626, 20.345869305742372 ], [ -98.31730181171956, 20.345896456551035 ], [ -98.317378218934806, 20.345925870204528 ], [ -98.317487113930127, 20.34598474557713 ], [ -98.317562858482972, 20.345999582082005 ], [ -98.317623777161117, 20.346014337126437 ], [ -98.317699786749444, 20.346029228093354 ], [ -98.317775938164488, 20.346044146628401 ], [ -98.317867250647851, 20.346059204319772 ], [ -98.317942365995208, 20.346059760407936 ], [ -98.318047584423994, 20.346060539442682 ], [ -98.318107739447058, 20.346060984960143 ], [ -98.318181456054845, 20.346047131759097 ], [ -98.318270135860175, 20.346033401909747 ], [ -98.31834692499109, 20.346048322262238 ], [ -98.318406931248816, 20.346048543713003 ], [ -98.318465271788426, 20.346034396600984 ], [ -98.318583496725708, 20.346020485449081 ], [ -98.318623117323042, 20.345977711326768 ], [ -98.318679326450948, 20.345949396351465 ], [ -98.318733306902175, 20.345906758810706 ], [ -98.318786750589553, 20.345864038187639 ], [ -98.318854658487254, 20.34582143091891 ], [ -98.3189095453682, 20.345793082597119 ], [ -98.318964269255133, 20.345764818699656 ], [ -98.319016821858511, 20.345722717868238 ], [ -98.319100381379954, 20.345694534295834 ], [ -98.319171803420119, 20.345680730144004 ], [ -98.319259883948831, 20.345680732745603 ], [ -98.319347964493616, 20.345680735583105 ], [ -98.319449920927454, 20.345680247944831 ], [ -98.319567765151774, 20.345692954678647 ], [ -98.31969775135876, 20.345691745346876 ], [ -98.319765805081005, 20.345663928081848 ], [ -98.31982172228247, 20.345650052717957 ], [ -98.319906816630152, 20.345636197662447 ], [ -98.319962553857238, 20.345622362140585 ], [ -98.320021026121552, 20.345622363657025 ], [ -98.320131813411422, 20.345606949181203 ], [ -98.320189194144177, 20.34561884203849 ], [ -98.320271404244551, 20.345616297734161 ], [ -98.320326505630817, 20.34561479782521 ], [ -98.320398093216568, 20.345626579899804 ], [ -98.320494202422509, 20.345623946038756 ], [ -98.320551932662283, 20.345636085019379 ], [ -98.320609651026928, 20.345648221175971 ] ] } },
{ "type": "Feature", "properties": { "ID_OBRA": "1013_San Felipe Orizatlán", "No.": 1013.0, "Municipio": "San Felipe Orizatlán", "Rubro": "Vialidades Urbanas", "Ejercicio": 2023.0, "Obra": "Construcción de pavimentación hidráulica, en acceso a Universidad del Bienestar, municipio de San Felipe Orizatlán", "Localidad": "Ahuatitla", "Inversión": 6770542.33, "Habitantes.beneficiados": 4137.0, "Ejecutora": "DGCCE", "Trabajos": "Considera los trabajos de preliminares, riego de impregnación, piso para pavimento de concreto Hidráulico, en la localidad de Ahuatitla municipio de  San Felipe Orizatlán", "Geometria_tipo": "Línea", "extract": 0.7712113258619131 }, "geometry": { "type": "LineString", "coordinates": [ [ -98.659525890340703, 21.1740681914799 ], [ -98.659732991227401, 21.174199706489194 ], [ -98.660005725010706, 21.174219285402394 ], [ -98.660283088291706, 21.174186011001204 ], [ -98.660434139897703, 21.174182085389599 ], [ -98.660652629307705, 21.174262874459497 ], [ -98.660810357291993, 21.174297022676701 ], [ -98.661037965689502, 21.174333425312398 ], [ -98.661209297044621, 21.174333768630401 ], [ -98.661419015079105, 21.174306700299098 ], [ -98.661637659109701, 21.174319824822803 ], [ -98.661811240013307, 21.174322286518699 ], [ -98.662167515313101, 21.174284937836401 ], [ -98.662374997956917, 21.174249405901804 ], [ -98.662870851531395, 21.174296913828897 ], [ -98.66331277783712, 21.174266076914805 ], [ -98.663705060283206, 21.174256285006994 ], [ -98.663955251193201, 21.174275812728297 ], [ -98.664207624949199, 21.174327061728494 ], [ -98.664934873885798, 21.174732371327295 ], [ -98.665159653839694, 21.175024615830694 ], [ -98.665238242816201, 21.1751643276001 ], [ -98.665366475763904, 21.175282992699895 ], [ -98.665526089548393, 21.175482070299999 ], [ -98.665573113026596, 21.175623833964401 ], [ -98.665522965190803, 21.175869015330399 ], [ -98.665495551242302, 21.1760296621488 ], [ -98.665490838023601, 21.176120575782896 ], [ -98.665510965870396, 21.176192508167695 ], [ -98.665540154082095, 21.176245428083995 ], [ -98.665567092677094, 21.1762962290587 ] ] } },
{ "type": "Feature", "properties": { "ID_OBRA": "1019_San Felipe Orizatlán", "No.": 1019.0, "Municipio": "San Felipe Orizatlán", "Rubro": "Infraestructura Carretera", "Ejercicio": 2023.0, "Obra": "Construcción del camino Santa Ana - La Labor", "Localidad": "Santa Ana", "Inversión": 5864319.99, "Habitantes.beneficiados": 1085.0, "Ejecutora": "DGCCE", "Trabajos": "Considera los trabajos deshierve, terracerías, estabilización de sub-rasante, base, riego de impregnación, pavimentación, cunetas, obras de drenaje y vado, señalamiento horizontal.", "Geometria_tipo": "Línea", "extract": 0.63643193552457111 }, "geometry": { "type": "LineString", "coordinates": [ [ -98.598517258216347, 21.201409005096892 ], [ -98.598374348331561, 21.201338981169346 ], [ -98.598196833584311, 21.20125248274659 ], [ -98.598126634536285, 21.201218893507676 ], [ -98.598038959188486, 21.201184936933206 ], [ -98.597951753695781, 21.201151594137524 ], [ -98.597882172023972, 21.201118751193469 ], [ -98.597812419072682, 21.201069601112227 ], [ -98.597742712128422, 21.20102048330029 ], [ -98.597707993587562, 21.201004123677503 ], [ -98.597586432522149, 21.200938722279361 ], [ -98.59748324831024, 21.200923174426826 ], [ -98.597395521333226, 21.200872385571035 ], [ -98.597308158101555, 21.200838052039526 ], [ -98.597255713939049, 21.200804541257376 ], [ -98.597220818183303, 21.200787611580662 ], [ -98.597116952597048, 21.200706472901835 ], [ -98.59704776934629, 21.200641816499473 ], [ -98.596961942661764, 21.200578309310529 ], [ -98.596910295232419, 21.200562174266295 ], [ -98.596789690397713, 21.200513608486276 ], [ -98.59672013306465, 21.200479552406499 ], [ -98.596634057813958, 21.200462970798405 ], [ -98.596548028963483, 21.200430506734151 ], [ -98.596478835462847, 21.20038097514519 ], [ -98.596375625426347, 21.200348024589495 ], [ -98.596324160430171, 21.200331983714797 ], [ -98.596238380661489, 21.200315771233008 ], [ -98.596152423861696, 21.200266785959254 ], [ -98.596118070759715, 21.20025041345172 ], [ -98.596015038556985, 21.200169275134463 ], [ -98.595946413643745, 21.200104565778791 ], [ -98.595895022143111, 21.200088091597031 ], [ -98.595792304170459, 21.200039168067669 ], [ -98.59572390314942, 21.200006942272427 ], [ -98.595638442572707, 21.19995864669696 ], [ -98.595587189854996, 21.19994253265499 ], [ -98.595501787061536, 21.199926389125217 ], [ -98.595433502214576, 21.199894212906411 ], [ -98.59536524668583, 21.199862050194863 ], [ -98.59531408883673, 21.199829917372099 ], [ -98.59524609777695, 21.199764911409876 ], [ -98.595161360207342, 21.199714919814515 ], [ -98.595093470618764, 21.199682297810451 ], [ -98.595042361018542, 21.199635016236975 ], [ -98.59502527812343, 21.199572036452722 ], [ -98.595008192569509, 21.199509045147931 ], [ -98.595008348871048, 21.199461190534535 ], [ -98.594991928937816, 21.199364720796975 ], [ -98.594992676034721, 21.199252328217867 ], [ -98.594993235116377, 21.199172137440449 ], [ -98.594993793158565, 21.19909208908015 ], [ -98.594994461336583, 21.198996218676466 ], [ -98.595011835858799, 21.198932420925679 ], [ -98.595012483445345, 21.198836889902246 ], [ -98.595012914654092, 21.198773315517837 ], [ -98.595013237625423, 21.19872569373489 ], [ -98.595030650963551, 21.198646438183314 ], [ -98.595031172880752, 21.198567320752876 ], [ -98.595048438214178, 21.198504128993353 ], [ -98.595048968373135, 21.198425230933793 ], [ -98.595066342679303, 21.198346437034573 ], [ -98.595083481142552, 21.198299225743089 ], [ -98.595084086781085, 21.198205009875348 ], [ -98.595101488465346, 21.198095421412127 ], [ -98.595101745793727, 21.198001917994116 ], [ -98.595101968488237, 21.197939597791891 ], [ -98.595085554683905, 21.197861745519642 ], [ -98.595086215774373, 21.197768362501346 ], [ -98.595103234276081, 21.197721763450367 ], [ -98.59510376617898, 21.197644212025086 ], [ -98.595120849777373, 21.197582285785369 ], [ -98.595121260142221, 21.197520457927098 ], [ -98.595121772463429, 21.19744331584107 ], [ -98.595138896118883, 21.197366321799866 ], [ -98.595139192144416, 21.19732020470223 ], [ -98.595139684675317, 21.197243468720259 ], [ -98.595156556306577, 21.197197484278153 ], [ -98.595157045246395, 21.197105633878444 ], [ -98.595157359529338, 21.19704449488496 ], [ -98.595141106649436, 21.196983430688249 ], [ -98.595141431218451, 21.196922456639268 ], [ -98.595141916912638, 21.196831149886084 ], [ -98.595142299401871, 21.196755164249542 ], [ -98.595159103423072, 21.196694448048824 ], [ -98.595175888068937, 21.196633807025233 ], [ -98.595192651783833, 21.196573241960163 ], [ -98.595192974185238, 21.196497616889683 ], [ -98.595209766290282, 21.196422126146594 ], [ -98.595226473283333, 21.196361821313285 ], [ -98.595226710418871, 21.196301569065376 ], [ -98.595243442931249, 21.196226378749575 ], [ -98.595243782835254, 21.196136273166275 ], [ -98.595260474390628, 21.19606133490721 ], [ -98.595277088944783, 21.196001472402138 ], [ -98.595293683371011, 21.195941683723017 ], [ -98.595310252909059, 21.195881946488164 ], [ -98.595326802337667, 21.195822279317177 ], [ -98.595343331747088, 21.19576268334087 ], [ -98.595359904559274, 21.195688379945665 ], [ -98.595392802164966, 21.195629625019681 ], [ -98.595425618841148, 21.195570880735296 ], [ -98.595458311043686, 21.195541551346068 ] ] } },
{ "type": "Feature", "properties": { "ID_OBRA": "1020_San Felipe Orizatlán", "No.": 1020.0, "Municipio": "San Felipe Orizatlán", "Rubro": "Infraestructura Carretera", "Ejercicio": 2023.0, "Obra": "Construye Tu Camino del acceso a Santa Rosa Tetlama E.C. San Felipe Orizatlán - Huejutla, en el municipio de San Felipe Orizatlán", "Localidad": "Santa Rosa Tetlama", "Inversión": 4474792.25, "Habitantes.beneficiados": 1721.0, "Ejecutora": "DGCCE", "Trabajos": "Considera los trabajos de construcción de huellas de concreto hidráulico y empedrado en la localidad, el cual consta de terracerías y pisos de concreto.", "Geometria_tipo": "Línea", "extract": 0.45883006734439563 }, "geometry": { "type": "LineString", "coordinates": [ [ -98.483074365990504, 21.078397163897083 ], [ -98.48324120136094, 21.078349471568512 ], [ -98.483343497961584, 21.078350392364946 ], [ -98.483393576999589, 21.078334525576821 ], [ -98.483477242204799, 21.078318621295359 ], [ -98.483560391775399, 21.078286624222969 ], [ -98.483643797172491, 21.078270402337441 ], [ -98.4837272834489, 21.078254164456741 ], [ -98.48379472462031, 21.078254295949769 ], [ -98.483843874177197, 21.078221540037624 ], [ -98.483911251051836, 21.078221541325114 ], [ -98.483960843017542, 21.078204734731596 ], [ -98.484062833977333, 21.078174365124386 ], [ -98.484165448035114, 21.078160968412359 ], [ -98.484233121334441, 21.078145979668587 ], [ -98.484300352216906, 21.078114640993576 ], [ -98.484384506580582, 21.078099248796637 ], [ -98.484468535793084, 21.078099320347679 ], [ -98.484552576223138, 21.078099455049117 ], [ -98.484619864246653, 21.078084129731682 ], [ -98.48468711656264, 21.078068812566798 ], [ -98.484754363459544, 21.078085012472055 ], [ -98.484821552736122, 21.078101179820681 ], [ -98.484888679997084, 21.07813286275519 ], [ -98.484955767380285, 21.078133118876963 ], [ -98.48502282778577, 21.078133374921297 ], [ -98.485089854832623, 21.078149329116766 ], [ -98.48514010991174, 21.078149518429662 ], [ -98.485223821925828, 21.078165524648497 ], [ -98.485307601295446, 21.078196715915478 ], [ -98.485374700767167, 21.07821209060571 ], [ -98.485441882849784, 21.078211702628884 ], [ -98.485525861937603, 21.078226997450681 ], [ -98.485626081170977, 21.078243333553559 ], [ -98.485709415577034, 21.078244048361931 ], [ -98.48577620099131, 21.078228721879871 ], [ -98.485842536259156, 21.078245189364047 ], [ -98.485908548183644, 21.078277498100604 ], [ -98.485974913569407, 21.078278050966066 ], [ -98.486024388627712, 21.07829430949435 ], [ -98.486107413692963, 21.078279185467579 ], [ -98.486173811926406, 21.078263954551005 ], [ -98.486223656525482, 21.078248580251511 ], [ -98.486321192724759, 21.078266279286829 ], [ -98.486386436907168, 21.078267359318069 ], [ -98.486468604934387, 21.078252605346858 ], [ -98.486551228411017, 21.07822195287698 ], [ -98.486633120254567, 21.07819181061944 ], [ -98.486700018164314, 21.078160488083761 ], [ -98.486783002786453, 21.078129542385501 ], [ -98.486849984046898, 21.07808267495863 ], [ -98.486931242453011, 21.078068400469789 ], [ -98.486997421219797, 21.078022088258667 ], [ -98.487079276811045, 21.07797639321808 ], [ -98.487129531383047, 21.077929631609493 ], [ -98.487180818584505, 21.077866667620526 ], [ -98.487245453313292, 21.077836903013331 ], [ -98.48729589282425, 21.077774523130834 ], [ -98.487326237887686, 21.077745545678614 ], [ -98.487371877540582, 21.077671151075648 ], [ -98.487420461646465, 21.077610166977546 ], [ -98.487455255404996, 21.07753172539671 ], [ -98.487503518602551, 21.077486445209722 ], [ -98.487566872743329, 21.077442258704391 ], [ -98.487614066084973, 21.077413206068954 ], [ -98.487679195618981, 21.077367672625918 ], [ -98.487744897719537, 21.077352504875606 ], [ -98.487812056441001, 21.077320876208496 ], [ -98.487860693095797, 21.077321514290027 ], [ -98.487941687717694, 21.077322576592621 ], [ -98.488004969201157, 21.077339792769134 ], [ -98.488069621737282, 21.077340634264651 ], [ -98.488133907607548, 21.077341681836778 ], [ -98.488199368420709, 21.077326575869272 ], [ -98.488261490109835, 21.077344255602476 ], [ -98.488339164972714, 21.077362334804299 ], [ -98.488405467624887, 21.077361979899816 ], [ -98.488469665153715, 21.077362852036536 ], [ -98.48853573930657, 21.077331982745065 ], [ -98.488599020719619, 21.077318033725813 ], [ -98.488676438910474, 21.07730532633661 ], [ -98.488736007861007, 21.077293369657351 ], [ -98.48879877681027, 21.077249073210083 ], [ -98.48884404140955, 21.0772359286272 ], [ -98.488911967702791, 21.077188762080887 ], [ -98.488996018647725, 21.077141713507039 ], [ -98.489062795849762, 21.077110439618796 ], [ -98.489113582900316, 21.077078959388022 ], [ -98.489195932810333, 21.077032855071636 ], [ -98.489245110438077, 21.077002270632168 ], [ -98.489325670000071, 21.076972441138203 ], [ -98.489390510779955, 21.076942247179499 ], [ -98.489440759752469, 21.076911071532869 ], [ -98.489534741501515, 21.076882853600551 ], [ -98.489607492254407, 21.076857261839557 ], [ -98.489665452137913, 21.076830799224911 ], [ -98.489744949345763, 21.076771072213049 ], [ -98.489824600852444, 21.076741655381891 ], [ -98.489889666727507, 21.076711306134406 ], [ -98.489954732016727, 21.076680958284886 ], [ -98.490030706281445, 21.076668690937794 ], [ -98.490084884462007, 21.076689610871799 ], [ -98.490127401156073, 21.076692838253404 ], [ -98.49022972851273, 21.076683448894141 ], [ -98.490290000585588, 21.076670623234275 ], [ -98.490357486035649, 21.076654103932469 ], [ -98.490412411886112, 21.07667406272493 ], [ -98.490475379716429, 21.076689907418135 ], [ -98.490544814120469, 21.076717676077504 ], [ -98.4906166039288, 21.076797137981821 ], [ -98.490682943650796, 21.0768786367682 ], [ -98.490691613770224, 21.076911866871939 ], [ -98.490833735180104, 21.07696512233106 ], [ -98.490961132594776, 21.076993073588778 ], [ -98.491024451691743, 21.077036501908754 ], [ -98.491039828567253, 21.077035384086283 ], [ -98.491122000865502, 21.077127966098537 ], [ -98.491157184344544, 21.077177491751566 ], [ -98.491203892212837, 21.077235192716671 ], [ -98.491236373435669, 21.077295741247728 ], [ -98.491270892131482, 21.0773442940602 ], [ -98.49128873158763, 21.077391902238084 ], [ -98.491320900410301, 21.07746691316229 ], [ -98.49135314943149, 21.07749707748923 ], [ -98.491449688169027, 21.077572295323051 ], [ -98.491482545453167, 21.077618391320659 ], [ -98.491531337373544, 21.077679304655266 ], [ -98.491548112837052, 21.077740284260901 ], [ -98.491596384585563, 21.077800404008848 ], [ -98.491644647306188, 21.077845565840121 ], [ -98.491692776952519, 21.077890534818785 ], [ -98.491756703116792, 21.077935134478366 ], [ -98.491805156915092, 21.077980653656819 ], [ -98.491869406410927, 21.078025839814078 ], [ -98.491917504540893, 21.078055856669724 ], [ -98.49198156731326, 21.078085804743989 ], [ -98.492046140278759, 21.07814672322526 ], [ -98.492110178994409, 21.078176750215007 ], [ -98.492174197494506, 21.07820676760036 ], [ -98.492238196589383, 21.078236776009458 ], [ -98.492286546148307, 21.078297685254611 ], [ -98.492350478476084, 21.078342691231775 ], [ -98.492398479358926, 21.078402788670505 ], [ -98.492446361943607, 21.078447588886501 ], [ -98.492478452377512, 21.078493373022479 ], [ -98.492478803904007, 21.078569592501061 ], [ -98.49251064236293, 21.078629278950565 ], [ -98.492542395296098, 21.078673664726846 ], [ -98.492590038251222, 21.078732785375937 ], [ -98.492637700855525, 21.078791984882947 ], [ -98.492685357237121, 21.0788218096009 ], [ -98.492748911137141, 21.078836597642006 ], [ -98.492812344970645, 21.078866577468371 ], [ -98.492891431871641, 21.078911566221286 ], [ -98.492954926695575, 21.07892628515792 ], [ -98.493034422454613, 21.078940883700948 ], [ -98.4930977083269, 21.078970669122935 ], [ -98.493176422756164, 21.079000697054862 ], [ -98.493223463944986, 21.079015791501188 ], [ -98.493318032162335, 21.07903078534618 ], [ -98.493364887404368, 21.079045832273774 ], [ -98.493442523419631, 21.079075873591531 ], [ -98.493505901597459, 21.079075786991634 ], [ -98.493567541459086, 21.079105696755978 ], [ -98.493631777473624, 21.079134813473438 ], [ -98.493677477560979, 21.079179309043116 ], [ -98.493722987298867, 21.079223672253551 ], [ -98.493804144290294, 21.079282164533719 ], [ -98.493866088000402, 21.079326344449015 ], [ -98.493928503838234, 21.079370439443995 ], [ -98.493990808243808, 21.07942917501401 ], [ -98.494052908804235, 21.07945849659156 ], [ -98.494114983691119, 21.079487787194015 ], [ -98.494177441054575, 21.079502422047206 ], [ -98.494238911873879, 21.079516970916291 ], [ -98.494302050920922, 21.079502347317778 ], [ -98.494348737894313, 21.079502319088892 ], [ -98.49441095115472, 21.079502281632042 ], [ -98.49448838810163, 21.07947294741701 ], [ -98.49456604522814, 21.079429026222101 ], [ -98.494641574351178, 21.079385138700935 ], [ -98.494687771730312, 21.07934132883755 ], [ -98.494748470570968, 21.07929759911157 ], [ -98.49479542960043, 21.079239235756031 ], [ -98.494855944842968, 21.079195636987169 ], [ -98.494914271540011, 21.079181431875767 ], [ -98.494986632871829, 21.079167400070421 ], [ -98.495012769868424, 21.079182341249386 ], [ -98.495092189744511, 21.079212278451244 ], [ -98.495165981163808, 21.07919812480689 ], [ -98.495208562624313, 21.079198389172575 ], [ -98.495293862292996, 21.079198885727656 ], [ -98.495339390964446, 21.079184598386341 ], [ -98.495429272382452, 21.079170444426829 ], [ -98.495490387740489, 21.079156151215852 ], [ -98.495572654277836, 21.079112699347803 ], [ -98.495677702774898, 21.07905394696213 ], [ -98.495733499721339, 21.07902404220793 ], [ -98.495806993633181, 21.078964734790009 ], [ -98.495851813570098, 21.078921499582016 ], [ -98.49589725091225, 21.078863726562396 ], [ -98.495927515086393, 21.078805928455616 ], [ -98.495973445608058, 21.078762603699172 ], [ -98.496001489304689, 21.078690835240391 ], [ -98.495986393220022, 21.078676285134129 ], [ -98.495893963354945, 21.078603805101931 ], [ -98.495847427259747, 21.078560401108927 ], [ -98.495786048949441, 21.078516815345971 ], [ -98.495724011091056, 21.078487870820133 ], [ -98.495661976406524, 21.078458924775173 ], [ -98.495569995131518, 21.078458584192141 ], [ -98.495491280730107, 21.078458952687932 ], [ -98.495394895989662, 21.078445608240454 ], [ -98.495347815172977, 21.078445817860306 ], [ -98.495269351259552, 21.078431736286284 ], [ -98.495221768000306, 21.078374399800044 ], [ -98.495174592903766, 21.078331393432471 ], [ -98.495126028108345, 21.078274612495559 ], [ -98.495091676083035, 21.078232954636711 ], [ -98.495046535289617, 21.078160350939086 ], [ -98.495015491254918, 21.078088390909627 ], [ -98.494984520127673, 21.078016400625355 ], [ -98.49495414673396, 21.077958457682616 ], [ -98.494939836524154, 21.07790008441998 ], [ -98.494922956376413, 21.077828964428718 ], [ -98.494906988177803, 21.07778610674643 ], [ -98.494904709950148, 21.077715750776861 ], [ -98.494903301201688, 21.077673637563247 ], [ -98.49490048892396, 21.077589568232771 ], [ -98.494898151011498, 21.077519668722619 ], [ -98.494911470729676, 21.077478340724991 ], [ -98.494910038237819, 21.077422226416715 ], [ -98.494953378184348, 21.077352972792792 ], [ -98.494997785978995, 21.077297143625231 ], [ -98.495042525779553, 21.077241039071119 ], [ -98.495102478525084, 21.077227899837279 ], [ -98.495162246088057, 21.077200600698422 ], [ -98.495237299967513, 21.077173279903885 ], [ -98.495296592471576, 21.07717484285644 ], [ -98.495341638231963, 21.077204007062161 ], [ -98.495387112048292, 21.077247052532275 ], [ -98.49541782418676, 21.077318207906021 ], [ -98.49544717549017, 21.077390330074909 ], [ -98.49549121942907, 21.077462760810569 ], [ -98.495535543250142, 21.077506424493748 ], [ -98.495609827800493, 21.077536120064128 ], [ -98.49565403994562, 21.077579696671474 ], [ -98.495698378727326, 21.077623126795416 ], [ -98.495728487589986, 21.077680158046679 ], [ -98.495773928381723, 21.07772291052931 ], [ -98.495834602732927, 21.077765648666446 ], [ -98.495895569135811, 21.077765615883603 ], [ -98.495956435854708, 21.077779838950441 ], [ -98.496032752584185, 21.077765542008564 ], [ -98.49609372725071, 21.077765508744992 ], [ -98.496154457931212, 21.077765586985276 ], [ -98.496211788004658, 21.077753008790939 ], [ -98.496298328085473, 21.077755105152796 ], [ -98.49638300346534, 21.077757909081786 ], [ -98.496440782218443, 21.077787415826947 ], [ -98.496512505855137, 21.077817325612443 ], [ -98.496584848312565, 21.077860992839081 ], [ -98.496642324390763, 21.077890344498716 ], [ -98.496673251171998, 21.077946502403861 ], [ -98.496687775072203, 21.07800311964149 ], [ -98.496700549556024, 21.078060284579891 ], [ -98.496700015151205, 21.0781309208637 ], [ -98.496713740014812, 21.078201784038715 ], [ -98.496713418241512, 21.07824413791295 ], [ -98.496698626204093, 21.078314491135366 ], [ -98.496683938705431, 21.078370739598242 ], [ -98.49668340702479, 21.07844130981351 ], [ -98.496697238550482, 21.078497935353841 ], [ -98.496694610185116, 21.07855479830712 ], [ -98.496691512665308, 21.078597624164964 ] ] } },
{ "type": "Feature", "properties": { "ID_OBRA": "1022_San Felipe Orizatlán", "No.": 1022.0, "Municipio": "San Felipe Orizatlán", "Rubro": "Infraestructura Carretera", "Ejercicio": 2023.0, "Obra": "Pavimentación del camino rural Teoxtitla - San Felipe; en el municipio de San Felipe Orizatlán.", "Localidad": "Teoxtitla", "Inversión": 20760788.2, "Habitantes.beneficiados": 433.0, "Ejecutora": "DGCCE", "Trabajos": "considera los trabajos de escarificado, riego de impregnación, carpeta de concreto hidráulico, obras complementarias, señalamiento.", "Geometria_tipo": "Línea", "extract": 0.57777839928519337 }, "geometry": { "type": "LineString", "coordinates": [ [ -98.613773005350083, 21.161946228733694 ], [ -98.613562072904529, 21.16192525934667 ], [ -98.61337909198059, 21.161969559339909 ], [ -98.613211767194571, 21.161919522455811 ], [ -98.613073977266424, 21.161766858037847 ], [ -98.612981743695556, 21.161541160827451 ], [ -98.613028021858327, 21.161312587270206 ], [ -98.613136005015917, 21.161125712387129 ], [ -98.613166980532966, 21.160953767233 ], [ -98.613351230495653, 21.160649481264986 ], [ -98.613320925315634, 21.160478040488414 ], [ -98.61331430854213, 21.16024249607392 ], [ -98.613211716291346, 21.160051609446931 ], [ -98.613011667208013, 21.159950436417123 ], [ -98.61290445526501, 21.159797972534147 ], [ -98.612745766927276, 21.159585463058999 ], [ -98.612653093078748, 21.159356666811302 ], [ -98.612591383104629, 21.159200360708635 ], [ -98.612520186337647, 21.158939117656608 ], [ -98.612395469432045, 21.158717607248803 ], [ -98.612377446750514, 21.158498447710766 ], [ -98.612340438729575, 21.158235456651191 ], [ -98.612341064913494, 21.158207686324264 ], [ -98.612332073245383, 21.15814285666006 ], [ -98.612322206645274, 21.158105451448801 ], [ -98.612301800416304, 21.158058196416409 ], [ -98.612302144226845, 21.158020764586755 ], [ -98.612302478962462, 21.157983356727005 ], [ -98.61230281344308, 21.157945986981009 ], [ -98.61230286459201, 21.157879786963885 ], [ -98.61231356411848, 21.157833244351014 ], [ -98.612334758664289, 21.157768391422582 ], [ -98.612355604612077, 21.157721946462296 ], [ -98.612365735668732, 21.157693410287131 ], [ -98.61238616139444, 21.157665017567485 ], [ -98.612508989245342, 21.157589850290869 ], [ -98.612590812343825, 21.157467293314319 ], [ -98.612703502897148, 21.157383965688961 ], [ -98.612632390941954, 21.15714058723713 ], [ -98.612612280353204, 21.1571138120771 ], [ -98.612592502950591, 21.157050992780874 ], [ -98.612592879163344, 21.157005954084546 ], [ -98.612593183762129, 21.156960596900309 ], [ -98.612583329498449, 21.156924665974493 ], [ -98.612573532159288, 21.156889034499667 ], [ -98.612563684567121, 21.15686244794373 ], [ -98.612543848244442, 21.156827166259351 ], [ -98.612524004515123, 21.156791720696315 ], [ -98.612514267011392, 21.156756173931775 ], [ -98.61250454817089, 21.156720701180767 ], [ -98.61248489822971, 21.15667663728901 ], [ -98.612475222249131, 21.156641298034003 ], [ -98.61247592348856, 21.156588837661712 ], [ -98.612535008381258, 21.156446498868384 ], [ -98.612613258467746, 21.156313993205035 ], [ -98.612616749312807, 21.156159905768437 ], [ -98.612618523642112, 21.155909831012277 ], [ -98.612459829632954, 21.155757764941246 ], [ -98.612427456518688, 21.155634006746393 ], [ -98.612564613660453, 21.155588914131521 ], [ -98.612593755436507, 21.155558262306137 ], [ -98.612605787180627, 21.15552605922532 ], [ -98.61263977913859, 21.155490091067328 ], [ -98.612651894760276, 21.155468292449932 ], [ -98.612663514639152, 21.155445371527765 ], [ -98.612690497240351, 21.155302273443851 ], [ -98.612673661714496, 21.155256847832529 ], [ -98.612675865367677, 21.155227664440421 ], [ -98.612678154315688, 21.155198975932556 ], [ -98.612681258231234, 21.155164240518598 ], [ -98.612683698772116, 21.155136575835062 ], [ -98.612803754292557, 21.155079989403031 ], [ -98.612861685057169, 21.155080275620211 ], [ -98.612910708183207, 21.155066515155745 ], [ -98.612929983813103, 21.155066611177251 ], [ -98.612988124561241, 21.155051029817574 ], [ -98.613036036334961, 21.155040868502784 ], [ -98.613064689017818, 21.15503924787658 ], [ -98.613304328357998, 21.154924800466681 ], [ -98.613352619902145, 21.15490394674449 ], [ -98.613391612751272, 21.154890144916813 ], [ -98.613430731795219, 21.15487169161694 ], [ -98.613558271248095, 21.154827285015799 ], [ -98.613714728380373, 21.154777846857758 ], [ -98.613931708167172, 21.154704159384828 ], [ -98.614155129261434, 21.154577946197129 ], [ -98.614405014431668, 21.154452252228175 ], [ -98.614635099411259, 21.154316320619756 ], [ -98.614854575356318, 21.154105605590328 ], [ -98.614926308662277, 21.153935848070997 ], [ -98.614945384263706, 21.153721478440115 ], [ -98.61496550622833, 21.153561580995959 ], [ -98.614974271014461, 21.153397383769189 ], [ -98.614921450106095, 21.153201030175225 ], [ -98.614869972327554, 21.153059069625659 ], [ -98.614849723721065, 21.153022839429081 ], [ -98.614819402611886, 21.152987164837082 ], [ -98.614809284525094, 21.15295089980469 ], [ -98.614789136045005, 21.152942366979044 ], [ -98.614698718023021, 21.152762340081569 ], [ -98.614688713786919, 21.15273568355477 ], [ -98.614668658567908, 21.152688306417005 ], [ -98.614658594308708, 21.1526497090722 ], [ -98.61465858416372, 21.152612198342705 ], [ -98.614658612561641, 21.152576154909976 ], [ -98.614648626154249, 21.152540342971765 ], [ -98.614648693944531, 21.152496217684369 ], [ -98.614648748216965, 21.152460983834803 ], [ -98.614648820775457, 21.15241727510718 ], [ -98.614638904450203, 21.15238244082876 ], [ -98.614629007078364, 21.152356805646839 ], [ -98.61459928273635, 21.152323580435954 ], [ -98.614599474236428, 21.152290598781828 ], [ -98.614589770467745, 21.152258188240896 ], [ -98.614580153724901, 21.152217587862722 ], [ -98.614570431524399, 21.152193118967304 ], [ -98.614570595080238, 21.152150160828491 ], [ -98.614560920271089, 21.152116829166079 ], [ -98.614561121297328, 21.152074531958515 ], [ -98.614561124650166, 21.152020075136047 ], [ -98.614561175872396, 21.151975431548074 ], [ -98.614561278869061, 21.151949849488251 ], [ -98.61456148710171, 21.151917111886242 ], [ -98.614637832262829, 21.151733144663559 ], [ -98.614640088678456, 21.151597362004342 ], [ -98.614642115388961, 21.151434157137984 ], [ -98.614577117483421, 21.15126290321983 ], [ -98.614577931138726, 21.151218951216322 ], [ -98.614568780503319, 21.151193590025628 ], [ -98.614560129394604, 21.151151222046771 ], [ -98.614561140908151, 21.151098971481517 ], [ -98.614552696368634, 21.15105742729531 ], [ -98.614553515517457, 21.151014089660428 ], [ -98.61455433221235, 21.150970868994367 ], [ -98.614555146858436, 21.150927763597174 ], [ -98.614556050231158, 21.150894171535331 ], [ -98.614557764535093, 21.150854265901174 ], [ -98.61457314409914, 21.150692864242419 ], [ -98.614585630374691, 21.150568721894082 ], [ -98.614596060918657, 21.150535907462267 ], [ -98.614597075099923, 21.150495396428937 ], [ -98.614598202822549, 21.150464439468717 ], [ -98.614582707994572, 21.150338251878285 ], [ -98.614554556057954, 21.150314137594695 ], [ -98.61451765541635, 21.15029307969813 ], [ -98.614479937664214, 21.150259593987187 ], [ -98.614452411275806, 21.150237197911938 ], [ -98.614405045213971, 21.15022054938602 ], [ -98.614377618225802, 21.150189220821172 ], [ -98.614349294859011, 21.150163544788764 ], [ -98.61430929725347, 21.150122154813076 ], [ -98.614271411810677, 21.150078800774889 ], [ -98.61427035608547, 21.150040294006224 ], [ -98.614251691414466, 21.150006323161946 ], [ -98.614241489660287, 21.149968995644027 ], [ -98.614241381803282, 21.149933382899111 ], [ -98.614241219592301, 21.149879948614728 ], [ -98.614241138634199, 21.149853224274636 ], [ -98.614240976631905, 21.149799761682893 ], [ -98.614240868475648, 21.149764108857756 ], [ -98.614240733380214, 21.149719531859581 ], [ -98.614270529144704, 21.149697103772592 ], [ -98.614299839818216, 21.149673231883089 ], [ -98.614339040649696, 21.149659799789237 ], [ -98.614372167967844, 21.149574383514281 ], [ -98.614441343367673, 21.149417394790969 ], [ -98.614440674367785, 21.149287144054401 ], [ -98.614311987710764, 21.149215039566126 ], [ -98.61408261682827, 21.149076044294912 ], [ -98.613855700049626, 21.149023818409422 ], [ -98.613654360364052, 21.14891455614103 ], [ -98.613429151658607, 21.14884419834506 ], [ -98.613237627534204, 21.14875990341702 ], [ -98.613096801139733, 21.148667553680912 ], [ -98.613018187067013, 21.148454916931115 ], [ -98.61295746235659, 21.148177203485641 ], [ -98.612851947094128, 21.147999027562062 ], [ -98.612830928707979, 21.147979033508481 ], [ -98.612799846610102, 21.147909194581416 ], [ -98.612757838598455, 21.147879213295919 ], [ -98.612737116864224, 21.14783939309449 ], [ -98.612726982296223, 21.147809430723985 ], [ -98.612614981062805, 21.147619306317154 ], [ -98.612504832606987, 21.147372241069391 ], [ -98.612456188113185, 21.147176915116216 ], [ -98.612456599230526, 21.147138137832705 ], [ -98.612458197563598, 21.147041146397541 ], [ -98.612458839128138, 21.147012058119447 ], [ -98.612439047923161, 21.146954036076469 ], [ -98.612397325338719, 21.146934804304706 ], [ -98.612368037214225, 21.146886394176718 ], [ -98.612348732559951, 21.146847787992449 ], [ -98.612339418918793, 21.146818899754486 ], [ -98.612330737383999, 21.146761291299864 ], [ -98.612311280542229, 21.146722970948446 ], [ -98.61231225125438, 21.146684723155264 ], [ -98.612293187076915, 21.146646562769789 ], [ -98.612284493446822, 21.14659896267549 ], [ -98.612265272737986, 21.14656097889058 ], [ -98.612256206366851, 21.146523051786865 ], [ -98.612257143696027, 21.146466132382741 ], [ -98.612257648308031, 21.146418700391482 ], [ -98.612258216958566, 21.146361819831075 ], [ -98.612258793750698, 21.146323983611861 ], [ -98.61221190399354, 21.146211641386692 ], [ -98.612085181913884, 21.146091220201782 ], [ -98.611925731199818, 21.145913923088635 ], [ -98.611939514384346, 21.145868746811981 ], [ -98.611964511998806, 21.145815034812319 ], [ -98.611987821606746, 21.145779390633905 ], [ -98.612107435181997, 21.145663981239903 ], [ -98.612139901069554, 21.145628581889891 ], [ -98.612171645346024, 21.14560206827294 ], [ -98.612318843157581, 21.145433155936146 ], [ -98.612350856339944, 21.145371003633485 ], [ -98.612368271507762, 21.145260405505059 ], [ -98.612374624554846, 21.145168028261484 ], [ -98.612385575024376, 21.145133139558759 ], [ -98.61239618804737, 21.145097892720653 ], [ -98.612427138428117, 21.145072790606967 ], [ -98.612457625937452, 21.145056244188282 ], [ -98.612518121919194, 21.145058915829399 ], [ -98.612548009630672, 21.145041725716602 ], [ -98.612586719815582, 21.145013963042167 ], [ -98.612605702615568, 21.144985841217039 ], [ -98.612644471753669, 21.144958030527128 ], [ -98.612673390171253, 21.144930022006385 ], [ -98.612712707777177, 21.144885062916007 ], [ -98.61275247966843, 21.144868317309712 ], [ -98.612782998580911, 21.144843914232791 ], [ -98.612814020046059, 21.144803024652887 ], [ -98.612814684830965, 21.14476867219485 ], [ -98.612815348145929, 21.144734378809648 ], [ -98.612816010455887, 21.144700145036168 ], [ -98.612816890631777, 21.144666561971537 ], [ -98.612818450477292, 21.14461699335703 ], [ -98.612819338747641, 21.14458364756474 ], [ -98.612820715857495, 21.144533907372875 ], [ -98.61282232828313, 21.144485060804477 ], [ -98.612823570222659, 21.144453117044179 ], [ -98.612824808063777, 21.144421277781596 ], [ -98.612826656944577, 21.14437371471961 ], [ -98.612827632825912, 21.144350194415569 ], [ -98.612810300211649, 21.14431160354312 ], [ -98.612792589190761, 21.14428058323179 ], [ -98.612784686271823, 21.144250375546932 ], [ -98.612786283521814, 21.144220202117356 ], [ -98.612787558791311, 21.144189147463315 ], [ -98.612789146794412, 21.144150469453997 ], [ -98.612790187466999, 21.144118891043146 ], [ -98.612791195660748, 21.144069885905395 ], [ -98.612801667021088, 21.144021114879674 ], [ -98.612800406557554, 21.143981865814421 ], [ -98.61282830322935, 21.143945415140564 ], [ -98.612866329894572, 21.14392891346041 ], [ -98.612913602818907, 21.143911717570251 ], [ -98.612942025716094, 21.143903377123767 ], [ -98.612980458540108, 21.143906548187612 ], [ -98.613037626955077, 21.143900905982367 ], [ -98.61307491212601, 21.14389875097789 ], [ -98.613112195067288, 21.14389620379805 ], [ -98.61315889262373, 21.143893030914995 ], [ -98.61319632924581, 21.143890487857391 ], [ -98.613233833270357, 21.143887940109739 ], [ -98.613271784284549, 21.143888860227108 ], [ -98.613300577655096, 21.143884299679186 ], [ -98.613329409490589, 21.143863769280483 ], [ -98.61333903127165, 21.143831250986956 ], [ -98.613348614736324, 21.143815896087322 ], [ -98.613367784079927, 21.14376854852226 ], [ -98.613377384580801, 21.143736725365862 ], [ -98.613377570623939, 21.143696150906329 ], [ -98.613377809005968, 21.143665071630966 ], [ -98.613377877301616, 21.143622830666818 ], [ -98.613377807921395, 21.14357851487501 ], [ -98.613377616551332, 21.143532226146998 ], [ -98.61339636379364, 21.143497441659829 ], [ -98.613405778938201, 21.143489479884668 ], [ -98.613466106888197, 21.143401588492843 ], [ -98.613496424609338, 21.143297915126926 ], [ -98.613527421718587, 21.143269362643757 ], [ -98.613568680532609, 21.143250228854413 ], [ -98.613589297080765, 21.143221798935588 ], [ -98.613620107110492, 21.14318395986961 ], [ -98.613620727970371, 21.143136531051621 ], [ -98.61362134776995, 21.143089235414962 ], [ -98.613621832756579, 21.143042108915235 ], [ -98.613622220043396, 21.14300448372861 ], [ -98.613662931312234, 21.142976324112048 ], [ -98.613693432326869, 21.142957559835036 ], [ -98.613723998706135, 21.142929424495708 ], [ -98.613724292937761, 21.142891961559236 ], [ -98.613724507945847, 21.142863907211147 ], [ -98.613734950509041, 21.142817218157646 ], [ -98.613755385911361, 21.142779912619236 ], [ -98.613785996739267, 21.142742728784555 ], [ -98.613786405031604, 21.142705738039115 ], [ -98.613786811971366, 21.142668860400537 ], [ -98.613797318715157, 21.14262285499747 ], [ -98.613797713421945, 21.142586228527659 ], [ -98.613798107022703, 21.14254971510983 ], [ -98.61379849931258, 21.142513313678347 ], [ -98.613788828092751, 21.14248614416595 ], [ -98.61375963087869, 21.142441292200083 ], [ -98.613730131310206, 21.142405100371757 ], [ -98.613700378193286, 21.142377679992851 ], [ -98.613671366808404, 21.142342221705945 ], [ -98.613651804757353, 21.142315153039629 ], [ -98.613622474633786, 21.142288304480285 ], [ -98.613603099231241, 21.142261498011102 ], [ -98.613583486522742, 21.142225177254641 ], [ -98.613563995962977, 21.142189057261554 ], [ -98.613544310804926, 21.142152647966 ], [ -98.613525107284985, 21.142107843178561 ], [ -98.613505924506313, 21.142072232417078 ], [ -98.613477283604624, 21.142019042537221 ], [ -98.613477702412212, 21.141983316587261 ], [ -98.613468477494337, 21.141947972317681 ], [ -98.613459272380197, 21.141912702577311 ], [ -98.613440046929639, 21.141886197716516 ], [ -98.613421774334213, 21.141843179650397 ], [ -98.61339086964081, 21.141813433387632 ], [ -98.613370342265725, 21.141784732699037 ], [ -98.61335049639041, 21.14175716517417 ], [ -98.613310261789877, 21.1417102278226 ], [ -98.613290021015715, 21.1416911385624 ], [ -98.613270958597823, 21.141646670381718 ], [ -98.613251568083314, 21.141619868134377 ], [ -98.613232107668466, 21.141592946874891 ], [ -98.613202968216171, 21.14154809823626 ], [ -98.613183599043566, 21.141512233717012 ], [ -98.613153626261337, 21.141475111954495 ], [ -98.613144429943077, 21.141439801585776 ], [ -98.61313507637901, 21.141413337828027 ], [ -98.613126165828589, 21.141369484678847 ] ] } },
{ "type": "Feature", "properties": { "ID_OBRA": "1029_San Salvador", "No.": 1029.0, "Municipio": "San Salvador", "Rubro": "Vialidades Urbanas", "Ejercicio": 2023.0, "Obra": "Construcción de andador en San Salvador en la localidad Caxuxi, camino Caxuxi - San Salvador", "Localidad": "Caxuxi", "Inversión": 3106457.95, "Habitantes.beneficiados": 3089.0, "Ejecutora": "DGOPI", "Trabajos": "Considera trabajos en la rehabilitación y/o mejoramiento de las vialidades urbanas en la localidad de Caxuxi muncipio de San Salvador", "Geometria_tipo": "Línea", "extract": 0.28109712818505633 }, "geometry": { "type": "LineString", "coordinates": [ [ -98.9964366611825, 20.301324415608605 ], [ -98.993231216774305, 20.303159705273799 ] ] } },
{ "type": "Feature", "properties": { "ID_OBRA": "1030_San Salvador", "No.": 1030.0, "Municipio": "San Salvador", "Rubro": "Vialidades Urbanas", "Ejercicio": 2024.0, "Obra": "Continuación de la construcción de andador en San Salvador en la localidad Caxuxi, camino Caxuxi - San Salvador", "Localidad": "Caxuxi", "Inversión": 1015277.1, "Habitantes.beneficiados": 3089.0, "Ejecutora": "DGOPI", "Trabajos": "Considera trabajos en la rehabilitación y/o mejoramiento de las vialidades urbanas en la localidad de Caxuxi muncipio de San Salvador", "Geometria_tipo": "Línea", "extract": 0.21722333351043149 }, "geometry": { "type": "LineString", "coordinates": [ [ -99.010491704647706, 20.287800524486098 ], [ -99.008909426898299, 20.289352825520702 ], [ -99.006587497564198, 20.291560708149593 ], [ -99.004615152290498, 20.293489406099791 ], [ -99.002759309442794, 20.295265819020798 ], [ -99.001163430097193, 20.296796901682196 ], [ -98.999352338000904, 20.298539441844301 ], [ -98.998034333856396, 20.300260821860196 ] ] } },
{ "type": "Feature", "properties": { "ID_OBRA": "1038_San Salvador", "No.": 1038.0, "Municipio": "San Salvador", "Rubro": "Vialidades Urbanas", "Ejercicio": 2023.0, "Obra": "Pavimentación asfáltica de la calle Niños Héroes en la localidad El Mothé en el municipio de San Salvador.", "Localidad": "El Mothé", "Inversión": 1138942.86, "Habitantes.beneficiados": 483.0, "Ejecutora": "DGIVC", "Trabajos": "Considera los trabajos de capa subbase, riego de impregnación, suministro y aplicación de riego de liga con emulsión asfáltica", "Geometria_tipo": "Línea", "extract": 0.2096492804202959 }, "geometry": { "type": "LineString", "coordinates": [ [ -99.150625749816996, 20.402955138336704 ], [ -99.150200597128801, 20.402841311441001 ], [ -99.149790047823203, 20.402751789994802 ], [ -99.149421101851701, 20.402774310973495 ], [ -99.149232693963697, 20.402775529718301 ], [ -99.149082400169704, 20.402759798074804 ], [ -99.149009491671094, 20.402747172217996 ], [ -99.148910742372394, 20.402685930326996 ], [ -99.148898342071803, 20.402619327896698 ], [ -99.148873598391106, 20.402545334559697 ], [ -99.1487421101846, 20.402258905061203 ], [ -99.14866674596432, 20.402024237730295 ], [ -99.148638614736996, 20.401925928200598 ], [ -99.148509217433201, 20.401479836911399 ], [ -99.148461953520808, 20.401310701211205 ], [ -99.148446165819394, 20.401219782576899 ], [ -99.148450582823997, 20.401147879031999 ], [ -99.148486409071296, 20.401084407534597 ] ] } },
{ "type": "Feature", "properties": { "ID_OBRA": "1039_San Salvador", "No.": 1039.0, "Municipio": "San Salvador", "Rubro": "Vialidades Urbanas", "Ejercicio": 2024.0, "Obra": "Construcción de pavimentación asfáltica en camino sin nombre, localidad El Olvera, municipio de San Salvador", "Localidad": "El Olvera", "Inversión": 4649629.48, "Habitantes.beneficiados": 1162.0, "Ejecutora": "DGIVC", "Trabajos": "Considera los trabajos de capa subbase, riego de impregnación, suministro y aplicación de riego de liga con emulsión asfáltica", "Geometria_tipo": "Línea", "extract": 0.14055872909302014 }, "geometry": { "type": "LineString", "coordinates": [ [ -99.026035140380401, 20.2739886341753 ], [ -99.025662947876299, 20.272969386498904 ], [ -99.025568767661795, 20.272639501479997 ], [ -99.025474585084396, 20.272292698510704 ], [ -99.025259341244706, 20.271679456225495 ], [ -99.025106879726295, 20.271256530907309 ], [ -99.025088936851603, 20.271167714556604 ], [ -99.025097877335796, 20.271019681740796 ], [ -99.025196404559793, 20.2705248193088 ], [ -99.025187393885403, 20.270237216454301 ], [ -99.025111080800997, 20.269509758042592 ] ] } },
{ "type": "Feature", "properties": { "ID_OBRA": "104_Atlapexco", "No.": 104.0, "Municipio": "Atlapexco", "Rubro": "Infraestructura Carretera", "Ejercicio": 2024.0, "Obra": "Construcción de pavimentación hidráulica del camino Pahactla a Atlapexco en el municipio de Atlapexco.", "Localidad": "Pahactla", "Inversión": 16458253.61, "Habitantes.beneficiados": 1508.0, "Ejecutora": "DGCCE", "Trabajos": "Considera los trabajos de preliminares y pavimento hidráulico.", "Geometria_tipo": "Línea", "extract": 0.36822317004764948 }, "geometry": { "type": "LineString", "coordinates": [ [ -98.356669005665196, 20.976885462579201 ], [ -98.356445981914206, 20.9768650751673 ], [ -98.356296259675801, 20.976882550091901 ], [ -98.356134060584097, 20.976956818498699 ], [ -98.355971861492506, 20.9771024427185 ], [ -98.355879844700098, 20.977218941992103 ], [ -98.355812781614205, 20.977367478434299 ], [ -98.355664618982303, 20.977823280516599 ], [ -98.355602234716301, 20.977916479493292 ], [ -98.355533612023706, 20.978050452920296 ], [ -98.355489943037512, 20.978370823671892 ], [ -98.355415081918295, 20.978580520519202 ], [ -98.3550657300285, 20.978731968059297 ], [ -98.354866100377293, 20.978900890134401 ], [ -98.354579132753599, 20.979110586237802 ], [ -98.354354549395893, 20.9792387337117 ], [ -98.354236019290525, 20.979448429341002 ], [ -98.354317118836306, 20.9798037462633 ], [ -98.354292165129905, 20.980019265952102 ], [ -98.354242257717104, 20.980060039912292 ], [ -98.353924097960402, 20.980164887187399 ], [ -98.3536059382037, 20.980380406355202 ], [ -98.353343924286492, 20.980712421762203 ], [ -98.353200440474708, 20.980910465688698 ], [ -98.353000810823389, 20.981056086055396 ], [ -98.352838611731698, 20.981085210111797 ], [ -98.352663935786893, 20.981009487553493 ], [ -98.352520451974996, 20.9808871664168 ], [ -98.352445590855794, 20.980817268579504 ], [ -98.352283391764189, 20.980811443758295 ], [ -98.352164861658679, 20.980898816053202 ], [ -98.352133669525713, 20.980974538667596 ], [ -98.352108715819313, 20.981091034922301 ], [ -98.352177338511893, 20.981306552754198 ], [ -98.352258438057788, 20.981399749558197 ], [ -98.352289630190796, 20.981551194240701 ], [ -98.352258438057788, 20.981784185760201 ], [ -98.352189815365179, 20.9820113521419 ], [ -98.352270914911003, 20.982267642003897 ], [ -98.352314583897197, 20.982541405689101 ], [ -98.352277153337596, 20.982762746174203 ], [ -98.352164861658679, 20.982844292586002 ], [ -98.351865417181884, 20.982820993615793 ], [ -98.351653310677406, 20.982780220409101 ] ] } },
{ "type": "Feature", "properties": { "ID_OBRA": "1040_San Salvador", "No.": 1040.0, "Municipio": "San Salvador", "Rubro": "Vialidades Urbanas", "Ejercicio": 2023.0, "Obra": "Construcción de pavimentación hidráulica en municipio de San Salvador, localidad El Tablón, camino por el canal", "Localidad": "El Tablón", "Inversión": 1714271.75, "Habitantes.beneficiados": 610.0, "Ejecutora": "DGIVC", "Trabajos": "Considera los trabajos de preliminares, riego de impregnación, piso para pavimento de concreto Hidráulico, en la localidad de El Tablón municipio de  San Salvador", "Geometria_tipo": "Línea", "extract": -0.22269262273318555 }, "geometry": { "type": "LineString", "coordinates": [ [ -98.990150632834101, 20.208492454315298 ], [ -98.989913187103696, 20.208293654207797 ], [ -98.989516697326806, 20.207984877277905 ], [ -98.989310610424795, 20.2078600945189 ], [ -98.989209807043395, 20.20780087531309 ], [ -98.988506425822806, 20.207384224637803 ], [ -98.987997932745998, 20.207083895896002 ], [ -98.987729127107599, 20.206918926690996 ], [ -98.987180317657902, 20.206578412462999 ] ] } },
{ "type": "Feature", "properties": { "ID_OBRA": "1041_San Salvador", "No.": 1041.0, "Municipio": "San Salvador", "Rubro": "Vialidades Urbanas", "Ejercicio": 2024.0, "Obra": "Pavimentación hidráulica en Avenida Remedios y calle Héroes de la Independencia, Localidad El Tablón, en el municipio de San Salvador", "Localidad": "El Tablón", "Inversión": 3534223.24, "Habitantes.beneficiados": 610.0, "Ejecutora": "DGIVC", "Trabajos": "Considera los trabajos de preliminares, piso para pavimento de concreto hidráulico.", "Geometria_tipo": "Línea", "extract": -0.19554830621083172 }, "geometry": { "type": "LineString", "coordinates": [ [ -98.986688550620002, 20.2102959368118 ], [ -98.987363117598605, 20.2084926878528 ], [ -98.987640860335802, 20.208676210428798 ], [ -98.987776897807095, 20.208766641463505 ], [ -98.987898764582795, 20.208867710921698 ], [ -98.988153831948694, 20.209309220611999 ], [ -98.988743333982598, 20.2102959701153 ] ] } },
{ "type": "Feature", "properties": { "ID_OBRA": "1042_San Salvador", "No.": 1042.0, "Municipio": "San Salvador", "Rubro": "Vialidades Urbanas", "Ejercicio": 2023.0, "Obra": "Construcción de pavimentación hidráulica en municipio de San Salvador, localidad Francisco Villa calle Sin Nombre.", "Localidad": "Francisco Villa", "Inversión": 975327.15, "Habitantes.beneficiados": 184.0, "Ejecutora": "DGIVC", "Trabajos": "Considera los trabajos de preliminares, piso para pavimento de concreto hidráulico.", "Geometria_tipo": "Línea", "extract": 0.061490537404949058 }, "geometry": { "type": "LineString", "coordinates": [ [ -99.009994765414604, 20.315612825410998 ], [ -99.010339232493294, 20.315391922292399 ], [ -99.010787112371901, 20.315155658156204 ], [ -99.011457633752599, 20.314857642026308 ] ] } },
{ "type": "Feature", "properties": { "ID_OBRA": "1043_San Salvador", "No.": 1043.0, "Municipio": "San Salvador", "Rubro": "Vialidades Urbanas", "Ejercicio": 2024.0, "Obra": "Construcción de Pavimentación asfáltica en calle Pedro María Anaya, en la localidad de La Palma, municipio de San Salvador", "Localidad": "La Palma", "Inversión": 2467429.14, "Habitantes.beneficiados": 187.0, "Ejecutora": "DGIVC", "Trabajos": "Considera los trabajos de capa subbase, riego de impregnación, suministro y aplicación de riego de liga con emulsión asfáltica", "Geometria_tipo": "Línea", "extract": 0.2776191649611468 }, "geometry": { "type": "LineString", "coordinates": [ [ -99.026010148100298, 20.288748421990402 ], [ -99.027799907166496, 20.289087561495897 ], [ -99.028476814477401, 20.289227025033501 ], [ -99.0308527256867, 20.289725699254699 ] ] } },
{ "type": "Feature", "properties": { "ID_OBRA": "1045_San Salvador", "No.": 1045.0, "Municipio": "San Salvador", "Rubro": "Infraestructura Carretera", "Ejercicio": 2023.0, "Obra": "Construcción de pavimentación asfáltico en San Salvador localidad San Antonio Abad camino por El Canal.", "Localidad": "San Antonio Abad", "Inversión": 2163011.28, "Habitantes.beneficiados": 265.0, "Ejecutora": "DGOPI", "Trabajos": "Considera los trabajos de la operación de escarificación, disgregado,  suministro y aplicación de riego de liga con emulsión asfáltica.", "Geometria_tipo": "Línea", "extract": 0.35198617507388663 }, "geometry": { "type": "LineString", "coordinates": [ [ -99.034988648034755, 20.294648606305575 ], [ -99.034969820392675, 20.29429518167591 ], [ -99.034929092599455, 20.293984609230826 ], [ -99.034780304120119, 20.293488599990628 ], [ -99.034663683780806, 20.293207371009515 ], [ -99.034500939135029, 20.292874198135959 ], [ -99.034341092551543, 20.292502587351972 ], [ -99.034202992859932, 20.292045127378227 ], [ -99.034141303268143, 20.291740336627257 ], [ -99.034149454876399, 20.291426400063006 ], [ -99.03425344134665, 20.290910845641097 ], [ -99.034362762411163, 20.290241812425187 ], [ -99.034574839842747, 20.289372397658322 ], [ -99.034762488187795, 20.2886843965737 ], [ -99.035044057167639, 20.288118765359819 ] ] } },
{ "type": "Feature", "properties": { "ID_OBRA": "1050_San Salvador", "No.": 1050.0, "Municipio": "San Salvador", "Rubro": "Infraestructura Carretera", "Ejercicio": 2024.0, "Obra": "Construcción de drenaje sanitario y reposición de carpeta asfáltica, San Miguel Acambay - Pacheco de Allende, en el municipio de San Salvador.", "Localidad": "San Miguel Acambay", "Inversión": 2272414.25, "Habitantes.beneficiados": 1049.0, "Ejecutora": "DGOPI", "Trabajos": "Reposición de Carpeta Asfáltica en la localidad de San Miguel Acambay en el municipio de San Salvador.", "Geometria_tipo": "Línea", "extract": 0.16262910437641712 }, "geometry": { "type": "LineString", "coordinates": [ [ -99.054573274123683, 20.276363552201207 ], [ -99.054535643631112, 20.276302399222399 ], [ -99.054386249207923, 20.276022337064607 ], [ -99.054260613153815, 20.275842450396471 ], [ -99.054062166354342, 20.275558342169468 ], [ -99.053596877021405, 20.274868187024062 ], [ -99.053327150967249, 20.274488060812608 ], [ -99.052823903989079, 20.273777179226609 ], [ -99.052319567104902, 20.273037983587749 ], [ -99.05193354861531, 20.27243417821991 ], [ -99.051858991877722, 20.272324056443395 ], [ -99.05140264314916, 20.271686007302556 ], [ -99.051309069655204, 20.271570191595956 ], [ -99.051230243763456, 20.271466059216628 ], [ -99.051132336017361, 20.271337654252395 ], [ -99.050759081349497, 20.270879444278783 ], [ -99.050322155049102, 20.270350883453734 ], [ -99.050212982230946, 20.270219112417831 ], [ -99.050107074970512, 20.27008700874179 ], [ -99.049552373590075, 20.26935794266387 ], [ -99.049037107871271, 20.268668281458581 ], [ -99.04850225483797, 20.2679008928861 ], [ -99.048330376523836, 20.267654654771768 ] ] } },
{ "type": "Feature", "properties": { "ID_OBRA": "1053_San Salvador", "No.": 1053.0, "Municipio": "San Salvador", "Rubro": "Vialidades Urbanas", "Ejercicio": 2024.0, "Obra": "Construcción de pavimento asfáltico en calle Caxpojay, en el municipio de San Salvador", "Localidad": "San Salvador", "Inversión": 3018594.78, "Habitantes.beneficiados": 1107.0, "Ejecutora": "DGIVC", "Trabajos": "Contempla los siguientes trabajos: preliminares, terracerías, sub base, base hidráulica, renivelación de pozos de visita, pavimento asfaltico, guarniciones y banquetas y mampara informativa.", "Geometria_tipo": "Línea", "extract": 0.052192851812809714 }, "geometry": { "type": "LineString", "coordinates": [ [ -99.028833577034405, 20.318585739063693 ], [ -99.028665441517205, 20.318564619451795 ], [ -99.027705931368203, 20.318344842691193 ], [ -99.027571420658205, 20.3183131430734 ], [ -99.027017713282206, 20.318342835622801 ], [ -99.025677152153705, 20.318381102595797 ], [ -99.025378999126701, 20.318381146109601 ], [ -99.025204139382097, 20.318362138869599 ], [ -99.025033755700704, 20.318296606868 ], [ -99.024959772157104, 20.318260667118395 ], [ -99.0244822414124, 20.318019655971597 ], [ -99.0241481919265, 20.3178314918881 ], [ -99.023977806663595, 20.317749041053396 ], [ -99.023785009655995, 20.317702543425696 ], [ -99.023318735168502, 20.317755474330898 ], [ -99.022218064953904, 20.317935369221299 ], [ -99.021229476143404, 20.318089866917898 ], [ -99.020680260254906, 20.318182980609301 ], [ -99.020308143112999, 20.318284531003599 ], [ -99.019066260841498, 20.318673780152498 ] ] } },
{ "type": "Feature", "properties": { "ID_OBRA": "1054_San Salvador", "No.": 1054.0, "Municipio": "San Salvador", "Rubro": "Vialidades Urbanas", "Ejercicio": 2023.0, "Obra": "Construcción de pavimentación asfáltica calle Juárez, localidad de Teofani; municipio de San Salvador.", "Localidad": "Teofani", "Inversión": 3046618.61, "Habitantes.beneficiados": 1302.0, "Ejecutora": "DGOPI", "Trabajos": "Considera los trabajos de capa subbase, riego de impregnación, suministro y aplicación de riego de liga con emulsión asfáltica", "Geometria_tipo": "Línea", "extract": -0.014748943878734893 }, "geometry": { "type": "LineString", "coordinates": [ [ -99.050899326435513, 20.322466795655899 ], [ -99.050765947491598, 20.322453532691103 ], [ -99.050613789480593, 20.322396369460805 ], [ -99.050392434051005, 20.322240706265202 ], [ -99.049542968650897, 20.321701155029896 ], [ -99.049026489633818, 20.3213406700485 ], [ -99.048770882155196, 20.321206055213199 ], [ -99.048115753433706, 20.320918523479897 ], [ -99.047242346506707, 20.320622256625995 ] ] } },
{ "type": "Feature", "properties": { "ID_OBRA": "1055_San Salvador", "No.": 1055.0, "Municipio": "San Salvador", "Rubro": "Vialidades Urbanas", "Ejercicio": 2022.0, "Obra": "Construcción de pavimento asfáltico Av. Los Hidalgos, Teofani, municipio de San Salvador", "Localidad": "Teofani", "Inversión": 3388745.79, "Habitantes.beneficiados": 1302.0, "Ejecutora": "DGCCE", "Trabajos": "Se realizan los siguientes trabajos: trazo y nivelación de plazas, suministro y aplicación de carpeta asfáltica compactado,  en el municipio de San Salvador", "Geometria_tipo": "Línea", "extract": -0.055248740724347434 }, "geometry": { "type": "LineString", "coordinates": [ [ -99.043411943182093, 20.322969684176492 ], [ -99.051243090032401, 20.325140490414896 ], [ -99.057257185132599, 20.326761127060401 ] ] } },
{ "type": "Feature", "properties": { "ID_OBRA": "1059_San Salvador", "No.": 1059.0, "Municipio": "San Salvador", "Rubro": "Vialidades Urbanas", "Ejercicio": 2022.0, "Obra": "Pavimentación asfáltica Avenida Benito Juárez, Xuchitlán, municipio de San Salvador", "Localidad": "Xuchitlán", "Inversión": 998095.44, "Habitantes.beneficiados": null, "Ejecutora": "DGIVC", "Trabajos": "Considera los trabajos de capa subbase, riego de impregnación, suministro y aplicación de riego de liga con emulsión asfáltica", "Geometria_tipo": "Línea", "extract": 0.21532790416354375 }, "geometry": { "type": "LineString", "coordinates": [ [ -99.149350879836405, 20.393911662849103 ], [ -99.150057409665393, 20.3939491209258 ], [ -99.150384877988103, 20.393963641736196 ], [ -99.150663003981506, 20.393978204569297 ], [ -99.1510780069014, 20.394058204159798 ], [ -99.151589512242893, 20.394199445225102 ], [ -99.152020240982907, 20.394304805305097 ], [ -99.1522176524591, 20.394346927112291 ], [ -99.152520483833001, 20.394395300623998 ] ] } },
{ "type": "Feature", "properties": { "ID_OBRA": "1063_Santiago de Anaya", "No.": 1063.0, "Municipio": "Santiago de Anaya", "Rubro": "Infraestructura Carretera", "Ejercicio": 2023.0, "Obra": "Pavimentación hidráulica en acceso principal Boxaxni - Santa Mónica El Sitio, municipio Santiago de Anaya", "Localidad": "El Sitio", "Inversión": 3143622.6, "Habitantes.beneficiados": 467.0, "Ejecutora": "DGOPI", "Trabajos": "Considera los trabajos de preliminares, riego de impregnación, piso para pavimento de concreto Hidráulico.", "Geometria_tipo": "Línea", "extract": 0.24694757380434851 }, "geometry": { "type": "LineString", "coordinates": [ [ -98.934108816851364, 20.344794622937904 ], [ -98.931254485471285, 20.344034096865265 ] ] } },
{ "type": "Feature", "properties": { "ID_OBRA": "1063_Santiago de Anaya", "No.": 1063.0, "Municipio": "Santiago de Anaya", "Rubro": "Infraestructura Carretera", "Ejercicio": 2023.0, "Obra": "Pavimentación hidráulica en acceso principal Boxaxni - Santa Mónica El Sitio, municipio Santiago de Anaya", "Localidad": "El Sitio", "Inversión": 3143622.6, "Habitantes.beneficiados": 467.0, "Ejecutora": "DGOPI", "Trabajos": "Considera los trabajos de preliminares, riego de impregnación, piso para pavimento de concreto Hidráulico.", "Geometria_tipo": "Línea", "extract": 0.26683582863256794 }, "geometry": { "type": "LineString", "coordinates": [ [ -98.944436795724485, 20.344869686421582 ], [ -98.943097316488405, 20.344139002925946 ] ] } },
{ "type": "Feature", "properties": { "ID_OBRA": "1069_Santiago de Anaya", "No.": 1069.0, "Municipio": "Santiago de Anaya", "Rubro": "Vialidades Urbanas", "Ejercicio": 2024.0, "Obra": "Construcción de pavimentación asfáltica en la calle Santa María, Manzana 3, Sección Sur, municipio de Santiago de Anaya", "Localidad": "Santiago de Anaya", "Inversión": 6762776.89, "Habitantes.beneficiados": null, "Ejecutora": "DGOPI", "Trabajos": "Considera los trabajos de capa subbase, riego de impregnación, suministro y aplicación de riego de liga con emulsión asfáltica", "Geometria_tipo": "Línea", "extract": 0.47031305421213004 }, "geometry": { "type": "LineString", "coordinates": [ [ -98.959530701760102, 20.367068894443705 ], [ -98.959261889688705, 20.3672200911532 ], [ -98.957625987920395, 20.3681344476778 ], [ -98.955675185309005, 20.369358357932697 ], [ -98.955360289619094, 20.369531141927997 ], [ -98.9540622982163, 20.370063876343501 ], [ -98.947051797940503, 20.372864225741495 ], [ -98.953716675269902, 20.370186258797201 ], [ -98.952664426943798, 20.370589405901189 ] ] } },
{ "type": "Feature", "properties": { "ID_OBRA": "1077_Santiago Tulantepec de Lugo Guerrero", "No.": 1077.0, "Municipio": "Santiago Tulantepec de Lugo Guerrero", "Rubro": "Vialidades Urbanas", "Ejercicio": 2022.0, "Obra": "Pavimentación asfáltica de Calle Oriente, municipio de Santiago Tulantepec de Lugo Guerrero", "Localidad": "Ventoquipa", "Inversión": 1247823.39, "Habitantes.beneficiados": 1173.0, "Ejecutora": "DGCCE", "Trabajos": "Considera los trabajos de capa subbase, riego de impregnación, suministro y aplicación de riego de liga con emulsión asfáltica", "Geometria_tipo": "Línea", "extract": 0.54871105976697143 }, "geometry": { "type": "LineString", "coordinates": [ [ -98.348456293096504, 20.038023868515999 ], [ -98.349303725352897, 20.038096222438494 ], [ -98.349980325710007, 20.038114801976704 ], [ -98.350720364311499, 20.038232816463694 ], [ -98.351242285263993, 20.038343914338405 ], [ -98.351713344604306, 20.038537420072696 ], [ -98.351989245426196, 20.038524620461502 ], [ -98.352290961820003, 20.038474098855197 ], [ -98.352468927006399, 20.038456758529595 ], [ -98.352906976954415, 20.038554900920904 ], [ -98.355402652396293, 20.038417330792797 ], [ -98.355980224941405, 20.038325827633798 ], [ -98.357616401129619, 20.038074827498196 ] ] } },
{ "type": "Feature", "properties": { "ID_OBRA": "1078_Singuilucan", "No.": 1078.0, "Municipio": "Singuilucan", "Rubro": "Infraestructura Carretera", "Ejercicio": 2023.0, "Obra": "Pavimentación asfáltica del tramo del Chabacano-La Conchita del Km 0+000 al Km 1+495", "Localidad": "La Conchita (La Cantera)", "Inversión": 7084982.46, "Habitantes.beneficiados": 4805.0, "Ejecutora": "DGIVC", "Trabajos": "Considera los trabajos de capa subbase, riego de impregnación, suministro y aplicación de riego de liga con emulsión asfáltica", "Geometria_tipo": "Línea", "extract": 0.11758990714290905 }, "geometry": { "type": "LineString", "coordinates": [ [ -98.484307666088313, 19.916797280823289 ], [ -98.484010612153142, 19.910558301046606 ], [ -98.483807172171623, 19.910198533913295 ], [ -98.483024637203116, 19.909452334236214 ], [ -98.482411530719958, 19.90915413022779 ], [ -98.482098158778371, 19.909145423721487 ], [ -98.48183119087274, 19.90846636854457 ], [ -98.480816535879256, 19.907717043439412 ], [ -98.480138373606678, 19.906746546719091 ], [ -98.479972712788424, 19.906197842814869 ], [ -98.479909878771721, 19.905136020846282 ] ] } },
{ "type": "Feature", "properties": { "ID_OBRA": "1080_Singuilucan", "No.": 1080.0, "Municipio": "Singuilucan", "Rubro": "Vialidades Urbanas", "Ejercicio": 2023.0, "Obra": "Construcción de pavimento hidráulico en calle La Unión (carretera México-Tuxpan a La Unión); en el municipio de Singuilucan.", "Localidad": "Singuilucan", "Inversión": 14999828.42, "Habitantes.beneficiados": null, "Ejecutora": "DGIVC", "Trabajos": "Considera los trabajos de preliminares, piso para pavimento de concreto hidráulico.", "Geometria_tipo": "Línea", "extract": -0.15616345629945552 }, "geometry": { "type": "LineString", "coordinates": [ [ -98.546246735068905, 19.947973801503093 ], [ -98.531657678073003, 19.9484533923141 ] ] } },
{ "type": "Feature", "properties": { "ID_OBRA": "1086_Tasquillo", "No.": 1086.0, "Municipio": "Tasquillo", "Rubro": "Infraestructura Carretera", "Ejercicio": 2025.0, "Obra": "Construcción de pavimentación asfáltica del acceso principal de la localidad de Huizachez, en el municipio de Tasquillo", "Localidad": "Huizachez", "Inversión": 6087561.4, "Habitantes.beneficiados": null, "Ejecutora": "SIPDUS", "Trabajos": null, "Geometria_tipo": "Línea", "extract": -0.93736761845414363 }, "geometry": { "type": "LineString", "coordinates": [ [ -99.406085867466643, 20.528503328463586 ], [ -99.406829782780875, 20.528039072817119 ], [ -99.406848528225112, 20.527877198508751 ] ] } },
{ "type": "Feature", "properties": { "ID_OBRA": "1091_Tasquillo", "No.": 1091.0, "Municipio": "Tasquillo", "Rubro": "Infraestructura Carretera", "Ejercicio": 2024.0, "Obra": "Construcción de pavimentación del tramo carretero C.R. Portezuelo a Santiago Ixtlahuaca, en el municipio de Tasquillo.", "Localidad": "Portezuelo", "Inversión": 15772760.09, "Habitantes.beneficiados": null, "Ejecutora": "DGIVC", "Trabajos": "Considera los siguientes trabajos preliminares, excavaciones, terreno natural, sub rasante, construcción de base hidráulica, obra de drenaje, carpeta asfáltica, señalamiento horizontal y mampara informativa.", "Geometria_tipo": "Línea", "extract": -0.39976136419411346 }, "geometry": { "type": "LineString", "coordinates": [ [ -99.313589794611531, 20.506566434409187 ], [ -99.314593227470155, 20.505971777704051 ], [ -99.315227447457815, 20.505460576801365 ], [ -99.316027743482465, 20.504937440836777 ], [ -99.316319681039261, 20.504652124960028 ], [ -99.316649216919501, 20.504318885791911 ], [ -99.318350167250642, 20.503380956042591 ], [ -99.319908059233242, 20.502136940843879 ], [ -99.320921273898222, 20.501342275968064 ], [ -99.321263285962459, 20.501116851584417 ], [ -99.322141085625745, 20.499699914963109 ], [ -99.324072238880703, 20.500974442388486 ] ] } },
{ "type": "Feature", "properties": { "ID_OBRA": "1093_Tasquillo", "No.": 1093.0, "Municipio": "Tasquillo", "Rubro": "Vialidades Urbanas", "Ejercicio": 2023.0, "Obra": "Pavimentación asfáltica de calle Los Nogal; es de la localidad de Remedios; en el municipio de Tasquillo", "Localidad": "Remedios", "Inversión": 2238018.26, "Habitantes.beneficiados": 540.0, "Ejecutora": "DGOPI", "Trabajos": "Considera los trabajos de capa subbase, riego de impregnación, suministro y aplicación de riego de liga con emulsión asfáltica", "Geometria_tipo": "Línea", "extract": -0.33798651633815147 }, "geometry": { "type": "LineString", "coordinates": [ [ -99.317388956330802, 20.523905274184997 ], [ -99.316368196860395, 20.525053526531003 ], [ -99.31573598700902, 20.526262817205797 ], [ -99.315500051652506, 20.526618268153403 ], [ -99.315301962995903, 20.526738100468997 ], [ -99.314530724449497, 20.527273561356797 ], [ -99.314310549045103, 20.527372379816896 ], [ -99.313818952661819, 20.528222538845601 ], [ -99.313380474389007, 20.528840638504601 ], [ -99.313251379001102, 20.529000126346496 ], [ -99.313079524686202, 20.5292955193379 ], [ -99.312819945639021, 20.5300188574709 ], [ -99.312772148622102, 20.530233860173393 ], [ -99.311506212249796, 20.531928667231199 ] ] } },
{ "type": "Feature", "properties": { "ID_OBRA": "1099_Tecozautla", "No.": 1099.0, "Municipio": "Tecozautla", "Rubro": "Infraestructura Carretera", "Ejercicio": 2024.0, "Obra": "Empedrado Ahogado en camino de interconexión Bomanxotha - La Mesilla, en el municipio de Tecozautla", "Localidad": "Bomanxotha", "Inversión": 6881494.39, "Habitantes.beneficiados": 2129.0, "Ejecutora": "DGOPI", "Trabajos": "Considera los trabajos de preliminares, terracerías, instalación sanitaria, pavimento de empedrado.", "Geometria_tipo": "Línea", "extract": -0.21502665271673332 }, "geometry": { "type": "LineString", "coordinates": [ [ -99.665807924833004, 20.515309127640119 ], [ -99.665591023516384, 20.514609244248934 ], [ -99.665471879077799, 20.513879560557253 ], [ -99.665454670177112, 20.512160995502953 ], [ -99.665744410013517, 20.509593817802944 ], [ -99.666101129494578, 20.507903317724349 ], [ -99.666139005924862, 20.506678874242976 ], [ -99.665893940553445, 20.505006663929766 ], [ -99.665343201711863, 20.503286354409791 ], [ -99.664971904477568, 20.501543998583539 ], [ -99.664945440397716, 20.501543829649304 ], [ -99.664914671527583, 20.500952689268022 ], [ -99.665211055985083, 20.500151533954686 ], [ -99.665619618153698, 20.499409915573089 ], [ -99.666526326043922, 20.49822253471077 ], [ -99.666719830601423, 20.497704874055177 ], [ -99.666631315814286, 20.496450705663648 ], [ -99.666864861606143, 20.49495660147317 ], [ -99.666941199022716, 20.493847235347804 ], [ -99.667333784746177, 20.493306806112376 ], [ -99.667574997142921, 20.49249535596724 ], [ -99.668498940053667, 20.491423181651516 ], [ -99.670861083767164, 20.489290689326619 ] ] } },
{ "type": "Feature", "properties": { "ID_OBRA": "1101_Tecozautla", "No.": 1101.0, "Municipio": "Tecozautla", "Rubro": "Infraestructura Carretera", "Ejercicio": 2024.0, "Obra": "Construye Tu Camino del tramo Camino Real Oriente en la localidad Gandhó, en el municipio de Tecozautla.", "Localidad": "Gandho", "Inversión": 7498803.98, "Habitantes.beneficiados": null, "Ejecutora": "DGCCE", "Trabajos": "Considera los trabajos de construcción de huellas de concreto hidráulico y empedrado en la localidad, el cual consta de terracerías y pisos de concreto.", "Geometria_tipo": "Línea", "extract": -0.084025949826348853 }, "geometry": { "type": "LineString", "coordinates": [ [ -99.682939926098967, 20.536260613274656 ], [ -99.682039093146315, 20.536345348492379 ], [ -99.681467115094975, 20.536467869142871 ] ] } },
{ "type": "Feature", "properties": { "ID_OBRA": "1104_Tecozautla", "No.": 1104.0, "Municipio": "Tecozautla", "Rubro": "Vialidades Urbanas", "Ejercicio": 2023.0, "Obra": "Empedrado ahogado en libramiento Bojhay a centro de Pañhé, en el municipio de Tecozautla.", "Localidad": "Pañhé", "Inversión": 6135995.79, "Habitantes.beneficiados": 2560.0, "Ejecutora": "DGCCE", "Trabajos": "Considera trabajos en la rehabilitación y/o mejoramiento de las vialidades urbanas en la localidad de Pañhé muncipio de Tecozautla", "Geometria_tipo": "Línea", "extract": -0.18432886400430001 }, "geometry": { "type": "LineString", "coordinates": [ [ -99.699972594614593, 20.512291639018898 ], [ -99.699411765826099, 20.512330893229599 ], [ -99.6992166154687, 20.512317381747799 ], [ -99.699059878020307, 20.512248197873799 ], [ -99.698976721808705, 20.512307856813496 ], [ -99.698486916000405, 20.513266657825397 ], [ -99.698304949816404, 20.513510096762698 ], [ -99.698224304023995, 20.513614899663104 ], [ -99.697897496471597, 20.513756926215795 ], [ -99.697746836469904, 20.513972677117195 ], [ -99.697573492254193, 20.514078158234103 ], [ -99.697184759846493, 20.514395081122199 ], [ -99.697051642408596, 20.514545523867799 ], [ -99.696782126162702, 20.515113902454001 ], [ -99.696288552866093, 20.516196005742501 ], [ -99.695845570636706, 20.517058507820099 ], [ -99.695739604760107, 20.517143221192892 ], [ -99.695280268195603, 20.517176758490798 ], [ -99.695050480200905, 20.517292691549699 ], [ -99.694702062037095, 20.517449361914792 ], [ -99.694119870819904, 20.5176584852085 ], [ -99.693874861719905, 20.517755745859205 ], [ -99.693457876791101, 20.517765735480999 ], [ -99.692935347211005, 20.517621421490201 ], [ -99.692565196763795, 20.517663652994901 ], [ -99.692223715972901, 20.517846085958595 ], [ -99.691254721506596, 20.519083958220698 ], [ -99.689132834471394, 20.520325703420397 ], [ -99.688993364289303, 20.520424898103204 ], [ -99.689107218819998, 20.520516473597699 ], [ -99.689169831670711, 20.520986566199596 ], [ -99.6891603301533, 20.522586885083001 ] ] } },
{ "type": "Feature", "properties": { "ID_OBRA": "1106_Tecozautla", "No.": 1106.0, "Municipio": "Tecozautla", "Rubro": "Vialidades Urbanas", "Ejercicio": 2023.0, "Obra": "Concreto hidráulico en Tecozautla calle Gardenia", "Localidad": "Tecozautla", "Inversión": 9599140.36, "Habitantes.beneficiados": 6701.0, "Ejecutora": "DGIVC", "Trabajos": "Considera los trabajos de preliminares, riego de impregnación, piso para pavimento de concreto hidráulico.", "Geometria_tipo": "Línea", "extract": -0.083544227802149887 }, "geometry": { "type": "LineString", "coordinates": [ [ -99.685194360162797, 20.540368397644198 ], [ -99.685101098320402, 20.539321027591797 ] ] } },
{ "type": "Feature", "properties": { "ID_OBRA": "111_Atotonilco de Tula", "No.": 111.0, "Municipio": "Atotonilco de Tula", "Rubro": "Vialidades Urbanas", "Ejercicio": 2023.0, "Obra": "Construcción de pavimentación asfáltica en Lázaro Cárdenas", "Localidad": "Conejos", "Inversión": 988036.44, "Habitantes.beneficiados": 4705.0, "Ejecutora": "DGOPI", "Trabajos": "Considera los trabajos de capa subbase, riego de impregnación, suministro y aplicación de riego de liga con emulsión asfáltica", "Geometria_tipo": "Línea", "extract": 0.20834818178418318 }, "geometry": { "type": "LineString", "coordinates": [ [ -99.245710222473406, 19.970414874347096 ], [ -99.245554615302296, 19.971012532702392 ], [ -99.245469259383896, 19.971880427235202 ], [ -99.245413585147404, 19.972728427320199 ], [ -99.245229253256795, 19.973284359379399 ], [ -99.244871221010598, 19.9738254597865 ] ] } },
{ "type": "Feature", "properties": { "ID_OBRA": "1117_Tenango de Doria", "No.": 1117.0, "Municipio": "Tenango de Doria", "Rubro": "Infraestructura Carretera", "Ejercicio": 2023.0, "Obra": "Pavimentación C.R. Santa María Temaxcalapa - Cerro Chiquito.", "Localidad": "Santa María Temaxcalapa", "Inversión": 5798561.11, "Habitantes.beneficiados": 1052.0, "Ejecutora": "DGCCE", "Trabajos": "Considera los trabajos de Preliminares, piso para pavimento de concreto", "Geometria_tipo": "Línea", "extract": 0.74431176535774346 }, "geometry": { "type": "LineString", "coordinates": [ [ -98.198419638581868, 20.380266803731846 ], [ -98.197761124791796, 20.379897355069165 ], [ -98.197642624916909, 20.379847835012967 ], [ -98.197553429181383, 20.379873204952219 ], [ -98.19751075727639, 20.38002499709317 ], [ -98.197435524878898, 20.38013875543108 ], [ -98.197349470863969, 20.380227728875958 ] ] } },
{ "type": "Feature", "properties": { "ID_OBRA": "1120_Tenango de Doria", "No.": 1120.0, "Municipio": "Tenango de Doria", "Rubro": "Infraestructura Carretera", "Ejercicio": 2024.0, "Obra": "Construcción de pavimentación asfáltica en la localidad de Santa Mónica, municipio de Tenango de Doria.", "Localidad": "Santa Mónica", "Inversión": 10925391.21, "Habitantes.beneficiados": 1381.0, "Ejecutora": "DGCCE", "Trabajos": "Considera los trabajos de capa subbase, riego de impregnación, suministro y aplicación de riego de liga con emulsión asfáltica", "Geometria_tipo": "Línea", "extract": 0.5574035185734858 }, "geometry": { "type": "LineString", "coordinates": [ [ -98.214777791484337, 20.307934256188698 ], [ -98.214851673638691, 20.30757461907384 ], [ -98.215136627991001, 20.307199319802901 ], [ -98.215342493442463, 20.306930261677024 ], [ -98.215473028667333, 20.306806637971498 ], [ -98.215557314212774, 20.306613523722973 ], [ -98.21562164132466, 20.306474471247672 ], [ -98.215622597888839, 20.306354178349963 ], [ -98.215549501157753, 20.306142958403669 ] ] } },
{ "type": "Feature", "properties": { "ID_OBRA": "1124_Tenango de Doria", "No.": 1124.0, "Municipio": "Tenango de Doria", "Rubro": "Infraestructura Carretera", "Ejercicio": 2025.0, "Obra": "Construcción de pavimentación en camino rural tramo Piedras  Negras - El Bopo, en el municipio de Tenango de Doria", "Localidad": "Tenango de Doria", "Inversión": 8138840.87, "Habitantes.beneficiados": null, "Ejecutora": "SIPDUS", "Trabajos": null, "Geometria_tipo": "Línea", "extract": 0.57045657893349333 }, "geometry": { "type": "LineString", "coordinates": [ [ -98.206219055200066, 20.358957161833221 ], [ -98.206428121999707, 20.35897971726919 ], [ -98.206487817899216, 20.35898294269909 ], [ -98.206618613004878, 20.3589040867273 ], [ -98.206834949140145, 20.358643328740495 ], [ -98.206945007171115, 20.358460459371507 ], [ -98.207138785345379, 20.358415698861982 ], [ -98.207292913209272, 20.358336574546311 ], [ -98.207433483786915, 20.358164576134683 ], [ -98.207561330918722, 20.358064409751915 ], [ -98.207792988863645, 20.357650590785177 ], [ -98.208213372956564, 20.357322762912474 ], [ -98.208378602462702, 20.357215947147932 ], [ -98.20858741867751, 20.357122641313286 ], [ -98.208741352208335, 20.356977865967327 ], [ -98.208830411341239, 20.356941031737541 ], [ -98.209017449058734, 20.356893502888976 ], [ -98.209133629553364, 20.356817776428741 ], [ -98.209325509779546, 20.35654440961607 ], [ -98.209454745301542, 20.356539363783988 ], [ -98.209882802020275, 20.356730920527937 ], [ -98.209982824132496, 20.356804848178221 ], [ -98.20999162950072, 20.356916816702022 ], [ -98.209861227163486, 20.357100734503625 ], [ -98.209810394973275, 20.357194780576666 ], [ -98.209831281293589, 20.357367365833728 ], [ -98.209936784592301, 20.357484181334865 ], [ -98.21014773574619, 20.35751619276461 ], [ -98.210521834369061, 20.357559898000918 ], [ -98.210719703893503, 20.357709973123722 ], [ -98.21121167183415, 20.358448038839665 ] ] } },
{ "type": "Feature", "properties": { "ID_OBRA": "1128_Tepeapulco", "No.": 1128.0, "Municipio": "Tepeapulco", "Rubro": "Infraestructura Carretera", "Ejercicio": 2024.0, "Obra": "Pavimentación asfáltica del tramo Francisco Sarabia - entronque Tlacatepa, en la localidad de Francisco Sarabia del municipio de Tepeapulco", "Localidad": "Francisco Sarabia (Corralillos)", "Inversión": 8608446.32, "Habitantes.beneficiados": 412.0, "Ejecutora": "DGCCE", "Trabajos": "Considera los trabajos de capa subbase, riego de impregnación, suministro y aplicación de riego de liga con emulsión asfáltica", "Geometria_tipo": "Línea", "extract": -0.61542079299976904 }, "geometry": { "type": "LineString", "coordinates": [ [ -98.439032985462376, 19.881430871058971 ], [ -98.438683647502316, 19.87994633123742 ], [ -98.438347228239067, 19.87861095327905 ], [ -98.438246912587076, 19.878270967133091 ], [ -98.438112336624329, 19.877939120092922 ], [ -98.437753370267743, 19.877287405163738 ], [ -98.437489533130432, 19.87701144039783 ], [ -98.43726316611756, 19.876652555105686 ], [ -98.436241982695066, 19.875626793174511 ], [ -98.435747222719684, 19.875292969564615 ], [ -98.435113204577235, 19.874699777843816 ], [ -98.434712404071547, 19.874376251682691 ], [ -98.43392061362205, 19.873914479450047 ], [ -98.432258869591919, 19.872585114803684 ], [ -98.431737866968305, 19.871821989827378 ], [ -98.431134897983057, 19.870863893257955 ], [ -98.430581807385082, 19.869811157145691 ], [ -98.430429447164826, 19.869175978595301 ] ] } },
{ "type": "Feature", "properties": { "ID_OBRA": "113_Atotonilco el Grande", "No.": 113.0, "Municipio": "Atotonilco el Grande", "Rubro": "Infraestructura Carretera", "Ejercicio": 2023.0, "Obra": "Construcción de pavimento hidráulico en salida principal Avenida Juárez", "Localidad": "Atotonilco El Grande", "Inversión": 7991768.45, "Habitantes.beneficiados": 8417.0, "Ejecutora": "DGOPI", "Trabajos": "Considera los trabajos de preliminares, piso para pavimento de concreto hidráulico.", "Geometria_tipo": "Línea", "extract": 0.3121665510195506 }, "geometry": { "type": "LineString", "coordinates": [ [ -98.678093723863014, 20.296966161328793 ], [ -98.677523940904607, 20.296107746871598 ], [ -98.677021455146004, 20.295383981966701 ], [ -98.676628888147107, 20.294889547602402 ], [ -98.676429239787694, 20.294594990209795 ], [ -98.675894227049099, 20.293647142799799 ], [ -98.674704188232496, 20.291808239168198 ], [ -98.674291432073602, 20.291181239577199 ], [ -98.673219163356706, 20.289611625449798 ], [ -98.672600029118414, 20.288589053270599 ] ] } },
{ "type": "Feature", "properties": { "ID_OBRA": "1130_Tepeapulco", "No.": 1130.0, "Municipio": "Tepeapulco", "Rubro": "Vialidades Urbanas", "Ejercicio": 2023.0, "Obra": "Construcción de pavimento hidráulico en calle Álamos, en el municipio de Tepeapulco", "Localidad": "Fray Bernanrdino de Sahagún (Ciudad Sahagún)", "Inversión": 2195911.05, "Habitantes.beneficiados": 31737.0, "Ejecutora": "DGCCE", "Trabajos": "Considera los trabajos de preliminares, piso para pavimento de concreto hidráulico.", "Geometria_tipo": "Línea", "extract": 0.53800316975061269 }, "geometry": { "type": "LineString", "coordinates": [ [ -98.566532584104195, 19.779141036911398 ], [ -98.568485123738199, 19.781911022271597 ] ] } },
{ "type": "Feature", "properties": { "ID_OBRA": "1133_Tepeapulco", "No.": 1133.0, "Municipio": "Tepeapulco", "Rubro": "Vialidades Urbanas", "Ejercicio": 2023.0, "Obra": "Construcción de pavimento hidráulico en calle Jaspe, en el municipio de Tepeapulco", "Localidad": "Fray Bernardino de Sahagún (Ciudad Sahagún)", "Inversión": 2541553.76, "Habitantes.beneficiados": null, "Ejecutora": "DGCCE", "Trabajos": "Considera los trabajos de preliminares, piso para pavimento de concreto hidráulico.", "Geometria_tipo": "Línea", "extract": 0.56073525966972371 }, "geometry": { "type": "LineString", "coordinates": [ [ -98.570504533370197, 19.762900472475096 ], [ -98.566929101229704, 19.761032268788899 ] ] } },
{ "type": "Feature", "properties": { "ID_OBRA": "1135_Tepeapulco", "No.": 1135.0, "Municipio": "Tepeapulco", "Rubro": "Vialidades Urbanas", "Ejercicio": 2023.0, "Obra": "Construcción de Pavimentación Asfáltica en Calle Guadalupe Col. 21 de Julio; en el municipio de Tepeapulco .", "Localidad": "Fray Bernardino de Sahagún (Ciudad Sahagún)", "Inversión": 1764224.8, "Habitantes.beneficiados": null, "Ejecutora": "DGOPI", "Trabajos": "Considera los trabajos de capa subbase, riego de impregnación, suministro y aplicación de riego de liga con emulsión asfáltica", "Geometria_tipo": "Línea", "extract": 0.57971320504383472 }, "geometry": { "type": "LineString", "coordinates": [ [ -98.572954807242695, 19.759677628031703 ], [ -98.572662744059002, 19.762006481225601 ], [ -98.571932663466896, 19.761951604863395 ], [ -98.571013951825293, 19.762103965027496 ], [ -98.569502202398297, 19.764652378449501 ], [ -98.569421805025996, 19.7651643934229 ], [ -98.5694857347235, 19.765601430252797 ], [ -98.570474771879503, 19.768830392275397 ] ] } },
{ "type": "Feature", "properties": { "ID_OBRA": "114_Atotonilco el Grande", "No.": 114.0, "Municipio": "Atotonilco el Grande", "Rubro": "Vialidades Urbanas", "Ejercicio": 2022.0, "Obra": "Construcción de pavimentación hidráulica en calle México, en la localidad de Cerro Colorado, municipio de Atotonilco el Grande", "Localidad": "Cerro Colorado", "Inversión": 995342.94, "Habitantes.beneficiados": 707.0, "Ejecutora": "DGCCE", "Trabajos": "Considera los trabajos de preliminares, piso para pavimento de concreto hidráulico.", "Geometria_tipo": "Línea", "extract": -0.43718836530076716 }, "geometry": { "type": "LineString", "coordinates": [ [ -98.71857041038092, 20.407853970696099 ], [ -98.716566533656206, 20.407435071187795 ], [ -98.713834287603504, 20.406950682426903 ] ] } },
{ "type": "Feature", "properties": { "ID_OBRA": "1141_Tepeapulco", "No.": 1141.0, "Municipio": "Tepeapulco", "Rubro": "Vialidades Urbanas", "Ejercicio": 2023.0, "Obra": "Construcción de pavimento de Calle 16 de Enero, Col. El Calvario, municipio de Tepeapulco", "Localidad": "Tepeapulco", "Inversión": 3864162.74, "Habitantes.beneficiados": 16368.0, "Ejecutora": "DGOPI", "Trabajos": "Considera los trabajos de preliminares, piso para pavimento de concreto hidráulico.", "Geometria_tipo": "Línea", "extract": 0.55564514557739897 }, "geometry": { "type": "LineString", "coordinates": [ [ -98.556677990743395, 19.782899565893203 ], [ -98.556201198747004, 19.783386586798596 ], [ -98.5562285331863, 19.783406593089104 ], [ -98.5559701817741, 19.783681048639597 ], [ -98.555840853751207, 19.783959961781299 ] ] } },
{ "type": "Feature", "properties": { "ID_OBRA": "1144_Tepeapulco", "No.": 1144.0, "Municipio": "Tepeapulco", "Rubro": "Vialidades Urbanas", "Ejercicio": 2024.0, "Obra": "Construcción de Avenida Calzada Periférica 1ra. Etapa, Cd. Sahagún Municipio Tepeapulco.", "Localidad": "Tepeapulco", "Inversión": 29503605.04, "Habitantes.beneficiados": null, "Ejecutora": "DGCCE", "Trabajos": "Considera trabajos en la rehabilitación y/o mejoramiento de las vialidades urbanas en el muncipio de Tepeapulco", "Geometria_tipo": "Línea", "extract": 0.52154153657909985 }, "geometry": { "type": "LineString", "coordinates": [ [ -98.588600593001601, 19.754080296641096 ], [ -98.567943305633705, 19.752004265864297 ] ] } },
{ "type": "Feature", "properties": { "ID_OBRA": "1149_Tepehuacán de Guerrero", "No.": 1149.0, "Municipio": "Tepehuacán de Guerrero", "Rubro": "Infraestructura Carretera", "Ejercicio": 2023.0, "Obra": "Construye tu Camino del Acceso a Acuimantla, en el municipio de Tepehuacán de Guerrero.", "Localidad": "Acuimantla", "Inversión": 6412990.75, "Habitantes.beneficiados": 1400.0, "Ejecutora": "DGCCE", "Trabajos": "Considera los trabajos de construcción de huellas de concreto hidráulico y empedrado en la localidad, el cual consta de terracerías y pisos de concreto.", "Geometria_tipo": "Línea", "extract": 0.41949613006264985 }, "geometry": { "type": "LineString", "coordinates": [ [ -98.798203594425289, 21.033356668603687 ], [ -98.798385452930717, 21.033183419023104 ], [ -98.798388718037401, 21.032823920560421 ], [ -98.798724901014964, 21.032773060009404 ], [ -98.799160362796272, 21.032105724298155 ], [ -98.798715039440623, 21.03149019609052 ], [ -98.798541943154163, 21.031283616328547 ], [ -98.798172719559602, 21.031000853311685 ], [ -98.798084422176899, 21.030783525611717 ], [ -98.798612138911281, 21.030325313459333 ], [ -98.798665273876125, 21.030099924847477 ], [ -98.798542117842786, 21.029832656414655 ], [ -98.798463160680328, 21.029467139344781 ], [ -98.798336214213606, 21.02903701736917 ], [ -98.798096766681851, 21.028825339853153 ], [ -98.797844516302661, 21.028615875621966 ], [ -98.797864565801888, 21.028257968719512 ], [ -98.797297445156175, 21.027879623752771 ], [ -98.79708484083649, 21.027653436287885 ], [ -98.796933617158913, 21.027351555867511 ], [ -98.796903062208045, 21.026502964885946 ], [ -98.796928587903366, 21.026334632354988 ], [ -98.796793242731511, 21.026095117078942 ], [ -98.796479717008992, 21.02573479348467 ], [ -98.796169070872068, 21.025628563672491 ], [ -98.795961158886627, 21.02564619381209 ], [ -98.794998884476485, 21.026260363209104 ], [ -98.79472684877183, 21.02629736891619 ], [ -98.794300544913412, 21.02618657431049 ], [ -98.793956493290381, 21.026022093789681 ], [ -98.793373259082372, 21.025752379498559 ], [ -98.793042347879108, 21.025859571206716 ], [ -98.792913251975321, 21.025787989445714 ], [ -98.792906427541752, 21.025610731649511 ], [ -98.793026286874607, 21.025228995759097 ], [ -98.793002559084229, 21.025025397164509 ], [ -98.792941246049466, 21.024841548047291 ], [ -98.792718882160329, 21.024627616291902 ], [ -98.791837846740805, 21.02388156879395 ], [ -98.791333828457098, 21.023650258961265 ], [ -98.79066092449554, 21.023421520699078 ], [ -98.790409355711716, 21.023067213734944 ], [ -98.790097155174763, 21.023003443471648 ], [ -98.790159854214281, 21.022562710596372 ], [ -98.789916243962566, 21.022040286769521 ], [ -98.789879083939823, 21.021590551441822 ], [ -98.790108416267699, 21.021296396390596 ], [ -98.790441196770374, 21.02138419214355 ], [ -98.790482541441705, 21.021739342568996 ], [ -98.790559176655066, 21.022131508260436 ], [ -98.790965817866152, 21.02216201623833 ], [ -98.791336525553078, 21.022131537641624 ], [ -98.791834801351939, 21.021979796257735 ], [ -98.792548672630673, 21.022070734758842 ], [ -98.793102168847767, 21.022223213800157 ], [ -98.793437953460241, 21.022192636702574 ], [ -98.793579405768881, 21.021919471420642 ], [ -98.793869512634259, 21.02150196503716 ], [ -98.794167298841302, 21.021209138548382 ], [ -98.794031393223335, 21.020892071297141 ], [ -98.793733649741853, 21.020863498675599 ], [ -98.793489450301735, 21.02103553055731 ], [ -98.793256889207242, 21.021354979792324 ], [ -98.792943349601856, 21.021561041590839 ], [ -98.792731514975742, 21.021413619691291 ], [ -98.792700800993103, 21.021035509875297 ], [ -98.792447746002594, 21.020300973772013 ], [ -98.792422664199862, 21.01997135013065 ], [ -98.792518169584781, 21.019171983858449 ], [ -98.792961786770306, 21.018002758468405 ], [ -98.793724701272637, 21.017483693670929 ], [ -98.793972654350696, 21.016978014279321 ], [ -98.794626790467589, 21.016749028822154 ], [ -98.794880381581734, 21.016410561160303 ], [ -98.794656166740737, 21.016151385322821 ], [ -98.794283350997986, 21.016151369050679 ], [ -98.793913399863555, 21.016485218553395 ], [ -98.793503047902945, 21.016863144237025 ], [ -98.793046121953182, 21.017248630516988 ], [ -98.792570124873123, 21.017523085831076 ], [ -98.792056770643313, 21.017921958158681 ], [ -98.791509142053854, 21.018619023726451 ], [ -98.790971895437167, 21.019083292228327 ], [ -98.790649137249744, 21.019040626401175 ], [ -98.790597041079792, 21.018660751034197 ], [ -98.790892351782702, 21.018083744751831 ], [ -98.791175603130696, 21.017444203785701 ], [ -98.790897816173924, 21.01724853030721 ], [ -98.790804823400535, 21.016824889522361 ], [ -98.79097497192609, 21.016373145469444 ], [ -98.791187229513994, 21.016114496898201 ], [ -98.791439728891234, 21.01596827694037 ], [ -98.791538189367188, 21.01575104471214 ], [ -98.791946455405963, 21.015787094163304 ], [ -98.792216779054115, 21.015465296552385 ], [ -98.79203162502408, 21.014941055609498 ], [ -98.792006402991078, 21.014599712568231 ], [ -98.792183613703486, 21.014132397285138 ], [ -98.792329660826923, 21.013773584979489 ], [ -98.792094820346264, 21.01345356260207 ], [ -98.791737727047874, 21.013295699832288 ], [ -98.791812080763137, 21.012891857849024 ], [ -98.791756426912258, 21.012587498010678 ], [ -98.791550639324853, 21.012204590362501 ], [ -98.791140768333065, 21.012031087064667 ], [ -98.790958844037263, 21.011811311520503 ], [ -98.7906806319114, 21.011501275802623 ], [ -98.790375707488138, 21.011343180271499 ], [ -98.790127251229762, 21.01129640443191 ], [ -98.789697341899668, 21.011327524012888 ], [ -98.789467174591721, 21.011203741261429 ], [ -98.789348197591607, 21.010992137254437 ], [ -98.789171362012581, 21.010859353745726 ], [ -98.788940665812262, 21.010686126906847 ], [ -98.788910511304508, 21.010393054136166 ], [ -98.788876221322283, 21.010217747642631 ], [ -98.788733721539487, 21.009995206121577 ], [ -98.788718877451487, 21.009792401802251 ], [ -98.788840779589322, 21.009583651449102 ], [ -98.788853463109064, 21.009358135143987 ], [ -98.788680192959688, 21.009174298351034 ], [ -98.788476751310569, 21.009007164867967 ], [ -98.788501915818529, 21.008530480457932 ] ] } },
{ "type": "Feature", "properties": { "ID_OBRA": "1157_Tepehuacán de Guerrero", "No.": 1157.0, "Municipio": "Tepehuacán de Guerrero", "Rubro": "Infraestructura Carretera", "Ejercicio": 2024.0, "Obra": "Construcción de pavimentación hidráulica acceso a Petlapixca, en el municipio de Tepehuacán de Guerrero", "Localidad": "Petlapixca", "Inversión": 6647068.91, "Habitantes.beneficiados": 844.0, "Ejecutora": "DGOPI", "Trabajos": "Considera los trabajos de preliminares y pavimento hidráulico.", "Geometria_tipo": "Línea", "extract": 0.62802621154058502 }, "geometry": { "type": "LineString", "coordinates": [ [ -98.782080093296031, 21.170523510838848 ], [ -98.781857301921704, 21.170757276037619 ], [ -98.781438814925124, 21.171003069945431 ] ] } },
{ "type": "Feature", "properties": { "ID_OBRA": "1160_Tepehuacán de Guerrero", "No.": 1160.0, "Municipio": "Tepehuacán de Guerrero", "Rubro": "Infraestructura Carretera", "Ejercicio": 2024.0, "Obra": "Muro de contención en la comunidad de Texcapa, municipio de Tepehuacán de Guerrero.", "Localidad": "Texcapa", "Inversión": 2493887.64, "Habitantes.beneficiados": 2241.0, "Ejecutora": "DGOPI", "Trabajos": "Considera en los trabajos la construcción de muros de contención en la Localidad de Texcapa.", "Geometria_tipo": "Línea", "extract": 0.83991694036447573 }, "geometry": { "type": "LineString", "coordinates": [ [ -98.853368864059448, 21.090836009322011 ], [ -98.853494859703474, 21.090627408283201 ], [ -98.853701712877296, 21.090496156744145 ], [ -98.853874412179906, 21.08973543983603 ], [ -98.85390387995794, 21.089443925559852 ], [ -98.853852721519942, 21.089098207042756 ], [ -98.853702382315348, 21.087573527263338 ], [ -98.853650660939309, 21.087025068589554 ], [ -98.853875961369567, 21.086824090756437 ], [ -98.854268351086318, 21.086675945599016 ], [ -98.854433701541296, 21.08649622557974 ], [ -98.854336789736848, 21.086360229931639 ], [ -98.853864723688119, 21.086255040609338 ] ] } },
{ "type": "Feature", "properties": { "ID_OBRA": "1169_Tepeji del Río de Ocampo", "No.": 1169.0, "Municipio": "Tepeji del Río de Ocampo", "Rubro": "Infraestructura Carretera", "Ejercicio": 2024.0, "Obra": "Pavimentación asfáltica del camino rural de San Buenaventura - Cantera de Villagrán, en el municipio de Tepeji del Río", "Localidad": "Cantera de Villagrán", "Inversión": 13486146.5, "Habitantes.beneficiados": 2026.0, "Ejecutora": "DGIVC", "Trabajos": "Considera los trabajos de capa subbase, riego de impregnación, suministro y aplicación de riego de liga con emulsión asfáltica", "Geometria_tipo": "Línea", "extract": 0.532678703695464 }, "geometry": { "type": "LineString", "coordinates": [ [ -99.321815792821411, 19.825833538514125 ], [ -99.319939265972934, 19.825214733258985 ], [ -99.31906376155176, 19.824229662883877 ], [ -99.318852502197686, 19.825291509229075 ], [ -99.316608177593025, 19.8269399740248 ], [ -99.313839695869333, 19.827913374317919 ], [ -99.313855250546609, 19.828492252562661 ], [ -99.31304271912866, 19.828575596856044 ], [ -99.31438812181274, 19.82984697538086 ], [ -99.315658312722448, 19.830453944744335 ], [ -99.316637552311064, 19.831515334199718 ], [ -99.316817591750606, 19.834578029044501 ], [ -99.316868981259432, 19.835452153007413 ], [ -99.316464543175627, 19.83614414420413 ], [ -99.315493831139676, 19.83634380604552 ], [ -99.314378663225924, 19.838180468901474 ], [ -99.314274407827369, 19.838678951498178 ], [ -99.314005258096159, 19.838820348026548 ], [ -99.313531163733757, 19.83879194268248 ], [ -99.313142789058773, 19.838820312663088 ], [ -99.312814992674916, 19.839194141337163 ], [ -99.312526825162408, 19.839915748941721 ], [ -99.312043448172687, 19.840525389509569 ], [ -99.311146523526745, 19.841101965425516 ] ] } },
{ "type": "Feature", "properties": { "ID_OBRA": "1177_Tepeji del Río de Ocampo", "No.": 1177.0, "Municipio": "Tepeji del Río de Ocampo", "Rubro": "Infraestructura Carretera", "Ejercicio": 2025.0, "Obra": "Construcción de Puente Nuevo Denominado La Romera, en el municipio de Tepej del Río de Ocampo", "Localidad": "Tepeji del Río de Ocampo", "Inversión": 32374782.42, "Habitantes.beneficiados": null, "Ejecutora": "SIPDUS", "Trabajos": null, "Geometria_tipo": "Línea", "extract": 0.50485937586768814 }, "geometry": { "type": "LineString", "coordinates": [ [ -99.343509095454408, 19.895801408947925 ], [ -99.343475388566247, 19.895392590683159 ], [ -99.34335128621575, 19.895227363670198 ], [ -99.342962404998659, 19.895082200037553 ], [ -99.34263426658454, 19.895003672415445 ], [ -99.342244480014315, 19.894911579914091 ], [ -99.341988662641583, 19.894752595843375 ] ] } },
{ "type": "Feature", "properties": { "ID_OBRA": "1179_Tepetitlán", "No.": 1179.0, "Municipio": "Tepetitlán", "Rubro": "Vialidades Urbanas", "Ejercicio": 2024.0, "Obra": "Pavimentación hidráulica en calle Olivos, ampliación segunda manzana, en el municipio de Tepetitlán", "Localidad": "Colonia Ampliación (Segunda Manzana)", "Inversión": 2263695.47, "Habitantes.beneficiados": 676.0, "Ejecutora": "DGIVC", "Trabajos": "Considera los trabajos de preliminares, piso para pavimento de concreto hidráulico.", "Geometria_tipo": "Línea", "extract": 0.013012366148118669 }, "geometry": { "type": "LineString", "coordinates": [ [ -99.384515709324106, 20.184430848348601 ], [ -99.384946347995793, 20.183492344603899 ], [ -99.385823906060011, 20.182995224599797 ], [ -99.386910545485804, 20.182525782236798 ], [ -99.388861616088406, 20.182164196933996 ] ] } },
{ "type": "Feature", "properties": { "ID_OBRA": "1181_Tepetitlán", "No.": 1181.0, "Municipio": "Tepetitlán", "Rubro": "Vialidades Urbanas", "Ejercicio": 2023.0, "Obra": "Pavimentación hidráulica en calle Galo, en la localidad Gral. Pedro María Anaya, municipio de Tepetitlán.", "Localidad": "General Pedro María Anaya", "Inversión": 2904798.0, "Habitantes.beneficiados": 1499.0, "Ejecutora": "DGIVC", "Trabajos": "Considera los trabajos de preliminares, piso para pavimento de concreto hidráulico.", "Geometria_tipo": "Línea", "extract": 0.36245391516931597 }, "geometry": { "type": "LineString", "coordinates": [ [ -99.34963646609171, 20.154843541036801 ], [ -99.3492688570973, 20.156999127679605 ], [ -99.348907450508094, 20.156967093898 ] ] } },
{ "type": "Feature", "properties": { "ID_OBRA": "1183_Tepetitlán", "No.": 1183.0, "Municipio": "Tepetitlán", "Rubro": "Vialidades Urbanas", "Ejercicio": 2024.0, "Obra": "Pavimentación hidráulica de calle Michimaloyan, en la localidad de la Loma, municipio de Tepetitlán", "Localidad": "La Loma", "Inversión": 4982261.79, "Habitantes.beneficiados": 1134.0, "Ejecutora": "DGIVC", "Trabajos": "Considera los trabajos de preliminares, piso para pavimento de concreto hidráulico.", "Geometria_tipo": "Línea", "extract": -0.0029130053431416837 }, "geometry": { "type": "LineString", "coordinates": [ [ -99.382708153325893, 20.176714266528499 ], [ -99.382961657907899, 20.176515392750296 ], [ -99.383709313118104, 20.173838028798698 ], [ -99.383942613330902, 20.172173880961392 ], [ -99.384398647564595, 20.170453971255597 ], [ -99.384642427073203, 20.169462242760293 ], [ -99.384881327436503, 20.167794766405205 ], [ -99.384921320223498, 20.167365772896698 ] ] } },
{ "type": "Feature", "properties": { "ID_OBRA": "1185_Tepetitlán", "No.": 1185.0, "Municipio": "Tepetitlán", "Rubro": "Infraestructura Carretera", "Ejercicio": 2025.0, "Obra": "Pavimentación hidráulica de acceso a la Col. El Xithi, primera sección, en el municipio de Tepetitlán.", "Localidad": "Tepetitlán", "Inversión": 15875903.4, "Habitantes.beneficiados": null, "Ejecutora": "SIPDUS", "Trabajos": null, "Geometria_tipo": "Línea", "extract": -0.4087529098481758 }, "geometry": { "type": "LineString", "coordinates": [ [ -99.404793758375348, 20.22325024131376 ], [ -99.402434409195976, 20.224065695058336 ], [ -99.401566097853632, 20.226128328998019 ], [ -99.401172921217224, 20.23027821483393 ], [ -99.400399227338511, 20.233425074111281 ], [ -99.399127116427351, 20.234575997750188 ], [ -99.398513047771928, 20.235424415293693 ], [ -99.397737757918463, 20.23556751391315 ] ] } },
{ "type": "Feature", "properties": { "ID_OBRA": "1187_Tetepango", "No.": 1187.0, "Municipio": "Tetepango", "Rubro": "Vialidades Urbanas", "Ejercicio": 2023.0, "Obra": "Construcción de pavimentación hidráulica en calle Lázaro Cárdenas, colonia Rojo Gómez; en el municipio de Tetepango", "Localidad": "Tetepango", "Inversión": 7167175.33, "Habitantes.beneficiados": 9145.0, "Ejecutora": "DGOPI", "Trabajos": "Considera los trabajos de preliminares, piso para pavimento de concreto hidráulico.", "Geometria_tipo": "Línea", "extract": 0.21991486259233115 }, "geometry": { "type": "LineString", "coordinates": [ [ -99.1462198448924, 20.093676715201394 ], [ -99.143503723184196, 20.093200622245 ], [ -99.142156571867318, 20.093010180015703 ], [ -99.140570424211518, 20.092629275619302 ] ] } },
{ "type": "Feature", "properties": { "ID_OBRA": "1188_Tetepango", "No.": 1188.0, "Municipio": "Tetepango", "Rubro": "Vialidades Urbanas", "Ejercicio": 2023.0, "Obra": "Construcción de pavimentación hidráulica en calle Las Torres, municipio de Tetepango", "Localidad": "Tetepango", "Inversión": 3132018.17, "Habitantes.beneficiados": null, "Ejecutora": "DGOPI", "Trabajos": "Considera los trabajos de preliminares, piso para pavimento de concreto hidráulico.", "Geometria_tipo": "Línea", "extract": 0.26154853840201803 }, "geometry": { "type": "LineString", "coordinates": [ [ -99.158092761082699, 20.089056277670196 ], [ -99.149241742541193, 20.092634387404797 ] ] } },
{ "type": "Feature", "properties": { "ID_OBRA": "1191_Tezontepec de Aldama", "No.": 1191.0, "Municipio": "Tezontepec de Aldama", "Rubro": "Infraestructura Carretera", "Ejercicio": 2023.0, "Obra": "Construye tu Camino del Acceso Panuaya - Centro, municipio de Tezontepec de Aldama.", "Localidad": "Panuaya", "Inversión": 1472089.8, "Habitantes.beneficiados": null, "Ejecutora": "DGCCE", "Trabajos": "Considera los trabajos de construcción de huellas de concreto hidráulico y empedrado en la localidad, el cual consta de terracerías y pisos de concreto.", "Geometria_tipo": "Línea", "extract": 0.46395224586713207 }, "geometry": { "type": "LineString", "coordinates": [ [ -99.265535957356462, 20.195790273776815 ], [ -99.266373791103092, 20.196271835647895 ], [ -99.266665448447043, 20.192990073667016 ], [ -99.272516570761951, 20.193053370057221 ] ] } },
{ "type": "Feature", "properties": { "ID_OBRA": "1192_Tezontepec de Aldama", "No.": 1192.0, "Municipio": "Tezontepec de Aldama", "Rubro": "Infraestructura Carretera", "Ejercicio": 2023.0, "Obra": "Construye Tu Camino del Acceso Panuaya - Mangas, en el municipio de Tezontepec de Aldama.", "Localidad": "Panuaya", "Inversión": 1583922.32, "Habitantes.beneficiados": 5061.0, "Ejecutora": "DGCCE", "Trabajos": "Considera los trabajos de construcción de huellas de concreto hidráulico y empedrado en la localidad, el cual consta de terracerías y pisos de concreto.", "Geometria_tipo": "Línea", "extract": 0.34721816166405972 }, "geometry": { "type": "LineString", "coordinates": [ [ -99.25134557582399, 20.192716895908077 ], [ -99.233606614115601, 20.18625603392438 ], [ -99.226254540522334, 20.184905763516085 ] ] } },
{ "type": "Feature", "properties": { "ID_OBRA": "1198_Tezontepec de Aldama", "No.": 1198.0, "Municipio": "Tezontepec de Aldama", "Rubro": "Vialidades Urbanas", "Ejercicio": 2023.0, "Obra": "Pavimentación hidráulica de la calle Rio Tula, en la colonia San Juan; en el municipio de Tezontepec de Aldama.", "Localidad": "San Juan (Colonia)", "Inversión": 2568558.57, "Habitantes.beneficiados": 1300.0, "Ejecutora": "DGIVC", "Trabajos": "Considera los trabajos de preliminares, piso para pavimento de concreto hidráulico.", "Geometria_tipo": "Línea", "extract": 0.42398936218234573 }, "geometry": { "type": "LineString", "coordinates": [ [ -99.333436756445494, 20.169566518374701 ], [ -99.332110339168196, 20.1694886062058 ], [ -99.330704421536495, 20.1703885571828 ], [ -99.329120108242606, 20.171287722117295 ], [ -99.328152864515701, 20.1720220488316 ], [ -99.326992537759693, 20.172634849113404 ], [ -99.3260072238199, 20.173227976062801 ] ] } },
{ "type": "Feature", "properties": { "ID_OBRA": "1206_Tianguistengo", "No.": 1206.0, "Municipio": "Tianguistengo", "Rubro": "Infraestructura Carretera", "Ejercicio": 2023.0, "Obra": "Construye Tu Camino del Tramo Xochimilco - Polintotla, en el municipio de Tianguistengo.", "Localidad": "Xochimilco", "Inversión": 6556729.72, "Habitantes.beneficiados": 1000.0, "Ejecutora": "DGCCE", "Trabajos": "Considera los trabajos de construcción de huellas de concreto hidráulico y empedrado en la localidad, el cual consta de terracerías y pisos de concreto.", "Geometria_tipo": "Línea", "extract": 0.14615373306976431 }, "geometry": { "type": "LineString", "coordinates": [ [ -98.513782670001788, 20.786107001423726 ], [ -98.514695148130983, 20.784836489564498 ], [ -98.515370286847173, 20.784780316646799 ], [ -98.515796113347932, 20.785063421515819 ], [ -98.516363504216258, 20.785349594195115 ], [ -98.517174367982776, 20.786226504186899 ], [ -98.517948362352385, 20.786525350697918 ], [ -98.518400546443004, 20.785990323759947 ], [ -98.518393822300268, 20.785931500494787 ], [ -98.518203818962746, 20.785064130316677 ], [ -98.518191031108259, 20.784950569851837 ], [ -98.517745657305923, 20.784168833310257 ], [ -98.517394788751076, 20.783786443657185 ], [ -98.516965487644512, 20.782985546152577 ], [ -98.516730337695719, 20.782311064759799 ], [ -98.517174126071083, 20.782005841672429 ], [ -98.516704936096801, 20.781554520041329 ], [ -98.515949538966566, 20.781111119679803 ], [ -98.515655980380117, 20.780532179982909 ], [ -98.515486140515335, 20.779873643446646 ], [ -98.515179448369636, 20.778918339845134 ], [ -98.514954843597764, 20.778520355183684 ], [ -98.515443017192922, 20.777533244339825 ], [ -98.516783004137878, 20.777659977046085 ], [ -98.517551429270441, 20.777872402665462 ], [ -98.517845196800735, 20.777702528059169 ], [ -98.517531637382163, 20.777366267650976 ], [ -98.517347807106361, 20.777117278758062 ], [ -98.517871437184155, 20.776667953639471 ], [ -98.51805911241081, 20.776346646957684 ], [ -98.518022705298762, 20.776069183227179 ], [ -98.51772377872939, 20.775795070564069 ], [ -98.517376540468973, 20.775717310563273 ], [ -98.516889034869095, 20.775717198878851 ], [ -98.516454019517454, 20.775485686765801 ], [ -98.51623562121533, 20.775143024041501 ], [ -98.516017299930098, 20.774768498992515 ], [ -98.51552875056052, 20.774620393491634 ], [ -98.51518418438063, 20.77440021008762 ], [ -98.514935356744374, 20.773930879093601 ], [ -98.514497676989805, 20.773823943736609 ], [ -98.513600332169148, 20.77382374935744 ], [ -98.513305589254315, 20.773541391019595 ], [ -98.515622590574125, 20.772683477601028 ], [ -98.515672450983047, 20.772449376244342 ], [ -98.515267831632556, 20.772152172580316 ], [ -98.514707575777905, 20.770943656716302 ], [ -98.514729041489318, 20.770759394362379 ], [ -98.515128590994365, 20.770759474562826 ], [ -98.515741778979873, 20.770546780372925 ], [ -98.515414155252728, 20.769805126287086 ], [ -98.51588196949055, 20.768951638801351 ], [ -98.515556801093041, 20.76886830682912 ], [ -98.514540886805563, 20.768840438457961 ], [ -98.514387993542456, 20.768403117733111 ], [ -98.514539598937574, 20.767378938201581 ], [ -98.514197674276346, 20.767251659278838 ], [ -98.513598299370045, 20.767429899877555 ], [ -98.512711904073285, 20.767251373563671 ], [ -98.511542133907227, 20.76599491992533 ] ] } },
{ "type": "Feature", "properties": { "ID_OBRA": "1224_Tlahuiltepa", "No.": 1224.0, "Municipio": "Tlahuiltepa", "Rubro": "Infraestructura Carretera", "Ejercicio": 2022.0, "Obra": "Construcción de Pavimento de Concreto Hidráulico en acceso a cabecera municipal de Tlahuiltepa, Tramo: Tlahuiltepa - Itztacoyotla, municipio de Tlahuiltepa", "Localidad": "Tlahuiltepa", "Inversión": 31861378.33, "Habitantes.beneficiados": 1252.0, "Ejecutora": "DGOPI", "Trabajos": "Considera los trabajos de preliminares, riego de impregnación, piso para pavimento de concreto hidráulico.", "Geometria_tipo": "Línea", "extract": 0.84888374208320216 }, "geometry": { "type": "LineString", "coordinates": [ [ -98.9485401858811, 20.920737767830495 ], [ -98.948471315006998, 20.920741771578193 ], [ -98.948435623471497, 20.920759618118197 ], [ -98.948388032765294, 20.920836949588995 ], [ -98.9483107014279, 20.921027307216701 ], [ -98.948269060209299, 20.921122486017993 ], [ -98.948138189557014, 20.921247406847399 ], [ -98.948013268365997, 20.921342586475795 ], [ -98.947900243840394, 20.921408021310704 ], [ -98.947764923338099, 20.921451104797505 ], [ -98.947650400126903, 20.921503198657192 ], [ -98.947537376203599, 20.921532943024804 ], [ -98.947430300472305, 20.921556737313995 ], [ -98.947323224707105, 20.9215805324394 ], [ -98.947222098434295, 20.9215864810614 ], [ -98.947115022163203, 20.921556736652096 ], [ -98.947055535113094, 20.921503198694193 ], [ -98.947000035602201, 20.921435097261401 ], [ -98.946884214076803, 20.9213009448547 ], [ -98.946781355727694, 20.921212215404193 ], [ -98.946624878006006, 20.921078246219597 ], [ -98.946315479619798, 20.920783605242196 ], [ -98.946165232021599, 20.920661974975001 ], [ -98.946021658668499, 20.920551415452902 ], [ -98.945974069659499, 20.920491928134897 ], [ -98.945920531775997, 20.9204026987181 ], [ -98.945890789079897, 20.920283725779797 ], [ -98.945855096806795, 20.920236135927397 ], [ -98.945706380829193, 20.920099316673493 ], [ -98.945521973312395, 20.919932754739801 ], [ -98.945438691229597, 20.9198375773944 ], [ -98.945313769523807, 20.919712654607899 ], [ -98.945147207889605, 20.919569887248901 ], [ -98.945105567296409, 20.9195163489116 ], [ -98.945069874762098, 20.919415222186302 ], [ -98.9450639261036, 20.919314095083195 ], [ -98.945034183070106, 20.919224864898101 ], [ -98.944992543352299, 20.919153481866299 ], [ -98.944986593766899, 20.919076149451804 ], [ -98.944998490580303, 20.918963125320904 ], [ -98.945109136326295, 20.918646656410296 ], [ -98.945176950895998, 20.918445591594697 ], [ -98.945194796906193, 20.918296876402199 ], [ -98.945212642899605, 20.918195748792392 ], [ -98.945176950833002, 20.9180172888558 ], [ -98.945194797275704, 20.917880470101405 ], [ -98.945230489174605, 20.917749599867498 ], [ -98.945456537038396, 20.917464064435901 ], [ -98.945551716383704, 20.917309399439599 ], [ -98.945599305431699, 20.917208272220201 ], [ -98.945599305220099, 20.917136888119895 ], [ -98.945539819262606, 20.917089298737896 ], [ -98.9454684351998, 20.917077402104997 ], [ -98.945206693836795, 20.917095247945099 ], [ -98.945123412782607, 20.917065505392099 ], [ -98.945069874665805, 20.917023864173295 ], [ -98.945040131832315, 20.916940583093201 ], [ -98.945016337016, 20.916762123311297 ], [ -98.944956850737995, 20.916660996098596 ], [ -98.944870587555997, 20.9165794596341 ], [ -98.944683212551098, 20.916452793061598 ], [ -98.944643158240595, 20.916411153362301 ], [ -98.944606809740904, 20.916373375824399 ], [ -98.944531515059694, 20.916332591193303 ], [ -98.944475002867406, 20.916335565467197 ], [ -98.944427412992496, 20.916359360053203 ], [ -98.944400643932099, 20.916406948877704 ], [ -98.944388746726702, 20.916502127425797 ], [ -98.9443500814657, 20.916600279948501 ], [ -98.944302492184505, 20.916692484038805 ], [ -98.944281670644799, 20.916725201964397 ], [ -98.944115108858497, 20.916859046277196 ], [ -98.944052647788993, 20.916918533362594 ], [ -98.943990187243102, 20.91696612217109 ], [ -98.943960444033806, 20.917022633637703 ], [ -98.943945571823718, 20.917102941065199 ], [ -98.943927726411303, 20.917177299291502 ], [ -98.943889060258599, 20.917224887738897 ], [ -98.943710600859404, 20.917299247316102 ], [ -98.94354403788401, 20.917358733304301 ], [ -98.943463731575903, 20.917382527643699 ], [ -98.9433863986593, 20.9173706299791 ], [ -98.943163324747303, 20.917343861628002 ], [ -98.943050300035594, 20.917340887366798 ], [ -98.942978916182298, 20.917361707179001 ], [ -98.942919429719794, 20.917406322022099 ], [ -98.942842097100197, 20.917510423944002 ], [ -98.9428064052221, 20.917587756059795 ], [ -98.942791533764094, 20.917676986166203 ], [ -98.942802258169493, 20.9177914453801 ], [ -98.942791759623603, 20.9178649041746 ], [ -98.942772727225218, 20.917983877609299 ], [ -98.942758451665298, 20.918002914727396 ], [ -98.942677550413904, 20.918060023239203 ], [ -98.942658509521308, 20.918069534184202 ], [ -98.942591890926096, 20.918083812658296 ], [ -98.942510989004305, 20.918074298831396 ], [ -98.942510220864804, 20.918073676914496 ], [ -98.942418150950701, 20.918019086342003 ], [ -98.942379847283206, 20.917964372909395 ], [ -98.942336089826995, 20.917915146834005 ], [ -98.942270434933405, 20.917811192952904 ], [ -98.9422212018805, 20.917729139084592 ], [ -98.942144609979493, 20.917658011883201 ], [ -98.942078962983999, 20.917614244038905 ], [ -98.941975016148902, 20.917554073246901 ], [ -98.941898423529395, 20.917510300710504 ], [ -98.941789009375796, 20.917461063891999 ], [ -98.941723361997703, 20.917433704800697 ], [ -98.941608477020793, 20.917384478649698 ], [ -98.941482641171916, 20.917373533972601 ], [ -98.941378704542501, 20.917411834234301 ], [ -98.941285696133306, 20.917428248224002 ], [ -98.941198162611599, 20.917466532327598 ], [ -98.941099688341794, 20.917499360452599 ], [ -98.9409793345623, 20.917521245918099 ], [ -98.940780888924493, 20.917507449240905 ], [ -98.940372076166696, 20.917472005307001 ], [ -98.940158716916798, 20.917461064316406 ], [ -98.939967502243306, 20.917473789102097 ], [ -98.939684361454198, 20.917515688336799 ], [ -98.93947251908601, 20.917547025215697 ], [ -98.938808936725593, 20.917610053350103 ], [ -98.938578118372902, 20.9176461061999 ], [ -98.938565883544697, 20.917649596820691 ], [ -98.938336950083198, 20.917701780610699 ], [ -98.938222061581996, 20.917761952307501 ], [ -98.938129052934897, 20.917789310461703 ], [ -98.938008703008904, 20.917783848998297 ], [ -98.937855523372505, 20.9177181939204 ], [ -98.937773454570703, 20.917652540230797 ], [ -98.9376810461562, 20.917632965865302 ], [ -98.937604903868205, 20.917647243437205 ], [ -98.937565569237094, 20.9176853670801 ], [ -98.937524001622805, 20.917818563865705 ], [ -98.937462136458393, 20.917989884898695 ], [ -98.9373859934515, 20.918137412301995 ], [ -98.937233708451203, 20.918232590302601 ], [ -98.937029073996001, 20.918294455818302 ], [ -98.936833958450293, 20.9183277689881 ], [ -98.936695713696594, 20.918314504854795 ], [ -98.936581734606193, 20.918251626290203 ], [ -98.936453245206295, 20.918204037033203 ], [ -98.936381860877304, 20.918218313117499 ], [ -98.936253370479207, 20.918332528352295 ], [ -98.936124879366204, 20.918522883977001 ], [ -98.936048736018193, 20.918608544931296 ], [ -98.935953557741797, 20.918665652130201 ], [ -98.935872655544301, 20.918765588577198 ], [ -98.935796513131507, 20.918884563250405 ], [ -98.935734646736705, 20.919046366295998 ], [ -98.935672780635201, 20.919231964007096 ], [ -98.935668022021403, 20.919327141882299 ], [ -98.935629951406298, 20.919393766948293 ], [ -98.935534773032103, 20.919427080120098 ], [ -98.935458629751395, 20.919436596707005 ], [ -98.9352635135822, 20.919384249356902 ], [ -98.935001773068805, 20.919303347931596 ], [ -98.934859006002995, 20.9192272054648 ], [ -98.934578228995207, 20.919132026 ], [ -98.934316488603201, 20.9191034729287 ], [ -98.934164203322993, 20.9191177503827 ], [ -98.934083300622703, 20.919160580161492 ], [ -98.9340166769246, 20.919317624330901 ], [ -98.934002399827406, 20.919460392376497 ], [ -98.934007159368903, 20.919598401428196 ], [ -98.933978604763794, 20.919722132896695 ], [ -98.933926256794805, 20.919769721909102 ], [ -98.933840596226105, 20.919812552438593 ], [ -98.933716864455803, 20.919855382610397 ], [ -98.933693070184603, 20.919917249142198 ], [ -98.933683551822199, 20.920040980717303 ], [ -98.933693069851898, 20.920169470668096 ], [ -98.933664515670202, 20.920297962097003 ], [ -98.933631203590707, 20.920383623221102 ], [ -98.933574096867105, 20.920483559667296 ], [ -98.933531265637299, 20.920550185112695 ], [ -98.933398017261993, 20.920593015861897 ], [ -98.933236212925095, 20.920597774148 ], [ -98.933102962628297, 20.920564462392097 ], [ -98.933003025662714, 20.920521631814605 ], [ -98.932860257639305, 20.920512114436097 ], [ -98.932674661048395, 20.920497837205996 ], [ -98.932474785684704, 20.920497836904499 ], [ -98.932384366371494, 20.920507354604798 ], [ -98.932289188187113, 20.920483560158797 ], [ -98.932151179115607, 20.920464524934893 ], [ -98.932046483392199, 20.920435971068496 ], [ -98.931865644408603, 20.920321756987999 ], [ -98.931565831614407, 20.920188507403001 ], [ -98.931304090970301, 20.9201218821919 ], [ -98.9308710285909, 20.919960079048401 ], [ -98.9305474221118, 20.919883935591901 ], [ -98.930380860442995, 20.919831587953691 ], [ -98.930228575304398, 20.919841106390802 ], [ -98.930085806963206, 20.9199315254649 ], [ -98.929909726832307, 20.9200029087351 ], [ -98.929762199536015, 20.920002908664905 ], [ -98.929495700998118, 20.919945802384305 ], [ -98.929295826193695, 20.919874417917899 ], [ -98.929062639455395, 20.9197649627034 ], [ -98.928448177654502, 20.919438465975905 ], [ -98.927927072634603, 20.919238597015205 ], [ -98.927748613125303, 20.919181491705896 ], [ -98.927541598991496, 20.919081558296703 ], [ -98.927391697033997, 20.918960201719401 ], [ -98.927298895582496, 20.918867397832503 ], [ -98.927213236940901, 20.918746043130994 ], [ -98.927134711247916, 20.918660387077001 ], [ -98.927056185645412, 20.918574728275605 ], [ -98.926963388895203, 20.918524752659401 ], [ -98.926749236882401, 20.918446238947702 ], [ -98.926705513696803, 20.918435661036497 ], [ -98.926306657104604, 20.918339163107905 ], [ -98.926113645564797, 20.9183031102875 ], [ -98.926100272792496, 20.918302562358097 ], [ -98.925914044880898, 20.918339163126603 ], [ -98.925842665321099, 20.918374847676908 ], [ -98.925749867663498, 20.918439098381299 ], [ -98.925685617642102, 20.9185533082589 ], [ -98.925635651055799, 20.9187674631074 ], [ -98.925574348832001, 20.918841731782202 ], [ -98.925483928999299, 20.918927392629595 ], [ -98.925374474028501, 20.919008294125604 ], [ -98.925222189333098, 20.919060642876101 ], [ -98.925073177118193, 20.919031731908298 ], [ -98.924815952964195, 20.9189778978477 ], [ -98.924652486686412, 20.918941688316597 ], [ -98.924421702365194, 20.918914478256394 ], [ -98.924210135171506, 20.918914380888296 ], [ -98.923979323388494, 20.918932345246805 ], [ -98.923777349384594, 20.9189503339122 ], [ -98.9236520984078, 20.918937195136401 ], [ -98.923529826274802, 20.918917372970604 ], [ -98.923337090889504, 20.9188317127959 ], [ -98.923115801471511, 20.918674662717095 ], [ -98.922958760922796, 20.918546174367599 ], [ -98.922873090587103, 20.918460517653699 ], [ -98.922815990165006, 20.918317742702598 ], [ -98.922752308341799, 20.918180241619595 ], [ -98.922716054870506, 20.918060768361293 ], [ -98.922703068270707, 20.917920412307996 ], [ -98.922671405686799, 20.917861393759004 ], [ -98.922580986653898, 20.917780492958304 ], [ -98.922336819966503, 20.917603901659799 ], [ -98.922240711680999, 20.917486387120597 ], [ -98.922096511915598, 20.917395956884 ], [ -98.921942696733097, 20.917314573221805 ], [ -98.9217984813302, 20.917251249011901 ], [ -98.921673481216814, 20.917196988198 ], [ -98.921635050190702, 20.917124680211895 ], [ -98.921625480716102, 20.917052388173101 ], [ -98.921625572831218, 20.916880711148096 ], [ -98.9216063881031, 20.916763234234796 ], [ -98.921606419392702, 20.916727094941603 ], [ -98.921558356818807, 20.916681895126899 ], [ -98.921471834377996, 20.9166276337581 ], [ -98.921414142181206, 20.916618573300898 ], [ -98.921221818826098, 20.9165823417847 ], [ -98.921173758424999, 20.916546172171604 ], [ -98.921144925598995, 20.916519065224701 ], [ -98.921144956585493, 20.916437741855901 ], [ -98.921129515641297, 20.916309985757788 ], [ -98.9210390955718, 20.916171977407298 ], [ -98.9209239875658, 20.916031019159998 ], [ -98.920635634346198, 20.915759818909496 ], [ -98.920376142416401, 20.915488635236798 ], [ -98.9202031256129, 20.915325911328601 ], [ -98.919987373578493, 20.915115495612696 ], [ -98.919885941755197, 20.915009512245405 ], [ -98.919876387650305, 20.914901066329303 ], [ -98.919914895003799, 20.914828803951199 ], [ -98.919943757018999, 20.9148017120907 ], [ -98.919991849196194, 20.914792697083591 ], [ -98.920030310427293, 20.914783681168704 ], [ -98.920174586833596, 20.914729527029198 ], [ -98.920222695206803, 20.914684372649202 ], [ -98.920261187043806, 20.914639219187993 ], [ -98.920280448742503, 20.914594050419396 ], [ -98.920280509776404, 20.914449481437096 ], [ -98.920290188424801, 20.914350081147301 ], [ -98.920309449043899, 20.914286849943291 ], [ -98.920338309922798, 20.914259758013401 ], [ -98.920429954125794, 20.914254130804199 ], [ -98.920501337567302, 20.914306480030099 ], [ -98.920606034096195, 20.914377863122798 ], [ -98.920838233335502, 20.914540104460599 ], [ -98.920934367760708, 20.914567254375299 ], [ -98.921011295259007, 20.9146034274738 ], [ -98.921097825672803, 20.914621536219098 ], [ -98.921184386615806, 20.9146125503867 ], [ -98.921261332621796, 20.9145673882336 ], [ -98.921328679285907, 20.914513212095603 ], [ -98.921367213051298, 20.914377703784499 ], [ -98.921357694747599, 20.914206008728996 ], [ -98.921319324074716, 20.914025288142302 ], [ -98.921319373145408, 20.913934916374398 ], [ -98.92133862453332, 20.913862642083696 ], [ -98.921348277050598, 20.913817468764304 ], [ -98.921492599192703, 20.913682009991494 ], [ -98.9218678025439, 20.913374964350599 ], [ -98.922031339466315, 20.913248527948795 ], [ -98.922117956234402, 20.913113043191892 ], [ -98.922156478645803, 20.912995595298703 ], [ -98.922127709046194, 20.912860036228498 ], [ -98.921983644354, 20.912498549236094 ], [ -98.921862390347698, 20.9121982770004 ], [ -98.9216529967197, 20.911927018678501 ], [ -98.921491194382796, 20.911727144404701 ], [ -98.921472157754707, 20.911612930279802 ], [ -98.921510228989504, 20.911470162365202 ], [ -98.921613781976006, 20.9113225036348 ], [ -98.921747688357797, 20.911277196590301 ], [ -98.921929014895696, 20.911303599745196 ], [ -98.922288869702598, 20.911463025892299 ], [ -98.922527456823303, 20.911629912256 ], [ -98.923046516061902, 20.9120457961236 ], [ -98.923128168938305, 20.912146671694195 ], [ -98.923224306940497, 20.912209957847097 ], [ -98.923315570893394, 20.912225169838003 ], [ -98.923402109838705, 20.912243281939801 ], [ -98.923469616132195, 20.912248090291399 ], [ -98.923536939988693, 20.912239089220098 ], [ -98.923646985186807, 20.912217312619898 ], [ -98.923811351911795, 20.912106557283504 ], [ -98.923875413859307, 20.911998401880602 ], [ -98.923946797732995, 20.9118556347108 ], [ -98.924018181416898, 20.9116747963375 ], [ -98.924061294066902, 20.9114784409457 ], [ -98.924022908595902, 20.911306745788991 ], [ -98.923955679430193, 20.911144066292305 ], [ -98.923859599910401, 20.910990421394402 ], [ -98.923801955126805, 20.9108819632362 ], [ -98.923792409976798, 20.910737390799692 ], [ -98.923802078126897, 20.910628956326097 ], [ -98.923821347846896, 20.910547647801298 ], [ -98.923936862204599, 20.910312774611597 ], [ -98.923975445074106, 20.910095930464298 ], [ -98.923898640554896, 20.909824841298501 ], [ -98.923812213673401, 20.909598897577304 ], [ -98.923754595410799, 20.909454300962697 ], [ -98.923745046544397, 20.9093097303052 ], [ -98.923764365883997, 20.909147083882701 ], [ -98.923889505936401, 20.9088760647935 ], [ -98.924043457754195, 20.908686396332804 ], [ -98.924158938107894, 20.908532834639097 ], [ -98.924196177956901, 20.908432387294202 ], [ -98.924211171259898, 20.908296762070595 ], [ -98.92415031027322, 20.908227327931804 ], [ -98.924038815737802, 20.908186659135204 ], [ -98.923865809614, 20.9081543706241 ], [ -98.923466779224299, 20.908125915007094 ], [ -98.922803338183002, 20.907981052843304 ], [ -98.922437984151301, 20.907890531792596 ], [ -98.921822641324994, 20.907709531135406 ], [ -98.921553429368103, 20.907655186983398 ], [ -98.921284213476795, 20.907573740606701 ], [ -98.921111135786802, 20.907546557178495 ], [ -98.921043828224498, 20.907546530607195 ], [ -98.9210121028907, 20.9075539641048 ], [ -98.9209398447409, 20.907653481951698 ], [ -98.920939844897802, 20.907772454635399 ], [ -98.920880358570898, 20.907903326055099 ], [ -98.920773283093396, 20.908034196174192 ], [ -98.920701899015796, 20.908129374453502 ], [ -98.920666207357499, 20.9083078336153 ], [ -98.9206067209644, 20.9085457802448 ], [ -98.920594824206603, 20.908724239594697 ], [ -98.920535337268802, 20.908807521449301 ], [ -98.920285494111297, 20.9089978784348 ], [ -98.920124880187402, 20.909110901953397 ], [ -98.919988060912601, 20.909188235358499 ], [ -98.919835879842907, 20.9092163952843 ], [ -98.919684680085894, 20.909241771624597 ], [ -98.919577604011806, 20.909223926274393 ], [ -98.919179043679407, 20.909039517576495 ], [ -98.919053893835994, 20.908975864804901 ], [ -98.918970840733195, 20.908944340407 ], [ -98.918899457549699, 20.908956237327299 ], [ -98.918709100519806, 20.909075209882698 ], [ -98.9186020252383, 20.909170389257998 ], [ -98.918483052017621, 20.909295310344604 ], [ -98.918411667892897, 20.909354797386897 ], [ -98.918245105995595, 20.9094261814164 ], [ -98.9181618253306, 20.909455924240397 ], [ -98.9180904409303, 20.909533255824599 ], [ -98.917965519443598, 20.910032942636498 ], [ -98.917923879036806, 20.910086481064603 ], [ -98.917858443012008, 20.910128122434998 ], [ -98.917793008132705, 20.9101340699094 ], [ -98.917703777671207, 20.910128122097301 ], [ -98.917334962389404, 20.909878277599201 ], [ -98.917275474841603, 20.909890175978994 ], [ -98.917162451400301, 20.909955611334301 ], [ -98.91708511901021, 20.909997251158099 ], [ -98.917001836840299, 20.9100269952195 ], [ -98.916872876134704, 20.9100559453694 ], [ -98.916656237310505, 20.910055846151096 ], [ -98.9163772993805, 20.910164133269792 ], [ -98.916368506883202, 20.910170033819899 ], [ -98.916194546743995, 20.910230274767805 ], [ -98.916111256888101, 20.910242170099497 ], [ -98.916027986347501, 20.910212435051804 ], [ -98.915992294137297, 20.9101410514516 ], [ -98.915950651549394, 20.910081564981297 ], [ -98.915938749887204, 20.910063720774804 ], [ -98.9158554665526, 20.910039920308204 ], [ -98.915736499837806, 20.910010184701694 ], [ -98.915638886405503, 20.910015765794601 ], [ -98.915575363147099, 20.910009768119792 ], [ -98.915367681663795, 20.910022080470796 ], [ -98.915224914307203, 20.909950696042802 ], [ -98.915064301276104, 20.9098555106264 ], [ -98.914939380827903, 20.909736539990991 ], [ -98.914814456717906, 20.909605671003099 ], [ -98.914641946696094, 20.909385577359505 ], [ -98.914478128937702, 20.909160895023401 ], [ -98.914314675647105, 20.908957358141397 ], [ -98.914076826691698, 20.9086895766544 ], [ -98.913815084599506, 20.908475433377404 ], [ -98.913654473459005, 20.908320761653599 ], [ -98.913575690736721, 20.908283684332101 ], [ -98.913553346060297, 20.908273168079297 ], [ -98.913449011981797, 20.908280494747295 ], [ -98.913383577436406, 20.908322135315601 ], [ -98.913294346840701, 20.908417314085096 ], [ -98.913205116867005, 20.908536286615004 ], [ -98.913163476644698, 20.908637414215097 ], [ -98.913092093024105, 20.908988383789495 ], [ -98.913050451960999, 20.909285817259601 ], [ -98.913035814182393, 20.909587826598901 ], [ -98.912996915121994, 20.909618941232196 ], [ -98.912940628535196, 20.909617566235401 ], [ -98.912791919064603, 20.909575932331602 ], [ -98.912678889557796, 20.909534286719698 ], [ -98.9125091248291, 20.909494019757304 ], [ -98.91237866985, 20.909535395309405 ], [ -98.91210187383021, 20.909688954621295 ], [ -98.911979694675495, 20.9098449903878 ], [ -98.911902362813507, 20.909993705851797 ], [ -98.911771491799598, 20.910380368710491 ], [ -98.911654669865101, 20.910653058337701 ], [ -98.9116021884562, 20.910747815149097 ], [ -98.911471310977504, 20.910985763999705 ], [ -98.911352343893896, 20.911110683690197 ], [ -98.911275011003895, 20.911312933763199 ], [ -98.9112214742416, 20.911628213318902 ], [ -98.911185778761819, 20.911699604171599 ], [ -98.911170678001199, 20.911760455603002 ], [ -98.911114397827603, 20.911800723896299 ], [ -98.911043013589506, 20.911794778274295 ], [ -98.910902989271207, 20.911689072154193 ], [ -98.910762511114001, 20.911520221261199 ], [ -98.910626600716697, 20.911366474062497 ], [ -98.910584967612294, 20.911271288827599 ], [ -98.910590917210399, 20.911199908736297 ], [ -98.910626601312103, 20.911164223606495 ], [ -98.910725716554495, 20.911189869146192 ], [ -98.910846705727806, 20.911271289176 ], [ -98.910935930890901, 20.911312934428693 ], [ -98.911025166582107, 20.911318883067999 ], [ -98.9110727574501, 20.911265343109793 ], [ -98.911084652113303, 20.911152317683701 ], [ -98.911108449414201, 20.910932224088601 ], [ -98.911138192297798, 20.910777554105398 ], [ -98.911191721191798, 20.910694275172897 ], [ -98.911231440468399, 20.910667616903595 ], [ -98.911239318532907, 20.910492025037001 ], [ -98.911286909428696, 20.910379000056203 ], [ -98.91138208676, 20.910260025321499 ], [ -98.911453471442101, 20.910188644782803 ], [ -98.911471310977007, 20.910051825881595 ], [ -98.9114594155959, 20.909807931651503 ], [ -98.9114534712606, 20.909653261164799 ], [ -98.911495107806502, 20.9095247755935 ], [ -98.911552213140396, 20.9094105618321 ], [ -98.911609325744408, 20.909303486285399 ], [ -98.911587908721216, 20.909260656655395 ], [ -98.911509383267301, 20.909217816429098 ], [ -98.911430865947594, 20.909246365719099 ], [ -98.911373752617195, 20.909346315624195 ], [ -98.911323786223406, 20.909460525803297 ], [ -98.911223850573094, 20.909567606113196 ], [ -98.911102496288507, 20.909681816161907 ], [ -98.911038253026106, 20.909746065659995 ], [ -98.910895481920505, 20.9099031046362 ], [ -98.910816963534302, 20.909924526251402 ], [ -98.910745580110998, 20.909895971289 ], [ -98.910710929631918, 20.909836564002596 ], [ -98.910731304138196, 20.9097460663933 ], [ -98.910774133571394, 20.909638986379605 ], [ -98.910802710089996, 20.909484324858305 ], [ -98.910738442057394, 20.9093677221632 ], [ -98.910638504268405, 20.909310617378996 ], [ -98.910517151951794, 20.909224961044799 ], [ -98.910338692211596, 20.909089326920199 ], [ -98.910181645300909, 20.908932287362695 ], [ -98.910003184972197, 20.908718131427605 ], [ -98.909881837798096, 20.9085753669764 ], [ -98.909746199652304, 20.908525391909301 ], [ -98.909589163683606, 20.908525392014301 ], [ -98.909396421156799, 20.908525392019296 ], [ -98.909232243615619, 20.908489707690702 ], [ -98.909190111262802, 20.9084902328688 ] ] } },
{ "type": "Feature", "properties": { "ID_OBRA": "1224_Tlahuiltepa", "No.": 1224.0, "Municipio": "Tlahuiltepa", "Rubro": "Infraestructura Carretera", "Ejercicio": 2022.0, "Obra": "Construcción de Pavimento de Concreto Hidráulico en acceso a cabecera municipal de Tlahuiltepa, Tramo: Tlahuiltepa - Itztacoyotla, municipio de Tlahuiltepa", "Localidad": "Tlahuiltepa", "Inversión": 31861378.33, "Habitantes.beneficiados": 1252.0, "Ejecutora": "DGOPI", "Trabajos": "Considera los trabajos de preliminares, riego de impregnación, piso para pavimento de concreto hidráulico.", "Geometria_tipo": "Línea", "extract": 1.1413558381191999 }, "geometry": { "type": "LineString", "coordinates": [ [ -98.949288645883399, 20.922359506613095 ], [ -98.949270978849313, 20.922329849719997 ], [ -98.949107777391106, 20.922153170743496 ], [ -98.9490687180555, 20.922121650610098 ], [ -98.949021131106605, 20.922068112369704 ], [ -98.948812928207204, 20.921770677031297 ], [ -98.948777235637706, 20.921663601074499 ], [ -98.948783189035495, 20.9215743768439 ], [ -98.948783189273314, 20.921384018428395 ], [ -98.948771290306297, 20.921146071577695 ], [ -98.948741544351094, 20.921021151823801 ], [ -98.948658268902705, 20.920890283118304 ], [ -98.9485401858811, 20.920737767830495 ] ] } },
{ "type": "Feature", "properties": { "ID_OBRA": "1224_Tlahuiltepa", "No.": 1224.0, "Municipio": "Tlahuiltepa", "Rubro": "Infraestructura Carretera", "Ejercicio": 2022.0, "Obra": "Construcción de Pavimento de Concreto Hidráulico en acceso a cabecera municipal de Tlahuiltepa, Tramo: Tlahuiltepa - Itztacoyotla, municipio de Tlahuiltepa", "Localidad": "Tlahuiltepa", "Inversión": 31861378.33, "Habitantes.beneficiados": 1252.0, "Ejecutora": "DGOPI", "Trabajos": "Considera los trabajos de preliminares, riego de impregnación, piso para pavimento de concreto hidráulico.", "Geometria_tipo": "Línea", "extract": 1.1020232477328797 }, "geometry": { "type": "LineString", "coordinates": [ [ -98.952990447080893, 20.925748201617896 ], [ -98.953025116668996, 20.925765203744003 ], [ -98.953072104713399, 20.925789191153896 ], [ -98.953135788816212, 20.9258207144109 ], [ -98.953192822249093, 20.925875152226503 ], [ -98.953233256212897, 20.9259177351238 ], [ -98.953263059753695, 20.9259557836859 ], [ -98.953284975060797, 20.926003760346202 ], [ -98.953297561855706, 20.926057311301399 ], [ -98.953308195378199, 20.926129550310495 ], [ -98.953314587829894, 20.926185859079997 ], [ -98.953321013430795, 20.92624072846699 ], [ -98.953328607291297, 20.926327434644197 ], [ -98.953332039134906, 20.926363394151103 ], [ -98.953361166613206, 20.926634797316296 ], [ -98.953377800745898, 20.926780623987998 ], [ -98.953394435872298, 20.926926450655795 ], [ -98.953404808196595, 20.927010209224594 ], [ -98.953421765923594, 20.927073931967893 ], [ -98.953449308074696, 20.927201223910298 ] ] } },
{ "type": "Feature", "properties": { "ID_OBRA": "1224_Tlahuiltepa", "No.": 1224.0, "Municipio": "Tlahuiltepa", "Rubro": "Infraestructura Carretera", "Ejercicio": 2022.0, "Obra": "Construcción de Pavimento de Concreto Hidráulico en acceso a cabecera municipal de Tlahuiltepa, Tramo: Tlahuiltepa - Itztacoyotla, municipio de Tlahuiltepa", "Localidad": "Tlahuiltepa", "Inversión": 31861378.33, "Habitantes.beneficiados": 1252.0, "Ejecutora": "DGOPI", "Trabajos": "Considera los trabajos de preliminares, riego de impregnación, piso para pavimento de concreto hidráulico.", "Geometria_tipo": "Línea", "extract": 0.32371474739667483 }, "geometry": { "type": "LineString", "coordinates": [ [ -98.882471955820421, 20.8636222892254 ], [ -98.882519547393699, 20.863691303742499 ], [ -98.882555239060295, 20.863769829273703 ], [ -98.882583792694717, 20.863841209828095 ], [ -98.8826147237897, 20.863914973838899 ], [ -98.882645513711395, 20.8639935483953 ], [ -98.882733698891599, 20.864190988183104 ], [ -98.882897875530404, 20.864533633377501 ], [ -98.882933567835906, 20.864619291666902 ], [ -98.882988299915496, 20.8646930529078 ], [ -98.883038266698307, 20.864738263238603 ], [ -98.883092995532806, 20.864771582110098 ], [ -98.883183416419001, 20.864795371801101 ], [ -98.883264318404102, 20.864797751905897 ], [ -98.883423733642204, 20.8647810928701 ], [ -98.883597437264896, 20.864743027707295 ], [ -98.883768760174618, 20.864695437041096 ], [ -98.884028122476806, 20.864619292282292 ], [ -98.884266071381901, 20.8645550418059 ], [ -98.884496879416901, 20.864493184274099 ], [ -98.884656298886796, 20.864431318091995 ], [ -98.884703886319002, 20.864402763663495 ], [ -98.884768135616994, 20.864376582392801 ], [ -98.884827620898307, 20.864378962698403 ], [ -98.884925183336904, 20.864397977252793 ], [ -98.885008465244795, 20.864398025094701 ], [ -98.885127433204502, 20.864407513035697 ], [ -98.885217853143601, 20.864409896797198 ], [ -98.885282095951496, 20.864409897400499 ], [ -98.885332175071099, 20.864393961124399 ], [ -98.885422478758912, 20.864367067873896 ], [ -98.885496248446614, 20.864350408280696 ], [ -98.885586667610696, 20.864319476930998 ], [ -98.885660432076506, 20.864295684419602 ], [ -98.885750852762015, 20.864276647682793 ], [ -98.885805576682102, 20.864281408108397 ], [ -98.885867446674894, 20.864295684342697 ], [ -98.885943591663903, 20.8643173387456 ], [ -98.886000909292207, 20.8643450246078 ], [ -98.886100635145795, 20.8643789634258 ], [ -98.886188674623099, 20.864412278175099 ], [ -98.886248155898016, 20.864445592876201 ], [ -98.886302887668194, 20.8644860417632 ], [ -98.886352858801899, 20.864540766712494 ], [ -98.886402826529505, 20.8646026326205 ], [ -98.886428992951494, 20.864669262648295 ], [ -98.886471826703101, 20.864747777644602 ], [ -98.886540834007903, 20.864831068223491 ], [ -98.886590800535402, 20.864885792195199 ], [ -98.886647906226798, 20.864928621664202 ], [ -98.886721670921915, 20.864988106947902 ], [ -98.886781156245107, 20.865019042345299 ], [ -98.886828750139699, 20.865038082389493 ], [ -98.886921539589594, 20.865078527323895 ], [ -98.886971517773318, 20.865099948024096 ], [ -98.887028622792002, 20.865128490896492 ], [ -98.887080971428503, 20.865161806020495 ], [ -98.887130938190097, 20.865199883219905 ], [ -98.887188047407193, 20.865233197836197 ], [ -98.887230881410304, 20.865276026738101 ], [ -98.887297499783401, 20.865333132461501 ], [ -98.887352228249696, 20.865387856634396 ], [ -98.887399815396705, 20.865418792116898 ], [ -98.887445024729004, 20.865442581432792 ], [ -98.887492619191605, 20.865452106618601 ], [ -98.887537829595701, 20.865447346466794 ], [ -98.887580659113894, 20.865433067354299 ], [ -98.887611589692696, 20.865411658417596 ], [ -98.8876425249248, 20.865387856804201 ], [ -98.887675396996201, 20.865361794800997 ], [ -98.887678217331398, 20.865356921849695 ], [ -98.887702006670906, 20.865299816886104 ], [ -98.887730564534294, 20.865247462444596 ], [ -98.887761500035495, 20.865214162399205 ], [ -98.887825742445003, 20.8651737007375 ], [ -98.887885231637597, 20.865142777719697 ], [ -98.887989927098218, 20.865118977358595 ], [ -98.888087484771006, 20.865097566747401 ], [ -98.888185038884004, 20.865066633271098 ], [ -98.888280217338206, 20.865033317260604 ], [ -98.888346846744398, 20.8650238026942 ], [ -98.888487230613407, 20.8650000018132 ], [ -98.888549101105198, 20.8650000023563 ], [ -98.888627424921694, 20.864995960134298 ], [ -98.88864057535811, 20.864996790946996 ], [ -98.888841941522202, 20.864978008156296 ], [ -98.888888881375905, 20.864942896685601 ], [ -98.888910777587895, 20.864902447778398 ], [ -98.888932190936401, 20.864845342903596 ], [ -98.888932191112005, 20.864795372335699 ], [ -98.888922676370896, 20.864750158351701 ], [ -98.888920295936998, 20.864721607359598 ], [ -98.888888880925194, 20.864674017205793 ], [ -98.888863183936607, 20.864626422626998 ], [ -98.888815600151403, 20.864576462717597 ], [ -98.888744215666705, 20.864471763032096 ], [ -98.888691868690103, 20.864409897159494 ], [ -98.888649039415697, 20.864314724351601 ], [ -98.888613343432198, 20.864221922645299 ], [ -98.888606205843303, 20.8641315032798 ], [ -98.888601448457905, 20.864067253080002 ], [ -98.888599068038602, 20.863983974171092 ], [ -98.888613342726998, 20.863929249225798 ], [ -98.888639520728304, 20.863876897591201 ], [ -98.888677586026603, 20.863831683818091 ], [ -98.888729940892603, 20.863779343771 ], [ -98.888782288824217, 20.8637246191606 ], [ -98.888844151137107, 20.863672264472996 ], [ -98.888908389621804, 20.863617539412495 ], [ -98.888936116817405, 20.863580000186399 ], [ -98.888941712990999, 20.863539013904301 ], [ -98.888939327935915, 20.8634866698888 ], [ -98.888936948043593, 20.863439078696704 ], [ -98.888927433996798, 20.8633891046575 ], [ -98.888915539189796, 20.863331999841702 ], [ -98.888915539274294, 20.863293934809295 ], [ -98.888922676048693, 20.863253485348096 ], [ -98.888941713301406, 20.8632296848054 ], [ -98.888986923253398, 20.863215408685996 ], [ -98.889022610608095, 20.863217790167401 ], [ -98.889056141538603, 20.863233517898593 ], [ -98.889101133326804, 20.863255854590598 ], [ -98.889129680200099, 20.863286789911108 ], [ -98.889174897327194, 20.863329618976305 ], [ -98.889222488406901, 20.863365314913601 ], [ -98.8892676977717, 20.863393869223195 ], [ -98.889286729822203, 20.863403384465197 ], [ -98.889341462014499, 20.863405763740797 ], [ -98.889386665433094, 20.8633938693437 ], [ -98.889439019588593, 20.863374828637198 ], [ -98.889455672042004, 20.863367699319198 ], [ -98.889486606649896, 20.863320105249802 ], [ -98.889510400934995, 20.863265380045203 ], [ -98.889524680403696, 20.863215408745091 ], [ -98.889527060058697, 20.863158304146701 ], [ -98.889536577649295, 20.863065500170205 ], [ -98.889538955007595, 20.863003633712605 ], [ -98.889527060182999, 20.862948908960604 ], [ -98.889503262852799, 20.862901314791099 ], [ -98.889462810243501, 20.862860869815897 ], [ -98.889441396976906, 20.862825170072099 ], [ -98.889412842843299, 20.862787104662502 ], [ -98.889372390060601, 20.862756169825104 ], [ -98.889341461678399, 20.862720485604395 ], [ -98.889296252196104, 20.8626752756572 ], [ -98.889255795928193, 20.862622919663195 ], [ -98.889212962159704, 20.862568195649505 ], [ -98.889182039292095, 20.862489670956396 ], [ -98.889163001623999, 20.8624420798192 ], [ -98.889136827747905, 20.862389735754597 ], [ -98.889089237748905, 20.862325485818005 ], [ -98.889063059819705, 20.862282660031298 ], [ -98.889036889522501, 20.862251725334001 ], [ -98.888998818140493, 20.862220790143898 ], [ -98.888967882888394, 20.862206515230799 ], [ -98.888958558173101, 20.862198589319199 ], [ -98.888914775423402, 20.862179730341698 ], [ -98.888859092521798, 20.862142604118901 ], [ -98.888819120852602, 20.862114053101195 ], [ -98.888786282161519, 20.862085498576498 ], [ -98.888762016327107, 20.862044099831799 ], [ -98.888742025564895, 20.862001269883592 ], [ -98.888723462975406, 20.861964144246901 ], [ -98.888714901548397, 20.8619327357247 ], [ -98.888704907431617, 20.861891332695595 ], [ -98.888700618624298, 20.861851363739898 ], [ -98.888693485121721, 20.861814238301797 ], [ -98.888697766431605, 20.861774265882495 ], [ -98.8887063339712, 20.861738570174698 ], [ -98.888719182408593, 20.8617000237494 ], [ -98.888740594991205, 20.861664340004101 ], [ -98.888760581687293, 20.861632916604194 ], [ -98.888810555711203, 20.861598662797704 ], [ -98.888857670167596, 20.861574385334098 ], [ -98.888910490682903, 20.861554407171493 ], [ -98.888931904264297, 20.8615486878635 ], [ -98.888973310943598, 20.861547260868502 ], [ -98.88900582461811, 20.861550945964201 ], [ -98.889008447657005, 20.861550156130502 ], [ -98.889058302983102, 20.86156882746219 ], [ -98.889110650989593, 20.8615783417251 ], [ -98.889165375300607, 20.8615997513111 ], [ -98.889198691253895, 20.861609275812196 ], [ -98.889253414567804, 20.861604512322302 ], [ -98.889303390009701, 20.861587856462105 ], [ -98.889346220010594, 20.861571195968093 ], [ -98.889393809865496, 20.861547406596095 ], [ -98.889446158381801, 20.861525997598495 ], [ -98.889498506438002, 20.861523617038898 ], [ -98.889555606625194, 20.861525997772596 ], [ -98.889603197644604, 20.861554540884399 ], [ -98.889650792169803, 20.861566447302401 ], [ -98.889698375362002, 20.861580721978598 ], [ -98.889742072878505, 20.861576619874899 ], [ -98.889805398944304, 20.861552070675 ], [ -98.889834009079493, 20.861535512044096 ], [ -98.889872082474398, 20.861483157015495 ], [ -98.889886356854902, 20.861421290966199 ], [ -98.889903012598495, 20.861338011641699 ], [ -98.889931567197905, 20.861299946891393 ], [ -98.889955356578895, 20.861261867326295 ], [ -98.890021986527302, 20.861233316413301 ], [ -98.890079092381796, 20.861235696975704 ], [ -98.890131436292194, 20.861242841741699 ], [ -98.890174270170206, 20.861252353187002 ], [ -98.8902408959257, 20.861278525598102 ], [ -98.8903027588009, 20.861309461306597 ], [ -98.890364628294193, 20.861361801863001 ], [ -98.890436009231394, 20.861416536642597 ], [ -98.890507395707701, 20.861502197265803 ], [ -98.890562121201, 20.8615926171971 ], [ -98.890614468583493, 20.861661617171499 ], [ -98.890671860182906, 20.861717100109999 ], [ -98.890731066264394, 20.861797250969897 ], [ -98.890795304783296, 20.861849591074101 ], [ -98.890873831077201, 20.861887670955898 ], [ -98.890966627659097, 20.8619423956712 ], [ -98.891051430227506, 20.861967467038998 ], [ -98.891084525919794, 20.861989450473605 ], [ -98.891508836451393, 20.862168226334795 ], [ -98.891637548718805, 20.8622356651064 ], [ -98.8916979946179, 20.862272910906498 ], [ -98.891782079414099, 20.862281829094098 ], [ -98.891911949775803, 20.862298875834092 ], [ -98.892071147341795, 20.862279166240103 ], [ -98.892111151968095, 20.862282660296895 ], [ -98.892170641754404, 20.862299316394299 ], [ -98.892227746750194, 20.862318356415997 ], [ -98.892280094157101, 20.862346906296299 ], [ -98.892301511147807, 20.862384974873596 ], [ -98.892306261053506, 20.862425420216098 ], [ -98.892313406281303, 20.862473015272599 ], [ -98.8923038906822, 20.862518225242901 ], [ -98.892284852028794, 20.862561054616396 ], [ -98.892272957378296, 20.862608644919501 ], [ -98.892258680925593, 20.862680024936001 ], [ -98.892256292970202, 20.862730000342399 ], [ -98.89225629328601, 20.862803764850899 ], [ -98.892270576095399, 20.862848975339197 ], [ -98.892299126788501, 20.862903698639499 ], [ -98.892322923715, 20.862967948983204 ], [ -98.892350897183306, 20.863031439329902 ], [ -98.892389550719599, 20.863124989395896 ], [ -98.8924299957811, 20.863217789704702 ], [ -98.892479971221107, 20.863308209640394 ], [ -98.892544213967497, 20.863400998664495 ], [ -98.892632253140604, 20.863500948992105 ], [ -98.892734569278403, 20.863622288686692 ], [ -98.892813093775104, 20.863705579108696 ], [ -98.892877339807796, 20.863769829396599 ], [ -98.892922550194697, 20.863829314931696 ], [ -98.892960614592397, 20.863893554227801 ], [ -98.893001068398306, 20.863962553251 ], [ -98.893101009927307, 20.864086292948205 ], [ -98.893177147905206, 20.864188608352798 ], [ -98.893265187971195, 20.8642980676047 ], [ -98.893316309639104, 20.864347002928099 ], [ -98.893377027596898, 20.864414658219001 ], [ -98.8934365100435, 20.864471763445401 ], [ -98.893526930387793, 20.864550291856098 ], [ -98.893614706905893, 20.864660612774799 ], [ -98.893672075224998, 20.864781092661801 ], [ -98.893726806675204, 20.864871513369 ], [ -98.893788668652206, 20.864964317604102 ], [ -98.893833878569694, 20.865076147164501 ], [ -98.893874331815795, 20.865178461797093 ], [ -98.893924299706896, 20.865283161437297 ], [ -98.8939933070818, 20.865371200939098 ], [ -98.894067071168607, 20.865449726873898 ], [ -98.894164628629298, 20.865521106636592 ], [ -98.894290741908605, 20.865611527009495 ], [ -98.894402570744603, 20.865666251666301 ], [ -98.894531826887103, 20.865701570907994 ], [ -98.894635755546702, 20.865706701283798 ], [ -98.894688110906102, 20.865697186303599 ], [ -98.894769012880204, 20.865701950936 ], [ -98.894873849818794, 20.865732249081695 ], [ -98.894921295140804, 20.865740016459899 ], [ -98.894966505214697, 20.865759056394896 ], [ -98.895045022643203, 20.8658018862678 ], [ -98.895123552738895, 20.865854237112998 ], [ -98.895173519993904, 20.865885161054404 ], [ -98.895242523027903, 20.865918475754697 ], [ -98.895340078313012, 20.865963686325394 ], [ -98.895475744549898, 20.866020731691101 ], [ -98.895532626573797, 20.8660492824371 ], [ -98.895617536910606, 20.866080045955599 ] ] } },
{ "type": "Feature", "properties": { "ID_OBRA": "1224_Tlahuiltepa", "No.": 1224.0, "Municipio": "Tlahuiltepa", "Rubro": "Infraestructura Carretera", "Ejercicio": 2022.0, "Obra": "Construcción de Pavimento de Concreto Hidráulico en acceso a cabecera municipal de Tlahuiltepa, Tramo: Tlahuiltepa - Itztacoyotla, municipio de Tlahuiltepa", "Localidad": "Tlahuiltepa", "Inversión": 31861378.33, "Habitantes.beneficiados": 1252.0, "Ejecutora": "DGOPI", "Trabajos": "Considera los trabajos de preliminares, riego de impregnación, piso para pavimento de concreto hidráulico.", "Geometria_tipo": "Línea", "extract": 0.3050701040334608 }, "geometry": { "type": "LineString", "coordinates": [ [ -98.909190111262802, 20.9084902328688 ], [ -98.9091251637944, 20.908468286675497 ], [ -98.908696960883802, 20.908454575265299 ], [ -98.908541373648504, 20.908464903028904 ], [ -98.908392658074405, 20.908476800228502 ], [ -98.908273683605614, 20.908524389067299 ], [ -98.908095225314099, 20.908613618654599 ], [ -98.907906361430406, 20.908623713789595 ], [ -98.907601486925003, 20.908595773334898 ], [ -98.907500359969106, 20.908595772831202 ], [ -98.907274311395696, 20.908488697000301 ], [ -98.907137193422301, 20.908424493197604 ], [ -98.907059554230401, 20.908438047055899 ], [ -98.906937546884905, 20.908478701096396 ], [ -98.906828162050815, 20.908548184125497 ], [ -98.906750828901906, 20.908637414109798 ], [ -98.906643684599103, 20.908739246177401 ], [ -98.906458086697398, 20.908801111745497 ], [ -98.906229220092001, 20.9088363349947 ], [ -98.906210619750496, 20.908839191824502 ], [ -98.905991707328297, 20.908848707224898 ], [ -98.905829910433695, 20.908829666572597 ], [ -98.905672863107398, 20.908753533380601 ], [ -98.905525341588501, 20.908682140940805 ], [ -98.905436177422999, 20.908649310868 ], [ -98.905314836738896, 20.908602784622992 ], [ -98.905157797186007, 20.9085242555878 ], [ -98.905086409426019, 20.908467150754298 ], [ -98.9050293042135, 20.908402901141201 ], [ -98.904965053969406, 20.908331521049501 ], [ -98.904900815253896, 20.908302966715897 ], [ -98.904822289923203, 20.908274416146899 ], [ -98.904686660031302, 20.908260140881303 ], [ -98.904529620015708, 20.908224452404603 ], [ -98.904443948795702, 20.9081887567263 ], [ -98.904379710920097, 20.9081530612549 ], [ -98.904322606120999, 20.908088822247802 ], [ -98.904272637624317, 20.908053125689893 ], [ -98.904229804965297, 20.908010296692392 ], [ -98.904179837756303, 20.907931770716402 ], [ -98.904115591153797, 20.907838966573596 ], [ -98.904065624165909, 20.907789007044894 ], [ -98.903958548110396, 20.907731901574998 ], [ -98.903830047747206, 20.907653375609403 ], [ -98.903744396197595, 20.907589125758498 ], [ -98.903739485708613, 20.907577902414097 ], [ -98.903673012427802, 20.907453507007702 ], [ -98.903658735626493, 20.907374982017497 ], [ -98.903644453536103, 20.907282176943397 ], [ -98.903651598604597, 20.907182243007497 ], [ -98.903615907421397, 20.90708944212 ], [ -98.903551657214607, 20.907039477994896 ], [ -98.903494552001305, 20.906996638042102 ], [ -98.903408889176404, 20.906953808132901 ], [ -98.903244703929204, 20.906939543591097 ], [ -98.903016277252405, 20.906932402359597 ], [ -98.902859237296795, 20.9069680874452 ], [ -98.90272360656131, 20.907010928229692 ], [ -98.902637946522702, 20.907025202892594 ], [ -98.902566560089198, 20.9070252028623 ], [ -98.902502317205105, 20.907018057803096 ], [ -98.902416245315194, 20.906942047936393 ], [ -98.902386501117206, 20.906811177205096 ], [ -98.902344861108503, 20.906549436887204 ], [ -98.902366683062297, 20.906318504029596 ], [ -98.902359545041904, 20.906132898662197 ], [ -98.902302439794695, 20.906025823245596 ], [ -98.902188230264599, 20.905954438826505 ], [ -98.902031183288202, 20.905904467969105 ], [ -98.901916966112694, 20.905825954166303 ], [ -98.901847653006399, 20.905734982309397 ], [ -98.901731367589093, 20.905640349243395 ], [ -98.901581466231093, 20.905568964670397 ], [ -98.901381588612395, 20.905519004684898 ], [ -98.901231684103806, 20.905469029985898 ], [ -98.901010394051596, 20.9054761748034 ], [ -98.900846209199997, 20.905490450955597 ], [ -98.900717720021206, 20.905533279844391 ], [ -98.900589227783897, 20.905568964979594 ], [ -98.900432188010598, 20.905626069771802 ], [ -98.900353663278196, 20.905618939980098 ], [ -98.900260866246498, 20.905596334445693 ], [ -98.900227141096195, 20.9055500626202 ], [ -98.900234685827996, 20.905484501900297 ], [ -98.900298935795206, 20.905427384739301 ], [ -98.900835501439502, 20.905060958006697 ], [ -98.900885467566198, 20.904946737303103 ], [ -98.901088911652806, 20.904555321234 ], [ -98.901224546200396, 20.904298331987697 ], [ -98.901297898353405, 20.9041342844288 ], [ -98.901416870616401, 20.903937978457996 ], [ -98.901535844209121, 20.903789261837801 ], [ -98.9015696230082, 20.903688445143398 ], [ -98.901559639431895, 20.903301472046397 ], [ -98.901613176734401, 20.903212243308996 ], [ -98.901736479876405, 20.9031324102891 ], [ -98.901744047246893, 20.902617377375002 ], [ -98.901724234417301, 20.902178238861101 ], [ -98.901688537614703, 20.901985504018004 ], [ -98.901645709386898, 20.901857014610698 ], [ -98.901581465804298, 20.901757069421098 ], [ -98.901560046015604, 20.901671409990598 ], [ -98.901545773845797, 20.9015072250332 ], [ -98.901510078466899, 20.901364464123997 ], [ -98.901438694010594, 20.901235975365893 ], [ -98.901331621767895, 20.901086065722801 ], [ -98.901046081680605, 20.900771976322499 ], [ -98.900846209337004, 20.900529265223803 ], [ -98.900682025062594, 20.900357949777501 ], [ -98.900613986339906, 20.900278720063 ], [ -98.900535817631294, 20.900190798365401 ], [ -98.900357227807305, 20.900008165984897 ], [ -98.900043140972102, 20.899665520646803 ], [ -98.899675901918698, 20.899189748817601 ], [ -98.899548993914607, 20.898970852931999 ], [ -98.899430219307902, 20.8987429250848 ], [ -98.899391848924907, 20.898598327866001 ], [ -98.899363112344901, 20.898453746247998 ], [ -98.899363175028597, 20.898345310107501 ], [ -98.899382435108393, 20.8983001372956 ], [ -98.899411327734597, 20.898227862912496 ], [ -98.899497945012499, 20.898110468140498 ], [ -98.899536478729416, 20.8980110813213 ], [ -98.899536512634796, 20.897965918874601 ], [ -98.899517312805401, 20.89792071982189 ], [ -98.899349429748398, 20.897820391128796 ], [ -98.899113558339593, 20.897775918186898 ], [ -98.898930876979406, 20.897739670896794 ], [ -98.898769720733199, 20.8976562008929 ], [ -98.898674542404606, 20.897543176886796 ], [ -98.898579364369496, 20.897424203691298 ], [ -98.898527309346704, 20.897332814170301 ], [ -98.898466339282805, 20.897233847381703 ], [ -98.8984544420737, 20.897126771232401 ], [ -98.898496083277095, 20.896984003151601 ], [ -98.898536365305105, 20.8968089947052 ], [ -98.898613415052097, 20.8966373603192 ], [ -98.898710630797396, 20.896384175764798 ], [ -98.898729939029295, 20.896275740159702 ], [ -98.898718090176416, 20.8962125027833 ], [ -98.898698886956595, 20.8961673189898 ], [ -98.898656696415003, 20.896139294910103 ], [ -98.898594564535799, 20.896082847889097 ], [ -98.898556119560197, 20.896055724159698 ], [ -98.898489770390896, 20.895959366408892 ], [ -98.898470584238794, 20.895896102970397 ], [ -98.898470621667499, 20.895841882178299 ], [ -98.898489865683302, 20.8958147953979 ], [ -98.898528434291805, 20.8956521603684 ], [ -98.898586611937404, 20.8955672407847 ], [ -98.898620193575198, 20.895435149022795 ], [ -98.898610650453705, 20.895317690375496 ], [ -98.898615248809904, 20.895245607705398 ], [ -98.898586418346298, 20.8952184842612 ], [ -98.898528758106707, 20.895173274011093 ], [ -98.898441337128702, 20.895178957087392 ], [ -98.898364409932, 20.895187957056802 ], [ -98.898192491009993, 20.895277698112004 ], [ -98.897990111152311, 20.895462099199296 ], [ -98.897816955715001, 20.895579446056296 ], [ -98.897720787992995, 20.895615547802599 ], [ -98.897621630551896, 20.895663403212595 ], [ -98.897502657839595, 20.895657454164695 ], [ -98.897419376551099, 20.8956098653311 ], [ -98.897353941319594, 20.8955325324543 ], [ -98.897342044265599, 20.895419507976399 ], [ -98.897394080119497, 20.895281023902996 ], [ -98.897432628682296, 20.895163576881799 ], [ -98.897490418986493, 20.895028080734697 ], [ -98.897490509454101, 20.894883521455291 ], [ -98.897471341681594, 20.894784100455993 ], [ -98.897404126782803, 20.894657566870094 ], [ -98.897346526045595, 20.894512959398696 ], [ -98.897337031052899, 20.894350301170196 ], [ -98.897365942681006, 20.894241903087995 ], [ -98.897385213786606, 20.894187681182895 ], [ -98.897433325627205, 20.894133503688401 ], [ -98.897433418666097, 20.89399797111 ], [ -98.8973758177832, 20.893862389448802 ], [ -98.897299032573912, 20.893663558640903 ], [ -98.897224955022409, 20.893534189043397 ], [ -98.897225014618598, 20.893443817117298 ], [ -98.897258762636596, 20.893379119742299 ], [ -98.897353940919899, 20.893325582263195 ], [ -98.897455067839203, 20.893248249938388 ], [ -98.897502657587793, 20.893141174107797 ], [ -98.897490840145693, 20.893025703678898 ], [ -98.897490936973597, 20.892890171085 ], [ -98.897452577949906, 20.892796027178399 ], [ -98.897337306307904, 20.892633306341899 ], [ -98.897232540125799, 20.892503421336595 ], [ -98.897174891337698, 20.892449158611605 ], [ -98.897136465145195, 20.892362322705903 ], [ -98.897126890670506, 20.892290021895896 ], [ -98.897155818390999, 20.892181627446199 ], [ -98.897232834071602, 20.892046126635098 ], [ -98.897232919588404, 20.891910594019802 ], [ -98.897165660204294, 20.891847297891701 ], [ -98.897117603826004, 20.891811135910892 ], [ -98.897031094612402, 20.891783974768 ], [ -98.896992616344093, 20.891802027612101 ], [ -98.896860202555899, 20.891820573179505 ], [ -98.896669845817897, 20.891844367742703 ], [ -98.896610359884093, 20.891832469645305 ], [ -98.896569549657002, 20.891801755933198 ], [ -98.896509233461899, 20.891737291810401 ], [ -98.896509232622094, 20.891659959324596 ], [ -98.896538976117, 20.891576677629203 ], [ -98.896646722617504, 20.891431343082097 ], [ -98.896685227895205, 20.891368116989899 ], [ -98.896839275710505, 20.891070022936798 ], [ -98.896916293007308, 20.890934549357898 ], [ -98.897041353701496, 20.8908352260061 ], [ -98.897224109653493, 20.890717863937894 ], [ -98.897320323344402, 20.8906366035785 ], [ -98.897406910434995, 20.890555330159298 ], [ -98.897474274011998, 20.890455979986697 ], [ -98.897493551667907, 20.890392746690303 ], [ -98.897522456529899, 20.890311435003696 ], [ -98.897589798889996, 20.890257272575099 ], [ -98.897714846336797, 20.890176023833796 ], [ -98.897801414263796, 20.8901308850817 ], [ -98.897811044043607, 20.890094749627796 ], [ -98.897830322130005, 20.890040550237497 ], [ -98.897782306714205, 20.889950166707404 ], [ -98.897695862292096, 20.889814571462892 ], [ -98.897667091378295, 20.889697085823304 ], [ -98.897638384284207, 20.889498282037401 ], [ -98.897580809768215, 20.889317549631404 ], [ -98.897542442785493, 20.889191027882902 ], [ -98.897436812823713, 20.889001209179998 ], [ -98.897350366952793, 20.888874654021304 ], [ -98.897273518396403, 20.888757132206692 ], [ -98.897206258455896, 20.888693857761705 ], [ -98.8970716889351, 20.888630512968298 ], [ -98.896917906183404, 20.888567179076897 ], [ -98.896783341288696, 20.888512883368495 ], [ -98.896687242685999, 20.8884134256961 ], [ -98.896591216355304, 20.888250731275598 ], [ -98.896514381629203, 20.888124172463399 ], [ -98.896466337164696, 20.888088010295807 ], [ -98.896350997562195, 20.8880156543735 ], [ -98.896312582743604, 20.887952379887999 ], [ -98.896303031917498, 20.8878620084025 ], [ -98.896336722188195, 20.887793335396502 ], [ -98.896408889084796, 20.887735582818795 ], [ -98.896572455524307, 20.887554962181699 ], [ -98.896572519329595, 20.887464601943201 ], [ -98.896534122706598, 20.887383256001005 ], [ -98.896457317933098, 20.887202497989499 ], [ -98.896418996237102, 20.887003679090601 ], [ -98.896360515529693, 20.886883190688891 ], [ -98.896360515681394, 20.886758270440499 ], [ -98.896419275628702, 20.886606115875697 ], [ -98.896409702378008, 20.886542857062899 ], [ -98.896354568057703, 20.886466785947498 ], [ -98.896295080637699, 20.886377556110798 ], [ -98.896217748659396, 20.886258583262602 ], [ -98.896182056561798, 20.8861515068415 ], [ -98.896198536623814, 20.8860276862993 ], [ -98.896214084063203, 20.885954196168093 ], [ -98.89627951864442, 20.885906606578892 ], [ -98.896362799695893, 20.885864966081105 ], [ -98.896761360411304, 20.885864965900698 ], [ -98.896862118533207, 20.885766058939197 ], [ -98.896891023798901, 20.8856847473138 ], [ -98.896900702051695, 20.885594398272698 ], [ -98.896891177447401, 20.8854498158715 ], [ -98.896818562888598, 20.885348438749194 ], [ -98.8967278863297, 20.885214798450402 ], [ -98.896646051939797, 20.885128339144796 ], [ -98.896598461658996, 20.884997468968795 ], [ -98.896573484301399, 20.884753902198398 ], [ -98.896554316997197, 20.884663530298901 ], [ -98.896516841281198, 20.884518921013896 ], [ -98.8964015621833, 20.884383302172701 ], [ -98.896132566420505, 20.884075927690201 ], [ -98.896017305699601, 20.883913207640699 ], [ -98.895853962985697, 20.883768551445097 ], [ -98.895738669194117, 20.883641981454499 ], [ -98.895594534461196, 20.883524425024003 ], [ -98.895488887803694, 20.883370741723098 ], [ -98.895373628322503, 20.883189961456104 ], [ -98.895357478241294, 20.883063150934301 ], [ -98.895371150417802, 20.882809978173391 ], [ -98.895400070340301, 20.882710606101693 ], [ -98.895420716534602, 20.882635487274001 ], [ -98.895507334166496, 20.882527111075895 ], [ -98.895577577825193, 20.882436064462798 ], [ -98.895654910674594, 20.882248184980497 ], [ -98.895711008232595, 20.882005576453196 ], [ -98.895767935296604, 20.881802036331898 ], [ -98.895816944862503, 20.881672222283605 ], [ -98.895951644078593, 20.881527736592595 ], [ -98.896115179964497, 20.881392300457698 ], [ -98.896278717041596, 20.881265905348595 ], [ -98.896384519059595, 20.881211738631603 ], [ -98.8964518229525, 20.881202739109295 ], [ -98.896605607075898, 20.881257061177504 ], [ -98.896672916332804, 20.881257098238304 ], [ -98.896778687734994, 20.881239083347602 ], [ -98.896903683431603, 20.881212058673704 ], [ -98.897009455344303, 20.881203081210792 ], [ -98.897135729076993, 20.881199537471399 ], [ -98.897249777088405, 20.881248415408496 ], [ -98.897365100803697, 20.881311736799198 ], [ -98.897397468718793, 20.881385134749195 ], [ -98.897387951126106, 20.881494590082394 ], [ -98.897364936844298, 20.881582793332697 ], [ -98.897353941092916, 20.8816602747271 ], [ -98.897368916161994, 20.881723019015595 ], [ -98.89748788883692, 20.881813438053094 ], [ -98.897716317452094, 20.881951446997196 ], [ -98.897854325900013, 20.882003795036098 ], [ -98.898063717793505, 20.881999036130296 ], [ -98.898311182470394, 20.8819990361552 ], [ -98.898374137429997, 20.882035187710002 ], [ -98.898412543620097, 20.882107500242199 ], [ -98.89839325526242, 20.882188812456 ], [ -98.898345150470803, 20.8822429957366 ], [ -98.898306637985698, 20.882324297415693 ], [ -98.8983065970166, 20.882396582587294 ], [ -98.898335379201015, 20.882468890315103 ], [ -98.898402627584204, 20.882550240389495 ], [ -98.898508362299097, 20.882586448925498 ], [ -98.898623745976096, 20.882568460288496 ], [ -98.898767982338796, 20.882559492790701 ], [ -98.898864135415906, 20.882532455038398 ], [ -98.899008334099904, 20.882559642111499 ], [ -98.899048815441603, 20.882617696386696 ], [ -98.899148752800897, 20.882808053015999 ], [ -98.899219673192206, 20.882830843255494 ], [ -98.899267732551493, 20.882848930442005 ], [ -98.899402291130713, 20.882912274432297 ], [ -98.899633028277904, 20.882939520893792 ], [ -98.899700299152997, 20.882966645054601 ], [ -98.899757977661594, 20.8829937951921 ], [ -98.899930990905204, 20.883048112888801 ], [ -98.900190591653597, 20.883048273619504 ], [ -98.900373284016695, 20.883012224438797 ], [ -98.900402165720706, 20.882976100018592 ], [ -98.900440704322506, 20.882840588732996 ], [ -98.900411948523015, 20.882695995274297 ], [ -98.900402453016397, 20.882524312062507 ], [ -98.900431349793905, 20.882452037364001 ], [ -98.900576429384103, 20.882353575924895 ], [ -98.900752509234707, 20.882251258720796 ], [ -98.900704983934403, 20.882143264610097 ], [ -98.900685947939195, 20.882019533176699 ], [ -98.900657394701298, 20.8818577303478 ], [ -98.900628840964302, 20.881762551810194 ], [ -98.900590769966001, 20.881667373157093 ], [ -98.900495590961398, 20.881562677343201 ], [ -98.900314751524803, 20.881372320420695 ], [ -98.900162467424593, 20.881248588012699 ], [ -98.899981627939397, 20.881124855940495 ], [ -98.899819824392793, 20.881048712643103 ], [ -98.899696092355498, 20.880982088110798 ], [ -98.899581877581795, 20.8808678740921 ], [ -98.899467664109821, 20.880734625255691 ], [ -98.899239236427505, 20.880458607267798 ], [ -98.899191646708104, 20.880391982027 ], [ -98.899048879359597, 20.880306321905501 ], [ -98.898934665478095, 20.880239697015792 ], [ -98.898849004155593, 20.880144517848397 ], [ -98.898820450809893, 20.880020785977695 ], [ -98.898810933092705, 20.879878018873296 ], [ -98.8987823793194, 20.879792358285894 ], [ -98.898611058440096, 20.879602000652 ], [ -98.898506361725694, 20.879487787026697 ], [ -98.898439736627495, 20.879345019432495 ], [ -98.89834455890842, 20.879135626793197 ], [ -98.898277933805105, 20.879040447799795 ], [ -98.898106611755694, 20.878945269697294 ], [ -98.897963844714297, 20.878897680863098 ], [ -98.8979067379029, 20.878859608924898 ], [ -98.897887701648898, 20.878764431066596 ], [ -98.897868666444595, 20.878516967110894 ], [ -98.897840112715798, 20.878469377653897 ], [ -98.897725899030206, 20.878345645905203 ], [ -98.897668791634999, 20.878279020863296 ], [ -98.897592648704702, 20.878098182255098 ], [ -98.897573613426701, 20.877993485174592 ], [ -98.897583130868298, 20.877907824573704 ], [ -98.897649755714198, 20.877831682090395 ], [ -98.897859148597206, 20.877812645997196 ], [ -98.898106611587707, 20.8777650567141 ], [ -98.898325522673503, 20.877784093406202 ], [ -98.898601540325103, 20.877812645812003 ], [ -98.898820450691815, 20.877860235798998 ], [ -98.899010808319403, 20.877888789265398 ], [ -98.899115504454798, 20.877860235670095 ], [ -98.899182129471697, 20.877784092586801 ], [ -98.899172610757205, 20.877669879393096 ], [ -98.899115503793993, 20.877355790448899 ], [ -98.899115503886705, 20.877260611283798 ], [ -98.899172611096304, 20.877098808020705 ], [ -98.899201165044715, 20.877003630318804 ], [ -98.899191646923214, 20.876927486615596 ], [ -98.898791896556006, 20.876337381152798 ], [ -98.898791896598695, 20.876261237631596 ], [ -98.898810933318998, 20.876156542401002 ], [ -98.898868039827505, 20.876080399213901 ], [ -98.899048879085299, 20.876080399399797 ], [ -98.899286824623204, 20.876051844752297 ], [ -98.899410556545007, 20.875985220017501 ], [ -98.8995152532856, 20.875890041823901 ], [ -98.899610431858505, 20.875813899057093 ], [ -98.899753198669103, 20.875756791773398 ], [ -98.899867414070101, 20.875709203108901 ], [ -98.899981628337997, 20.875680649119701 ], [ -98.900086323809006, 20.875633060163697 ], [ -98.900171985174296, 20.875518845630101 ], [ -98.900238609651296, 20.875423668259 ], [ -98.900276681043394, 20.875299935642403 ], [ -98.900381377369499, 20.875157168215196 ], [ -98.900508975785499, 20.875000000179398 ], [ -98.900561283620206, 20.874925330066592 ], [ -98.900763362855002, 20.8746453258521 ], [ -98.900833907586204, 20.874523098315098 ], [ -98.9008835748444, 20.874333021695801 ], [ -98.900966856090307, 20.874273535031698 ], [ -98.901032776441994, 20.874302129828902 ], [ -98.901090436364697, 20.874338314391295 ], [ -98.901167315264203, 20.874392561701701 ], [ -98.901282652986893, 20.874437808954895 ], [ -98.901585516370204, 20.8744995839076 ], [ -98.901710437202695, 20.874475790440901 ], [ -98.901801816584793, 20.874411005831998 ], [ -98.901878774062894, 20.874338753873403 ], [ -98.901936485637194, 20.874249741239097 ], [ -98.902032725760193, 20.874149095408296 ], [ -98.902364789021902, 20.8739582572614 ], [ -98.902638662987101, 20.873787327309305 ], [ -98.902840663284607, 20.873615776920001 ], [ -98.902953705748402, 20.873553748150595 ], [ -98.903179754870393, 20.873506159207199 ], [ -98.903549906644798, 20.873471607654398 ], [ -98.904173179026998, 20.873381237809895 ], [ -98.904440095799018, 20.8733538722643 ], [ -98.904577688341504, 20.873297956177797 ], [ -98.904744420143899, 20.873247045759395 ], [ -98.904821369931199, 20.873183835458605 ], [ -98.904850267431598, 20.8730935010251 ], [ -98.904850326155298, 20.872994113873204 ], [ -98.904815634219602, 20.872875602151094 ], [ -98.904655103239605, 20.872596667883901 ], [ -98.904530253902493, 20.872397826596295 ], [ -98.904426910295896, 20.872213728251101 ], [ -98.90424444852691, 20.871906402672895 ], [ -98.9041077442226, 20.871709666090503 ], [ -98.903983691256997, 20.871610923150104 ], [ -98.903868364395194, 20.871529540034999 ], [ -98.903796112456305, 20.871450584581996 ], [ -98.9036904523537, 20.871296916061691 ], [ -98.903611314303603, 20.871150109727001 ], [ -98.903534445779897, 20.871086825016501 ], [ -98.903457556168604, 20.871050636742698 ], [ -98.903280882309303, 20.871001777214701 ], [ -98.903203549039517, 20.870924444172196 ], [ -98.9031309105291, 20.870716124823403 ], [ -98.903034836317204, 20.870607654651899 ], [ -98.902882322067811, 20.870460449462502 ], [ -98.902846985222496, 20.870325524363697 ], [ -98.902713417713798, 20.870135546279794 ], [ -98.902554090664495, 20.869954641605201 ], [ -98.902399103941605, 20.869807448123399 ], [ -98.902272301961304, 20.869691273251803 ], [ -98.9021281491585, 20.869600852976099 ], [ -98.901920370654295, 20.869495600038096 ], [ -98.901710280589995, 20.869483148368797 ], [ -98.901587282686194, 20.869479009769108 ], [ -98.901460593561495, 20.869449178435101 ], [ -98.901359466780704, 20.869306410920199 ], [ -98.901172022970698, 20.868961453242797 ], [ -98.900990373543905, 20.8686408510255 ], [ -98.900896112604599, 20.8685189002092 ], [ -98.900806184652595, 20.868430640844799 ], [ -98.900629666330104, 20.8683310228975 ], [ -98.900245678188099, 20.868145563338199 ], [ -98.899787183631901, 20.8679131121106 ], [ -98.899412352871707, 20.867786395827995 ], [ -98.899037491711198, 20.867668718099196 ], [ -98.898604969668, 20.867541949738797 ], [ -98.898230108811205, 20.867451370348501 ], [ -98.897461079301607, 20.867378622358398 ], [ -98.897201556769403, 20.867324251994503 ], [ -98.897105433248896, 20.867306128092501 ], [ -98.896930791887698, 20.867222710415795 ], [ -98.896807059590799, 20.867122773334501 ], [ -98.896630342757305, 20.866977929781999 ], [ -98.896368604478496, 20.866734034979601 ], [ -98.896077118760402, 20.866454455685801 ], [ -98.895821328836604, 20.866240300398299 ], [ -98.895740889337304, 20.8661847789596 ] ] } },
{ "type": "Feature", "properties": { "ID_OBRA": "1224_Tlahuiltepa", "No.": 1224.0, "Municipio": "Tlahuiltepa", "Rubro": "Infraestructura Carretera", "Ejercicio": 2022.0, "Obra": "Construcción de Pavimento de Concreto Hidráulico en acceso a cabecera municipal de Tlahuiltepa, Tramo: Tlahuiltepa - Itztacoyotla, municipio de Tlahuiltepa", "Localidad": "Tlahuiltepa", "Inversión": 31861378.33, "Habitantes.beneficiados": 1252.0, "Ejecutora": "DGOPI", "Trabajos": "Considera los trabajos de preliminares, riego de impregnación, piso para pavimento de concreto hidráulico.", "Geometria_tipo": "Línea", "extract": 0.21682822457461037 }, "geometry": { "type": "LineString", "coordinates": [ [ -98.594826015575094, 19.801304375843696 ], [ -98.594566853781004, 19.800726681731298 ], [ -98.594404851947999, 19.800379954888101 ], [ -98.594164250361302, 19.799840808651599 ], [ -98.593835884029502, 19.799092705459898 ], [ -98.593727895376915, 19.798863049402097 ], [ -98.593428282454596, 19.7981825620686 ], [ -98.592870060997001, 19.796919781872901 ], [ -98.592846305460895, 19.796860733354897 ] ] } },
{ "type": "Feature", "properties": { "ID_OBRA": "1224_Tlahuiltepa", "No.": 1224.0, "Municipio": "Tlahuiltepa", "Rubro": "Infraestructura Carretera", "Ejercicio": 2022.0, "Obra": "Construcción de Pavimento de Concreto Hidráulico en acceso a cabecera municipal de Tlahuiltepa, Tramo: Tlahuiltepa - Itztacoyotla, municipio de Tlahuiltepa", "Localidad": "Tlahuiltepa", "Inversión": 31861378.33, "Habitantes.beneficiados": 1252.0, "Ejecutora": "DGOPI", "Trabajos": "Considera los trabajos de preliminares, riego de impregnación, piso para pavimento de concreto hidráulico.", "Geometria_tipo": "Línea", "extract": 0.24304293218835168 }, "geometry": { "type": "LineString", "coordinates": [ [ -98.592846305460895, 19.796860733354897 ], [ -98.592657329470399, 19.796444526994801 ], [ -98.5923533283284, 19.795758269617995 ], [ -98.592081268966496, 19.795145179917398 ], [ -98.591618703424004, 19.794110829097892 ], [ -98.591106166051603, 19.792956552114898 ], [ -98.590595771584105, 19.791810127831599 ], [ -98.590349497973094, 19.791254762319191 ], [ -98.589681551197998, 19.789761252451896 ], [ -98.589181124286398, 19.7886160578343 ], [ -98.589170512545095, 19.788592010227301 ], [ -98.588851859149401, 19.787869828263499 ], [ -98.588661448681904, 19.787451074066396 ], [ -98.588291681315098, 19.786638726151104 ], [ -98.588159438767505, 19.786343041828598 ], [ -98.588049032350398, 19.786076543017302 ] ] } },
{ "type": "Feature", "properties": { "ID_OBRA": "1224_Tlahuiltepa", "No.": 1224.0, "Municipio": "Tlahuiltepa", "Rubro": "Infraestructura Carretera", "Ejercicio": 2022.0, "Obra": "Construcción de Pavimento de Concreto Hidráulico en acceso a cabecera municipal de Tlahuiltepa, Tramo: Tlahuiltepa - Itztacoyotla, municipio de Tlahuiltepa", "Localidad": "Tlahuiltepa", "Inversión": 31861378.33, "Habitantes.beneficiados": 1252.0, "Ejecutora": "DGOPI", "Trabajos": "Considera los trabajos de preliminares, riego de impregnación, piso para pavimento de concreto hidráulico.", "Geometria_tipo": "Línea", "extract": 0.35998285531402974 }, "geometry": { "type": "LineString", "coordinates": [ [ -98.597125805820795, 20.957856017948497 ], [ -98.597148072930096, 20.957667447621098 ], [ -98.5970276128471, 20.957376631990101 ], [ -98.597060167642994, 20.957286458462196 ], [ -98.59710061234091, 20.9572033223643 ], [ -98.597231074193104, 20.9570981814249 ], [ -98.597374918794998, 20.956969328420296 ], [ -98.597467667026905, 20.956839334578298 ], [ -98.597567999760102, 20.956728379268693 ], [ -98.597694218986703, 20.956791219187693 ], [ -98.5979320674181, 20.956988607342996 ], [ -98.598056772399403, 20.957111441136796 ], [ -98.598332336265997, 20.957333678589904 ], [ -98.598556504174496, 20.957566777304898 ], [ -98.598742957176199, 20.957775024223203 ], [ -98.598941578585894, 20.958007552720797 ], [ -98.59914262352352, 20.958144092340898 ], [ -98.599368308971606, 20.9583171958595 ], [ -98.599556279032001, 20.958465447754296 ], [ -98.599781663225301, 20.958650550108899 ], [ -98.599943479852399, 20.958822229858697 ], [ -98.600050265655696, 20.959148755947496 ], [ -98.600046329426604, 20.959304738762796 ], [ -98.600040574235194, 20.959532714191898 ], [ -98.600048805223295, 20.959712978698501 ], [ -98.600068901293398, 20.959929524271999 ], [ -98.600164730525805, 20.960183772883198 ], [ -98.600287927136506, 20.960366599223498 ], [ -98.600450051210302, 20.960526280937302 ], [ -98.600763340555403, 20.960773365666402 ], [ -98.601014277013306, 20.960959034936891 ], [ -98.601158769224114, 20.960991406632697 ], [ -98.601249701248506, 20.9609334043184 ], [ -98.601289535655013, 20.960874264174404 ], [ -98.601318414737605, 20.960742846722297 ], [ -98.6012606010393, 20.960501450328501 ], [ -98.601190011981217, 20.960259770133099 ], [ -98.601115749242496, 20.959976847683695 ], [ -98.601122713202813, 20.959700877410999 ], [ -98.60137540687991, 20.959310323947399 ], [ -98.601802936435206, 20.958575503726305 ], [ -98.601982417133698, 20.958312980705596 ], [ -98.602189762446997, 20.957693313643805 ], [ -98.602239584207993, 20.957238216214193 ], [ -98.602247452882906, 20.956926251235195 ], [ -98.602314651239197, 20.956795687307899 ], [ -98.602393713904803, 20.956701404275595 ], [ -98.602508674708005, 20.956703961870499 ], [ -98.602634292082399, 20.956790796033999 ], [ -98.602747136274303, 20.956877344646699 ], [ -98.602884921425897, 20.9569884601453 ], [ -98.603047951536496, 20.957112142184698 ], [ -98.603186644864394, 20.957187261094798 ], [ -98.603441814947502, 20.957204944459999 ], [ -98.603659267846496, 20.957197777010197 ], [ -98.603838702530894, 20.957177758279201 ], [ -98.604030306789696, 20.957182020791993 ], [ -98.604247457786201, 20.957186851980996 ], [ -98.604603907547997, 20.957242800979596 ], [ -98.6048180338517, 20.957367618113896 ], [ -98.605070784400695, 20.957481287846498 ], [ -98.605297987570793, 20.957594390282701 ], [ -98.605473794726507, 20.957718354404602 ], [ -98.605742041190297, 20.957724319304905 ], [ -98.606191839447305, 20.957626270442297 ], [ -98.606448822710803, 20.957571955664402 ], [ -98.606806787343302, 20.957567907628196 ], [ -98.607022729630202, 20.957620730166695 ], [ -98.607274575561604, 20.957770392141999 ], [ -98.607614023636202, 20.957994033192897 ], [ -98.607878342675306, 20.958155977881901 ], [ -98.608030116383702, 20.958219376771595 ], [ -98.6082977589233, 20.958249334656589 ], [ -98.608552930581311, 20.958267010407301 ], [ -98.608922763988119, 20.958299235762503 ], [ -98.609128049720994, 20.958267780269598 ], [ -98.609335750831207, 20.958140333820797 ], [ -98.609455546572704, 20.957950908048495 ], [ -98.609575342971596, 20.957761482185298 ], [ -98.609735572107098, 20.957488917016292 ], [ -98.609856272962901, 20.957263493619301 ], [ -98.609948708355503, 20.95714549313379 ], [ -98.610321255527694, 20.957069727986301 ], [ -98.610629633201796, 20.957004541605105 ], [ -98.610900293165301, 20.956914509426891 ], [ -98.6111885565672, 20.956632778301898 ], [ -98.611410538230004, 20.956445619724995 ], [ -98.611567744197501, 20.956293038708395 ], [ -98.611852985991703, 20.956131295108488 ], [ -98.612036342133393, 20.955955283464995 ], [ -98.612169509383506, 20.955742141590196 ], [ -98.612212961345605, 20.9555390139225 ], [ -98.612229354896499, 20.955395313814694 ], [ -98.612270693413805, 20.955276176609601 ], [ -98.612400841019493, 20.955183023262396 ], [ -98.612493877441111, 20.955041021582197 ], [ -98.612576551858993, 20.954802748814405 ], [ -98.612696338905806, 20.954613320581995 ], [ -98.612790883382004, 20.954411327952595 ], [ -98.613008934305199, 20.954380148763999 ], [ -98.613200233352899, 20.9543964003425 ], [ -98.613337723020507, 20.9545195042245 ], [ -98.613365484170203, 20.954940308098791 ], [ -98.613343056834196, 20.955323982267792 ], [ -98.613206272239196, 20.955681109087497 ], [ -98.613120579192994, 20.956039369989696 ], [ -98.6129412485583, 20.956563628903908 ], [ -98.612842782900799, 20.956921605822501 ], [ -98.6128227670538, 20.957209290813498 ], [ -98.612865111400595, 20.957558388264601 ], [ -98.612855153602098, 20.957954345438996 ], [ -98.613012462458897, 20.9583059933959 ], [ -98.613081863201401, 20.958595662174798 ], [ -98.613076130686494, 20.958823638381396 ], [ -98.613007736011994, 20.959002201597304 ], [ -98.612887943838103, 20.959191629898601 ], [ -98.612743409050694, 20.960364954681197 ], [ -98.6127340549141, 20.960736915604105 ], [ -98.612766945015295, 20.9609537428599 ], [ -98.612850327754501, 20.961195702349499 ], [ -98.613010054021004, 20.961451360378007 ], [ -98.613218461886007, 20.9618041423305 ], [ -98.613386136298402, 20.962252062588597 ], [ -98.613479579535493, 20.962602293884302 ], [ -98.613356768727797, 20.962911711066404 ], [ -98.613309998525494, 20.963246826005097 ], [ -98.613289079048712, 20.963570509064393 ], [ -98.613308894431299, 20.963799051795096 ], [ -98.61356437927401, 20.963804719883104 ], [ -98.613815233704798, 20.963486136982802 ], [ -98.614066088031905, 20.963167552783695 ], [ -98.6142114297636, 20.962978690279396 ], [ -98.614305071584198, 20.962812690771095 ], [ -98.614398411171805, 20.9626586897122 ], [ -98.614507239663595, 20.962396983895399 ], [ -98.614501703613811, 20.962108729665903 ], [ -98.614506228050203, 20.9619287493136 ], [ -98.614511354576507, 20.961724770127898 ], [ -98.614516482043697, 20.961520791842695 ], [ -98.614521608532399, 20.961316812646601 ], [ -98.614553489524113, 20.961065405857497 ], [ -98.614754147426197, 20.960709692925096 ], [ -98.614923826298011, 20.960569390177 ], [ -98.615286019636699, 20.9603973398407 ], [ -98.615647608324693, 20.960249285747899 ], [ -98.615842533169399, 20.960121547764196 ], [ -98.6158729050658, 20.959930135047092 ], [ -98.615915747646014, 20.959751002600697 ], [ -98.616050420394401, 20.959477864265992 ], [ -98.616247151243002, 20.959278132867798 ], [ -98.616422252736001, 20.9589218506941 ], [ -98.616555415568499, 20.958708706313995 ], [ -98.616750639469004, 20.958568966899598 ], [ -98.616983279078894, 20.9584660751086 ], [ -98.617252432045305, 20.958436022748899 ], [ -98.617539597549495, 20.958706505374604 ], [ -98.617814594009502, 20.958952706143997 ], [ -98.617957937923407, 20.959352061260702 ], [ -98.617796517414206, 20.959672630197499 ], [ -98.617715656019811, 20.959838915216103 ], [ -98.617633589339604, 20.960053194277993 ], [ -98.617613884843394, 20.960328881343102 ], [ -98.617656844596297, 20.960653979719002 ], [ -98.617776449776514, 20.960980776006796 ], [ -98.6177755464509, 20.961016772474199 ], [ -98.617962034471603, 20.961224996979098 ], [ -98.618212390888203, 20.961434634700797 ], [ -98.618359353774693, 20.961690004452397 ], [ -98.618538915098895, 20.962174198844096 ], [ -98.618736673944298, 20.962442699404299 ], [ -98.618869055758495, 20.962769778279398 ], [ -98.618965225151996, 20.963012016448101 ], [ -98.619209440441693, 20.962957398291596 ], [ -98.619344409937497, 20.962672257076303 ], [ -98.619374173747516, 20.962504839871396 ], [ -98.619493658932797, 20.9623274037172 ], [ -98.619586088119704, 20.962209396197 ], [ -98.619706175052301, 20.962007962830299 ], [ -98.619801013717193, 20.961793965173801 ], [ -98.619895249903294, 20.961603965411495 ], [ -98.620053657243005, 20.961403379795897 ], [ -98.620174344086394, 20.961177949003702 ], [ -98.620268579405206, 20.960987949008192 ], [ -98.620321782293303, 20.960905088686896 ], [ -98.620416317828401, 20.960703089164593 ], [ -98.620470725704493, 20.960572233771895 ], [ -98.620733729863105, 20.960277922361396 ], [ -98.620967875050098, 20.960115028883898 ], [ -98.621058195162107, 20.960081011124899 ], [ -98.621237632263302, 20.960060973208197 ], [ -98.621631214859818, 20.960165725941501 ] ] } },
{ "type": "Feature", "properties": { "ID_OBRA": "1224_Tlahuiltepa", "No.": 1224.0, "Municipio": "Tlahuiltepa", "Rubro": "Infraestructura Carretera", "Ejercicio": 2022.0, "Obra": "Construcción de Pavimento de Concreto Hidráulico en acceso a cabecera municipal de Tlahuiltepa, Tramo: Tlahuiltepa - Itztacoyotla, municipio de Tlahuiltepa", "Localidad": "Tlahuiltepa", "Inversión": 31861378.33, "Habitantes.beneficiados": 1252.0, "Ejecutora": "DGOPI", "Trabajos": "Considera los trabajos de preliminares, riego de impregnación, piso para pavimento de concreto hidráulico.", "Geometria_tipo": "Línea", "extract": 0.33034634107663818 }, "geometry": { "type": "LineString", "coordinates": [ [ -98.716276429737306, 21.051615275390894 ], [ -98.716376577089406, 21.051754462961799 ], [ -98.716484632269996, 21.051853212589503 ], [ -98.716573864065893, 21.051978133732394 ], [ -98.716674987217701, 21.052126855218098 ], [ -98.716758269822904, 21.052210134323598 ], [ -98.716829653920101, 21.052257724073201 ], [ -98.716883194382902, 21.052335054261999 ], [ -98.716924830747999, 21.052400488326199 ], [ -98.716966476057706, 21.052489723737001 ], [ -98.716977581238893, 21.052589756301693 ], [ -98.716983619662997, 21.052598148603202 ], [ -98.717055704352205, 21.0528287916366 ], [ -98.717127088119398, 21.052918027734702 ], [ -98.717228211237099, 21.053007252762502 ], [ -98.717311493681208, 21.0530905279814 ], [ -98.71751970068361, 21.053185712793205 ], [ -98.717668410102803, 21.053280896980397 ], [ -98.71782903031, 21.053346332427896 ], [ -98.717936105542407, 21.053370121818102 ], [ -98.7180253296263, 21.053376067103603 ], [ -98.7180907651789, 21.053405817584697 ], [ -98.718138358692897, 21.053441501879 ], [ -98.718191896092321, 21.0534653025769 ], [ -98.718239721271701, 21.053488385401195 ], [ -98.718313239817405, 21.053514789798697 ], [ -98.718425319393504, 21.0535483355909 ], [ -98.718492421546216, 21.053576902317598 ], [ -98.718633763473605, 21.053602599418802 ], [ -98.718767963320104, 21.053634006769592 ], [ -98.718795087276106, 21.053652569943605 ], [ -98.7188224491005, 21.0537151472851 ], [ -98.718870044344996, 21.053834121616205 ], [ -98.718965220649196, 21.0539530933255 ], [ -98.719066344244894, 21.054125606598504 ], [ -98.719155576302796, 21.054274316884101 ], [ -98.719286448758595, 21.054464674633902 ], [ -98.7193875762988, 21.054542001334102 ], [ -98.719518445168404, 21.054601490382296 ], [ -98.719685002766695, 21.054655029604302 ], [ -98.719833720233495, 21.054714516234899 ], [ -98.719970542633703, 21.054785900064196 ], [ -98.720113306714396, 21.054881081359401 ], [ -98.720196590063196, 21.054940570096505 ], [ -98.720232286302902, 21.055011949775896 ], [ -98.7202263326446, 21.055113080756893 ], [ -98.720250130383704, 21.055255844855001 ], [ -98.720303669827615, 21.055333174867702 ], [ -98.720422637169804, 21.055356975955693 ], [ -98.720583248802996, 21.0553391203782 ], [ -98.720696273740501, 21.055303436162198 ], [ -98.720785510399296, 21.055255844633802 ], [ -98.720922328957698, 21.055178515851001 ], [ -98.721035354189098, 21.0551487650268 ], [ -98.721160273975499, 21.055113081055609 ], [ -98.721297089301999, 21.055083331151597 ], [ -98.721374426192895, 21.055077385236995 ], [ -98.721475553267297, 21.055059540574703 ], [ -98.721630216361106, 21.055000055784905 ], [ -98.721772980361806, 21.0549167662878 ], [ -98.721832472993697, 21.054881081276495 ], [ -98.7219098058101, 21.054839435806599 ], [ -98.722046624566104, 21.054809700660204 ], [ -98.722153697399307, 21.054774004823795 ], [ -98.722302413812002, 21.0547085697442 ], [ -98.722385697190603, 21.054649081417505 ], [ -98.722552254644896, 21.054536056314902 ], [ -98.722665284149301, 21.054423030416302 ], [ -98.722724769228805, 21.054339752322399 ], [ -98.72274261746351, 21.0542743173589 ], [ -98.722790204008604, 21.054185080779799 ], [ -98.722870755267394, 21.054043931114101 ], [ -98.722876702850897, 21.0540022898141 ], [ -98.722873729385498, 21.053957674832198 ], [ -98.722849933944801, 21.053919009201497 ], [ -98.722820190906305, 21.053868444936988 ], [ -98.722802345233603, 21.0538119330262 ], [ -98.722796397405503, 21.053776241179399 ], [ -98.722793421774796, 21.053728651700901 ], [ -98.722808294176303, 21.053657268309298 ], [ -98.722855882704195, 21.0535501919897 ], [ -98.722900498019101, 21.053455014190593 ], [ -98.722912394856607, 21.053401475589798 ], [ -98.722924293066299, 21.053341989815301 ], [ -98.722942138569493, 21.0533122459974 ], [ -98.722962958702993, 21.053276554431605 ], [ -98.722995675975397, 21.053243836872998 ], [ -98.723058137343102, 21.053211119001304 ], [ -98.723171162029004, 21.0531546071539 ], [ -98.723272288654698, 21.053086197765598 ], [ -98.723406132876704, 21.052991018754895 ], [ -98.723519157609701, 21.052907738058298 ], [ -98.723572695520204, 21.052869071850701 ], [ -98.723626234256898, 21.052839329100895 ], [ -98.723691669243919, 21.052803636819792 ], [ -98.723736284242904, 21.052782815645791 ], [ -98.723763052618196, 21.052767945148705 ], [ -98.723831461849102, 21.052753072762702 ], [ -98.723929615082696, 21.052738200792401 ], [ -98.724000998782898, 21.052726304047901 ], [ -98.724075357270607, 21.052720354762098 ], [ -98.724158638233007, 21.0526935867437 ], [ -98.724280584741194, 21.052637074174498 ], [ -98.7243311491154, 21.052598408320005 ], [ -98.724438225112095, 21.0524913322595 ], [ -98.724533402827305, 21.052390204796591 ], [ -98.724622633390794, 21.0523307186537 ], [ -98.7246761708126, 21.052292052090397 ], [ -98.724690760347499, 21.052274477257797 ], [ -98.724756477820804, 21.052205797254398 ], [ -98.724824887224102, 21.052140361719999 ], [ -98.724896271352108, 21.052089798010702 ], [ -98.7249765776792, 21.052045183239304 ], [ -98.725024167117795, 21.052021389333497 ], [ -98.725086628144496, 21.052003543160801 ], [ -98.725152063051098, 21.051973800194197 ], [ -98.725220471810303, 21.051941082098097 ], [ -98.725297805375618, 21.051893493294404 ], [ -98.725357290524798, 21.0518696977439 ], [ -98.725398932429101, 21.051836980581395 ], [ -98.725482212968799, 21.051750724775896 ], [ -98.725547647975006, 21.051679340573802 ], [ -98.725636878300307, 21.0515811881994 ], [ -98.725708262111993, 21.051480061389 ], [ -98.725815337567198, 21.0513581137754 ], [ -98.725859952671996, 21.0512926791688 ], [ -98.725889695633398, 21.051251038181196 ], [ -98.725907541860195, 21.051209397876004 ], [ -98.725910515951796, 21.051182628629295 ], [ -98.725922412787213, 21.0511231417108 ], [ -98.725952156625297, 21.0510725790427 ], [ -98.725978925673303, 21.051033912251398 ], [ -98.725993797010318, 21.050986322671299 ], [ -98.726053284127602, 21.050932784660695 ], [ -98.726112769861402, 21.050867350463999 ], [ -98.726154410942897, 21.050822735137402 ], [ -98.726175230924596, 21.050787043156902 ], [ -98.726178204530598, 21.050739454262999 ], [ -98.726148462276697, 21.050691865051398 ], [ -98.726115744744618, 21.050676993166498 ], [ -98.726062206782998, 21.050668070126999 ], [ -98.726005694765405, 21.0506859163211 ], [ -98.725916465401795, 21.050742427822197 ], [ -98.725836157873402, 21.050810838087099 ], [ -98.72575287732991, 21.050855452997297 ], [ -98.725714210550194, 21.050867349995904 ], [ -98.725672570182297, 21.050849503586804 ], [ -98.725672478871005, 21.050849433865899 ], [ -98.725633903655094, 21.050819761289699 ], [ -98.725613083771904, 21.0507870425904 ], [ -98.725598211899296, 21.050742428296498 ], [ -98.725580365846895, 21.050679967665101 ], [ -98.72557739159852, 21.050608584080802 ], [ -98.725604160599701, 21.050525302671296 ], [ -98.725660672792998, 21.050430124325199 ], [ -98.725714211115701, 21.050355766219802 ], [ -98.725776671255417, 21.0502933051044 ], [ -98.725839132383499, 21.050257612592496 ], [ -98.725895643896209, 21.0502278702876 ], [ -98.725970003263299, 21.050207050407799 ], [ -98.726032464384616, 21.050189203875696 ], [ -98.726109796199495, 21.050153511745801 ], [ -98.726196051075306, 21.050114845912599 ], [ -98.726285281207197, 21.050052385271897 ], [ -98.726359639130706, 21.049978027059197 ], [ -98.726419125652399, 21.049915566333603 ], [ -98.726478612276409, 21.049829309644 ], [ -98.726538099171407, 21.049746029232505 ], [ -98.726582713537496, 21.049647875896998 ], [ -98.726612457383396, 21.049543774937899 ], [ -98.726624353907198, 21.049418852723598 ], [ -98.726642200296396, 21.049332597644302 ], [ -98.726668969051005, 21.049204702264994 ], [ -98.726719533286996, 21.049097625940405 ], [ -98.726759984403301, 21.049051226731599 ], [ -98.726774259537706, 21.048994119899696 ], [ -98.726802814412807, 21.048922736410198 ], [ -98.726831368190204, 21.048879905156696 ], [ -98.726878957341597, 21.048841833684701 ], [ -98.726955099999401, 21.048822798033395 ], [ -98.727031241627401, 21.048822798380204 ], [ -98.727135938876899, 21.048765691267501 ], [ -98.727188286558004, 21.048703825076505 ], [ -98.727202563451101, 21.048622924067594 ], [ -98.727207322149894, 21.048551540251704 ], [ -98.727169250568494, 21.048470638328595 ], [ -98.727126421445405, 21.048361182836601 ], [ -98.727112143868197, 21.048289799173698 ], [ -98.727154974259506, 21.0481946209065 ], [ -98.727207321755316, 21.048113718667597 ], [ -98.727250152968097, 21.048047094428792 ], [ -98.727266673666705, 21.047989269212202 ], [ -98.727283465093393, 21.047923362154098 ], [ -98.727273947036196, 21.047837700979404 ], [ -98.727254911860499, 21.047723486738104 ], [ -98.727216840479599, 21.047623549686598 ], [ -98.727197805304897, 21.047561683635099 ], [ -98.727221599187601, 21.047504576672296 ], [ -98.727207321665404, 21.0474141569733 ], [ -98.727188286583896, 21.047304701729399 ], [ -98.727102625948106, 21.0471809700012 ], [ -98.7270360006586, 21.047047720065198 ], [ -98.727036000880105, 21.046952541682298 ], [ -98.727069313847494, 21.046847846376401 ], [ -98.727099861139806, 21.046774534219001 ], [ -98.727164491886896, 21.046619416749504 ], [ -98.727212081307002, 21.046476649661301 ], [ -98.727264429117298, 21.0464005072966 ], [ -98.727350090442599, 21.046352918209696 ], [ -98.727450027285101, 21.046257739284197 ], [ -98.727502375820706, 21.046134006742296 ], [ -98.727540446733798, 21.045972203606901 ], [ -98.727554724107804, 21.045881785421997 ], [ -98.727530928540702, 21.0457961239414 ], [ -98.727478580972701, 21.045724739787897 ], [ -98.727430991966102, 21.045658115031998 ], [ -98.727430991945894, 21.045610525831602 ], [ -98.727459544866093, 21.045515348042496 ], [ -98.727859295099705, 21.044963312691404 ], [ -98.727935437180705, 21.044839581041405 ], [ -98.727944954870907, 21.044777714676798 ], [ -98.727930679258407, 21.044734884218094 ], [ -98.727911643071195, 21.04464446506169 ], [ -98.727868812554107, 21.044539768721599 ], [ -98.727849777376093, 21.044444589643593 ], [ -98.727845017721904, 21.0443779649009 ], [ -98.727859294847704, 21.044316098930498 ], [ -98.727949714368407, 21.044306581093995 ], [ -98.728059169093001, 21.044377965234798 ], [ -98.728149589121003, 21.044458866700499 ], [ -98.728263802527295, 21.044530251093093 ], [ -98.728397052941105, 21.044615911241799 ], [ -98.728420846835206, 21.044692053687204 ], [ -98.728401811518907, 21.0447681972658 ], [ -98.728378016868106, 21.044863374700896 ], [ -98.728349463821701, 21.044977588702 ], [ -98.728335186703504, 21.045167946198902 ], [ -98.728335186575904, 21.045296436781999 ], [ -98.728368498634296, 21.045391616029899 ], [ -98.728406571200395, 21.045491552853399 ], [ -98.728516025701296, 21.045643838075094 ], [ -98.728592168617894, 21.045762811169897 ], [ -98.728615962825998, 21.045843712591502 ], [ -98.7286492761029, 21.045934132772402 ], [ -98.728687347147201, 21.046043588451802 ], [ -98.728744453578599, 21.0461815969437 ], [ -98.728801561256901, 21.046338641458696 ], [ -98.728868967206495, 21.0464794592218 ], [ -98.72889359664282, 21.046549454248495 ], [ -98.728920653378296, 21.046643976457695 ], [ -98.729015763116706, 21.047000117823998 ], [ -98.729068061359698, 21.047119104175898 ], [ -98.729115650399706, 21.047252353709695 ], [ -98.729206070467498, 21.047385603716904 ], [ -98.729329802082802, 21.047552165591195 ], [ -98.729386909286205, 21.047661620699394 ], [ -98.729415461955, 21.047752041269792 ], [ -98.729391668411694, 21.047847218816905 ], [ -98.729382149560095, 21.047937639300304 ], [ -98.729382150381596, 21.047999504620201 ], [ -98.729391668376806, 21.048061370638194 ], [ -98.729434498117001, 21.048170825578705 ], [ -98.729482086974912, 21.048313593921705 ], [ -98.7294963643605, 21.048427807577099 ], [ -98.729510640535594, 21.048522986093896 ], [ -98.729539194401298, 21.048613405735001 ], [ -98.729601060147417, 21.048746656154297 ], [ -98.729662926005602, 21.048879904743099 ], [ -98.729691480389221, 21.048994120306595 ], [ -98.729681962242694, 21.049060743943897 ], [ -98.7296629260223, 21.049136886720504 ], [ -98.729677203039103, 21.049213030085696 ], [ -98.729720033443996, 21.049393869176701 ], [ -98.7297533456412, 21.049569949468395 ], [ -98.729786658366393, 21.049774582900692 ], [ -98.729786657645903, 21.049850725232499 ], [ -98.729786657524997, 21.049964939634101 ], [ -98.729781899265404, 21.0500505996445 ], [ -98.729810453195299, 21.050117225088702 ], [ -98.729877077823303, 21.050212403661998 ], [ -98.730086470233203, 21.050374207472899 ], [ -98.730167372194401, 21.050474144126699 ], [ -98.730200684168295, 21.050545527936602 ], [ -98.730205443196596, 21.0506169115841 ], [ -98.730229238305995, 21.0506597415866 ], [ -98.730276827057821, 21.050716849335899 ], [ -98.730357728708796, 21.0507358854655 ], [ -98.730471943409199, 21.050773956222095 ], [ -98.730619468641294, 21.050845340367196 ], [ -98.730728924566421, 21.050959553866996 ], [ -98.730809826416007, 21.0511070812017 ], [ -98.730857416417706, 21.051245090124596 ], [ -98.730933557817806, 21.051387857174095 ], [ -98.731047772110898, 21.051502070773694 ], [ -98.731147710098696, 21.051640080240901 ], [ -98.731219094351999, 21.051749534708399 ], [ -98.731252405904598, 21.051849473259796 ], [ -98.731295235922403, 21.052025552913602 ], [ -98.731304753878518, 21.052120730956698 ], [ -98.731352342787005, 21.052187356418997 ], [ -98.7314332454241, 21.052244463203003 ], [ -98.731480833661195, 21.052282534581 ], [ -98.731514146525512, 21.052349160024697 ], [ -98.731547458720001, 21.052425301669096 ], [ -98.731576012523902, 21.0524776497858 ], [ -98.731590290154799, 21.052529998837997 ], [ -98.731647396548993, 21.052553792821602 ], [ -98.731714021520403, 21.0525823472707 ], [ -98.731837753102496, 21.052606140663695 ], [ -98.731958269951093, 21.052611078995902 ], [ -98.732129584881605, 21.052658658245605 ], [ -98.732334222657897, 21.052649148295998 ], [ -98.732457288362397, 21.052637371868901 ], [ -98.732592954745797, 21.052625991061994 ], [ -98.732724216084605, 21.052592784244997 ], [ -98.732924326827302, 21.0525682494286 ], [ -98.733192764328905, 21.052573990380097 ], [ -98.733360801339003, 21.052606388992501 ], [ -98.733671475012102, 21.052668184063997 ], [ -98.733871356004101, 21.052772882812803 ], [ -98.734095025746711, 21.052910882825302 ], [ -98.734252065339902, 21.052891843108597 ], [ -98.734375797168497, 21.052844263989996 ], [ -98.734409111946604, 21.052734802855497 ], [ -98.734493225756196, 21.052586924363595 ], [ -98.734500255100102, 21.0525521793152 ] ] } },
{ "type": "Feature", "properties": { "ID_OBRA": "1224_Tlahuiltepa", "No.": 1224.0, "Municipio": "Tlahuiltepa", "Rubro": "Infraestructura Carretera", "Ejercicio": 2022.0, "Obra": "Construcción de Pavimento de Concreto Hidráulico en acceso a cabecera municipal de Tlahuiltepa, Tramo: Tlahuiltepa - Itztacoyotla, municipio de Tlahuiltepa", "Localidad": "Tlahuiltepa", "Inversión": 31861378.33, "Habitantes.beneficiados": 1252.0, "Ejecutora": "DGOPI", "Trabajos": "Considera los trabajos de preliminares, riego de impregnación, piso para pavimento de concreto hidráulico.", "Geometria_tipo": "Línea", "extract": -0.020618693990508009 }, "geometry": { "type": "LineString", "coordinates": [ [ -98.659799052080004, 21.0942271184446 ], [ -98.659777791805794, 21.094201304953401 ], [ -98.659735494092402, 21.094167253224299 ], [ -98.659664900663998, 21.094124888142495 ], [ -98.659576048796197, 21.094096531967104 ], [ -98.659487079154403, 21.094072975129201 ], [ -98.659352850062206, 21.094017212737796 ], [ -98.659163434319595, 21.093917019682305 ], [ -98.659059953169304, 21.093859528015201 ], [ -98.658959447782095, 21.0937852932921 ], [ -98.658899800452403, 21.093714351862001 ], [ -98.658833254238203, 21.0936120417885 ], [ -98.658716103997918, 21.093383761835497 ], [ -98.658657826970099, 21.0932576211179 ], [ -98.658608646652098, 21.093177302895196 ], [ -98.658571239766999, 21.093138065348192 ], [ -98.658510817773404, 21.093098323368995 ], [ -98.658439749980801, 21.093075158019193 ], [ -98.658380681245603, 21.093056677278405 ], [ -98.658365560250502, 21.093051000587401 ], [ -98.658361029019105, 21.093049060590797 ], [ -98.658356759940403, 21.093046157945103 ], [ -98.658315931371206, 21.093012417835396 ], [ -98.658274005576899, 21.092949068208693 ], [ -98.658240348781007, 21.092861886212695 ], [ -98.658234883430495, 21.092772919585599 ], [ -98.658247436006306, 21.092679543824293 ], [ -98.6583419357178, 21.092477876328296 ], [ -98.658350812327996, 21.092432072826004 ], [ -98.658360509805902, 21.092350643369304 ], [ -98.658355579028807, 21.092240075908695 ], [ -98.658370570640301, 21.092151557069297 ], [ -98.658413334801097, 21.092078053208997 ], [ -98.658478936642496, 21.092012251937302 ], [ -98.658503440850296, 21.091994715605296 ], [ -98.658526385818703, 21.091972764130094 ], [ -98.658559113172601, 21.091915582412202 ], [ -98.658569161979401, 21.0918821552767 ], [ -98.658590398390203, 21.091799776809598 ], [ -98.6585961742705, 21.091730586063299 ], [ -98.658593201241501, 21.091635350245795 ], [ -98.658539741967601, 21.091521322126795 ], [ -98.658455117868101, 21.091425820749599 ], [ -98.658368055685003, 21.0913254651046 ], [ -98.658242695277593, 21.091221869869095 ], [ -98.658116619278005, 21.091147075345599 ], [ -98.657977517949107, 21.091081598914499 ], [ -98.657896280731094, 21.091055809734208 ], [ -98.657753133446803, 21.091050276858201 ], [ -98.657671300227094, 21.091048487185404 ], [ -98.657574658860995, 21.091024761181696 ], [ -98.657331069331093, 21.090942591767298 ], [ -98.657178944011704, 21.090886436437298 ], [ -98.657026699001904, 21.090835079447501 ], [ -98.656953551896606, 21.090792658390701 ], [ -98.656909542126499, 21.090752708688303 ], [ -98.6568831953618, 21.090720281455791 ], [ -98.656859594621096, 21.090660934187596 ], [ -98.656853472615211, 21.090598366802798 ], [ -98.656857883289007, 21.090567656160001 ], [ -98.656866795472197, 21.090549690062097 ], [ -98.656901412366594, 21.090522575167796 ], [ -98.656984197994007, 21.090485965646099 ], [ -98.657082387749313, 21.090447292806001 ], [ -98.6571940198112, 21.090382500336595 ], [ -98.657290785285198, 21.090298171168399 ], [ -98.657432155804713, 21.0901691939725 ], [ -98.657529158665994, 21.090075264995196 ], [ -98.657734639875898, 21.0899404869823 ], [ -98.657830628577798, 21.089887357084997 ], [ -98.657913356145599, 21.089853147697799 ], [ -98.658075594958405, 21.089811073256403 ], [ -98.658284223186001, 21.089755604001596 ], [ -98.658434331336196, 21.089686849349199 ], [ -98.658613285456397, 21.089589908743399 ], [ -98.658777549951296, 21.089466235080899 ], [ -98.658838260711605, 21.089390271584392 ], [ -98.658890709687697, 21.089357036287396 ], [ -98.658999264717906, 21.0892957909569 ], [ -98.659165371913119, 21.089200969850001 ], [ -98.659275040026301, 21.089112119707995 ], [ -98.659351344989801, 21.089027343451601 ], [ -98.659426874990501, 21.088973765864296 ], [ -98.659505201344899, 21.088910644302796 ], [ -98.659573416668906, 21.088842498593301 ], [ -98.659603094732205, 21.0887807141963 ], [ -98.659619927683309, 21.088721050844399 ], [ -98.659628498160103, 21.088581964797296 ], [ -98.659631595560697, 21.088457167248798 ], [ -98.659613162796603, 21.088375121041995 ], [ -98.659556849060294, 21.088273035938293 ], [ -98.659508027105517, 21.088178319791098 ], [ -98.659449215955902, 21.088073780132603 ], [ -98.659410443729001, 21.087986485956094 ], [ -98.659386898231801, 21.087904329166097 ], [ -98.6593766144249, 21.087803250782194 ], [ -98.659375372062996, 21.0876471421514 ], [ -98.659367050406104, 21.087570119131598 ], [ -98.659342077330905, 21.087442307019696 ], [ -98.659329433597904, 21.087373456907095 ], [ -98.659317335628799, 21.087276364017196 ], [ -98.659317467807497, 21.087196838885603 ], [ -98.6593372148713, 21.087122832223496 ], [ -98.659390325454694, 21.087044751592899 ], [ -98.659438522959704, 21.086970959240897 ], [ -98.659487437604895, 21.086850708998195 ], [ -98.659496904809899, 21.086807783466099 ], [ -98.659504767391098, 21.086681488345999 ], [ -98.659503314734096, 21.086639176994801 ], [ -98.659492821549506, 21.086557315655199 ], [ -98.659435313580104, 21.086366178441494 ], [ -98.659318173186193, 21.086034643606496 ], [ -98.659249377268594, 21.085817026993297 ], [ -98.6591177836724, 21.085552411969704 ], [ -98.659078656656902, 21.085475830308003 ], [ -98.659022288179898, 21.085335909 ], [ -98.659011464415002, 21.085300356291793 ], [ -98.658987468618307, 21.085229751234998 ], [ -98.658905204901814, 21.0850458999479 ], [ -98.658879255172295, 21.084992872104195 ], [ -98.658847165528101, 21.084917330959506 ], [ -98.658813753471506, 21.084813379729301 ], [ -98.658749475774897, 21.084619874015399 ], [ -98.658727949044206, 21.0845486703167 ], [ -98.658705427398203, 21.084445613786905 ], [ -98.658697155828804, 21.084356992018499 ], [ -98.658697994919294, 21.084220138421905 ], [ -98.658710427618004, 21.084131563712393 ], [ -98.658719058000699, 21.083990078854299 ], [ -98.658734287023293, 21.083891960207399 ], [ -98.6587585527692, 21.0838420638018 ], [ -98.658831523465096, 21.0837884306742 ], [ -98.658925785262909, 21.083701645906704 ], [ -98.658964089353603, 21.083641608295299 ], [ -98.658989076748796, 21.083584235573593 ], [ -98.6590101209284, 21.083499382667497 ], [ -98.659066862533294, 21.083274906334296 ], [ -98.659225360413018, 21.082971011313795 ], [ -98.659260747826593, 21.0828853396442 ], [ -98.6593000022974, 21.082746925014501 ], [ -98.659339678530003, 21.082488457304393 ], [ -98.659352894952605, 21.082162176072696 ], [ -98.659362358802397, 21.081987090003597 ], [ -98.659352744232805, 21.081933844721505 ], [ -98.659329488911595, 21.081888253991298 ], [ -98.659301706831698, 21.081853694577699 ], [ -98.659184262586294, 21.081740670246894 ], [ -98.659033577848305, 21.081626916759497 ], [ -98.658912327142517, 21.081564233694699 ], [ -98.6587099037461, 21.0814733620991 ], [ -98.658577470918502, 21.081448853643 ], [ -98.6584902917146, 21.081456552629998 ], [ -98.658340489857295, 21.081513308140401 ], [ -98.658172371429302, 21.081586471131001 ], [ -98.658046418158804, 21.081610129698603 ], [ -98.657910831579201, 21.0816095646138 ], [ -98.657801115096802, 21.0815975603095 ], [ -98.657684918910803, 21.081574928028299 ], [ -98.657626775749307, 21.081556183278796 ], [ -98.657532209155008, 21.08150523227479 ], [ -98.657415833267393, 21.081452260242099 ], [ -98.657329429265602, 21.081428758106497 ], [ -98.657262015968016, 21.081419816040601 ], [ -98.657229590865697, 21.081422824413796 ], [ -98.657178083134198, 21.081444656623503 ], [ -98.657046061666406, 21.081506601619598 ], [ -98.656937530713506, 21.081549850877 ], [ -98.656868608557801, 21.081543541242901 ], [ -98.656797724760807, 21.081513175269798 ], [ -98.656675349256105, 21.081392835000692 ], [ -98.656606305342805, 21.081296230237093 ], [ -98.656336364611093, 21.080862675689296 ], [ -98.656238717739001, 21.0806427974433 ], [ -98.656181057528698, 21.080479590021696 ], [ -98.656151393431216, 21.080341624689503 ], [ -98.656146166203996, 21.0802795722377 ], [ -98.656150226133107, 21.080224221213395 ], [ -98.656166124108594, 21.080168565280598 ], [ -98.656171735014198, 21.080155459895892 ], [ -98.656406897109804, 21.0798405530977 ], [ -98.656481593837199, 21.079717322614101 ], [ -98.656552721519901, 21.0796348347201 ], [ -98.656626347450697, 21.079554804067993 ], [ -98.656717513336005, 21.079489563736594 ], [ -98.656838357368997, 21.0793625411719 ], [ -98.656998450957303, 21.079200356897299 ], [ -98.657114895852899, 21.079044422657894 ], [ -98.657163425811305, 21.0789446320472 ], [ -98.657202324647002, 21.0788206178221 ], [ -98.657250027383299, 21.078651173981598 ], [ -98.657277027750993, 21.078594134431203 ], [ -98.657323061053404, 21.078491887409495 ], [ -98.657391749730607, 21.078404543989002 ], [ -98.657500993078003, 21.078332495353795 ], [ -98.657635985110701, 21.078253806029295 ], [ -98.657719537901698, 21.078185997266296 ], [ -98.657775321644706, 21.078103174295997 ], [ -98.6578425856043, 21.077970176222799 ], [ -98.657910325614694, 21.077817977853101 ], [ -98.658027071525595, 21.077546789202305 ], [ -98.658106051773103, 21.077354016222799 ], [ -98.658144073352119, 21.077280534326803 ], [ -98.658152666873406, 21.077245727215296 ], [ -98.658156259028104, 21.077220709876599 ], [ -98.658150710050904, 21.0771874816893 ], [ -98.658131812354398, 21.07714086771 ], [ -98.6581039944395, 21.077100587681201 ], [ -98.658087738380502, 21.077081752173598 ], [ -98.658034531569413, 21.077040288850402 ], [ -98.657919531894706, 21.076932117884496 ], [ -98.657861043470504, 21.076860562150795 ], [ -98.657823857689493, 21.0767997436947 ], [ -98.657772308854504, 21.076679168355799 ], [ -98.657724983527203, 21.076524452948199 ], [ -98.657719875345606, 21.076421087976197 ], [ -98.657716787353806, 21.076339377814897 ], [ -98.657690329446993, 21.076271564030701 ], [ -98.657647636251596, 21.076239413841598 ], [ -98.657563730612807, 21.076218368201005 ], [ -98.657443791180597, 21.076206138880703 ], [ -98.657246425301494, 21.076221031173397 ], [ -98.6569140747457, 21.076211356866594 ], [ -98.656593912728994, 21.076225963127193 ], [ -98.656465407986701, 21.076249563922396 ], [ -98.656387863455393, 21.076281484616199 ], [ -98.656310676408594, 21.076299005303596 ], [ -98.656231230707803, 21.076304469903398 ], [ -98.656170101023406, 21.076293527053799 ], [ -98.6561016577202, 21.076268016876195 ], [ -98.6560335144801, 21.076230506399696 ], [ -98.655982335180994, 21.076171377732592 ], [ -98.655973056135394, 21.076152894993395 ], [ -98.6559551489309, 21.076089519319599 ], [ -98.655949624041796, 21.0760029530643 ], [ -98.655955170384999, 21.075779758960898 ], [ -98.655982828607705, 21.075490294904402 ], [ -98.655986557635998, 21.075340212844399 ], [ -98.655980187068295, 21.075184797471998 ], [ -98.655979968796203, 21.074884636757002 ], [ -98.655993716429904, 21.074743264378402 ], [ -98.656027916713796, 21.0746023391298 ], [ -98.656162391273199, 21.074235491349999 ], [ -98.656196413959407, 21.0741017660451 ], [ -98.656223062663102, 21.073955874023593 ], [ -98.656251799851702, 21.073725982751402 ], [ -98.656296176109095, 21.0734844276441 ], [ -98.656321997930206, 21.0732688823507 ], [ -98.656332292229294, 21.073163452265099 ], [ -98.656373328968897, 21.0730562935778 ], [ -98.656429588790203, 21.072954271618798 ], [ -98.656474605903711, 21.072892824974801 ], [ -98.656514510591805, 21.072831266777605 ], [ -98.656532941334405, 21.072783142405598 ], [ -98.656541148470609, 21.072727575630104 ], [ -98.656541266720808, 21.072715905681797 ], [ -98.656534562128201, 21.072642007434201 ], [ -98.656517088414603, 21.0725215620573 ], [ -98.656521191631498, 21.072445094306005 ], [ -98.656525554049495, 21.072424688434701 ], [ -98.656548910217396, 21.072373381797796 ], [ -98.6566040962757, 21.072314558796897 ], [ -98.656659279335301, 21.072290152706596 ], [ -98.656706105856117, 21.0722824236002 ], [ -98.656771190071396, 21.072282197385299 ], [ -98.656902130153, 21.072263451458692 ], [ -98.657223175745202, 21.0722128463463 ], [ -98.657255949567599, 21.072206759370101 ], [ -98.657288117300908, 21.072200085666793 ], [ -98.657373295219998, 21.072169012993097 ], [ -98.657528647947814, 21.0720682522605 ], [ -98.657823182430405, 21.071848980149799 ], [ -98.658020902934297, 21.071716433587099 ], [ -98.658153569587597, 21.071628089170204 ], [ -98.6581810438704, 21.071603475893202 ], [ -98.658218460380994, 21.071551878368901 ], [ -98.658241280595817, 21.071505208304501 ], [ -98.658268581934905, 21.071426500312196 ], [ -98.658315750337408, 21.071175400615296 ], [ -98.658351968745507, 21.071056132329701 ], [ -98.658400317042805, 21.070963541219399 ], [ -98.658549222930404, 21.070736278325796 ], [ -98.658589244954896, 21.070669919308099 ], [ -98.658605956422704, 21.070615057106998 ], [ -98.6586079228682, 21.0705358589822 ], [ -98.658597402096902, 21.070444380962201 ], [ -98.65856827402672, 21.070278059191899 ], [ -98.658565013095313, 21.070100296334203 ], [ -98.658550271829, 21.069972707758101 ], [ -98.658519415925696, 21.069875984411699 ], [ -98.658492069759305, 21.069740916227097 ], [ -98.658482682260697, 21.069603840338605 ], [ -98.658478114817399, 21.069375622664495 ], [ -98.658470757921293, 21.0690536962796 ], [ -98.658438178981399, 21.068923316890892 ], [ -98.658430275367195, 21.068829495795402 ], [ -98.658431764847094, 21.068769497944395 ], [ -98.658461677771996, 21.068698114764899 ], [ -98.658490578222796, 21.068667530951195 ], [ -98.658563183291506, 21.068628297733099 ], [ -98.658758814725601, 21.068579750446894 ], [ -98.658997852764102, 21.068534551909099 ], [ -98.659067991634117, 21.068504506192905 ], [ -98.659091855949697, 21.068487654188498 ], [ -98.659122725520106, 21.068450838849202 ], [ -98.659170953726601, 21.068363047773001 ], [ -98.659214424921302, 21.0682607452264 ], [ -98.659276567929595, 21.068127634890697 ], [ -98.659290614953207, 21.0680534702276 ], [ -98.659293119195297, 21.0680270600933 ], [ -98.659284333932504, 21.0679693212549 ], [ -98.659271262196597, 21.067932262301092 ], [ -98.659226870258806, 21.067862412261601 ], [ -98.6591793024499, 21.067820551296997 ], [ -98.659084586393703, 21.067720028737504 ], [ -98.659019895406502, 21.067646577919103 ], [ -98.658981580032901, 21.067570254365897 ], [ -98.6589740268752, 21.067536247806295 ], [ -98.658975604061894, 21.067472719058095 ], [ -98.658979094274201, 21.067444107159201 ], [ -98.659008390371696, 21.067374508937501 ], [ -98.659026937623594, 21.067350210079091 ], [ -98.659079491220098, 21.067306905643601 ], [ -98.659134914590396, 21.067295181359295 ], [ -98.659155343937698, 21.067296564131802 ], [ -98.6592017167889, 21.0673186422813 ], [ -98.659206891261803, 21.067321421130295 ], [ -98.6592431194141, 21.067349705242801 ], [ -98.659507183359594, 21.067597202909599 ], [ -98.6597365735647, 21.067837538761406 ], [ -98.659813546001701, 21.067888173181601 ], [ -98.659903289553, 21.067923998731899 ], [ -98.660030310084807, 21.067959221212199 ], [ -98.660179863338996, 21.067999269353301 ], [ -98.660258021196796, 21.068044305769295 ], [ -98.6603010329152, 21.068080398119704 ], [ -98.660447207653604, 21.068208198862692 ], [ -98.660524602932895, 21.068257641128497 ], [ -98.660564797298505, 21.0682758619695 ], [ -98.661059692473799, 21.068435555643095 ], [ -98.661186820129004, 21.068467148838195 ], [ -98.661321975617099, 21.068484509936898 ], [ -98.661406292863703, 21.068488753984902 ], [ -98.661463018624801, 21.068470784426403 ], [ -98.661543888899303, 21.068407718212192 ], [ -98.661607100238697, 21.068334660596097 ], [ -98.661654849392605, 21.068266069094097 ], [ -98.6617212698863, 21.068166667719094 ], [ -98.661768543311197, 21.068117274681299 ], [ -98.6619060804409, 21.068038639209501 ], [ -98.662131977061193, 21.067904303274702 ], [ -98.662300968950206, 21.067795137801195 ], [ -98.662398071743695, 21.067696407057596 ], [ -98.662487919888505, 21.067580708603398 ], [ -98.662517829675906, 21.0675093264752 ], [ -98.6625324008794, 21.067437608460096 ], [ -98.662521698007097, 21.067353330620996 ], [ -98.662503448615098, 21.067311555043499 ], [ -98.662477591888106, 21.067262857637797 ], [ -98.662408429451304, 21.067175565912198 ], [ -98.662305149221396, 21.067007624465099 ], [ -98.662247771831105, 21.066845488284699 ], [ -98.662227609948715, 21.066753787953399 ], [ -98.662291084579195, 21.066591343671099 ], [ -98.662398161192201, 21.066469991680993 ], [ -98.6625552048271, 21.066348638623399 ], [ -98.662683696052895, 21.066298670289292 ], [ -98.662758034051905, 21.066301902640799 ], [ -98.662847879151599, 21.066305809072897 ], [ -98.663069168750297, 21.0663272240974 ], [ -98.663313389578803, 21.0663850655868 ], [ -98.663483195420397, 21.066420023345902 ], [ -98.663761591880103, 21.066391468868598 ], [ -98.663940050580905, 21.066334362006796 ], [ -98.664068541972895, 21.066277254604397 ], [ -98.664218448170601, 21.066134488086195 ], [ -98.664346939023304, 21.066013134713298 ], [ -98.664496844663006, 21.065927474774597 ], [ -98.664682443203105, 21.065927475413599 ], [ -98.6648894555981, 21.065884643930904 ], [ -98.66507505447521, 21.065856091172797 ], [ -98.665217822211204, 21.065777568081298 ], [ -98.665360590290405, 21.0656562158659 ], [ -98.665467664568098, 21.065549139726503 ], [ -98.665595141053899, 21.065434765088497 ], [ -98.665597485069497, 21.065433440587398 ], [ -98.665660294472602, 21.065404834189501 ], [ -98.665831124427299, 21.065324519869495 ], [ -98.665994103870403, 21.065251237597298 ], [ -98.666188895398093, 21.065133025602002 ], [ -98.666334334169406, 21.065044952699996 ], [ -98.666551064653405, 21.064867189970798 ], [ -98.666879876214594, 21.0646054272631 ], [ -98.666937670176395, 21.064544255761 ], [ -98.667032566742293, 21.064431068426099 ], [ -98.667115213688703, 21.064296001135091 ], [ -98.667153327253601, 21.064203184012502 ], [ -98.667176633801205, 21.064088434084201 ], [ -98.667192921602705, 21.063995081742696 ], [ -98.667209679689194, 21.063946491119797 ], [ -98.667235020381597, 21.063900011732699 ], [ -98.6672560785575, 21.063861286320705 ], [ -98.667273929734506, 21.063841005950298 ], [ -98.667322305017294, 21.063803302647301 ], [ -98.667355602951005, 21.063782580873699 ], [ -98.667435992382707, 21.063738711187799 ], [ -98.667529877170793, 21.063666321226499 ], [ -98.667577502677403, 21.063602527371899 ], [ -98.667615317665195, 21.063521711360099 ], [ -98.667677748352602, 21.063376597422398 ], [ -98.667743982230107, 21.063181141655896 ], [ -98.667787563537203, 21.063074038246199 ], [ -98.667875086100906, 21.062948682370592 ], [ -98.667969920745506, 21.062837893267197 ], [ -98.668101659201398, 21.062658846398399 ], [ -98.668178557327195, 21.062537334966098 ], [ -98.668235872776606, 21.062428282202401 ], [ -98.668300740446398, 21.062288023908998 ], [ -98.668343950164001, 21.062157614425502 ], [ -98.668355289768598, 21.062107934256595 ], [ -98.668380762961505, 21.061948796184502 ], [ -98.668383888992693, 21.061707035699897 ], [ -98.6683843839118, 21.061699147797199 ], [ -98.668418798891494, 21.061342116031597 ], [ -98.668446085633207, 21.061169824924693 ], [ -98.668465126418496, 21.0610994179474 ], [ -98.668486210784096, 21.061039418397105 ], [ -98.668510227687506, 21.060997858734698 ], [ -98.668538435843004, 21.0609531629038 ], [ -98.668612268162093, 21.060863692263201 ], [ -98.668709662193905, 21.060752966422502 ], [ -98.668817572312406, 21.060630448051999 ], [ -98.668917928346403, 21.060502976096004 ], [ -98.668990302532706, 21.060426718623905 ], [ -98.66904204728381, 21.060392025659301 ], [ -98.669092674095396, 21.060367512574096 ], [ -98.669156003846396, 21.060340438264493 ], [ -98.669198732982807, 21.060331046890301 ], [ -98.669285613686014, 21.060323696751396 ], [ -98.6694009681447, 21.060314208177399 ], [ -98.669503531590493, 21.060304437126497 ], [ -98.669578175842702, 21.060286715605098 ], [ -98.669613726427599, 21.060266699806196 ], [ -98.669627561856899, 21.060254317398797 ], [ -98.669653703040794, 21.060204758979602 ], [ -98.669662661900006, 21.060152769126194 ], [ -98.669658842711598, 21.060105972407001 ], [ -98.669649050318199, 21.060068540180598 ], [ -98.669614061635102, 21.059990577318395 ], [ -98.669384252185594, 21.059624825099398 ], [ -98.669304200303102, 21.059469263649895 ], [ -98.669256274167495, 21.059338555345398 ], [ -98.669218697158499, 21.059203262702596 ], [ -98.669170175223698, 21.059096564078395 ], [ -98.669096856739799, 21.058958087264791 ], [ -98.668978891939418, 21.058763422165999 ], [ -98.668851587965605, 21.058532531827801 ], [ -98.668796240946705, 21.058415412729797 ], [ -98.6687834076928, 21.058394715446791 ], [ -98.668730440638598, 21.058328729100101 ], [ -98.668698702396497, 21.058282092045499 ], [ -98.668648172409604, 21.058172718465702 ], [ -98.668612499353401, 21.058063879840699 ], [ -98.668609402732002, 21.057982176849393 ], [ -98.668626103753198, 21.057824053390597 ], [ -98.668653808871298, 21.057634965134696 ], [ -98.668671761009406, 21.057426448743595 ], [ -98.668662120206406, 21.057298977337702 ], [ -98.668656234356106, 21.057261508392401 ], [ -98.668623789519302, 21.057175886385497 ], [ -98.668591144576794, 21.057125449025197 ], [ -98.6684907528347, 21.057004839174496 ], [ -98.6680207508237, 21.056618093902596 ], [ -98.667868773548804, 21.056453898742298 ], [ -98.6677737605864, 21.056365382151704 ], [ -98.667728568804307, 21.056330784576495 ], [ -98.667675659225907, 21.056298409075698 ], [ -98.667588937941105, 21.056290474321994 ], [ -98.667520523189793, 21.056293438704902 ], [ -98.667470850397606, 21.056318402276503 ], [ -98.667388514435302, 21.0563382103952 ], [ -98.667334583474897, 21.056346636091202 ], [ -98.6672761585845, 21.056339811929195 ], [ -98.667211182280894, 21.056346989838701 ], [ -98.667232017536904, 21.056254773934295 ], [ -98.6672349908972, 21.056233964734499 ], [ -98.667264286411694, 21.056187436109305 ], [ -98.667318273112699, 21.056073345178099 ], [ -98.667371545030406, 21.055988066055601 ], [ -98.667434192572998, 21.055941552098695 ], [ -98.667496732611497, 21.055894885208094 ], [ -98.667629685244194, 21.055897780118595 ], [ -98.667852238128006, 21.055915024079901 ], [ -98.668063487537694, 21.055958048273599 ], [ -98.668144639717795, 21.0559862366704 ], [ -98.668192322893503, 21.056023289423401 ], [ -98.6682611293364, 21.056076324702904 ], [ -98.668310974024806, 21.056183942386099 ], [ -98.668378778152302, 21.056278444881301 ], [ -98.668492518157393, 21.056333754359898 ], [ -98.668604653149899, 21.056350607453599 ], [ -98.668811452455301, 21.0563297349027 ], [ -98.668870310790496, 21.056328624427099 ], [ -98.668938926832396, 21.056346931210797 ], [ -98.669020586195103, 21.056417555294299 ], [ -98.6691653275481, 21.056629550182905 ], [ -98.669397327848998, 21.056885338966396 ], [ -98.669602551211696, 21.057099487772998 ], [ -98.669697735315395, 21.057218458657903 ], [ -98.669772091728603, 21.057319592730199 ], [ -98.669862865992698, 21.057422712147098 ], [ -98.669910550021399, 21.057459778879899 ], [ -98.669971316978106, 21.057485118574004 ], [ -98.670012046001105, 21.0574932022243 ], [ -98.6700633577655, 21.057487123433202 ], [ -98.670117463698205, 21.057471491422703 ], [ -98.670166987583599, 21.0574341445747 ], [ -98.670190110755499, 21.0574106719329 ], [ -98.670211665133294, 21.057368770196096 ], [ -98.670257306232998, 21.057285884211897 ], [ -98.6703620021635, 21.057328714068102 ], [ -98.6703382076401, 21.057404856835095 ], [ -98.670328690336405, 21.057466723243895 ], [ -98.670295376851314, 21.0575761775929 ], [ -98.670276342401607, 21.057666598410101 ], [ -98.670238270264306, 21.057790330401701 ], [ -98.670168337891198, 21.057932635288296 ], [ -98.670133574008005, 21.058018758087595 ], [ -98.670105020102397, 21.058128212596092 ], [ -98.670139783890605, 21.058218174949904 ], [ -98.670358699428306, 21.058465645154598 ], [ -98.670637097272419, 21.058772579034201 ], [ -98.670822690709997, 21.0590295679572 ], [ -98.670983194937605, 21.059414673575592 ], [ -98.670890506382605, 21.059708896868401 ], [ -98.670733466880407, 21.060122936758095 ], [ -98.670619248626593, 21.060379910956897 ], [ -98.670576415897202, 21.060736831168501 ], [ -98.670465659401302, 21.061080306719798 ], [ -98.670429970581296, 21.061288506009504 ], [ -98.670364641192506, 21.061507512014099 ], [ -98.670298050818303, 21.061859253840002 ], [ -98.670341122693699, 21.062068487820799 ], [ -98.6704389043379, 21.062405713296993 ], [ -98.670440483963901, 21.062731773064801 ], [ -98.670310996046211, 21.063299148958702 ], [ -98.670181273808893, 21.063758816940691 ], [ -98.670018922804203, 21.064081308158698 ], [ -98.669936404266906, 21.064296859678592 ], [ -98.669923842196994, 21.064414318941097 ], [ -98.669965975301096, 21.064488876575503 ], [ -98.670084167231096, 21.064519807838096 ], [ -98.670253482058413, 21.064494763268396 ], [ -98.670436381886901, 21.064495115584403 ], [ -98.670600119652406, 21.064450248676696 ], [ -98.670754208594303, 21.064414403794203 ], [ -98.670879412246094, 21.064387549106801 ], [ -98.670931148970993, 21.064377948882299 ], [ -98.671072435116898, 21.064351777573901 ], [ -98.671197344245996, 21.064381807587399 ], [ -98.671357962766606, 21.0643996518085 ], [ -98.671488833005995, 21.064387756820096 ], [ -98.671637543095898, 21.0643758483364 ], [ -98.671857647861003, 21.064334217264499 ], [ -98.671952824860696, 21.064322323424491 ], [ -98.672095589073919, 21.064352058376301 ], [ -98.672226463005401, 21.064352058021495 ], [ -98.672345436838498, 21.064346111856601 ], [ -98.672506048914997, 21.064316373291401 ], [ -98.672583379349902, 21.064292572073892 ], [ -98.672660715821308, 21.0643223231611 ], [ -98.672773740677499, 21.064363953244303 ], [ -98.672861956441807, 21.064410909763193 ], [ -98.672934353077693, 21.064411547057691 ], [ -98.673047378559801, 21.064387757444798 ], [ -98.673131614748598, 21.064332616189198 ], [ -98.673137768685507, 21.064331273616396 ], [ -98.673291969991496, 21.0642502574172 ], [ -98.673407700139606, 21.064151078085299 ], [ -98.673562519279699, 21.064024974015098 ], [ -98.673803493145996, 21.063880864964201 ], [ -98.673967201438998, 21.063854071999501 ], [ -98.674284908883607, 21.063827570679095 ], [ -98.674429364615705, 21.063791725652198 ], [ -98.674612380590816, 21.063737858140399 ], [ -98.674843701696204, 21.063602763667198 ], [ -98.6749592392312, 21.0635849093666 ], [ -98.675036213903695, 21.063603129420297 ], [ -98.675151542032097, 21.063693698452397 ], [ -98.675247627817996, 21.063766177738895 ], [ -98.675343864091616, 21.063784423642193 ], [ -98.6754401479363, 21.0637665466658 ], [ -98.675526965154006, 21.063685395107001 ], [ -98.675594505112699, 21.063613243057596 ], [ -98.675729445871099, 21.063532176981898 ], [ -98.675816136688709, 21.063505236060795 ], [ -98.6759315213463, 21.063559666397893 ], [ -98.675998781384905, 21.063614011179499 ], [ -98.676046750583296, 21.063686371111004 ], [ -98.676113962626502, 21.063767827596401 ], [ -98.676171660380504, 21.063795049461397 ], [ -98.676296800147895, 21.063795279891991 ], [ -98.67639307686332, 21.063786439641003 ], [ -98.676508736377102, 21.063714374388695 ], [ -98.676624394539402, 21.063651346333799 ], [ -98.676711108672393, 21.063615355972797 ], [ -98.676759280069604, 21.063597392075302 ], [ -98.676855490445902, 21.0636156352667 ], [ -98.676941905127805, 21.063715192588194 ], [ -98.677018783576301, 21.063778587125004 ], [ -98.677114908149207, 21.063842017315295 ], [ -98.677172615984006, 21.063860204291199 ], [ -98.677259269683006, 21.063851338028599 ], [ -98.677369684226704, 21.063830796948292 ], [ -98.677485174776706, 21.063840053585803 ], [ -98.677629467158795, 21.0638855058105 ], [ -98.677792985298893, 21.0639400217316 ], [ -98.677908357347107, 21.064003489798697 ], [ -98.678148727682995, 21.064130440328697 ], [ -98.678235248370797, 21.064184821636299 ], [ -98.678331390288903, 21.064239203956195 ], [ -98.678533494319495, 21.0642576702298 ], [ -98.678702258188906, 21.064269698664198 ], [ -98.678827398378601, 21.064269929945901 ], [ -98.678889937523195, 21.064315643015401 ], [ -98.678918693281105, 21.064369902097798 ], [ -98.678937811375206, 21.064433198307995 ], [ -98.678978185771697, 21.064530521633401 ], [ -98.679025925794306, 21.0646378322262 ], [ -98.679093167082002, 21.064701225688395 ], [ -98.6791700392792, 21.064764608405202 ], [ -98.679371782078604, 21.064954731654705 ], [ -98.679487086920318, 21.065045312181201 ], [ -98.679612140668496, 21.065090715581199 ], [ -98.679727495038506, 21.065163221476997 ], [ -98.679833230262204, 21.065235703739198 ], [ -98.679919674902706, 21.065326221430201 ], [ -98.680025294402199, 21.065452915295801 ], [ -98.680092554890294, 21.065507247627803 ], [ -98.680173859164995, 21.065589376008095 ], [ -98.680236599597805, 21.065670173709194 ], [ -98.680289111975, 21.0657187289214 ], [ -98.680320669115105, 21.065793984252601 ], [ -98.680426448541397, 21.065839354388597 ], [ -98.680508517404704, 21.065872386187298 ], [ -98.680614355743998, 21.0658996808525 ], [ -98.680743910331003, 21.065936259715102 ], [ -98.680868874628601, 21.066017813863699 ], [ -98.680955406066204, 21.066072195623395 ], [ -98.681061159876904, 21.066135637169996 ], [ -98.681128420051294, 21.066189986261605 ], [ -98.681205235178197, 21.066280466246198 ], [ -98.681262805873104, 21.066370938086401 ], [ -98.681369542588101, 21.066505468780498 ], [ -98.681464721408702, 21.0666006544431 ], [ -98.681559897786997, 21.066683928583 ], [ -98.681632880219993, 21.066769015141496 ], [ -98.681671231845499, 21.0668413599847 ], [ -98.681680660883103, 21.066931743237504 ], [ -98.681728612738894, 21.067013140632596 ], [ -98.681786183073498, 21.0671036086793 ], [ -98.681901443999493, 21.067221291204401 ], [ -98.682154766918202, 21.067445363699903 ], [ -98.682333224307897, 21.067576233119809 ], [ -98.682478551029803, 21.067698247987302 ], [ -98.682487961447194, 21.067797656691297 ], [ -98.682458956386597, 21.067860845344001 ], [ -98.682401039097812, 21.067933029846994 ], [ -98.682333406411999, 21.068050355446797 ], [ -98.682285044217394, 21.068158694251196 ], [ -98.682237170817203, 21.068303811941298 ], [ -98.682184509955107, 21.068468522207198 ], [ -98.682149730571098, 21.068683144441202 ], [ -98.682107176683616, 21.068819496789796 ], [ -98.682083378928212, 21.068938471081996 ], [ -98.682091146561305, 21.069071560953397 ], [ -98.682148862838005, 21.069089732718197 ], [ -98.6822355173814, 21.069080866663604 ], [ -98.682428337980497, 21.0689456871931 ], [ -98.682659629556497, 21.068819631136197 ], [ -98.682775244091005, 21.068774677939395 ], [ -98.682900398586895, 21.068765870814804 ], [ -98.683112163440498, 21.068775299813591 ], [ -98.683304600310805, 21.068820827162796 ], [ -98.683477736912593, 21.068884406431398 ], [ -98.683718118922798, 21.069011341934893 ], [ -98.683852731795298, 21.069083883631105 ], [ -98.684025812662995, 21.069174562333899 ], [ -98.684266001198907, 21.069400906783805 ], [ -98.684408965954205, 21.069548077600693 ], [ -98.684501871072996, 21.069677482808402 ], [ -98.684549790304203, 21.069785990280696 ], [ -98.684539810455519, 21.0699485993967 ], [ -98.684510603678405, 21.070102158997802 ], [ -98.684452563648506, 21.0702375958715 ], [ -98.6843975409992, 21.070397396155094 ], [ -98.684349120381498, 21.070532842734693 ], [ -98.684329737090493, 21.070596054094501 ], [ -98.684310369006894, 21.0706502272979 ], [ -98.684343465011608, 21.070768165587399 ], [ -98.684391453978094, 21.070840534049001 ], [ -98.68446382476732, 21.070921577588798 ], [ -98.684521503930114, 21.0709578248483 ], [ -98.684579085917093, 21.071039255587795 ], [ -98.684575867397299, 21.071115684271504 ], [ -98.684576374082795, 21.07120545623 ], [ -98.684537657192493, 21.071313790972503 ], [ -98.684527743766907, 21.071440276369703 ], [ -98.684558019044204, 21.071490444243999 ], [ -98.684605606243096, 21.071532088585894 ], [ -98.684724584294401, 21.0715677737833 ], [ -98.6848451052049, 21.071594473275496 ], [ -98.684941314270802, 21.071621752824299 ], [ -98.685018222799698, 21.071667086429297 ], [ -98.685105297936204, 21.071746234226701 ], [ -98.685194525632994, 21.071799774025994 ], [ -98.6852970982888, 21.071803122983699 ], [ -98.685402725087798, 21.071811669320201 ], [ -98.685508049746915, 21.071830231754308 ], [ -98.685575310272711, 21.071884564636999 ], [ -98.685623213636006, 21.071993075378895 ], [ -98.685603655895207, 21.072137609402994 ], [ -98.685585017672807, 21.072219297103693 ], [ -98.685536623296599, 21.072345685084393 ], [ -98.685459383478701, 21.072453983004699 ], [ -98.685353372371296, 21.0725080111342 ], [ -98.685314659270006, 21.072607324130203 ], [ -98.685324076649906, 21.072706732656197 ], [ -98.685401004163609, 21.072752055281793 ], [ -98.685487632061097, 21.072752211266199 ], [ -98.685603189939201, 21.0727343561678 ], [ -98.685689862541906, 21.072716441191805 ], [ -98.685824633463199, 21.0727166978719 ], [ -98.685969050832696, 21.072707928686096 ], [ -98.6860296389317, 21.072714049331701 ], [ -98.686116189020595, 21.0727503557675 ], [ -98.686154517919306, 21.072840786749101 ], [ -98.686144593537094, 21.072976298645901 ], [ -98.686173197387802, 21.073111869114197 ], [ -98.6862307412717, 21.073211363835597 ], [ -98.686288371621302, 21.073274720432295 ], [ -98.686374842765602, 21.073356203940705 ], [ -98.686485384405202, 21.073394011930599 ], [ -98.686598409029202, 21.073388065652395 ], [ -98.686778005417395, 21.073392622082398 ], [ -98.686901788995598, 21.073417800960595 ], [ -98.686999906112803, 21.073447174583798 ], [ -98.687086428703395, 21.073501542382694 ], [ -98.687211539890797, 21.073519836647996 ], [ -98.687417179312504, 21.073547401320695 ], [ -98.687583147794598, 21.073585029639698 ], [ -98.687702123472505, 21.073626670751498 ], [ -98.687788378136702, 21.073709950303702 ], [ -98.687832988875499, 21.073834880851596 ], [ -98.687883556205193, 21.073989539998788 ], [ -98.687918849453098, 21.074094653062495 ], [ -98.687985956674694, 21.074230297617795 ], [ -98.688062713285007, 21.074356939767 ], [ -98.688129875896706, 21.074456446101198 ], [ -98.688148926659494, 21.074555881202702 ], [ -98.688148249340401, 21.074881158663697 ], [ -98.688070651073502, 21.075161106601996 ], [ -98.688031692103294, 21.075377878128997 ], [ -98.688014559254995, 21.075506716819795 ], [ -98.688052795774496, 21.075642313692796 ], [ -98.688139210805403, 21.075750895378096 ], [ -98.688225551566404, 21.075895622369899 ], [ -98.688283115736297, 21.075986083668798 ], [ -98.688292440146995, 21.0761306664727 ], [ -98.688292228144803, 21.076230064362601 ], [ -98.688340130969806, 21.076338582449193 ], [ -98.688465088768794, 21.076438189318804 ], [ -98.688590124404698, 21.0764926405861 ], [ -98.688597364650505, 21.076496364734897 ], [ -98.688695903770196, 21.076547049220601 ], [ -98.688763040762595, 21.076664618953796 ], [ -98.688743502239305, 21.076800126889299 ], [ -98.688704807116693, 21.076890402475403 ], [ -98.6886853871477, 21.0769716987168 ], [ -98.688646656235704, 21.07708004877 ], [ -98.688617303591002, 21.077305883411999 ], [ -98.688606976762898, 21.077640172220601 ], [ -98.688609678052302, 21.077732168164395 ], [ -98.688426670069902, 21.077794295422994 ], [ -98.688324383906306, 21.077893034247793 ], [ -98.688044179214799, 21.078380431948595 ], [ -98.687793043391295, 21.078786556199002 ], [ -98.687503106578902, 21.079328153223695 ], [ -98.687444981343006, 21.079499725435003 ], [ -98.687454245550697, 21.079671419920597 ], [ -98.687540397101998, 21.079906500594799 ], [ -98.687669995956796, 21.0801856629813 ], [ -98.687819906351393, 21.080371257034699 ], [ -98.687934116166204, 21.080542571630996 ], [ -98.688062046274098, 21.080711788936995 ], [ -98.688219654641699, 21.080842387079397 ], [ -98.688257959336198, 21.080941844822298 ], [ -98.688267185859701, 21.081131629979399 ], [ -98.688289635588404, 21.081221961686794 ] ] } },
{ "type": "Feature", "properties": { "ID_OBRA": "1224_Tlahuiltepa", "No.": 1224.0, "Municipio": "Tlahuiltepa", "Rubro": "Infraestructura Carretera", "Ejercicio": 2022.0, "Obra": "Construcción de Pavimento de Concreto Hidráulico en acceso a cabecera municipal de Tlahuiltepa, Tramo: Tlahuiltepa - Itztacoyotla, municipio de Tlahuiltepa", "Localidad": "Tlahuiltepa", "Inversión": 31861378.33, "Habitantes.beneficiados": 1252.0, "Ejecutora": "DGOPI", "Trabajos": "Considera los trabajos de preliminares, riego de impregnación, piso para pavimento de concreto hidráulico.", "Geometria_tipo": "Línea", "extract": 0.42137799188120545 }, "geometry": { "type": "LineString", "coordinates": [ [ -98.511666787585497, 21.054662587876397 ], [ -98.511727553794103, 21.054714441996893 ], [ -98.511834154092099, 21.054807716621099 ], [ -98.512047352535802, 21.054971424312701 ], [ -98.512249132047316, 21.055117998662805 ], [ -98.512345821334804, 21.055184537842099 ], [ -98.512603194712895, 21.055361656312897 ], [ -98.512608521801099, 21.055365356209904 ], [ -98.512900662082302, 21.055568277728895 ], [ -98.512999137613093, 21.055647191052401 ], [ -98.5130962203759, 21.055738561876996 ], [ -98.513164748458308, 21.055818512365001 ], [ -98.513242794112301, 21.055898462086596 ], [ -98.513286576940502, 21.055959376432501 ], [ -98.513337381536019, 21.056037737353897 ], [ -98.513398886902195, 21.056132601250102 ], [ -98.51353023345321, 21.056366739885696 ], [ -98.513610183420099, 21.056509507713198 ], [ -98.513680614986001, 21.056625624705699 ], [ -98.513760564905695, 21.056747453953196 ], [ -98.513821478659821, 21.056838824746997 ], [ -98.514044196642701, 21.057152914403201 ], [ -98.514352575459398, 21.057537435249003 ], [ -98.514493439218697, 21.057722081243099 ], [ -98.514683796410907, 21.058017134075001 ], [ -98.5148893805776, 21.0583692938058 ], [ -98.514923646029203, 21.058416884141398 ], [ -98.514986462839104, 21.058491122618598 ], [ -98.515041667208806, 21.058540615926201 ], [ -98.515114002826706, 21.0585958187621 ], [ -98.515199662681198, 21.058643408466001 ], [ -98.515310070095509, 21.058689093617101 ], [ -98.515561341316996, 21.058793790059593 ], [ -98.515797384376299, 21.058879451334999 ], [ -98.515905886684806, 21.058923233250397 ], [ -98.516004873312795, 21.058976532923005 ], [ -98.516081015597706, 21.059026025922901 ], [ -98.516136218608494, 21.059075517973401 ], [ -98.516172387172105, 21.059115493073296 ], [ -98.516197132682805, 21.059182117908797 ], [ -98.516218073284605, 21.0592582605789 ], [ -98.516212361585303, 21.0593305966445 ], [ -98.516178097917901, 21.059416257126898 ], [ -98.516132411871496, 21.059471461249899 ], [ -98.516084822972005, 21.059511436286297 ], [ -98.516006775603998, 21.059562831938699 ], [ -98.515949669468796, 21.059595192838394 ], [ -98.515892561750903, 21.059616132134799 ], [ -98.515919988868902, 21.0597711510983 ], [ -98.515953301334505, 21.059947231047399 ], [ -98.515991371606603, 21.060040030418701 ], [ -98.516048479305198, 21.060099515594395 ], [ -98.516148417021896, 21.060163762411907 ], [ -98.516226938731805, 21.060189935580198 ], [ -98.5163459118899, 21.060199454302097 ], [ -98.516460126016298, 21.060178038637194 ], [ -98.516588617473701, 21.060116173439202 ], [ -98.516793250584399, 21.0600067169498 ], [ -98.516871772745901, 21.059966266801997 ], [ -98.516993124834897, 21.059932954359699 ], [ -98.517207276932396, 21.059902020799402 ], [ -98.517407151683798, 21.059899642369302 ], [ -98.517545160276896, 21.059913919035292 ], [ -98.517661754329595, 21.059956748817498 ], [ -98.517795004079503, 21.060035271148401 ], [ -98.517916356325699, 21.0600852404432 ], [ -98.517990120470998, 21.060116172671396 ], [ -98.518049605641508, 21.060120932325102 ], [ -98.518106712953696, 21.060104275055703 ], [ -98.518130507785202, 21.060070963282296 ], [ -98.5181424051638, 21.060023374434401 ], [ -98.518135266778501, 21.059961508141701 ], [ -98.518118610209399, 21.059873468360394 ], [ -98.518071020554004, 21.059759253962305 ], [ -98.518047227351005, 21.059711664144999 ], [ -98.517968704338699, 21.059606968326097 ], [ -98.517856869884497, 21.059471339379396 ], [ -98.517799763209794, 21.059383298589491 ], [ -98.517780727183606, 21.059342848417693 ], [ -98.517764070636602, 21.059304775874001 ], [ -98.517756931740095, 21.059261946133901 ], [ -98.517771208983206, 21.059173905589095 ], [ -98.517787864533403, 21.059076347634299 ], [ -98.517787864876098, 21.059033518283702 ], [ -98.517787864708396, 21.058954995696404 ], [ -98.517785486149705, 21.058881231598694 ], [ -98.517797383465705, 21.058828883850996 ], [ -98.517818798072298, 21.058750362418305 ], [ -98.517847351527294, 21.058648044972895 ], [ -98.517885422787202, 21.0585576260778 ], [ -98.517897320898399, 21.058498138590696 ], [ -98.517890181924898, 21.058450549934392 ], [ -98.517871146772094, 21.058398202026403 ], [ -98.517837834469603, 21.058364889017792 ], [ -98.517783105565215, 21.058333955654302 ], [ -98.517706963749504, 21.058293505987294 ], [ -98.517626062098998, 21.058245915687895 ], [ -98.517585610652205, 21.058210224131791 ], [ -98.517549919480004, 21.058136461192095 ], [ -98.517509468200913, 21.058034143868102 ], [ -98.517459499892993, 21.057898515085498 ], [ -98.517338147467896, 21.057667706608999 ], [ -98.517295317127804, 21.057572529433404 ], [ -98.517288179323998, 21.0575225599395 ], [ -98.517295316957401, 21.057472592158398 ], [ -98.517314353184403, 21.057394069440896 ], [ -98.517345286321998, 21.057310788173897 ], [ -98.517407152194295, 21.057198952724196 ], [ -98.517523745000304, 21.057013356310396 ], [ -98.517554678254896, 21.056953868686701 ], [ -98.5175879909348, 21.056899141310797 ], [ -98.517635580304301, 21.056801584445491 ], [ -98.517666513434705, 21.056739717790691 ], [ -98.517706964325001, 21.056694507711693 ], [ -98.517752173038716, 21.0566516765833 ], [ -98.517804521985497, 21.056620743580304 ], [ -98.517871146590096, 21.056611226906895 ], [ -98.517930633180995, 21.056611226763099 ], [ -98.518030570463793, 21.056620744456197 ], [ -98.518135266573793, 21.056632641947495 ], [ -98.518205160154096, 21.056645186993897 ], [ -98.518301614520695, 21.056647085078303 ], [ -98.51848126413131, 21.056651843713997 ], [ -98.518765610401317, 21.056644706477002 ], [ -98.518934550599297, 21.056637567265788 ], [ -98.518969053610803, 21.056636378334797 ], [ -98.519027349702412, 21.056642326021592 ], [ -98.5190868374128, 21.056648275254801 ], [ -98.5191260982145, 21.056645895348595 ], [ -98.519179636043404, 21.056632808293401 ], [ -98.519228414825605, 21.056609014414803 ], [ -98.519283141712407, 21.056570941621295 ], [ -98.519317645223296, 21.056551906898601 ], [ -98.519356906176995, 21.0565185944142 ], [ -98.519393786918101, 21.056491230386495 ], [ -98.519438996730116, 21.056474574215095 ], [ -98.519488966358296, 21.056461486905697 ], [ -98.519540123838397, 21.0564519691942 ], [ -98.519600801062793, 21.056453159077105 ], [ -98.519647200089594, 21.056455538277195 ], [ -98.519715014539699, 21.056457918378495 ], [ -98.519763793718198, 21.056453159119801 ], [ -98.519822090264498, 21.056442450767296 ], [ -98.519893473824197, 21.056412708463991 ], [ -98.519957720103505, 21.056380585024499 ], [ -98.520017205941102, 21.056357981309898 ], [ -98.520055278034206, 21.056359170406896 ], [ -98.520100486780606, 21.056374637441596 ], [ -98.52018257901122, 21.0564257952818 ], [ -98.520338433352194, 21.056542389383697 ], [ -98.520430042614294, 21.056601874755703 ], [ -98.520497856632304, 21.056647084824608 ], [ -98.520569241064607, 21.056673259324295 ], [ -98.5206525219848, 21.056685156268799 ], [ -98.520715577745904, 21.056686346142001 ], [ -98.520801238623008, 21.056686345651698 ], [ -98.520878729661007, 21.056691105392002 ], [ -98.5209429748612, 21.056701098968805 ], [ -98.5209986546908, 21.0567068100085 ], [ -98.521054334280095, 21.056711093443496 ], [ -98.521107157749597, 21.056702526862001 ], [ -98.521167119786696, 21.0566739734038 ], [ -98.521242787133104, 21.056615437901197 ], [ -98.521258364699904, 21.056608248098101 ], [ -98.5214607464777, 21.056542293722799 ], [ -98.521636825886802, 21.0564709097861 ], [ -98.521870013118004, 21.056442355862298 ], [ -98.522103200261299, 21.056413803423595 ], [ -98.522317352362094, 21.056409044150502 ], [ -98.522460119639504, 21.056437596989092 ], [ -98.522626681881206, 21.056508980908195 ], [ -98.522826557279004, 21.056632713311995 ], [ -98.522931253402106, 21.0566945787854 ], [ -98.523050225950215, 21.056756445426394 ], [ -98.523154922010207, 21.056794517060897 ], [ -98.5232643773966, 21.056842106277596 ], [ -98.523326242633601, 21.056918248241097 ], [ -98.523373832581612, 21.057032463063305 ], [ -98.523430940329007, 21.057222819303 ], [ -98.523478529279004, 21.057351309951802 ], [ -98.523549913034799, 21.0574750424474 ], [ -98.523649850070896, 21.057622569174402 ], [ -98.523768822738106, 21.057755819138801 ], [ -98.523906831582806, 21.057884310145095 ], [ -98.524082912079606, 21.057993765407897 ], [ -98.524206643993793, 21.0580889425793 ], [ -98.524282787106316, 21.058188880847496 ], [ -98.524363687653604, 21.058312613455399 ], [ -98.524371396783806, 21.058328032188196 ], [ -98.524395572620804, 21.058375429774799 ], [ -98.524421746634602, 21.0583992253788 ], [ -98.524478854187507, 21.058425398942198 ], [ -98.524576411823304, 21.058434916989402 ], [ -98.524643036615402, 21.058437296326499 ], [ -98.524726318149902, 21.058437296250098 ], [ -98.524776286587894, 21.058432537081295 ], [ -98.524831014209695, 21.058449194158495 ], [ -98.524940470312202, 21.058511059983495 ], [ -98.525059443399201, 21.058606237691304 ], [ -98.525116549974598, 21.058644308794996 ], [ -98.525206969438798, 21.058682380835798 ], [ -98.525280732689794, 21.058715693439993 ], [ -98.525333080674002, 21.058756143734897 ], [ -98.525392566642907, 21.058791836062404 ], [ -98.525447294963598, 21.0588013541118 ], [ -98.525504402423294, 21.058791835875699 ], [ -98.525547231744298, 21.058772799652992 ], [ -98.525590062831895, 21.058737107650899 ], [ -98.525653174221915, 21.058663333133996 ], [ -98.525563943918002, 21.058502719935888 ], [ -98.525424151333496, 21.058255851273501 ], [ -98.525082102766007, 21.057586626882898 ], [ -98.524793593358694, 21.056976890374898 ], [ -98.524754926769901, 21.056890634603498 ], [ -98.524731133057003, 21.056831147920999 ], [ -98.524713287349599, 21.0567478670024 ], [ -98.524704363590203, 21.056667560184401 ], [ -98.524704363870001, 21.056593201913195 ], [ -98.524714581554207, 21.056502746827199 ], [ -98.524720366460201, 21.056480291176904 ], [ -98.524738851687701, 21.056408520843696 ], [ -98.524767405861397, 21.056342846820801 ], [ -98.524893041889413, 21.056075871839901 ], [ -98.524981557250399, 21.055900267822096 ], [ -98.525018331602197, 21.055841150201395 ], [ -98.5250647323804, 21.055766197010396 ], [ -98.525121838826195, 21.055698381847193 ], [ -98.525221776125093, 21.055619860202398 ], [ -98.525346697627995, 21.055569891365799 ], [ -98.525639371218105, 21.055502077153498 ], [ -98.52624613391022, 21.055434262177801 ], [ -98.526817204859597, 21.055370016684105 ], [ -98.5272026770552, 21.055295063665298 ], [ -98.527277630006907, 21.055270078948293 ], [ -98.527603205244219, 21.055107698435293 ], [ -98.528084039822005, 21.054981690395095 ], [ -98.528524234763196, 21.054850820118897 ], [ -98.528964434098796, 21.054755635671 ], [ -98.529380842588495, 21.054696149751095 ], [ -98.529642586202812, 21.054672359863392 ], [ -98.5298983751848, 21.054654516434198 ], [ -98.530288028916303, 21.054640077755895 ], [ -98.530882894121802, 21.054598437469103 ], [ -98.531097046379202, 21.054574643120198 ], [ -98.531334991812997, 21.054556797063899 ], [ -98.531590783685303, 21.054497309799896 ], [ -98.531804935308898, 21.054390234684895 ], [ -98.531977445750599, 21.0543069539711 ], [ -98.532144009247503, 21.054229620946696 ], [ -98.532257033161997, 21.054193928931298 ], [ -98.532411697709904, 21.054116597213799 ], [ -98.532542568038295, 21.054051160903999 ], [ -98.532685335553296, 21.053973828724398 ], [ -98.53279241229302, 21.053926240287701 ], [ -98.532935179023397, 21.053860804759005 ], [ -98.533079827272601, 21.053769779793292 ], [ -98.5332802014414, 21.053664499091202 ], [ -98.533464608917399, 21.053557423249604 ], [ -98.533672811940093, 21.053462245234599 ], [ -98.533857220640897, 21.053408707132299 ], [ -98.5340356801307, 21.053349219888201 ], [ -98.534285522819999, 21.053307579634595 ], [ -98.534422342986502, 21.053265939247098 ], [ -98.5345651099083, 21.053212401000795 ], [ -98.534755466533412, 21.053152914861904 ], [ -98.534933927479599, 21.053057736050995 ], [ -98.535094540129094, 21.052968506792897 ], [ -98.5352313585974, 21.052837636034699 ], [ -98.535522842612295, 21.052611588402801 ], [ -98.535629919125512, 21.052504511966401 ], [ -98.535832173419195, 21.052391487298095 ], [ -98.536058222268494, 21.052290360079798 ], [ -98.536248578801604, 21.052242770914788 ], [ -98.536397295128694, 21.052153541350602 ], [ -98.536599549215495, 21.052046466443397 ], [ -98.5368672388813, 21.051897749439799 ], [ -98.537051647432094, 21.051790674127997 ], [ -98.537426411669102, 21.051600317471699 ], [ -98.537664357718697, 21.0514278057654 ], [ -98.537997482757518, 21.0512077057083 ], [ -98.538390094452495, 21.050957862212595 ], [ -98.5387470134457, 21.050708019380696 ], [ -98.539020650887821, 21.050517661949396 ], [ -98.539234802307007, 21.050374893830302 ], [ -98.539365673247104, 21.0502737669167 ], [ -98.539550080917508, 21.050172640414001 ], [ -98.540010998350894, 21.049878961389496 ], [ -98.540311508185994, 21.049649159228796 ], [ -98.540531609263994, 21.0495182879441 ], [ -98.540680325135398, 21.049423110142598 ], [ -98.541055090296695, 21.049214906716205 ], [ -98.541263293410097, 21.049143522889004 ], [ -98.541465546748199, 21.049036447452199 ], [ -98.5418403124051, 21.048869885420999 ], [ -98.542304307042301, 21.048625989633202 ], [ -98.542625534437903, 21.048507017353892 ], [ -98.542768302386705, 21.048441582410504 ], [ -98.543012196862804, 21.048304763321404 ], [ -98.543256091188013, 21.048179840761495 ], [ -98.5434880889742, 21.048060868212396 ], [ -98.543672497279204, 21.047971639435897 ], [ -98.543821213117596, 21.047965690456497 ], [ -98.544065107584302, 21.047983535718799 ], [ -98.544332798150904, 21.047989485206198 ], [ -98.544576691570995, 21.048001381739297 ], [ -98.544755152321898, 21.047977587259595 ], [ -98.544856279427407, 21.0479240488113 ], [ -98.545046635556204, 21.047852665789197 ], [ -98.545266735926702, 21.047727744361797 ], [ -98.545409504207797, 21.047644463181701 ], [ -98.545522527578996, 21.047602822322293 ], [ -98.545611757898499, 21.047596872598199 ], [ -98.545671243970503, 21.0475968726217 ], [ -98.545748576586902, 21.047602822244002 ], [ -98.545808062863102, 21.047561181740004 ], [ -98.545897292609197, 21.047519541184997 ], [ -98.546016266088301, 21.0473946186655 ], [ -98.546129290957197, 21.0473291836127 ], [ -98.546230418455593, 21.047305389725903 ], [ -98.546325596476308, 21.047251851665795 ], [ -98.546379133802802, 21.047198314443801 ], [ -98.546379134310101, 21.047103134774698 ], [ -98.546373185050001, 21.047013906192504 ], [ -98.546396979611302, 21.046912777886398 ], [ -98.546444569255897, 21.046829497436001 ], [ -98.546510003679501, 21.046758112693503 ], [ -98.546605182767095, 21.046716473171401 ], [ -98.546747951404896, 21.046716472711999 ], [ -98.546890717933195, 21.046752164619996 ], [ -98.547015640089398, 21.046823549226403 ], [ -98.547235740104895, 21.046960367729397 ], [ -98.547503428917196, 21.047091238179497 ], [ -98.547913886129095, 21.0472696979785 ], [ -98.548264856927602, 21.047424363007202 ], [ -98.548633673220095, 21.047537387242603 ], [ -98.548758595404394, 21.047537387398499 ], [ -98.548877567710704, 21.047477899834199 ], [ -98.548931105996701, 21.047406516905795 ], [ -98.549020336151798, 21.047263748812096 ], [ -98.549163843696405, 21.047162991048801 ], [ -98.549276127631998, 21.047091237981295 ], [ -98.549371305787602, 21.047013906206601 ], [ -98.549477502711895, 21.0468701970842 ], [ -98.549582197325805, 21.046772466817199 ], [ -98.549675282875, 21.046724206107996 ], [ -98.549727035995602, 21.046706954628601 ], [ -98.549839895552097, 21.046655151939799 ], [ -98.549915210025802, 21.046642054940101 ], [ -98.549987674858798, 21.046637841185699 ], [ -98.550186271793805, 21.046680780886792 ], [ -98.550357222381109, 21.046717742583795 ], [ -98.550466384707505, 21.046732371443397 ], [ -98.550555087990602, 21.046704576466301 ], [ -98.550596729111305, 21.046686729651096 ], [ -98.550638368886609, 21.046585602714703 ], [ -98.550622972879097, 21.046494272925301 ], [ -98.550632128736396, 21.0464003335792 ], [ -98.550643735474594, 21.046316192366 ], [ -98.550669389862506, 21.046196631607497 ], [ -98.550674060708602, 21.046175146048597 ], [ -98.550674061159398, 21.046038326721096 ], [ -98.550668113139196, 21.0459609942403 ], [ -98.550659467470396, 21.045944566723399 ], [ -98.550608626093805, 21.045847970444491 ], [ -98.550513447954202, 21.045669510084601 ], [ -98.550442064376412, 21.045520793878794 ], [ -98.550376629286617, 21.045336386411797 ], [ -98.550376628929101, 21.045211463974596 ], [ -98.550436114967297, 21.045104388391891 ], [ -98.550519395817403, 21.045009210275396 ], [ -98.550656214541903, 21.044914030912896 ], [ -98.550840622552997, 21.044902134456599 ], [ -98.551019082872003, 21.044919980156795 ], [ -98.551108312884793, 21.044908083130299 ], [ -98.551161851064194, 21.0448485963501 ], [ -98.551274874563504, 21.044646342042508 ], [ -98.551364104633294, 21.044515471323397 ], [ -98.551465232013896, 21.044366755422896 ], [ -98.551578255651094, 21.044247781933105 ], [ -98.551691280548496, 21.0441228603665 ], [ -98.551792408398896, 21.044081220016295 ], [ -98.551935175586195, 21.044093116579401 ], [ -98.552000610770406, 21.044122860114399 ], [ -98.552066045580602, 21.0441823472419 ], [ -98.552131480596003, 21.044289422869099 ], [ -98.552179069688094, 21.0443727037208 ], [ -98.552256403070302, 21.044426241598696 ], [ -98.552369427150396, 21.044420293145496 ], [ -98.552440810524999, 21.044348909058094 ], [ -98.552476502757699, 21.044241833311904 ], [ -98.552512195249506, 21.044105013937095 ], [ -98.552512195148907, 21.044003887074396 ], [ -98.552535989282305, 21.043884913797093 ], [ -98.552643064930393, 21.043801632704596 ], [ -98.552851267605107, 21.0437183519815 ], [ -98.553124905995105, 21.043641020290099 ], [ -98.553386646663114, 21.043599379236795 ], [ -98.553582952222001, 21.0435517895937 ], [ -98.553736209706614, 21.043466810262405 ], [ -98.553964636573099, 21.043388295926089 ], [ -98.554100264169406, 21.043338321013 ], [ -98.5543144162869, 21.043288350425595 ], [ -98.554507150848409, 21.0432312450993 ], [ -98.554642784797096, 21.043188414957498 ], [ -98.554821244961801, 21.043138441456495 ], [ -98.554992559862114, 21.0430599261101 ], [ -98.555121053189794, 21.042988545804704 ], [ -98.555278100423607, 21.042910020828792 ], [ -98.555485114113594, 21.042788665770995 ], [ -98.555706404456998, 21.042710140332801 ], [ -98.555913410889005, 21.042660177036293 ], [ -98.556077599794193, 21.042617347149697 ], [ -98.556198951024598, 21.0425887959404 ], [ -98.556391685785599, 21.042503136580599 ], [ -98.556513041473494, 21.042431741993497 ], [ -98.556634393252594, 21.042374636794797 ], [ -98.556862823519296, 21.042267561222701 ], [ -98.556919925289904, 21.042246151614197 ], [ -98.557005588249694, 21.042181901881001 ], [ -98.557134081041198, 21.042131942054297 ], [ -98.557199917705404, 21.042118080695101 ], [ -98.557269706696303, 21.042103386601802 ], [ -98.557369641719717, 21.042139071974695 ], [ -98.557478051594401, 21.042211417007302 ], [ -98.557483858960296, 21.042210451785394 ], [ -98.557583797808704, 21.042239018050108 ], [ -98.557690874360404, 21.042274701946493 ], [ -98.557769746308196, 21.042288590384896 ], [ -98.557833641885807, 21.042346086244393 ], [ -98.558004963845704, 21.0423817816515 ], [ -98.558069206719907, 21.0424103361246 ], [ -98.558233390941894, 21.0424246123929 ], [ -98.558361883920512, 21.042446021382094 ], [ -98.5585189243576, 21.042481717114697 ], [ -98.5587188005222, 21.042467440678397 ], [ -98.558833009801702, 21.042438887107192 ], [ -98.558968636886902, 21.042388916396504 ], [ -98.559041876267798, 21.0423575303913 ], [ -98.559111412616303, 21.042367506959401 ], [ -98.559182792784796, 21.042417467232202 ], [ -98.559282734925105, 21.042481716936695 ], [ -98.5593612486783, 21.0425245459171 ], [ -98.559432637463004, 21.042567376271602 ], [ -98.559568266890693, 21.042610205915299 ], [ -98.559661063746503, 21.042624481039898 ], [ -98.559839523926712, 21.042553097358198 ], [ -98.559925184097693, 21.042495992233604 ], [ -98.560025117851694, 21.042424611931601 ], [ -98.560103644452198, 21.042374637060792 ], [ -98.560224999149497, 21.042331807030902 ], [ -98.560274965935406, 21.0423746367237 ], [ -98.560346353823107, 21.042474572261302 ], [ -98.560467701124395, 21.042531690785097 ], [ -98.560581918734101, 21.042588796212598 ], [ -98.560639024440505, 21.042667310612899 ], [ -98.560674715665414, 21.042717281917295 ], [ -98.560746103719893, 21.042810085644799 ], [ -98.560810342078113, 21.042910020584294 ], [ -98.560860313108904, 21.042981401094004 ], [ -98.560917421686199, 21.043024230981604 ], [ -98.561003084964796, 21.043031376086596 ], [ -98.561110158199398, 21.043017101083997 ], [ -98.561217236668995, 21.042988546473005 ], [ -98.561288617681896, 21.042931429999705 ], [ -98.561374277247694, 21.042867190688103 ], [ -98.561481356522293, 21.042838636813503 ], [ -98.561638399762103, 21.042817215984492 ], [ -98.561724058531794, 21.042810085675903 ], [ -98.561938210690101, 21.042767256049601 ], [ -98.562016728715605, 21.042752980964202 ], [ -98.562102396220297, 21.04270300639779 ], [ -98.562230880798495, 21.042645901095696 ], [ -98.562352236416004, 21.042588796313193 ], [ -98.562516421240801, 21.042517411895602 ], [ -98.5626020801256, 21.042474572310002 ], [ -98.562680606015107, 21.042488850627297 ], [ -98.562759120133407, 21.042538822349702 ], [ -98.562816232110407, 21.042624481251597 ], [ -98.562859054652904, 21.042710140429705 ], [ -98.562894750239195, 21.042874320638195 ], [ -98.562894749670619, 21.043002822189401 ], [ -98.562916171297999, 21.043188414831601 ], [ -98.562909032590696, 21.043324045931698 ], [ -98.5628947495548, 21.043459680340895 ], [ -98.562894750204407, 21.043552469444496 ], [ -98.562851920681297, 21.043688100001791 ], [ -98.562859055129493, 21.0438237298522 ], [ -98.5628590551092, 21.043923665051999 ], [ -98.56293758734482, 21.043973640356395 ], [ -98.5630089676512, 21.0440235990439 ], [ -98.563066073287203, 21.044045019721899 ], [ -98.563116040431595, 21.044009335435302 ], [ -98.563144597611398, 21.043952219238101 ], [ -98.563187428354496, 21.043845151336804 ], [ -98.563237394612401, 21.043773759085497 ], [ -98.563273087321406, 21.0437166539717 ], [ -98.563315921052606, 21.043652414769596 ], [ -98.563358749690707, 21.0435453359703 ], [ -98.563380166533705, 21.043438256367601 ], [ -98.563387305167296, 21.043309771346195 ], [ -98.563387305441609, 21.043202690934997 ], [ -98.563437272329793, 21.043038505890799 ], [ -98.56343727164321, 21.042895744650497 ], [ -98.563480102303302, 21.042667311255798 ], [ -98.563508652212207, 21.042553096609499 ], [ -98.563544343759602, 21.0424817172849 ], [ -98.563586544081303, 21.042482767131599 ], [ -98.563665699326506, 21.042488850592701 ], [ -98.563701390739695, 21.042560242421995 ], [ -98.563737080097411, 21.042645901147296 ], [ -98.563765633883108, 21.0427315614291 ], [ -98.563794192298801, 21.042795811415896 ], [ -98.563858434981299, 21.042831495365295 ], [ -98.563951231665996, 21.0428671911063 ], [ -98.5640797237984, 21.0429028870916 ], [ -98.564193941845602, 21.0429885456176 ], [ -98.564279601458495, 21.043095610734301 ], [ -98.564315292903103, 21.043159860850096 ], [ -98.564336705545799, 21.0432098363639 ], [ -98.564379536430707, 21.043288349989496 ], [ -98.564479474200098, 21.0434097049557 ], [ -98.564536582679594, 21.043495364184896 ], [ -98.564586553735893, 21.043566756273101 ], [ -98.564643658826498, 21.043545335940401 ], [ -98.564657937835406, 21.043481084686295 ], [ -98.564665075376794, 21.043352599592801 ], [ -98.564672212604904, 21.043202690640392 ], [ -98.564629383336097, 21.043024231020691 ], [ -98.564550858432, 21.042888599938003 ], [ -98.564493753055999, 21.042802940718794 ], [ -98.564422368971194, 21.042752980832301 ], [ -98.564336706064907, 21.0427030060028 ], [ -98.564336706468097, 21.042610206037001 ], [ -98.564443786361295, 21.0425388224497 ], [ -98.564515166298904, 21.042553096970696 ], [ -98.564593691461596, 21.042567376212396 ], [ -98.564779284810101, 21.042510270683 ], [ -98.564900640016504, 21.042510271461097 ], [ -98.565000574961104, 21.042510270643096 ], [ -98.565079100351795, 21.042481717305201 ], [ -98.565186173010602, 21.042424611881096 ], [ -98.565264698228503, 21.042424612155898 ], [ -98.565364633152399, 21.042410336079698 ], [ -98.565485988384097, 21.042353230843499 ], [ -98.565550233724807, 21.042353230622098 ], [ -98.565650172947599, 21.042303257291 ], [ -98.565750107297504, 21.042253282080299 ], [ -98.565833189250696, 21.042185332992904 ], [ -98.565857178546395, 21.042153347474997 ], [ -98.565978535217198, 21.042039137186695 ], [ -98.566107024085994, 21.041989163290495 ], [ -98.566206957549298, 21.041932057959194 ], [ -98.566264074149899, 21.041867808344293 ], [ -98.566328312583195, 21.041760742707101 ], [ -98.566399700959806, 21.041653662754502 ], [ -98.566542468659705, 21.041518033102605 ], [ -98.566706654307694, 21.0414609277619 ], [ -98.566835142961196, 21.041418097600499 ], [ -98.566920795170304, 21.041375268437797 ], [ -98.567042150382704, 21.041311017761998 ], [ -98.567206337974298, 21.041246767635503 ], [ -98.567299134834499, 21.041175388302495 ], [ -98.567341964987193, 21.041096873876501 ], [ -98.567377659988693, 21.041011214145101 ], [ -98.56740621544111, 21.040911268414899 ], [ -98.567409760822699, 21.040767028878395 ], [ -98.567456182284005, 21.040654293797797 ], [ -98.567520424909603, 21.040568635289894 ], [ -98.567706018964799, 21.040433004238803 ], [ -98.567920174405018, 21.0403616087636 ], [ -98.568012970644006, 21.040340203893404 ], [ -98.568141463630297, 21.040318783047297 ], [ -98.568227123135401, 21.040283094815901 ], [ -98.568298510769296, 21.040225989795196 ], [ -98.568362753738398, 21.040197439292495 ], [ -98.568448413258693, 21.040140319847595 ], [ -98.568591180526198, 21.040104635448301 ], [ -98.568691123018993, 21.040054663901397 ], [ -98.56878392037332, 21.039983280113599 ], [ -98.568869583431194, 21.039904766403897 ], [ -98.568940967139199, 21.039840515888301 ], [ -98.569062314789704, 21.039790545085999 ], [ -98.569147977956007, 21.039747714797489 ], [ -98.569190807720105, 21.039690610192203 ], [ -98.569262183773802, 21.039597805796099 ], [ -98.569333571888194, 21.039490729958697 ], [ -98.5693978222113, 21.039390794768394 ], [ -98.569476339853694, 21.039305136404998 ], [ -98.569604829091901, 21.039255160701504 ], [ -98.569747603836817, 21.039269440279991 ], [ -98.569868951609195, 21.039319411439298 ], [ -98.569990307449103, 21.039362240939901 ], [ -98.570147354101707, 21.039405070254297 ], [ -98.570332951744703, 21.039462186109699 ], [ -98.570532820935398, 21.0395335704094 ], [ -98.570682730805103, 21.039569254969102 ], [ -98.570911158044112, 21.039626359996298 ], [ -98.570932567150507, 21.039690609771501 ], [ -98.570904019569397, 21.039747714736201 ], [ -98.570832631945009, 21.039840516190502 ], [ -98.570675592968399, 21.039947595024501 ], [ -98.570539954984596, 21.040040384957795 ], [ -98.570454303130703, 21.040068939116999 ], [ -98.570375781543405, 21.040054664405893 ], [ -98.570254425907393, 21.040040385282897 ], [ -98.570146157841705, 21.040084008298496 ], [ -98.570116419176912, 21.040119707920898 ], [ -98.570039085923113, 21.040125652802804 ], [ -98.56993795910391, 21.040125652687902 ], [ -98.569854676777098, 21.040125653394803 ], [ -98.569771394437694, 21.040101862907804 ], [ -98.569694065016506, 21.040107813063699 ], [ -98.569610782218703, 21.040119707871195 ], [ -98.569545346772202, 21.040155392001299 ], [ -98.569485861755595, 21.040185142258501 ], [ -98.569444217346401, 21.040238678237298 ], [ -98.569408524594806, 21.040292218438704 ], [ -98.569354991920505, 21.040339797950701 ], [ -98.569313347408098, 21.0403933384125 ], [ -98.569283604575404, 21.040452827217496 ], [ -98.569271709668499, 21.040500417327902 ], [ -98.569271710473203, 21.040548007763398 ], [ -98.569271710084394, 21.040589652892798 ], [ -98.569271709726394, 21.040631287179501 ], [ -98.569295507084803, 21.040661036947991 ], [ -98.569331195235407, 21.040661037016701 ], [ -98.569384734990507, 21.0406431822414 ], [ -98.569450170430514, 21.040625337701997 ], [ -98.569563195010801, 21.040595601968999 ], [ -98.569652420161106, 21.040607497121499 ], [ -98.569694064598195, 21.040649126604496 ], [ -98.569777346962894, 21.040690772016003 ], [ -98.569848730993101, 21.040738366916099 ], [ -98.569932006226395, 21.040768112592904 ], [ -98.570027190984206, 21.040803798420097 ], [ -98.570122368832898, 21.040857337254 ], [ -98.570229440572305, 21.040910877194001 ], [ -98.570300828744493, 21.040958457460395 ], [ -98.570390053022194, 21.040988207111294 ], [ -98.570473335773798, 21.0410298521867 ], [ -98.570650018530415, 21.041087641819601 ], [ -98.570764820534094, 21.0411964172791 ], [ -98.570842150839994, 21.041238050758896 ], [ -98.570913538374811, 21.041285640708598 ], [ -98.570996821062906, 21.041339180655001 ], [ -98.571086045266796, 21.041398667303998 ], [ -98.571127689716903, 21.0414284058341 ], [ -98.571157432883496, 21.041464102098498 ], [ -98.571181230466493, 21.041565232293802 ], [ -98.571222868191896, 21.041612811211795 ], [ -98.571300196883399, 21.041654456228201 ], [ -98.571395374841501, 21.041690141281293 ], [ -98.571508396224004, 21.041719890722195 ], [ -98.571567888698098, 21.0417555914314 ], [ -98.5716083421826, 21.041755591290801 ], [ -98.571727308794394, 21.041782944922002 ], [ -98.571846284263898, 21.041821021724196 ], [ -98.571965261615006, 21.041863851077199 ], [ -98.572084226049796, 21.041887640886898 ], [ -98.572188929089293, 21.041906680943502 ], [ -98.572322179267999, 21.041925721386395 ], [ -98.572431631316206, 21.041935235457903 ], [ -98.572560128035903, 21.041954274600201 ], [ -98.572755244291898, 21.041978064778402 ], [ -98.572902764740306, 21.042001855317 ], [ -98.5730788447637, 21.042030415879395 ], [ -98.573240653431597, 21.042020891386105 ], [ -98.573331073126496, 21.041978064619105 ], [ -98.573388177617602, 21.041939996270301 ], [ -98.5734452794497, 21.041887641093595 ], [ -98.573479876376595, 21.041802495917597 ], [ -98.573483352070895, 21.041692524636595 ], [ -98.573476348193395, 21.0416067211954 ], [ -98.573473837438897, 21.041564036100901 ], [ -98.573483351868703, 21.041521205893698 ], [ -98.573461379767707, 21.041426048471692 ], [ -98.573378660044597, 21.041292775379492 ], [ -98.573240653012107, 21.0412118772973 ], [ -98.573154992969208, 21.0411500108494 ], [ -98.573045532805693, 21.041088142406696 ], [ -98.5729218051423, 21.041045311814301 ], [ -98.572831376803805, 21.041012007732796 ], [ -98.572740960677095, 21.040997721381004 ], [ -98.5726553050729, 21.040969167376005 ], [ -98.572583920551907, 21.040940615782102 ], [ -98.572569180111202, 21.040902733871501 ], [ -98.572568301143804, 21.040902487705001 ], [ -98.572536330828115, 21.040807366465796 ], [ -98.572512533728101, 21.040712192588092 ], [ -98.572469703594393, 21.040569428276797 ], [ -98.572450670653495, 21.040474247396801 ], [ -98.572417356034705, 21.040383826590201 ], [ -98.572388805277598, 21.040302929344897 ], [ -98.572325910657497, 21.0402026026687 ], [ -98.572096339685103, 21.039899126100799 ], [ -98.572012725604495, 21.039736672926697 ], [ -98.571979533930602, 21.039603363922698 ], [ -98.571960500917797, 21.039489154392303 ], [ -98.571960500987302, 21.039374928633496 ], [ -98.571970018932902, 21.039279759044302 ], [ -98.572008091554494, 21.039170298646194 ], [ -98.572088993691807, 21.039075125336304 ], [ -98.572155613476511, 21.039013259446701 ], [ -98.572227000952907, 21.038956153639997 ], [ -98.572298380796795, 21.038894285213395 ], [ -98.572374526324793, 21.038799099792293 ], [ -98.5725270920707, 21.038622654919799 ], [ -98.572536330842397, 21.038508810176797 ], [ -98.572545849204303, 21.038375559859595 ], [ -98.572550605716501, 21.0382756256171 ], [ -98.572550605878206, 21.038090020015492 ], [ -98.572564880775701, 21.037942494843008 ], [ -98.572555362840205, 21.037833045644494 ], [ -98.572555363224112, 21.037680756340798 ], [ -98.572536331254099, 21.037552270884003 ], [ -98.572479225678606, 21.037399980737696 ], [ -98.572460186116103, 21.037271491636403 ], [ -98.572460186098709, 21.037185822290795 ], [ -98.572474461237903, 21.037114441316994 ], [ -98.572555362899806, 21.037019271354698 ], [ -98.572626751299296, 21.036957401878801 ], [ -98.572707653175897, 21.036843192399498 ], [ -98.572798073326396, 21.03677180759 ], [ -98.572864693247595, 21.036633797174499 ], [ -98.572978910128398, 21.0364910325792 ], [ -98.573040772250295, 21.0364244017197 ], [ -98.573112159849501, 21.036324467598092 ], [ -98.573207337098907, 21.036229283453995 ], [ -98.573269207464506, 21.036115072893097 ], [ -98.573350105059305, 21.036029413202492 ], [ -98.573402456800196, 21.0359294790651 ], [ -98.573440522322997, 21.035843807624197 ], [ -98.573454805411501, 21.0357153226911 ], [ -98.573421488738205, 21.035658218350097 ], [ -98.573335830292706, 21.035567793738792 ], [ -98.573226369649504, 21.035482137869398 ], [ -98.573112159519994, 21.035405993341996 ], [ -98.572955112830215, 21.035386954354902 ], [ -98.572717171210996, 21.035372677809804 ], [ -98.572583921166199, 21.035391713923602 ], [ -98.572431631179597, 21.035396479391601 ], [ -98.572265073891501, 21.035429783354701 ], [ -98.572122298479101, 21.035463098214599 ], [ -98.572022363620803, 21.035529728688097 ], [ -98.571917672246499, 21.035643939404899 ], [ -98.571870081151303, 21.035724833875896 ], [ -98.571832011884396, 21.035810504040693 ], [ -98.571774904097893, 21.035938992995501 ], [ -98.571717791267005, 21.036072242678696 ], [ -98.571670204392206, 21.036200732083405 ], [ -98.571627374741098, 21.036324468177099 ], [ -98.571527440184994, 21.036524337372605 ], [ -98.571451295060896, 21.036629032230195 ], [ -98.571365631999001, 21.036686136985288 ], [ -98.571156245433997, 21.036757532698797 ], [ -98.571003955291303, 21.0368146372487 ], [ -98.570808843265397, 21.036876496423591 ], [ -98.570509031412101, 21.037009746297198 ], [ -98.570275842649394, 21.037052572222503 ], [ -98.570152111022395, 21.037071612388296 ], [ -98.570056934060204, 21.037095401412895 ], [ -98.569971270911495, 21.037133481375502 ], [ -98.569885612328207, 21.0371525209674 ], [ -98.5698285066685, 21.0371715577723 ], [ -98.569752362294196, 21.0371715584435 ], [ -98.569657183852996, 21.037157281922799 ], [ -98.569595315406303, 21.037123967122799 ], [ -98.569542967194906, 21.037090652010296 ], [ -98.569476339880197, 21.037052571584201 ], [ -98.56947536424471, 21.037050473799901 ], [ -98.569390683941506, 21.036985956068193 ], [ -98.5693192998977, 21.036938361886801 ], [ -98.569257433722996, 21.036900297051499 ], [ -98.569165938094102, 21.036826300954701 ], [ -98.5688671097369, 21.036676808672002 ], [ -98.568748228462297, 21.036590967042297 ], [ -98.568705399115203, 21.036552887048895 ], [ -98.568648294354801, 21.036533861761601 ], [ -98.568548355460607, 21.036538611981999 ], [ -98.568453170389901, 21.036552886698797 ], [ -98.5683294464733, 21.036614757057698 ], [ -98.568262818976294, 21.036667111660496 ], [ -98.568229503693416, 21.036752767748698 ], [ -98.568200952788303, 21.036866982428894 ], [ -98.568162880668098, 21.0370192707557 ], [ -98.56813908373411, 21.037157282328799 ], [ -98.568115293753706, 21.037309560837095 ], [ -98.568077222157598, 21.037447572272796 ], [ -98.568034391641802, 21.037542744632397 ], [ -98.5680105907078, 21.037623651428401 ], [ -98.567948728707805, 21.037728351136298 ], [ -98.567853550539695, 21.037852075134797 ], [ -98.567772648671195, 21.037904430286304 ], [ -98.567639398833606, 21.037956770634992 ], [ -98.567506149228706, 21.037985325145591 ], [ -98.567377659519295, 21.037999611189399 ], [ -98.567258682438506, 21.038047190654698 ], [ -98.567187302452197, 21.038099546267699 ], [ -98.567134950479499, 21.038185205147599 ], [ -98.567106403392799, 21.0382470747467 ], [ -98.567063570377996, 21.038304179726204 ], [ -98.566992182415504, 21.038342244820097 ], [ -98.566897008573406, 21.038356519575601 ], [ -98.566806588006003, 21.038356519591897 ], [ -98.566692370780814, 21.038337480017898 ], [ -98.5666162330525, 21.038313690852497 ], [ -98.566525812653694, 21.038280375338896 ], [ -98.566440154248696, 21.038232795967296 ], [ -98.566335451162701, 21.0381756907253 ], [ -98.566240273164397, 21.038090019864097 ], [ -98.566189065754102, 21.037998233049297 ], [ -98.566183448181107, 21.037993553729603 ], [ -98.566145096377895, 21.037866361002301 ], [ -98.566145096079893, 21.0377664157594 ], [ -98.566154614158094, 21.0376950349719 ], [ -98.566164135978099, 21.037595101377192 ], [ -98.566202200874301, 21.037499916443299 ], [ -98.566216483667404, 21.037385706385201 ], [ -98.566206957559899, 21.037266730833299 ], [ -98.566178410629703, 21.037157281573293 ], [ -98.566159371353606, 21.037019271225596 ], [ -98.566154614212294, 21.036943125768698 ], [ -98.566121305527005, 21.036876495830398 ], [ -98.566040403778302, 21.036748007217803 ], [ -98.565988056405104, 21.036671862249602 ], [ -98.565916672212794, 21.036571927201095 ], [ -98.565821490898898, 21.036452953363096 ], [ -98.565740588693416, 21.036367296997501 ], [ -98.565709844345108, 21.036346766800598 ], [ -98.565645412160293, 21.036210243312894 ], [ -98.565621614047501, 21.036076993247693 ], [ -98.5656120999801, 21.0359580330434 ], [ -98.565607342838604, 21.035858087375697 ], [ -98.565593055928204, 21.035758152595804 ], [ -98.565574028226706, 21.035672493404498 ], [ -98.565540712073897, 21.035539243396798 ], [ -98.565512162398804, 21.035467859315496 ], [ -98.565469331735713, 21.035325084236302 ], [ -98.565416984226601, 21.035177570138998 ], [ -98.565374154631698, 21.035077623816996 ], [ -98.565326559919697, 21.034953900347308 ], [ -98.565298010165407, 21.034872993801905 ], [ -98.565245661954194, 21.034768294875793 ], [ -98.565164759705397, 21.034673124846698 ], [ -98.565112412440996, 21.0346255297199 ], [ -98.565093376285404, 21.034596979707391 ], [ -98.565021995022704, 21.034558910696397 ], [ -98.564917292236203, 21.034554150389798 ], [ -98.564817358282994, 21.034587453980699 ], [ -98.564779285221405, 21.034635045458195 ], [ -98.564703147613798, 21.034692150450098 ], [ -98.564653754021705, 21.0347336980374 ], [ -98.564362529979903, 21.035143279273804 ], [ -98.564115655033305, 21.035518042758099 ], [ -98.564044267427903, 21.035735167786399 ], [ -98.563996687609901, 21.035949323354703 ], [ -98.563943148302599, 21.036106963361995 ], [ -98.563859864690997, 21.036270548246399 ], [ -98.563726022599099, 21.036428187255197 ], [ -98.563553507661894, 21.036573932046601 ], [ -98.563440482941402, 21.036710747030199 ], [ -98.563184693177504, 21.037029002147396 ], [ -98.563122232258493, 21.037103365736201 ], [ -98.562940798732697, 21.037144996290003 ], [ -98.562799345902008, 21.037035499250795 ], [ -98.562765311430994, 21.036918956997795 ], [ -98.562690954863598, 21.036698851930201 ], [ -98.562595777214099, 21.0365531071159 ], [ -98.562512494771099, 21.036451988043698 ], [ -98.562438134176304, 21.036333001775596 ], [ -98.562299955753403, 21.036196772449504 ], [ -98.5621561000535, 21.036024738216501 ], [ -98.562107988138706, 21.035871994428998 ], [ -98.562096092593706, 21.0357976330586 ], [ -98.562107987778106, 21.035717322606697 ], [ -98.562146651537702, 21.035708397613192 ], [ -98.5622210128478, 21.035693534298098 ], [ -98.562301318718013, 21.035705429271797 ], [ -98.5624038170143, 21.035773575277904 ], [ -98.562483887751895, 21.035826799350495 ], [ -98.562640394699301, 21.035937427755801 ], [ -98.562795053542601, 21.035925522019202 ], [ -98.562958646927697, 21.035776813121895 ], [ -98.563012179230498, 21.035431784338101 ], [ -98.562964587664894, 21.0349112790364 ], [ -98.562946743979893, 21.034646559653005 ], [ -98.563008076533805, 21.034292132352398 ], [ -98.563095289669505, 21.034084543719903 ], [ -98.563162814855417, 21.034030492977301 ], [ -98.563329360639798, 21.033942781204402 ], [ -98.563486407830496, 21.033778597121394 ], [ -98.563543513157398, 21.033578726692504 ], [ -98.563479270520205, 21.033450230841396 ], [ -98.563343644265302, 21.033314597100997 ], [ -98.563330161812104, 21.032747890910596 ], [ -98.563428323774801, 21.032088578226396 ], [ -98.563583210132805, 21.031772725319197 ], [ -98.563632861174298, 21.031248800228404 ], [ -98.563758861374396, 21.030941914727002 ], [ -98.563884209592004, 21.030860920178899 ], [ -98.564652015352294, 21.031585731190493 ], [ -98.564959381389102, 21.0318209788621 ], [ -98.565278139030099, 21.0320867930232 ], [ -98.565563679263221, 21.032379478002699 ], [ -98.565856348930893, 21.0328648872466 ], [ -98.566195216379398, 21.033305671363792 ], [ -98.5664067787053, 21.033697166376193 ], [ -98.566448710842494, 21.033758141309502 ], [ -98.5665275233073, 21.033776714874502 ], [ -98.566597021591207, 21.033759068770802 ], [ -98.566650037015606, 21.033685818219798 ], [ -98.566739067084598, 21.033404480637692 ], [ -98.566837004795602, 21.033274612886597 ], [ -98.567041326307702, 21.033207532070396 ], [ -98.567198370116202, 21.033171832666103 ], [ -98.567481272314396, 21.033091746048594 ], [ -98.567606628089194, 21.033010750599598 ], [ -98.567722626420107, 21.0328303244622 ], [ -98.567742574686804, 21.032586428727196 ], [ -98.5678106726603, 21.032333598264394 ], [ -98.567994073059396, 21.032144337612795 ], [ -98.568177233978901, 21.032036367843897 ], [ -98.568509419030903, 21.032031826904699 ], [ -98.568733122100497, 21.031886924104299 ], [ -98.568628400835294, 21.031567827289003 ], [ -98.568479682931198, 21.031320962689001 ], [ -98.568265322657794, 21.031118922300795 ], [ -98.568262275385393, 21.0311160503346 ], [ -98.568015682918301, 21.031151417585999 ], [ -98.567611176981401, 21.031121682153699 ], [ -98.567405950239205, 21.031157366932899 ], [ -98.567111492187493, 21.031169272595804 ], [ -98.566665339673506, 21.031142502740803 ], [ -98.566582061179901, 21.030990813448899 ], [ -98.5665939558708, 21.030883733348801 ], [ -98.566632628313997, 21.0307171681158 ], [ -98.566796213001297, 21.030562509060303 ], [ -98.566921136862604, 21.030318614221095 ], [ -98.566956826131104, 21.030098509123299 ], [ -98.566998471246805, 21.029955745238297 ], [ -98.567049030328207, 21.0298784150838 ], [ -98.567176927018394, 21.029833793936799 ], [ -98.567420822244614, 21.029812979785792 ], [ -98.567614148724303, 21.029786198926296 ], [ -98.567739077166607, 21.029673185191797 ], [ -98.567762866538004, 21.0295601600873 ], [ -98.567724202312903, 21.02945009978199 ], [ -98.567605227003895, 21.029381700023894 ], [ -98.5673464648644, 21.029363855608 ], [ -98.5670906684323, 21.029488765408392 ], [ -98.566843800301314, 21.029569086054199 ], [ -98.566665369772096, 21.029580786830891 ], [ -98.566808108032703, 21.029393594963096 ], [ -98.567108516076701, 21.029155645817898 ], [ -98.567634974342795, 21.028780884625895 ], [ -98.568238760681396, 21.028355546217899 ], [ -98.568637323426501, 21.028245501382397 ], [ -98.5698780155317, 21.028129421336395 ], [ -98.570224445364801, 21.028139327162801 ], [ -98.570291784024718, 21.0281485210044 ], [ -98.570493969584803, 21.028112899972403 ], [ -98.570831135153298, 21.027996294189602 ], [ -98.570908538792395, 21.027851931664198 ], [ -98.570870458674307, 21.0277072641884 ], [ -98.570775459853394, 21.027273315685498 ], [ -98.570593707010701, 21.026893374235897 ], [ -98.570430859581705, 21.026630930998699 ], [ -98.570210200448301, 21.026395447815997 ], [ -98.569941256137398, 21.026214059365799 ], [ -98.5699416919052, 21.026060461761197 ], [ -98.569990229161121, 21.025916013976698 ], [ -98.570144582807899, 21.025780882626702 ], [ -98.570346832433998, 21.025727171134704 ], [ -98.570616446262903, 21.0256736430314 ], [ -98.5709822894773, 21.025620359965195 ], [ -98.571637242841604, 21.025423217689799 ], [ -98.571840178428801, 21.025125573830497 ], [ -98.571946707478403, 21.024890910752099 ], [ -98.572062596763203, 21.024746633618104 ], [ -98.572188124471694, 21.0246023905813 ], [ -98.572178951781794, 21.024439722463896 ], [ -98.5721118753996, 21.024340168475696 ], [ -98.571919459819796, 21.024321616160197 ], [ -98.5718037858271, 21.024393606661899 ], [ -98.571620400713201, 21.0245828998519 ], [ -98.571446553332194, 21.024799295155102 ], [ -98.571156908080098, 21.025132876137299 ], [ -98.571041323002504, 21.025168731821196 ], [ -98.570848826057599, 21.025177280760598 ], [ -98.570464029700304, 21.025131117809099 ], [ -98.569944492762602, 21.025084647692292 ], [ -98.569693948758896, 21.025201461977105 ], [ -98.569530166948397, 21.025264308207799 ], [ -98.569385829688898, 21.025263942841796 ], [ -98.569328367597194, 21.025164395864099 ], [ -98.569338414780702, 21.0250198616334 ], [ -98.569521584155694, 21.024902869230701 ], [ -98.569733224660098, 21.024930502908898 ], [ -98.570022463835997, 21.024741492984205 ], [ -98.570581287174093, 21.024507988017795 ], [ -98.570677906012307, 21.024372701327398 ], [ -98.570765505927497, 21.024029578655195 ], [ -98.570756890446603, 21.0236771777077 ], [ -98.570450271631614, 21.023433524879795 ], [ -98.570200093437194, 21.023205921010192 ], [ -98.570221844893993, 21.022998079666998 ], [ -98.570275385475298, 21.022880300710895 ], [ -98.570578764833996, 21.0226268811126 ], [ -98.570651814357404, 21.022410880979404 ], [ -98.570660851962202, 21.022384169744701 ], [ -98.570707254378704, 21.022237841424804 ], [ -98.570792916574405, 21.022055816466899 ], [ -98.570903562100597, 21.0218630770133 ], [ -98.571146264542705, 21.021584682012193 ], [ -98.571239062230902, 21.021356247102702 ], [ -98.571239061981998, 21.021209918201496 ], [ -98.571158825593997, 21.021094046995891 ], [ -98.571064174228795, 21.021074288202097 ], [ -98.570885714033494, 21.021024313087601 ], [ -98.570692975249301, 21.020956498329095 ], [ -98.570610969929106, 21.020866773670299 ], [ -98.570592779591806, 21.020700332053092 ], [ -98.570725101615096, 21.020571022848795 ], [ -98.571142316324099, 21.020136248096197 ], [ -98.5713788568453, 21.019863534873402 ], [ -98.571444184421495, 21.0196754108518 ], [ -98.5715662388791, 21.019518506156803 ], [ -98.572244386891697, 21.0193132866134 ], [ -98.572515380416505, 21.019222136984496 ], [ -98.572571564308802, 21.019203231444497 ], [ -98.572723254994102, 21.019057496768696 ], [ -98.572818431945805, 21.0187065272941 ], [ -98.572830326650106, 21.0183852866889 ], [ -98.572860949100118, 21.018125664203396 ], [ -98.573065299808604, 21.017855868330894 ], [ -98.573026635065901, 21.017680372586604 ], [ -98.572833965620305, 21.017466020033492 ], [ -98.572816024627102, 21.017005160188798 ], [ -98.572490118229396, 21.016561604899302 ], [ -98.572366039983095, 21.0163518189912 ], [ -98.572377801170603, 21.016243736763002 ], [ -98.572383746780503, 21.016065277304801 ], [ -98.572383746835513, 21.0159403568776 ], [ -98.572383746670397, 21.0158273279954 ], [ -98.572348057776495, 21.015749997903907 ], [ -98.572235532442605, 21.015631012805599 ], [ -98.571937016771301, 21.015251279405103 ], [ -98.57184836559621, 21.015107539171105 ], [ -98.571733616213606, 21.015056357348104 ], [ -98.571574733442404, 21.014952868379098 ], [ -98.5714458925668, 21.0148303404494 ], [ -98.571384378060699, 21.014732774385298 ], [ -98.571354627790114, 21.014631644326293 ], [ -98.57128324715012, 21.014518629867997 ], [ -98.5712654034634, 21.0144056039085 ], [ -98.571289192706203, 21.014334208843799 ], [ -98.571348682090402, 21.014334208728805 ], [ -98.571453768650798, 21.014326774323596 ], [ -98.571529902734397, 21.014375172859904 ], [ -98.571669909976293, 21.014494829362995 ], [ -98.571776978589099, 21.014506723854204 ], [ -98.5718840621834, 21.014494828893898 ], [ -98.571949497413598, 21.014476984973093 ], [ -98.571997084188695, 21.014405603588798 ], [ -98.572003037430406, 21.014334208731803 ], [ -98.571985189268901, 21.014268775225901 ], [ -98.571955445557293, 21.014203344321597 ], [ -98.571907852000109, 21.0141081699011 ], [ -98.5718424171869, 21.014030839853302 ], [ -98.571830522053702, 21.013971354886198 ], [ -98.571848365776319, 21.013911866140493 ], [ -98.571907851704907, 21.013888064648899 ], [ -98.571961391897005, 21.013899970716398 ], [ -98.572044674203894, 21.013917814672496 ], [ -98.5724283613566, 21.0140752080856 ], [ -98.572669285622297, 21.014215250110901 ], [ -98.572728768224195, 21.0142449851473 ], [ -98.5728120506311, 21.014244984629595 ], [ -98.572895333406706, 21.014221194646897 ], [ -98.572948873044396, 21.014191448806404 ], [ -98.572990511100599, 21.014143866025297 ], [ -98.5730083584358, 21.014072473865099 ], [ -98.573026203361806, 21.013965406140493 ], [ -98.573067840124693, 21.013840473589301 ], [ -98.573133274762498, 21.013733405977302 ], [ -98.573192767884194, 21.013691760850001 ], [ -98.573287945336801, 21.013632275249801 ], [ -98.573392857258412, 21.0135611853798 ], [ -98.573615119329901, 21.013441919780899 ], [ -98.5737876300294, 21.013251564873503 ], [ -98.573799523811203, 21.013132590589301 ], [ -98.573823322165595, 21.012966025692801 ], [ -98.573870911598803, 21.0127221308503 ], [ -98.573894701883503, 21.012525826638502 ], [ -98.573888756356894, 21.012341417219897 ], [ -98.573847118860996, 21.012157012387696 ], [ -98.573781683545107, 21.011966656827092 ], [ -98.573734090058807, 21.011770352718894 ], [ -98.573674603532609, 21.011550248340502 ], [ -98.573567531970397, 21.011288508621789 ], [ -98.573448556666804, 21.011080299335294 ], [ -98.573442603836895, 21.010949433032305 ], [ -98.573466404775203, 21.010889943652796 ], [ -98.573573478376005, 21.010842353014496 ], [ -98.573728144405806, 21.010860207829403 ], [ -98.573787629924297, 21.010919694428399 ], [ -98.57389470228371, 21.011002969429601 ], [ -98.573977984335997, 21.011115998180699 ], [ -98.574073158440001, 21.0112349694542 ], [ -98.574167248387795, 21.011354227096497 ], [ -98.574329380090305, 21.011421966702603 ], [ -98.574709665402096, 21.011698957738798 ], [ -98.574798900697715, 21.0117346566153 ], [ -98.574882182687702, 21.011734656870196 ], [ -98.575060642998295, 21.011734657147301 ], [ -98.575197461809594, 21.011770352651499 ], [ -98.575361669425902, 21.011810421784798 ], [ -98.575441356881399, 21.011835787052895 ], [ -98.575506783566695, 21.011942852300496 ], [ -98.5755424795518, 21.012061827086598 ], [ -98.575549576458201, 21.012206972191493 ], [ -98.575640435922196, 21.012282017744202 ], [ -98.575691196848496, 21.012371167901602 ], [ -98.575798276617618, 21.012460391583801 ], [ -98.575905684116606, 21.012519844207802 ], [ -98.575958888624299, 21.012615062259798 ], [ -98.575982685669217, 21.012698340764498 ], [ -98.575982685776594, 21.012823261283 ], [ -98.575976737252816, 21.012960075699802 ], [ -98.576036219289406, 21.013227760864503 ], [ -98.576000161054495, 21.0133879147184 ], [ -98.575972091197798, 21.013498452226504 ], [ -98.576000527262806, 21.0135787352847 ], [ -98.576048877293402, 21.013752370712204 ], [ -98.576221243268606, 21.014050051887804 ], [ -98.576405960984403, 21.014269910596699 ], [ -98.576500217667402, 21.014358014052398 ], [ -98.576625139404499, 21.014399644029801 ], [ -98.576720315966497, 21.014393709605201 ], [ -98.576809548057994, 21.014328263717903 ], [ -98.576952316040206, 21.014191448863901 ], [ -98.577029644622797, 21.014042735085802 ], [ -98.577178965540099, 21.0137627271477 ], [ -98.577300195362099, 21.013619034888197 ], [ -98.577339385457805, 21.0133751777844 ], [ -98.577484230961801, 21.013194814025002 ], [ -98.577783380217895, 21.0128883530077 ], [ -98.578062873365099, 21.012735452610997 ], [ -98.578428857440997, 21.012618898810697 ], [ -98.578631010273895, 21.012592301274292 ], [ -98.578784998815607, 21.012583638924802 ], [ -98.578958454796506, 21.012493707335597 ], [ -98.579190022797221, 21.012268401937295 ], [ -98.579286385002007, 21.0122234710661 ], [ -98.579334855170302, 21.012295756155602 ], [ -98.579409108302002, 21.012329522668601 ], [ -98.579409107984219, 21.012335471610399 ], [ -98.5794626470895, 21.012424696210701 ], [ -98.579499143804796, 21.012524873021601 ], [ -98.579546254177998, 21.012564652358396 ], [ -98.579568468096795, 21.012562181833996 ], [ -98.579682745297205, 21.012609106051997 ], [ -98.579825508862598, 21.012609106236898 ], [ -98.579926639575703, 21.012585311670101 ], [ -98.580021813902704, 21.012502037310298 ], [ -98.580093200938506, 21.012442552376797 ], [ -98.580152686663894, 21.012365206580601 ], [ -98.58021812054281, 21.0122759856811 ], [ -98.580289508638302, 21.012210551720408 ], [ -98.580390635742205, 21.0121748517481 ], [ -98.580491759327217, 21.012151062242499 ], [ -98.580616686097201, 21.012151062058699 ], [ -98.580753505239898, 21.012133207206599 ], [ -98.5809200633839, 21.012168907246295 ], [ -98.581027142652601, 21.012204601646197 ], [ -98.581169911303306, 21.012281932459697 ], [ -98.581390004933198, 21.012365207165995 ], [ -98.581508983033203, 21.012418746646304 ], [ -98.581580366910899, 21.012424695838796 ], [ -98.581752837332601, 21.012378372189303 ], [ -98.581987864520499, 21.012283153973705 ], [ -98.582207988771799, 21.012245711301901 ], [ -98.582375104607607, 21.012257884772104 ], [ -98.582460768616002, 21.0122198198872 ], [ -98.582498834203093, 21.012153190051901 ], [ -98.582546428192799, 21.011991385108502 ], [ -98.582622565208396, 21.011943805923298 ], [ -98.582746301061306, 21.011915251919696 ], [ -98.582889064975703, 21.011877175013595 ], [ -98.583003283062496, 21.0118295814692 ], [ -98.583136532455896, 21.011762965134992 ], [ -98.583260263920394, 21.011620189910399 ], [ -98.583403031718106, 21.0114488711971 ], [ -98.583574355329105, 21.011353686335795 ], [ -98.583726637473006, 21.011306106824801 ], [ -98.583955063650393, 21.011229961615296 ], [ -98.584135909395101, 21.011172856809104 ], [ -98.584266294151206, 21.011172540188198 ], [ -98.584316738270601, 21.011220436594495 ], [ -98.584345295726806, 21.011296581297298 ], [ -98.584335782301906, 21.0113822521587 ], [ -98.584250119150894, 21.011515502045302 ], [ -98.584164459216197, 21.011591636049491 ], [ -98.584012176811001, 21.011753440402398 ], [ -98.583888444979706, 21.011896215275701 ], [ -98.583793264379494, 21.0120960853695 ], [ -98.583764710015302, 21.0121912664174 ], [ -98.583698085744999, 21.012353070338495 ], [ -98.583593387009998, 21.012381621016704 ], [ -98.583507723965596, 21.012381620999697 ], [ -98.583412549969111, 21.012381621148496 ], [ -98.583307855398104, 21.0123816214237 ], [ -98.583222195792999, 21.012410175121595 ], [ -98.583203156220904, 21.012476805641299 ], [ -98.583203156044505, 21.012600529954302 ], [ -98.583146051070699, 21.012752820031896 ], [ -98.583060388402501, 21.012819439109403 ], [ -98.583012801310403, 21.0128670297137 ], [ -98.582983363352, 21.012988374224303 ], [ -98.583053213449602, 21.0130903352198 ], [ -98.583084598261806, 21.013190526774803 ], [ -98.5831746052299, 21.013247742929799 ], [ -98.583174605440206, 21.013361963740095 ], [ -98.583165078715496, 21.013447623628895 ], [ -98.583136531958402, 21.013590387984394 ], [ -98.583041354904907, 21.013695084437703 ], [ -98.582927137796204, 21.013714124134601 ], [ -98.58271669237142, 21.013632055079899 ], [ -98.582548149310696, 21.013582729150905 ], [ -98.582325436464401, 21.0134912949928 ], [ -98.582217894191203, 21.013432406248597 ], [ -98.582102473874798, 21.013409472753001 ], [ -98.581665072840295, 21.013313238394403 ], [ -98.581227120235496, 21.013303466338698 ], [ -98.581053692752505, 21.013384361240501 ], [ -98.581034041969517, 21.0135288828284 ], [ -98.581102542587004, 21.0137136466942 ], [ -98.581315319668207, 21.013827465018995 ], [ -98.581461391861694, 21.013913992782292 ], [ -98.581575601658997, 21.013942542887598 ], [ -98.581793778080907, 21.013901594766999 ], [ -98.581956718429495, 21.013919670307004 ], [ -98.582158908251202, 21.013884023297091 ], [ -98.582332144924607, 21.013850584625796 ], [ -98.582594017805604, 21.0139139928954 ], [ -98.582774855224201, 21.013942542986999 ], [ -98.582974728287496, 21.014028213798003 ], [ -98.583212676713401, 21.014132902403293 ], [ -98.583507724372893, 21.014304227784198 ], [ -98.58368856467051, 21.014389887320203 ], [ -98.583869409358599, 21.014380372613804 ], [ -98.583945546260296, 21.0143327820184 ], [ -98.584088314309597, 21.014199532799196 ], [ -98.584278677065001, 21.014085308239995 ], [ -98.584516617856707, 21.0139710984445 ], [ -98.584678426008395, 21.013847373395702 ], [ -98.584697455241596, 21.013761714018099 ], [ -98.584612884023699, 21.013659372595196 ], [ -98.584555990785205, 21.013501346325899 ], [ -98.584602281243903, 21.013419068619697 ], [ -98.5846879413062, 21.013361963999095 ], [ -98.584811673039397, 21.013361964157799 ], [ -98.585002027033497, 21.013390518836406 ], [ -98.585163834941497, 21.013409543589901 ], [ -98.5853351474356, 21.013447623639198 ], [ -98.5854874396003, 21.013495213988392 ], [ -98.585620689628598, 21.013542793973802 ], [ -98.585744421521298, 21.013542794360298 ], [ -98.585925258622893, 21.013523769420797 ], [ -98.586106099174501, 21.013485689419493 ], [ -98.586258381897693, 21.013400028640099 ], [ -98.5864487440912, 21.013314374433698 ], [ -98.586658135348799, 21.013171597983099 ], [ -98.586896081373794, 21.0130668991529 ], [ -98.587076917251807, 21.0129431745899 ], [ -98.587191134797095, 21.012809924785103 ], [ -98.587267280143195, 21.012686189061998 ], [ -98.587352934776803, 21.012543425093295 ], [ -98.587410047535499, 21.012362584213395 ], [ -98.587419561748618, 21.012248371051896 ], [ -98.587400530240799, 21.012153189641896 ], [ -98.587284748096394, 21.011970442268201 ], [ -98.587132495006003, 21.0117879993781 ], [ -98.586991258330301, 21.011743925931999 ], [ -98.586867522065603, 21.011705857356699 ], [ -98.586762830540096, 21.011639225961297 ], [ -98.586677171465894, 21.011572607298195 ], [ -98.586578305771596, 21.011355041728599 ], [ -98.586429826930797, 21.010948892990097 ], [ -98.58615229972861, 21.010397062421898 ], [ -98.586131912048799, 21.010370415154799 ], [ -98.586001404038996, 21.0103162526982 ], [ -98.585887186099399, 21.010268662420799 ], [ -98.585802302122602, 21.010184161320897 ], [ -98.585643551685607, 21.010084665807096 ], [ -98.585556801304605, 21.010007094758599 ], [ -98.585557260052298, 21.009835422110797 ], [ -98.585644009924593, 21.0097814196717 ], [ -98.585817269700712, 21.009763774111796 ], [ -98.5861635543272, 21.009809788398005 ], [ -98.5864517985449, 21.009964093729 ], [ -98.586672585305607, 21.010154378412299 ], [ -98.586816445295895, 21.010326388873796 ], [ -98.586960456723503, 21.010444202171197 ], [ -98.587248936309805, 21.010517183967796 ], [ -98.587441508406414, 21.0104724726983 ], [ -98.587653644088704, 21.010310352115699 ], [ -98.587875538255105, 21.010103083900294 ], [ -98.588116385466904, 21.009995236894298 ], [ -98.588415186851009, 21.009815249613396 ], [ -98.588578901990502, 21.009761427262898 ], [ -98.588626872795203, 21.009815759622395 ], [ -98.588655322632505, 21.009969432179698 ], [ -98.588693429049897, 21.010105050816499 ], [ -98.5887890909368, 21.010313101268 ], [ -98.5889601004436, 21.010466832654892 ], [ -98.589075662132302, 21.010611306887895 ], [ -98.589266025343306, 21.010735030942996 ], [ -98.589408792566502, 21.0108016623265 ], [ -98.589551557230706, 21.0108397270632 ], [ -98.589707459846196, 21.010923429859801 ], [ -98.589810126178307, 21.0110852829458 ], [ -98.589953646105698, 21.0112041569359 ], [ -98.590146035252005, 21.011363506312296 ], [ -98.590236845523805, 21.011486936193101 ], [ -98.590312983662201, 21.011553570825193 ], [ -98.590446233557813, 21.011591636310396 ], [ -98.590636596100893, 21.0116297162064 ], [ -98.5906578041686, 21.011623717978992 ], [ -98.590878109780306, 21.011693012162802 ], [ -98.591104156915705, 21.011704918459696 ], [ -98.591294511602712, 21.0116930116092 ], [ -98.591496768979795, 21.011633523448396 ], [ -98.591710921007106, 21.0116216280766 ], [ -98.5919726635328, 21.011621627891504 ], [ -98.592151117075204, 21.011585942727898 ], [ -98.592258196231001, 21.0115145516993 ], [ -98.592341479330102, 21.011431273464297 ], [ -98.592448551377501, 21.011383681711095 ], [ -98.592543728972601, 21.011336087613596 ], [ -98.592650808323796, 21.0113360882576 ], [ -98.592781678159199, 21.011383682254099 ], [ -98.592948242833003, 21.011431272986997 ], [ -98.593150493203893, 21.011490761846101 ], [ -98.593328952526704, 21.011538352635998 ], [ -98.593543104801697, 21.011538352857002 ], [ -98.593757257081705, 21.0115383528085 ], [ -98.593947612262397, 21.011502657118996 ], [ -98.594256940679301, 21.011455063302698 ], [ -98.594471093077203, 21.011419377680095 ], [ -98.594661448122196, 21.011407483318699 ], [ -98.594932906332403, 21.011623080743398 ], [ -98.595194917037318, 21.011892855421898 ], [ -98.595406420789203, 21.011965643959094 ], [ -98.595695096673907, 21.011966324633502 ], [ -98.595839582079407, 21.0119124577515 ], [ -98.595897733617306, 21.011758993798697 ], [ -98.595943078320104, 21.011461914075696 ], [ -98.596012365143096, 21.011299367854303 ], [ -98.596123755381896, 21.0113172459927 ], [ -98.596199252475301, 21.011461779413697 ], [ -98.596227806117497, 21.011604544320196 ], [ -98.596309897059299, 21.011800847595204 ], [ -98.596371442903305, 21.011914230591998 ] ] } },
{ "type": "Feature", "properties": { "ID_OBRA": "1224_Tlahuiltepa", "No.": 1224.0, "Municipio": "Tlahuiltepa", "Rubro": "Infraestructura Carretera", "Ejercicio": 2022.0, "Obra": "Construcción de Pavimento de Concreto Hidráulico en acceso a cabecera municipal de Tlahuiltepa, Tramo: Tlahuiltepa - Itztacoyotla, municipio de Tlahuiltepa", "Localidad": "Tlahuiltepa", "Inversión": 31861378.33, "Habitantes.beneficiados": 1252.0, "Ejecutora": "DGOPI", "Trabajos": "Considera los trabajos de preliminares, riego de impregnación, piso para pavimento de concreto hidráulico.", "Geometria_tipo": "Línea", "extract": 0.35248174553537903 }, "geometry": { "type": "LineString", "coordinates": [ [ -98.342416334945895, 20.874535217875195 ], [ -98.342496644958402, 20.874529268675001 ], [ -98.342565052422003, 20.874517373623895 ], [ -98.342636432191497, 20.874493584105601 ], [ -98.342681050099003, 20.874443013101896 ], [ -98.342722692189, 20.874401379248404 ], [ -98.342767301668999, 20.874335933315901 ], [ -98.342797052205995, 20.874285373831505 ], [ -98.342808947412905, 20.874216958791596 ], [ -98.342811919875103, 20.874151528180199 ], [ -98.3428119197809, 20.874112863269499 ], [ -98.3427821766291, 20.874041479190801 ], [ -98.342740539435596, 20.873946293709601 ], [ -98.342695922427197, 20.873842197867894 ], [ -98.342660230031299, 20.873729168734702 ], [ -98.342597768148394, 20.873622104864204 ], [ -98.342538281938701, 20.87352692032 ], [ -98.342495948029395, 20.873438149901805 ], [ -98.342475820133302, 20.873407945123795 ], [ -98.342454999687305, 20.8733544093487 ], [ -98.342440131894804, 20.873300869343701 ], [ -98.342440132220901, 20.873253290170698 ], [ -98.342440132141803, 20.873208676393105 ], [ -98.342457971698295, 20.873164049861099 ], [ -98.342478788599905, 20.873131335210292 ], [ -98.342520438391503, 20.873113491462004 ], [ -98.342565052062199, 20.873101596211903 ], [ -98.342633459832896, 20.873089701117802 ], [ -98.342710789001003, 20.873089700956601 ], [ -98.342785150424305, 20.873116471000699 ], [ -98.342847611729511, 20.873161085270901 ], [ -98.342939816278701, 20.873223539272995 ], [ -98.342978484558401, 20.8732741103724 ], [ -98.343017149525906, 20.873321689850801 ], [ -98.343046892356398, 20.873375230006598 ], [ -98.343070689817594, 20.873431749771104 ], [ -98.343091507197897, 20.873488255379293 ], [ -98.343106381723501, 20.873556670232198 ], [ -98.343130170859894, 20.873625069616498 ], [ -98.343156945371902, 20.873690505123001 ], [ -98.343186683886699, 20.8737678488318 ], [ -98.343234274884296, 20.8738303039739 ], [ -98.343281861077301, 20.873865999129602 ], [ -98.343323506120896, 20.873895735252397 ], [ -98.343380019278001, 20.873925485060504 ], [ -98.343439505325506, 20.8739462940481 ], [ -98.343493043577695, 20.873946294400099 ], [ -98.343540631110898, 20.873946293586805 ], [ -98.343594171418204, 20.8739314344005 ], [ -98.343635809260903, 20.8739106095809 ], [ -98.343671501158099, 20.873889789046505 ], [ -98.343683399090807, 20.8738600497026 ], [ -98.343701242584601, 20.8738124594624 ], [ -98.343701242821496, 20.8737767644615 ], [ -98.343701242896799, 20.873735129629299 ], [ -98.343695290173002, 20.873660769462496 ], [ -98.343680426279306, 20.873562614884101 ], [ -98.343662578630799, 20.873476360142192 ], [ -98.343641757827015, 20.873354408927494 ], [ -98.343635809012497, 20.873211644942799 ], [ -98.343629863152799, 20.873095649961702 ], [ -98.343635808796293, 20.872988569687202 ], [ -98.343644731299406, 20.872932049931599 ], [ -98.343653656749595, 20.872881490798701 ], [ -98.343680426271703, 20.872839849327296 ], [ -98.343713138076907, 20.872789290178499 ], [ -98.343745860836904, 20.8727565713396 ], [ -98.343805343398017, 20.872703031093398 ], [ -98.343897551464494, 20.872637595710099 ], [ -98.343980833965603, 20.8725751411442 ], [ -98.3440781500817, 20.872532155473198 ], [ -98.344099796560513, 20.872518624913702 ], [ -98.344171184530211, 20.872482926177401 ], [ -98.344215802698898, 20.872471031409496 ], [ -98.344266362063095, 20.872465084775492 ], [ -98.344331797284696, 20.872465085272598 ], [ -98.344388310355498, 20.872465084986697 ], [ -98.344465638747096, 20.8724829261064 ], [ -98.344569749655804, 20.872509707258999 ], [ -98.344715487182896, 20.872560266161898 ], [ -98.344885021122806, 20.872607861212998 ], [ -98.344986151692595, 20.87265247098199 ], [ -98.345084301568406, 20.872694115630093 ], [ -98.345143794657304, 20.872717905711404 ], [ -98.345215178550305, 20.872741695200101 ], [ -98.345256817120301, 20.872732781262201 ], [ -98.34528358655102, 20.872717905819897 ], [ -98.345310355612995, 20.872676261369495 ], [ -98.345322251412895, 20.872637595877201 ], [ -98.345337126408594, 20.872584056060095 ], [ -98.345343072299215, 20.8725245711559 ], [ -98.3453549667407, 20.872384786641401 ], [ -98.345351994233397, 20.872200365771796 ], [ -98.345357946800121, 20.872126016850196 ], [ -98.345363888628299, 20.872060582153992 ], [ -98.345378764331898, 20.872015961115899 ], [ -98.345414455524207, 20.8719654012733 ], [ -98.345438248897807, 20.871917807384797 ], [ -98.345491788537004, 20.871879142164296 ], [ -98.345533423211293, 20.871846426337797 ], [ -98.3455720884768, 20.871804792103305 ], [ -98.345637525663804, 20.871757202054198 ], [ -98.345711891113694, 20.871721505910902 ], [ -98.345789224302095, 20.871676892357002 ], [ -98.345875476322107, 20.871635246640203 ], [ -98.345982554548698, 20.871593601879699 ], [ -98.346077732797497, 20.871563867135702 ], [ -98.346166961013694, 20.871537096684797 ], [ -98.346271060005407, 20.871510326985899 ], [ -98.346375160005906, 20.871498432111501 ], [ -98.346523877222694, 20.871486536816796 ], [ -98.346580389810114, 20.871495462715696 ], [ -98.346633930103494, 20.871495462976299 ], [ -98.346678548186901, 20.871480587697196 ], [ -98.346690442462702, 20.8714746417774 ], [ -98.3467121305288, 20.8714262689446 ], [ -98.346720184887701, 20.8714121774555 ], [ -98.346732080362301, 20.8713645822179 ], [ -98.346735056176399, 20.871296182475998 ], [ -98.346723153839307, 20.871233712746896 ], [ -98.346720185063404, 20.871171258151804 ], [ -98.346732080118201, 20.871102847285805 ], [ -98.346761819399504, 20.871025517992202 ], [ -98.346794541963519, 20.870977922748803 ], [ -98.346824284563397, 20.870912492099297 ], [ -98.346862948520794, 20.870853002806395 ], [ -98.346913516962616, 20.870781623252498 ], [ -98.346990849581204, 20.870686438306095 ], [ -98.347050331632801, 20.870612089377001 ], [ -98.347091976851402, 20.870582337687694 ], [ -98.347136586766297, 20.870552588264491 ], [ -98.347175259368996, 20.8705317792386 ], [ -98.347210951225804, 20.870516904088898 ], [ -98.347261514641303, 20.870510958373401 ], [ -98.347309101116394, 20.870510958290396 ], [ -98.347365613850997, 20.870507978049801 ], [ -98.347436991450905, 20.870513922674199 ], [ -98.347514330889993, 20.870513923061502 ], [ -98.347561922174705, 20.870513922926396 ], [ -98.34763032611572, 20.870513922620095 ], [ -98.347668989671803, 20.870496083364497 ], [ -98.347695763659402, 20.870469313414802 ], [ -98.347713607909597, 20.870442542850103 ], [ -98.347731455728621, 20.870400909152895 ], [ -98.347743350709806, 20.870362245268002 ], [ -98.347743351218099, 20.870332498200494 ], [ -98.3477433511556, 20.8702908533872 ], [ -98.347743350893197, 20.870225417603201 ], [ -98.347734429183305, 20.870171878081301 ], [ -98.347734428850799, 20.870115370121798 ], [ -98.347728483388295, 20.870061832909204 ], [ -98.347722533971407, 20.8699755741746 ], [ -98.3477136077816, 20.869868498399295 ], [ -98.347731455893395, 20.8698238839381 ], [ -98.347749304335693, 20.869776294136308 ], [ -98.347776074060519, 20.869734660103688 ], [ -98.347808786327306, 20.8696959951431 ], [ -98.347835556125702, 20.869645424238996 ], [ -98.347853403814696, 20.869603789618299 ], [ -98.347874219540202, 20.869541325375703 ], [ -98.347889096476806, 20.869493734170096 ], [ -98.347898020584196, 20.869449120012199 ], [ -98.347921810775702, 20.869410455359301 ], [ -98.347948581393993, 20.869368810456393 ], [ -98.3479694054774, 20.869350970003996 ], [ -98.348014016172499, 20.8693093253037 ], [ -98.348070528285604, 20.869255784819597 ], [ -98.348106220478499, 20.8691992800129 ], [ -98.348141915939394, 20.869130864814899 ], [ -98.348156786639393, 20.869086250704296 ], [ -98.348180580609693, 20.869020819710801 ], [ -98.348216273376295, 20.868967280280796 ], [ -98.348246016139697, 20.868943489651997 ], [ -98.348284679610003, 20.868931580141904 ], [ -98.348323344934698, 20.868919685086496 ], [ -98.348382831338895, 20.868907790703297 ], [ -98.348466109301796, 20.8688869696105 ], [ -98.348507758200498, 20.868886970066701 ], [ -98.348576162020294, 20.868872106216696 ], [ -98.348644577413495, 20.8688572306372 ], [ -98.348683242029693, 20.868833441363499 ], [ -98.348715956798202, 20.868794765382901 ], [ -98.348724878673409, 20.868759080798696 ], [ -98.3487338047522, 20.8687025607151 ], [ -98.348742726633901, 20.8686490213761 ], [ -98.3487338049719, 20.868610355882595 ], [ -98.348724879465195, 20.868571691277495 ], [ -98.348704061537106, 20.868524112309792 ], [ -98.348683241753704, 20.868476520682997 ], [ -98.348644576832015, 20.8683605159402 ], [ -98.348623752595003, 20.868301027444989 ], [ -98.348614827108406, 20.868244520729601 ], [ -98.348614827403097, 20.868205856663899 ], [ -98.348620780447305, 20.868173140639595 ], [ -98.348626721965005, 20.868140421860399 ], [ -98.348638628448597, 20.868107691451797 ], [ -98.348662416925293, 20.868072007436101 ], [ -98.348692160422203, 20.868030361970099 ], [ -98.348772470177295, 20.867947087018099 ], [ -98.348906312431595, 20.867842986841499 ], [ -98.348962824689806, 20.867798362118297 ], [ -98.349022314015798, 20.867753752314698 ], [ -98.34909667404051, 20.867706172211101 ], [ -98.349150206845707, 20.867673441971498 ], [ -98.349209695841395, 20.867649652257203 ], [ -98.349263228068097, 20.867649651633499 ], [ -98.349325694170503, 20.867673441611 ], [ -98.349411945822595, 20.867697246099493 ], [ -98.349474411287304, 20.867718067004692 ], [ -98.349513075885298, 20.8677478020469 ], [ -98.349572561595707, 20.867765657933802 ], [ -98.349626102013502, 20.8677805221885 ], [ -98.349664766400593, 20.867783501714499 ], [ -98.349709383734904, 20.867771607270097 ], [ -98.349736153731399, 20.867747802360903 ], [ -98.349756970866821, 20.867718066611204 ], [ -98.349774819374502, 20.867670475663299 ], [ -98.349774818790706, 20.867637756846296 ], [ -98.349774819152401, 20.867605041646996 ], [ -98.349774818720704, 20.867551501766201 ], [ -98.349771845564604, 20.867453347576099 ], [ -98.349774819233303, 20.867381967850601 ], [ -98.349786714119901, 20.867307606924697 ], [ -98.349801589159796, 20.8672510976225 ], [ -98.349822406269496, 20.867221348308298 ], [ -98.349852148297899, 20.867179707137698 ], [ -98.349887840469805, 20.867141042222496 ], [ -98.349950306366694, 20.8670875020042 ], [ -98.350042510547894, 20.867019097711598 ], [ -98.350215018216105, 20.866917967761395 ], [ -98.350313167945203, 20.866858482100493 ], [ -98.350438096059008, 20.866784118313902 ], [ -98.350557063369706, 20.866715717733204 ], [ -98.350747424557596, 20.866572954111298 ], [ -98.351090821587206, 20.866358869078198 ], [ -98.351157880832304, 20.866329059102895 ], [ -98.351297677201799, 20.866257664034599 ], [ -98.351380952098793, 20.866207104302397 ], [ -98.35151182098862, 20.866120849102302 ], [ -98.351568334394202, 20.866079215088405 ], [ -98.351624845989903, 20.866058393989899 ], [ -98.351660537761205, 20.866049469459 ], [ -98.351705155807608, 20.866055413885899 ], [ -98.351746793998899, 20.866070289305299 ], [ -98.351776539776196, 20.866088132960499 ], [ -98.351830076361395, 20.866120849464895 ], [ -98.3518687409736, 20.866150599341601 ], [ -98.351901459808303, 20.866171419639102 ], [ -98.351952020366298, 20.866192228886199 ], [ -98.351990688526101, 20.866192228936502 ], [ -98.352035303476399, 20.866189264405698 ], [ -98.352065045339501, 20.866174389165501 ], [ -98.352091815092706, 20.8661565453957 ], [ -98.352106689560898, 20.866129774832995 ], [ -98.352118584763701, 20.866094078707498 ], [ -98.352127510741497, 20.8660554140682 ], [ -98.352142381872099, 20.865998909034801 ], [ -98.352181051187301, 20.865915619322294 ], [ -98.352219716280402, 20.865847215333392 ], [ -98.352258380900494, 20.865772855225401 ], [ -98.35230299753762, 20.8657133690498 ], [ -98.352427400518593, 20.865586553329099 ], [ -98.352517150256006, 20.865517064957604 ], [ -98.3526450402954, 20.865389165368391 ], [ -98.352713455320611, 20.865305885933697 ], [ -98.352802682976602, 20.865237474250602 ], [ -98.352915703628796, 20.865154196252799 ], [ -98.353010882418303, 20.865073885704902 ], [ -98.353117960641299, 20.864984649774602 ], [ -98.353222064644399, 20.864880551113899 ], [ -98.353329137126295, 20.864761579654701 ], [ -98.353525441133897, 20.864535537366194 ], [ -98.353822875827603, 20.864252977409596 ], [ -98.354254153274198, 20.863836572442501 ], [ -98.35463188999482, 20.8634618072008 ], [ -98.354817505558799, 20.863241664666699 ], [ -98.3548420777188, 20.863206751585501 ], [ -98.354886696408201, 20.863162137797701 ], [ -98.354916438156394, 20.863135367884698 ], [ -98.354952129599795, 20.863117527450498 ], [ -98.355002689922301, 20.863102652429404 ], [ -98.355050281017398, 20.863099682945105 ], [ -98.355142485035699, 20.863081827721103 ], [ -98.355270381799599, 20.863069932904597 ], [ -98.355398274701102, 20.863058037977595 ], [ -98.355514277388096, 20.863049112379901 ], [ -98.355624328955301, 20.863037216962493 ], [ -98.355704632128905, 20.863037216587998 ], [ -98.355811710793603, 20.863019372720402 ], [ -98.3559277086284, 20.863010446822901 ], [ -98.356028835985498, 20.862992603011602 ], [ -98.356124014299496, 20.862968814078595 ], [ -98.356210268914097, 20.862947993074794 ], [ -98.356278676778203, 20.862921222883401 ], [ -98.356388729218693, 20.862891473092397 ], [ -98.356486883066495, 20.862858757360101 ], [ -98.356617745282605, 20.862843881973195 ], [ -98.356736723172403, 20.862829017840301 ], [ -98.356864624299106, 20.862820092669196 ], [ -98.356977645246005, 20.862823058060496 ], [ -98.357063900741196, 20.8628379326463 ], [ -98.357141230328395, 20.862861737650896 ], [ -98.357224512615005, 20.862897422087595 ], [ -98.357337534201903, 20.862927168974899 ], [ -98.357420817173093, 20.862930138064897 ], [ -98.357465434950811, 20.862927169393195 ], [ -98.357539794928996, 20.8629390625902 ], [ -98.357596303846918, 20.862974752062698 ], [ -98.357640922048404, 20.863004497699905 ], [ -98.357664712289605, 20.86305505763999 ], [ -98.357688508569197, 20.863120493427292 ], [ -98.3577509672172, 20.863254341910896 ], [ -98.357804506848893, 20.863376281724495 ], [ -98.357855073804899, 20.863507162609597 ], [ -98.357908607319601, 20.863661822140596 ], [ -98.3579413286202, 20.863742131965008 ], [ -98.357979993990497, 20.863813511839595 ], [ -98.358015685531498, 20.863875980714905 ], [ -98.358078140850409, 20.863968182354093 ], [ -98.3581435789892, 20.8640633560472 ], [ -98.358203068470601, 20.864119875796501 ], [ -98.358298245964804, 20.864238847163499 ], [ -98.358387473551502, 20.8643280707219 ], [ -98.358435061436907, 20.864387560876601 ], [ -98.358489870844593, 20.864451284953798 ], [ -98.358593161615403, 20.864549960612504 ], [ -98.358691383000107, 20.864599835271097 ], [ -98.358708705978998, 20.864604685312198 ], [ -98.35883957522401, 20.864640381038999 ], [ -98.358931780171801, 20.864661206003298 ], [ -98.359006133133903, 20.864682014656001 ], [ -98.359083469721099, 20.864682015157399 ], [ -98.359196494534103, 20.864696890453398 ], [ -98.359339260057695, 20.864729606206399 ], [ -98.359428483987202, 20.864756375860704 ], [ -98.359538536949117, 20.864789094598997 ], [ -98.35961289674411, 20.8648099147625 ], [ -98.359722950287505, 20.8648277602673 ], [ -98.359824075588307, 20.864869401280799 ], [ -98.359934121084095, 20.864931855135804 ], [ -98.360029305535718, 20.864979449804196 ], [ -98.360124484185505, 20.865030019745696 ], [ -98.360178015714894, 20.865056790190099 ], [ -98.3602404824112, 20.865086525996404 ], [ -98.360282123265506, 20.865098421305795 ], [ -98.360347549741505, 20.865095454682997 ], [ -98.360389198912202, 20.865086526184392 ], [ -98.360418937628793, 20.865077610991396 ], [ -98.360451660561196, 20.865056790197595 ], [ -98.360478423761805, 20.865027040061001 ], [ -98.360493298717103, 20.864994325266597 ], [ -98.360505192988398, 20.864952679617101 ], [ -98.360505193479597, 20.864934835669498 ], [ -98.360487353127098, 20.864893190950497 ], [ -98.360463556091915, 20.864869401351097 ], [ -98.360433812530701, 20.864845611211098 ], [ -98.360398121414406, 20.864824791353097 ], [ -98.360359456194203, 20.8648009904467 ], [ -98.360302944455299, 20.8647831448998 ], [ -98.360231556209897, 20.8647533947419 ], [ -98.360151253729597, 20.864729606194796 ], [ -98.360076886037604, 20.864714730603602 ], [ -98.360017403963894, 20.864696890120904 ], [ -98.359969816828496, 20.864682015236305 ], [ -98.359931149449693, 20.864667151109497 ], [ -98.359880589442199, 20.864640380862397 ], [ -98.359850845764598, 20.864625505820801 ], [ -98.359827048616694, 20.864610631332496 ], [ -98.359800278649601, 20.864580896093301 ], [ -98.359788383716506, 20.864551146018297 ], [ -98.359770536375393, 20.864524376128401 ], [ -98.359767564257396, 20.864488690666398 ], [ -98.35976161419272, 20.864450025945601 ], [ -98.359755668659503, 20.864390541042603 ], [ -98.359743765801994, 20.8643399662181 ], [ -98.359734843561299, 20.8642685859582 ], [ -98.359719976811306, 20.864223976036403 ], [ -98.359684284551406, 20.864188275681101 ], [ -98.359639667408103, 20.864161505914801 ], [ -98.35960992429942, 20.864131771268603 ], [ -98.359589100334702, 20.864093106002702 ], [ -98.359565309854702, 20.864054441379796 ], [ -98.359514746876698, 20.864009827068799 ], [ -98.359476082086502, 20.863983056947799 ], [ -98.359440389836706, 20.863950330986498 ], [ -98.359419568904997, 20.86390869669 ], [ -98.359416593074798, 20.863873001268697 ], [ -98.359416592709394, 20.863828387329196 ], [ -98.359434437170606, 20.863795671993 ], [ -98.359452285330605, 20.863739162929299 ], [ -98.359476081837101, 20.8637123934515 ], [ -98.359511767392206, 20.863688592307401 ], [ -98.359550431109298, 20.8636885924255 ], [ -98.359592080446518, 20.863691571824898 ], [ -98.359636694111998, 20.863703466661196 ], [ -98.359705101815905, 20.863733205906797 ], [ -98.359812174108995, 20.863795672197902 ], [ -98.359931149084005, 20.863890842182197 ], [ -98.360044173669394, 20.8639592568904 ], [ -98.360267251709118, 20.864069302279898 ], [ -98.360436785602801, 20.864140697289901 ], [ -98.360555761433105, 20.8641942264505 ], [ -98.360662833217901, 20.8642299213226 ], [ -98.360737192747806, 20.864256690786096 ], [ -98.3607996547114, 20.864274534918501 ], [ -98.360891859802706, 20.864292387095897 ], [ -98.361064371469396, 20.864322126005504 ], [ -98.361204162267299, 20.864339965915796 ], [ -98.361355851583198, 20.864369716264701 ], [ -98.361587851743295, 20.864396486235005 ], [ -98.361748464051104, 20.864417310952796 ], [ -98.361891229120104, 20.864444065755297 ], [ -98.362057794164301, 20.864497616808301 ], [ -98.362161893324398, 20.864533300577008 ], [ -98.362230307899097, 20.864548176572903 ], [ -98.362331431171995, 20.864569001324398 ], [ -98.362426608902609, 20.864592790961698 ], [ -98.362539637558299, 20.8646314551068 ], [ -98.362622913446103, 20.864667151391497 ], [ -98.362688347821404, 20.864708785203401 ], [ -98.3627418912682, 20.864732585875402 ], [ -98.3627894783464, 20.864777199921505 ], [ -98.3628638391084, 20.864836684655998 ], [ -98.362917375363494, 20.864905100106697 ], [ -98.363003630085501, 20.864982429643092 ], [ -98.363083940450593, 20.8650448837673 ], [ -98.363188039798104, 20.865119244640599 ], [ -98.363351623684409, 20.8652263251718 ], [ -98.363580652318703, 20.865380979825403 ], [ -98.363741263533996, 20.865485079915299 ], [ -98.363830492334401, 20.865544579760595 ], [ -98.364017874130894, 20.8656338038816 ], [ -98.364187407799093, 20.865708165166698 ], [ -98.364356946427307, 20.865788475194694 ], [ -98.364472947863604, 20.865842003282602 ], [ -98.364621665150594, 20.8658895936391 ], [ -98.364749557968295, 20.865928259132598 ], [ -98.364868532861806, 20.8659520598701 ], [ -98.364969660398401, 20.865975849416692 ], [ -98.365070789857995, 20.865987743842101 ], [ -98.365145169471603, 20.865987696313496 ], [ -98.365222479713907, 20.8660026185877 ], [ -98.365335502427897, 20.866038319101097 ], [ -98.365406881891403, 20.866091855460397 ], [ -98.365460164887494, 20.866154800993399 ], [ -98.365505039641107, 20.866210828574399 ], [ -98.36555857954832, 20.866279233299501 ], [ -98.365615085307994, 20.866386308656896 ], [ -98.365680527414497, 20.866496358133695 ], [ -98.365731086846395, 20.866621277960995 ], [ -98.3657801642062, 20.866791986264992 ], [ -98.365796524991495, 20.866832456703101 ], [ -98.365826264350801, 20.866903837940296 ], [ -98.365870881685296, 20.866960357805802 ], [ -98.365909546721099, 20.867016862833299 ], [ -98.365957137332899, 20.8670585079159 ], [ -98.366010676524098, 20.867094192703 ], [ -98.36606718606221, 20.8671239432012 ], [ -98.366114776523602, 20.867138818235492 ], [ -98.366168315544101, 20.867147732968299 ], [ -98.366233751438216, 20.867135838101504 ], [ -98.366305130998398, 20.867117997354597 ], [ -98.366394362926997, 20.867094193371695 ], [ -98.366501436195605, 20.867034706930397 ], [ -98.366679895792601, 20.866975221693 ], [ -98.366938665666694, 20.866865173250094 ], [ -98.367099278231606, 20.866799737707396 ], [ -98.367494862779097, 20.866630207573095 ], [ -98.367631685270396, 20.866549898098796 ], [ -98.367741734119207, 20.8665023042775 ], [ -98.367798245832304, 20.866487429395395 ], [ -98.367854758690598, 20.866484463125001 ], [ -98.367911264123705, 20.866493389171303 ], [ -98.367964804459106, 20.866526107948498 ], [ -98.368012398306206, 20.866561792748296 ], [ -98.368051055832396, 20.866594508038396 ], [ -98.368065934905999, 20.866642102617494 ], [ -98.368080806188615, 20.866683743756703 ], [ -98.368080806342306, 20.866734303918303 ], [ -98.368080806355707, 20.8667789178978 ], [ -98.368077826386795, 20.8668265079686 ], [ -98.368068904030594, 20.866891942649396 ], [ -98.368076470058298, 20.866972070104303 ], [ -98.368088688780901, 20.867057033305098 ], [ -98.368122443730201, 20.867150712942596 ], [ -98.368140290906993, 20.867174502124904 ], [ -98.368181929107294, 20.8672280422856 ], [ -98.368220600613895, 20.867275633434598 ], [ -98.368268188205406, 20.867320246902491 ], [ -98.368330646287006, 20.867364857422 ], [ -98.368405003198802, 20.867400556874397 ], [ -98.368538853269001, 20.867463010929995 ], [ -98.368678640934206, 20.8675076328838 ], [ -98.368821412236898, 20.867537371814599 ], [ -98.368984996949294, 20.867570086829197 ], [ -98.369098022677605, 20.867602806846694 ], [ -98.369211047577707, 20.867638502137098 ], [ -98.369306224984101, 20.867677167463398 ], [ -98.369410325378695, 20.867718812055404 ], [ -98.369457919049211, 20.8677574772342 ], [ -98.369502529556996, 20.867787211684298 ], [ -98.369562022163905, 20.867819931123595 ], [ -98.369645300571008, 20.867855626772293 ], [ -98.369802936713398, 20.867929975808092 ], [ -98.370008166698995, 20.868010286181299 ], [ -98.3701182185726, 20.8680400364041 ], [ -98.370192575532499, 20.868054911257605 ], [ -98.370302628710505, 20.8680638257858 ], [ -98.370391853036594, 20.8680697722885 ], [ -98.370552472577103, 20.868090596100494 ], [ -98.370635748190594, 20.868093575965101 ], [ -98.370686314756, 20.8681084362928 ], [ -98.370716058388595, 20.868126292061596 ], [ -98.370748773005204, 20.868156031238001 ], [ -98.370829083111815, 20.8682095711195 ], [ -98.370906412735295, 20.868251212159301 ], [ -98.371043235087498, 20.8683136661802 ], [ -98.371239538634498, 20.868417765872998 ], [ -98.371444768619995, 20.868530795271898 ], [ -98.371641069849304, 20.868614080605095 ], [ -98.371774919084004, 20.868688430861205 ], [ -98.371822509941595, 20.868730076159096 ], [ -98.371870097379798, 20.868759826354399 ], [ -98.371917684328807, 20.868798490840501 ], [ -98.371971216162294, 20.868878785958895 ], [ -98.372051526442505, 20.8689590953032 ], [ -98.372128858642398, 20.869039405429504 ], [ -98.372197274198896, 20.8690899762871 ], [ -98.372265682037096, 20.869137555475401 ], [ -98.372372750007997, 20.869200024891899 ], [ -98.372524450694996, 20.869271405067398 ], [ -98.372655321298296, 20.8693546842369 ], [ -98.372821881801997, 20.869452845286993 ], [ -98.372940853048206, 20.869527195235396 ], [ -98.373024136252695, 20.869583714935501 ], [ -98.373119310161712, 20.869675919119594 ], [ -98.373163927269701, 20.869732425395597 ], [ -98.373205571990496, 20.869788934325392 ], [ -98.373226388691194, 20.869845450079698 ], [ -98.373244237160904, 20.869890064399002 ], [ -98.373265058209796, 20.869937655016003 ], [ -98.373300749687701, 20.869997143671199 ], [ -98.373336442169915, 20.870038773893999 ], [ -98.373375107026703, 20.870080418609099 ], [ -98.373419716587605, 20.870119084434798 ], [ -98.373461362149612, 20.870136939047399 ], [ -98.373529768664199, 20.870163709258097 ], [ -98.373627919925497, 20.870196424282202 ], [ -98.373761768727704, 20.870223193610499 ], [ -98.373990788572797, 20.870261859170292 ], [ -98.374243606009003, 20.8702975439456 ], [ -98.374460731427803, 20.870318368391196 ], [ -98.374624322990499, 20.870330263311907 ], [ -98.374764118088294, 20.870330262784705 ], [ -98.374880112671704, 20.870330262836003 ], [ -98.374969345227299, 20.870321348327298 ], [ -98.375076420833906, 20.870309438655699 ], [ -98.375204317166194, 20.870303493302902 ], [ -98.375323292269101, 20.870309439279197 ], [ -98.375451184589593, 20.870315398746992 ], [ -98.375546362312903, 20.870324314375594 ], [ -98.3756534416503, 20.870339188844298 ], [ -98.375721849870999, 20.870342158092395 ], [ -98.375802151934494, 20.870362977634898 ], [ -98.375873539824198, 20.870386778829101 ], [ -98.375938974284594, 20.870410569123099 ], [ -98.3760252333485, 20.870452214258197 ], [ -98.376075796764695, 20.870484933247901 ], [ -98.376138250748298, 20.870502773641601 ], [ -98.376210536617094, 20.870522387360705 ], [ -98.376226890989102, 20.870529544275296 ], [ -98.376277454142596, 20.870532524144899 ], [ -98.376325040825805, 20.870532524123504 ], [ -98.376369658929406, 20.870532524111798 ], [ -98.376426172343599, 20.8705176491179 ], [ -98.376458882562602, 20.870493858890395 ], [ -98.376467804521297, 20.870467088841096 ], [ -98.376476731078199, 20.870437338938395 ], [ -98.3764886331833, 20.870398673822304 ] ] } },
{ "type": "Feature", "properties": { "ID_OBRA": "1224_Tlahuiltepa", "No.": 1224.0, "Municipio": "Tlahuiltepa", "Rubro": "Infraestructura Carretera", "Ejercicio": 2022.0, "Obra": "Construcción de Pavimento de Concreto Hidráulico en acceso a cabecera municipal de Tlahuiltepa, Tramo: Tlahuiltepa - Itztacoyotla, municipio de Tlahuiltepa", "Localidad": "Tlahuiltepa", "Inversión": 31861378.33, "Habitantes.beneficiados": 1252.0, "Ejecutora": "DGOPI", "Trabajos": "Considera los trabajos de preliminares, riego de impregnación, piso para pavimento de concreto hidráulico.", "Geometria_tipo": "Línea", "extract": 0.23071329877043198 }, "geometry": { "type": "LineString", "coordinates": [ [ -98.406112495766493, 20.937277927805596 ], [ -98.406195156429803, 20.937197043646403 ], [ -98.406312696757297, 20.9371025596989 ], [ -98.406460020836604, 20.937041204366199 ], [ -98.406682208042895, 20.9370020135866 ], [ -98.407037760855303, 20.9368951277532 ], [ -98.407300506130795, 20.936818472835 ], [ -98.407466888113504, 20.936761159260396 ], [ -98.407588795117803, 20.9366736449816 ], [ -98.407690395449819, 20.9365609590213 ], [ -98.407816066732195, 20.936448667335195 ], [ -98.407890014457607, 20.936407182373095 ], [ -98.408006112750996, 20.936366695623601 ], [ -98.408094902136298, 20.936343565871898 ], [ -98.408165209253795, 20.936294801929002 ], [ -98.408308022335106, 20.936085517847996 ], [ -98.408396884917195, 20.936002801826891 ], [ -98.408413805000905, 20.935996182445599 ], [ -98.4084947148678, 20.935985449684001 ], [ -98.4086016035873, 20.936002373775803 ], [ -98.4087681812087, 20.9360215483809 ], [ -98.4090140909951, 20.936066881132 ], [ -98.409238073691697, 20.936132155465902 ], [ -98.409387394993601, 20.936139278013499 ], [ -98.409506838896803, 20.936116877941192 ], [ -98.409608264457702, 20.936059858830298 ], [ -98.409662865292802, 20.936030804766798 ], [ -98.409680292018606, 20.936029132062004 ], [ -98.409743223071203, 20.936030622799194 ], [ -98.409836872747306, 20.936029572378096 ], [ -98.409962632336999, 20.9360577457422 ], [ -98.410077575927701, 20.936060431738404 ], [ -98.410108205336996, 20.936055130848096 ], [ -98.410208706066399, 20.936031110724805 ], [ -98.410283915923003, 20.936023477324099 ], [ -98.410354107959193, 20.936041735442295 ], [ -98.410473472868603, 20.936107292720095 ], [ -98.41065929082491, 20.936327762916601 ], [ -98.410890698366899, 20.936563718772394 ], [ -98.411072873033604, 20.936776903395195 ], [ -98.411141329174114, 20.9368306849444 ], [ -98.411186087617395, 20.936881292809392 ], [ -98.411224610600698, 20.936918723670505 ], [ -98.411283605445803, 20.936943135620098 ], [ -98.411355480767298, 20.936971079624598 ], [ -98.411496680435306, 20.9370361983047 ], [ -98.411686040151693, 20.937123489412695 ], [ -98.411771393745497, 20.937164474358799 ], [ -98.411784865335505, 20.937172781819104 ], [ -98.411833066211898, 20.9372169898934 ], [ -98.411917034675312, 20.937299434156998 ], [ -98.412020686965604, 20.937438692765401 ], [ -98.412099138141997, 20.937516182820399 ], [ -98.412167045810094, 20.937557399316095 ], [ -98.412247508857604, 20.937559291970096 ], [ -98.412313022213098, 20.937546420832 ], [ -98.412367526415693, 20.937515276600699 ], [ -98.412438598109603, 20.937437716927604 ], [ -98.4124571717538, 20.937349408738893 ], [ -98.412429687343703, 20.937238030118092 ], [ -98.412394619803194, 20.937114744789696 ], [ -98.412322633264793, 20.9369323287229 ], [ -98.412291790879394, 20.936794743201595 ], [ -98.412258781298505, 20.936602298350699 ], [ -98.4122567624417, 20.936542190897995 ], [ -98.412252362597897, 20.936411262421895 ], [ -98.412265718203997, 20.936214872467303 ], [ -98.412301737749999, 20.936049207587995 ], [ -98.412361785785805, 20.935932542870297 ], [ -98.412390540554213, 20.935905076796093 ], [ -98.412465501961407, 20.935898225844003 ], [ -98.412526897871999, 20.935896065404897 ], [ -98.412630434740393, 20.935894892073101 ], [ -98.412714823923096, 20.935893282342096 ], [ -98.412799402775704, 20.935884464811199 ], [ -98.412883881065113, 20.935879238448099 ], [ -98.412937517670912, 20.935880508097696 ], [ -98.413006481309793, 20.935882117769999 ], [ -98.413071238221306, 20.935898053873096 ], [ -98.413207840237817, 20.935971635918996 ], [ -98.413224864771706, 20.935980122635804 ], [ -98.413276181278505, 20.935996803950601 ], [ -98.413337572948507, 20.936021670682205 ], [ -98.413395240907903, 20.936032417683798 ], [ -98.413472055746809, 20.936027020125302 ], [ -98.413533832833593, 20.936010460978903 ], [ -98.413635083176999, 20.935951609178794 ], [ -98.413718030288706, 20.9358599186681 ], [ -98.413759793969405, 20.935731235934803 ], [ -98.413753859877701, 20.9355221950965 ], [ -98.413693164129597, 20.9352681489395 ], [ -98.413713521884205, 20.935167447472207 ], [ -98.413782532551195, 20.935107958056097 ], [ -98.413944326379607, 20.935047496071803 ], [ -98.414071810464705, 20.935010868899205 ], [ -98.414172765000899, 20.934962812999196 ], [ -98.414299927852298, 20.934902657367299 ], [ -98.414404422398803, 20.934865492956099 ], [ -98.414527304269598, 20.934865246803593 ], [ -98.414622481880599, 20.934881907392 ], [ -98.414727173578399, 20.934950918021599 ], [ -98.414810456474598, 20.934967565727604 ], [ -98.414900876934496, 20.934950918148701 ], [ -98.414962746024997, 20.934915221884602 ], [ -98.415030446445996, 20.934866566282 ], [ -98.415088106211414, 20.934801072271405 ], [ -98.415129519862504, 20.934740118859999 ], [ -98.415170480122399, 20.934646561576603 ], [ -98.415204100186003, 20.934535697189201 ], [ -98.4152054857569, 20.934483498307401 ], [ -98.415189225247204, 20.934439741243601 ], [ -98.415168854808499, 20.934419628296101 ], [ -98.415142506230595, 20.934400993828699 ], [ -98.415092605621098, 20.934403412367999 ], [ -98.415041747703398, 20.934441841673401 ], [ -98.414917536457807, 20.934434562608597 ], [ -98.414800405840495, 20.934383883767399 ], [ -98.414743800055405, 20.934350140467 ], [ -98.414664872326114, 20.934290654742199 ], [ -98.4145662189582, 20.934252318168401 ], [ -98.414283372291706, 20.934220466716202 ], [ -98.414132312381298, 20.934196628900501 ], [ -98.413936256891702, 20.934154677770401 ], [ -98.413775395998798, 20.9340824080614 ], [ -98.413696240863104, 20.934000435709898 ], [ -98.413649023465098, 20.933902077176803 ], [ -98.413621384859297, 20.933794156002399 ], [ -98.413654041169906, 20.933666009387398 ], [ -98.413704368911496, 20.933527827347497 ], [ -98.413727357942307, 20.933384307263697 ], [ -98.413715005400903, 20.933272365459295 ], [ -98.413671515950398, 20.933177695319497 ], [ -98.413557085713805, 20.933035508423902 ], [ -98.413445026014301, 20.932780765218201 ], [ -98.413435634424999, 20.932701301245899 ], [ -98.413499377671698, 20.932611904818394 ], [ -98.413585033284505, 20.932561929950101 ], [ -98.413660965687498, 20.932528287395598 ], [ -98.413746502037398, 20.932483479359597 ], [ -98.413789898342799, 20.9324376808549 ], [ -98.413807135154599, 20.932366055265604 ], [ -98.413805610711606, 20.932279568027301 ], [ -98.413804076620295, 20.932193088886805 ], [ -98.413828502743897, 20.932139639128195 ], [ -98.4139045483427, 20.932018977235803 ], [ -98.414028681846702, 20.931820195261697 ], [ -98.414093722033016, 20.931681256703396 ], [ -98.414122454948597, 20.931609899124602 ], [ -98.414117277165104, 20.931516130386299 ], [ -98.414100327323894, 20.931432903464 ], [ -98.414071980794702, 20.931345801908002 ], [ -98.414058863663399, 20.931118588778197 ], [ -98.414070441847599, 20.9308415869864 ], [ -98.414103839699393, 20.930562522306197 ], [ -98.414133631300714, 20.930451571748296 ], [ -98.4141629335641, 20.930358621571301 ], [ -98.414172704982207, 20.930279609185199 ], [ -98.4141841900137, 20.9302157242706 ] ] } },
{ "type": "Feature", "properties": { "ID_OBRA": "1224_Tlahuiltepa", "No.": 1224.0, "Municipio": "Tlahuiltepa", "Rubro": "Infraestructura Carretera", "Ejercicio": 2022.0, "Obra": "Construcción de Pavimento de Concreto Hidráulico en acceso a cabecera municipal de Tlahuiltepa, Tramo: Tlahuiltepa - Itztacoyotla, municipio de Tlahuiltepa", "Localidad": "Tlahuiltepa", "Inversión": 31861378.33, "Habitantes.beneficiados": 1252.0, "Ejecutora": "DGOPI", "Trabajos": "Considera los trabajos de preliminares, riego de impregnación, piso para pavimento de concreto hidráulico.", "Geometria_tipo": "Línea", "extract": 0.38489216419052413 }, "geometry": { "type": "LineString", "coordinates": [ [ -98.3309035907143, 20.913969874174395 ], [ -98.331178085035219, 20.913754472940592 ], [ -98.3314564822996, 20.913571254820095 ], [ -98.331637321278194, 20.913457040965501 ], [ -98.331811020535199, 20.913369001293795 ], [ -98.331960927371398, 20.913311893738204 ], [ -98.332094176651097, 20.913269062617701 ], [ -98.332225048041707, 20.913238129691297 ], [ -98.332324985222897, 20.913223854271198 ], [ -98.332408265901407, 20.9132214736977 ], [ -98.332470132162797, 20.913233370980301 ], [ -98.332524859745604, 20.913254787023998 ], [ -98.332589105396906, 20.913285719151599 ], [ -98.332791358741005, 20.9134380047097 ], [ -98.333076895431518, 20.913635499781595 ], [ -98.333126863405298, 20.9136592950174 ], [ -98.333188729061803, 20.913675950924603 ], [ -98.333243457472506, 20.913680710205796 ], [ -98.333312461340299, 20.913668812626497 ], [ -98.333438572771698, 20.913630741297901 ], [ -98.333800250637594, 20.9135070090718 ], [ -98.334345373905293, 20.913370060418298 ], [ -98.334365103310503, 20.913365837408001 ], [ -98.334607907078905, 20.913317632332998 ], [ -98.334739391023902, 20.913304910469098 ], [ -98.334804464390004, 20.9133482133972 ], [ -98.334871083206707, 20.9133624883385 ], [ -98.334909155971204, 20.913372003458292 ], [ -98.334961503924916, 20.913391043124093 ], [ -98.335042405773507, 20.913443386851501 ], [ -98.335085236230796, 20.913471947857303 ], [ -98.335170899449807, 20.913510017143498 ], [ -98.335261602183394, 20.913543344404097 ], [ -98.335274559128194, 20.913544125779904 ], [ -98.335508036813806, 20.913556937260804 ], [ -98.335795335157016, 20.913563836300799 ], [ -98.336067407846798, 20.913566753463002 ], [ -98.336217195164593, 20.913555945705596 ], [ -98.336353241887096, 20.913568157841802 ], [ -98.336462103368305, 20.9135394952567 ], [ -98.336512070024597, 20.913439561210001 ], [ -98.336497794695504, 20.913325351250496 ], [ -98.336433545045395, 20.913225416274095 ], [ -98.336290779823898, 20.913046955952002 ], [ -98.336076624859601, 20.912811390635397 ], [ -98.335969551918097, 20.912725721110103 ], [ -98.335783951213202, 20.912604376669897 ], [ -98.3355626614333, 20.912433047359198 ], [ -98.335412756161517, 20.912325970741502 ], [ -98.335262854289795, 20.912126101628399 ], [ -98.335127222838494, 20.911876257747 ], [ -98.335070111363606, 20.9116906521811 ], [ -98.335070110795698, 20.911597863409405 ], [ -98.335120078221493, 20.911512203701498 ], [ -98.335155773953801, 20.911405127211896 ], [ -98.335162911587304, 20.911091033326599 ], [ -98.335177193546997, 20.910926849083797 ], [ -98.335205741386801, 20.910862599120396 ], [ -98.335248577780206, 20.910812638941596 ], [ -98.335284266931296, 20.910791217808097 ], [ -98.335362788453594, 20.910791217919495 ], [ -98.335419893304206, 20.910805494463901 ], [ -98.335484142870399, 20.910848323182098 ], [ -98.335519835449105, 20.910891163684592 ], [ -98.335548386354702, 20.911026783257192 ], [ -98.335534111231595, 20.911112453632999 ], [ -98.335526972523297, 20.911233797777399 ], [ -98.335548386471402, 20.911319467820604 ], [ -98.335576944284497, 20.911362297728196 ], [ -98.335665478619106, 20.911466970691095 ], [ -98.335684012775204, 20.911483642394501 ], [ -98.335776812529105, 20.911490783318797 ], [ -98.335848201008105, 20.911412257811598 ], [ -98.335876754937999, 20.9112694929211 ], [ -98.335826781164897, 20.910869743778402 ], [ -98.3357982340397, 20.910598482906902 ], [ -98.335848201022401, 20.910405743952794 ], [ -98.335926723228894, 20.910291534146204 ], [ -98.336076625164594, 20.910248704010005 ], [ -98.336240813442402, 20.910234429257802 ], [ -98.336426407310796, 20.910220154366499 ], [ -98.336526342091105, 20.910163044630494 ], [ -98.336597729437401, 20.9100416896915 ], [ -98.336640558782804, 20.909877508598598 ], [ -98.336669109992897, 20.909720465950997 ], [ -98.336754776835093, 20.909470624915301 ], [ -98.336754777406313, 20.909263611056002 ], [ -98.336711946592104, 20.909070874727597 ], [ -98.336711946778806, 20.908835310243095 ], [ -98.336804743978902, 20.908585466105396 ], [ -98.336990342190802, 20.908199991872703 ], [ -98.337090276142405, 20.907893043275898 ], [ -98.337125972120702, 20.9076860323296 ], [ -98.337168802257096, 20.9074504640889 ], [ -98.33716166404102, 20.907307687803197 ], [ -98.337254460736901, 20.907007872742703 ], [ -98.33729014456371, 20.906872254057102 ], [ -98.337382953614906, 20.906779452893304 ], [ -98.337518583749599, 20.906658098122101 ], [ -98.337678958357699, 20.9066438188486 ], [ -98.337682758410807, 20.906643819122198 ], [ -98.337782702775101, 20.9066723731313 ], [ -98.337832670697196, 20.9067223476432 ], [ -98.337846946237804, 20.906779452719402 ], [ -98.337868362990505, 20.906900808341199 ], [ -98.337882638128903, 20.907086398008303 ], [ -98.337904046938505, 20.907236307832299 ], [ -98.337939742686899, 20.907336241878998 ], [ -98.337982572569999, 20.907407623118296 ], [ -98.338053960312195, 20.907471873200802 ], [ -98.338132482173705, 20.907507572255103 ], [ -98.338382321705595, 20.907521847977495 ], [ -98.339553020995993, 20.9074718727516 ], [ -98.339631542744002, 20.907429042654201 ], [ -98.339717205885194, 20.9073576632818 ], [ -98.339795724019396, 20.907222033366793 ], [ -98.339796266139203, 20.9072187827547 ], [ -98.339817139568595, 20.907093543841096 ], [ -98.339802865042202, 20.906936493173102 ], [ -98.339767173043796, 20.906893662577101 ], [ -98.339724343467097, 20.9068651090742 ], [ -98.339652956237202, 20.906800858773895 ], [ -98.339567296223294, 20.906743754409103 ], [ -98.3394816333942, 20.906686649088101 ], [ -98.339431666345803, 20.906615267720699 ], [ -98.339403110748506, 20.906522464210997 ], [ -98.339391558985895, 20.906357474781693 ], [ -98.339436177395214, 20.906217678780795 ], [ -98.339507560803995, 20.906119528717294 ], [ -98.339578941231821, 20.906060039744396 ], [ -98.339638422563596, 20.906027324228095 ], [ -98.339733608020396, 20.906000555453698 ], [ -98.339941811257603, 20.905988659843796 ], [ -98.340022121341207, 20.905979729658895 ], [ -98.340289809028505, 20.9058815802012 ], [ -98.340486112609696, 20.905780449638101 ], [ -98.340649698182901, 20.905703119874701 ], [ -98.340756778043101, 20.905679330179495 ], [ -98.340962056221201, 20.905690443069201 ], [ -98.340963420234203, 20.905690539586601 ], [ -98.341298115345097, 20.9057119120104 ], [ -98.341663938175117, 20.905735835112701 ], [ -98.341860252884004, 20.905720960295994 ], [ -98.342050607759205, 20.905676349715591 ], [ -98.342106166818098, 20.905652109596392 ], [ -98.342300444976104, 20.905575219863302 ], [ -98.342336141192618, 20.905539534995601 ], [ -98.342351016145102, 20.9055038359426 ], [ -98.342353988473505, 20.905453275893397 ], [ -98.3423420943503, 20.905396760381102 ], [ -98.342321273258506, 20.905346200010602 ], [ -98.342264760187106, 20.9052986058804 ], [ -98.342202298017199, 20.905251025875199 ], [ -98.342086300046603, 20.905197486048202 ], [ -98.341934606351998, 20.905152864760897 ], [ -98.341843582724607, 20.905118498990095 ], [ -98.341822429809099, 20.905109665921195 ], [ -98.341752934862399, 20.9050669973625 ], [ -98.341666922113802, 20.904986311450898 ], [ -98.341598510762196, 20.904900051675696 ], [ -98.341544974545798, 20.9047959412264 ], [ -98.341521180700695, 20.904739435825093 ], [ -98.341515231646, 20.9046740009301 ], [ -98.341515232108904, 20.9046174923477 ], [ -98.3415182046935, 20.904519341572804 ], [ -98.341500356602197, 20.904453906902596 ], [ -98.341461691728995, 20.904403336397202 ], [ -98.341396257149398, 20.904355746458499 ], [ -98.341274309664016, 20.904293290622203 ], [ -98.341205902133694, 20.9042397511517 ], [ -98.341104771622199, 20.904186211976295 ], [ -98.341063133857901, 20.9041237566307 ], [ -98.341027442362304, 20.904037501729505 ], [ -98.340997699554919, 20.903924472863899 ], [ -98.340995489395297, 20.9039162331805 ], [ -98.340963553594506, 20.903829130781698 ], [ -98.340892165920721, 20.903736342091399 ], [ -98.340770810636201, 20.903672091973498 ], [ -98.340570942308901, 20.9035935657209 ], [ -98.340385344216102, 20.903500761623395 ], [ -98.340256846712293, 20.903379418422901 ], [ -98.340099808136699, 20.903215236976695 ], [ -98.339928484863293, 20.9030153532415 ], [ -98.339771442240604, 20.902879733882095 ], [ -98.339635807991996, 20.902794062938291 ], [ -98.339564428418896, 20.902772658042899 ], [ -98.339521597657196, 20.902736957575403 ], [ -98.3394859057031, 20.902665578083699 ], [ -98.339471630824505, 20.902565643076798 ], [ -98.339500185220103, 20.902479984038397 ], [ -98.339571564945004, 20.902337207592797 ], [ -98.3396215327802, 20.902215865039796 ], [ -98.339642953395796, 20.902058813975696 ], [ -98.339592974692195, 20.901923182573398 ], [ -98.339528736215101, 20.901794694471999 ], [ -98.339500185162706, 20.901644788757999 ], [ -98.339493039988099, 20.901487744757297 ], [ -98.339535872687307, 20.901402090283096 ], [ -98.339671499639095, 20.901316419397098 ], [ -98.339806757830999, 20.9012750045991 ], [ -98.339976299792397, 20.901289880123898 ], [ -98.340130961885194, 20.901352345700797 ], [ -98.340270757928806, 20.901432656303108 ], [ -98.3403778259338, 20.901518900453798 ], [ -98.340461109340595, 20.901602190366098 ], [ -98.340511667558502, 20.901679519861503 ], [ -98.340556285758495, 20.90171521523499 ], [ -98.340615779202494, 20.901753880070299 ], [ -98.341103569347197, 20.901896644426493 ], [ -98.341502122874004, 20.901994795109196 ], [ -98.341632996255996, 20.902003723860396 ], [ -98.3417400637409, 20.901985880465599 ], [ -98.341820377811203, 20.901962079090897 ], [ -98.341870945070596, 20.901908549911496 ], [ -98.341882840376599, 20.9018460849618 ], [ -98.341817404548706, 20.901685465326796 ], [ -98.341728168883606, 20.9015754203737 ], [ -98.341630022967394, 20.901471320615002 ], [ -98.341406944624794, 20.901370189981296 ], [ -98.341031492409712, 20.901181298978099 ], [ -98.3408656233307, 20.901099525007798 ], [ -98.340773419465407, 20.901013269827303 ], [ -98.340734745704196, 20.900924046095799 ], [ -98.340737726891504, 20.900816965744095 ], [ -98.340770438184606, 20.900686096269002 ], [ -98.340886435965601, 20.900192361259396 ], [ -98.3409340305558, 20.899936571881302 ], [ -98.340984594356499, 20.899784877944001 ], [ -98.341035154018599, 20.899716466906494 ], [ -98.341103568766698, 20.8996896970365 ], [ -98.341177925109704, 20.8996837466069 ], [ -98.341249305566706, 20.899695642054603 ], [ -98.341287971127116, 20.899734317628099 ], [ -98.341341509865799, 20.899841387246404 ], [ -98.341368279704895, 20.900016878358905 ], [ -98.341409917957193, 20.9001477471712 ], [ -98.341490227915003, 20.900388662313695 ], [ -98.341573510466205, 20.900537387185398 ], [ -98.341641918027094, 20.900635537416996 ], [ -98.341769818394596, 20.900715847057796 ], [ -98.341930430280499, 20.900822915033903 ], [ -98.342034530370796, 20.900855630616299 ], [ -98.342079147530896, 20.900843735731595 ], [ -98.3421862198458, 20.900808040094599 ], [ -98.342453911854804, 20.900712865904705 ], [ -98.342700779348505, 20.900596872455598 ], [ -98.342864367858496, 20.900525481098295 ], [ -98.342900055984103, 20.900489796030804 ], [ -98.342908977597418, 20.900460046343099 ], [ -98.342917901142499, 20.900436256351504 ], [ -98.342986315147797, 20.900382715915697 ], [ -98.343079355058904, 20.900330130269701 ], [ -98.343264952242905, 20.900301576383601 ], [ -98.343460015546597, 20.900278084097405 ], [ -98.343971651347104, 20.900201641266602 ], [ -98.344414230071294, 20.900101705840797 ], [ -98.344721179218496, 20.900008905816197 ], [ -98.344942473036994, 20.899973206296998 ], [ -98.345070961898003, 20.900030311268996 ], [ -98.345342218948417, 20.900051735087395 ], [ -98.345692001044696, 20.900180221272603 ], [ -98.345827631954194, 20.900180220940999 ], [ -98.345927566478494, 20.900108840455303 ], [ -98.346027501202698, 20.899816167028192 ], [ -98.346113167871394, 20.8994735224449 ], [ -98.346163134977104, 20.899366446362496 ], [ -98.346284482952399, 20.899273653454195 ], [ -98.346384425444697, 20.899245091058894 ], [ -98.346598573357895, 20.899280787093005 ], [ -98.347526561253105, 20.8994021419288 ], [ -98.34771929296052, 20.899400710919 ], [ -98.348169021115993, 20.899430691870101 ], [ -98.348333201688902, 20.899395007719995 ], [ -98.348697259709795, 20.899309337441998 ], [ -98.3488328902408, 20.899223681705401 ], [ -98.348904273920908, 20.8991023256328 ], [ -98.348961378590502, 20.898852481708001 ], [ -98.348989930264821, 20.898595507653898 ], [ -98.349032759681904, 20.898524112867495 ], [ -98.3491041474215, 20.898495562076299 ], [ -98.349268331531604, 20.898502707130604 ], [ -98.3495467267999, 20.898538391973297 ], [ -98.3497323207433, 20.8985312582269 ], [ -98.349910781289793, 20.898509837605705 ], [ -98.350046411401706, 20.898424178154301 ], [ -98.350217734410805, 20.898381351595702 ], [ -98.350381918270799, 20.898345652799502 ], [ -98.350646038203394, 20.898395627876297 ], [ -98.350888739782604, 20.898431323104905 ], [ -98.351324182473306, 20.898481287215805 ], [ -98.351716794263893, 20.8985883626796 ], [ -98.352002330346295, 20.898674022401003 ], [ -98.352544847926296, 20.898852482208802 ], [ -98.353058810904798, 20.899023800949692 ], [ -98.353244408650895, 20.899109467930497 ], [ -98.353479973855499, 20.899180851855402 ], [ -98.353629883017604, 20.899237957390199 ], [ -98.353829755665899, 20.899280787048596 ], [ -98.354036770617697, 20.899295062028703 ], [ -98.354843407542702, 20.899138021789096 ], [ -98.355136081524407, 20.899059497070596 ], [ -98.355240772901695, 20.898930606460702 ], [ -98.355333272692604, 20.898833794900103 ], [ -98.355359518423398, 20.898818372104699 ], [ -98.355501082159705, 20.898770315795701 ], [ -98.355755532656516, 20.898715165711792 ], [ -98.355948505905999, 20.898665749624698 ], [ -98.356102689292399, 20.898633414848099 ], [ -98.356310202822598, 20.898613158625697 ], [ -98.356509377268694, 20.898617914877299 ], [ -98.356659047881607, 20.898610684431898 ], [ -98.356787146142693, 20.898582256207298 ], [ -98.356814289928707, 20.898569945619897 ], [ -98.356861350348893, 20.898525580343094 ], [ -98.356880639145103, 20.8984745644626 ], [ -98.356881361849403, 20.898468327383796 ], [ -98.356882905004795, 20.898411250692899 ], [ -98.356869258051901, 20.898356048599002 ], [ -98.356843923116898, 20.898311220257899 ], [ -98.356764149690406, 20.898240495996301 ], [ -98.356729964309395, 20.898221132029601 ], [ -98.356187711265406, 20.898017812172995 ], [ -98.3557589662271, 20.897879667459595 ], [ -98.355399531329496, 20.897728748722798 ], [ -98.3552424869454, 20.897681040776899 ], [ -98.355158427253599, 20.897642059695599 ], [ -98.354458508052801, 20.897214715788898 ], [ -98.354270308823104, 20.897087763329701 ], [ -98.354059030643995, 20.896963861423899 ], [ -98.353918775200697, 20.8969064855856 ], [ -98.353777837028701, 20.896874304771398 ], [ -98.353511475925501, 20.8968031102367 ], [ -98.353271733076994, 20.896739753858899 ], [ -98.353080613192205, 20.8967207801836 ], [ -98.353013637459796, 20.896726654446599 ], [ -98.352855175028097, 20.896730697835203 ], [ -98.352662928363102, 20.896717998979092 ], [ -98.352418867126914, 20.896672546627602 ], [ -98.352167536291702, 20.896612514988895 ], [ -98.352030137460616, 20.8965912219807 ], [ -98.351900592439705, 20.896562912895501 ], [ -98.351798250361398, 20.896520847589397 ], [ -98.351621252312, 20.896404965975201 ], [ -98.351526667003199, 20.896359484763298 ], [ -98.351461845565893, 20.896347128792197 ], [ -98.351313283049805, 20.896360560783705 ], [ -98.351258066704702, 20.896371069834899 ], [ -98.351196589472295, 20.896376803427501 ], [ -98.351146797168099, 20.896375612408697 ], [ -98.351040527103194, 20.896337053713999 ], [ -98.350686436667999, 20.896108887179 ], [ -98.350387918736004, 20.895810014687502 ], [ -98.3502298789913, 20.895701787058098 ], [ -98.350068204725403, 20.8955862693219 ], [ -98.349947687253305, 20.895507751289191 ], [ -98.349830512953503, 20.895447321955796 ], [ -98.349685844182019, 20.895411448053093 ], [ -98.3495633765924, 20.895404915784599 ], [ -98.349449058386497, 20.895380570585502 ], [ -98.349346716865398, 20.895338503841 ], [ -98.349292307186502, 20.895299558692091 ], [ -98.3492760294275, 20.895271872134394 ], [ -98.349267923545199, 20.895222940307395 ], [ -98.349267907920805, 20.895222773094396 ], [ -98.349274064017095, 20.895196738660196 ], [ -98.349305852953407, 20.895143322674492 ], [ -98.349306310580502, 20.895142885299897 ], [ -98.349414922375104, 20.895084420020904 ], [ -98.34953777863501, 20.895076555178896 ], [ -98.349686668033996, 20.895098125173895 ], [ -98.349823772479894, 20.895130217930095 ], [ -98.349984541310903, 20.895137665463995 ], [ -98.3500993474658, 20.895144012891102 ], [ -98.350322469955614, 20.895113334077699 ], [ -98.350564355207396, 20.895097508948098 ], [ -98.350732977799595, 20.895097940773304 ], [ -98.350961519977503, 20.895150227791405 ], [ -98.351033579796905, 20.895180487811096 ], [ -98.351065954094196, 20.895201449787201 ], [ -98.351216804163698, 20.895347219147201 ], [ -98.351375234011101, 20.895441047759295 ], [ -98.351561059230804, 20.895513923327002 ], [ -98.3517439329799, 20.895554310931004 ], [ -98.352047100398195, 20.895539950332491 ], [ -98.352372955298307, 20.895536934974395 ], [ -98.352630647536699, 20.895503477456096 ], [ -98.352804367705417, 20.895457206686501 ], [ -98.352909048783005, 20.895412888059905 ], [ -98.353033075838397, 20.895361828144999 ], [ -98.353153661258006, 20.895296278713495 ], [ -98.353285638915807, 20.895234604176501 ], [ -98.353382074626509, 20.895211696697501 ], [ -98.353493635663696, 20.895196354725904 ], [ -98.353619739218004, 20.895210173172895 ], [ -98.353782584399895, 20.895282495936495 ], [ -98.353997494967004, 20.895413688027698 ], [ -98.354235775362397, 20.8955310329548 ], [ -98.354520699839398, 20.895624279381401 ], [ -98.354873400430705, 20.895762364167094 ], [ -98.355048321895595, 20.895813363672897 ], [ -98.355143588663594, 20.895833647799197 ], [ -98.355164656699898, 20.895836358364502 ], [ -98.355264939438698, 20.895844967822395 ], [ -98.355411992733409, 20.895829255202905 ], [ -98.355961264137093, 20.895784746636696 ], [ -98.356191949877299, 20.895757841026096 ], [ -98.356439319063, 20.895680909652498 ], [ -98.356555196659713, 20.895647662162592 ], [ -98.356698372625701, 20.895597054742996 ], [ -98.356830253086002, 20.895538975851498 ], [ -98.356923928883901, 20.895476383647001 ], [ -98.357017020339399, 20.895435387248995 ], [ -98.357083591796098, 20.8953829517156 ], [ -98.357116426686403, 20.895340226046095 ], [ -98.3571424570289, 20.895269982973694 ], [ -98.357162981772603, 20.895139936913399 ], [ -98.357231659378201, 20.894867852160704 ], [ -98.357277294412597, 20.894739282899099 ], [ -98.3572869965884, 20.894663880668904 ], [ -98.357290110826995, 20.894548702718801 ], [ -98.357276117222199, 20.894357483228998 ], [ -98.357300424943503, 20.894167176644093 ], [ -98.357288314732699, 20.8940480336666 ], [ -98.357307332679795, 20.893911627348601 ], [ -98.357352676196598, 20.893793855980498 ], [ -98.3574171692606, 20.893676542387595 ], [ -98.357467022042499, 20.893533666087304 ], [ -98.357490648136505, 20.893368554629198 ], [ -98.357499244873793, 20.893192281348799 ], [ -98.357502845060495, 20.893059106809496 ], [ -98.357527772266806, 20.892987670451095 ], [ -98.357606318905596, 20.8929175116875 ], [ -98.357688016297303, 20.892872641075403 ], [ -98.357772473461608, 20.8928674540469 ], [ -98.357963004154797, 20.892908018243297 ], [ -98.358225917780018, 20.892964717312001 ], [ -98.358314009121301, 20.892966818912299 ], [ -98.3584331322254, 20.892955256231104 ], [ -98.358606944853307, 20.892905379210603 ], [ -98.358758262800819, 20.892836958442892 ], [ -98.358824055454505, 20.892813316683096 ], [ -98.358866477543899, 20.892803525164897 ], [ -98.358923831992698, 20.892808493740102 ], [ -98.358984529575693, 20.892831552734798 ], [ -98.359124200343615, 20.8929105202809 ], [ -98.359350601789302, 20.893041978279101 ], [ -98.3594450905412, 20.893091053598102 ], [ -98.359456483854601, 20.8930949281742 ], [ -98.359542909667496, 20.8931113963184 ], [ -98.359567167000804, 20.893111975101196 ], [ -98.359622701606497, 20.893113299903799 ], [ -98.359664640164496, 20.8931082571582 ], [ -98.359755716989611, 20.893084059198696 ], [ -98.360324377613694, 20.892888729638599 ], [ -98.360417175665603, 20.892858529260604 ], [ -98.360482287367304, 20.8928600820641 ], [ -98.3605663546697, 20.892869290911602 ], [ -98.360676261103904, 20.892915131649502 ], [ -98.360778313470107, 20.892967988708996 ], [ -98.360870040106107, 20.892977378744696 ], [ -98.360951055001706, 20.892957701757197 ], [ -98.361149694443412, 20.892839983632499 ], [ -98.361253883735998, 20.892813656347695 ], [ -98.361326752589093, 20.892811791733198 ], [ -98.361414747939904, 20.8928174919592 ], [ -98.361491349945297, 20.892819318602893 ], [ -98.361560874384196, 20.892799367101503 ], [ -98.361646398771597, 20.892754584758094 ], [ -98.361705115305696, 20.8927091637755 ], [ -98.361740555592604, 20.892673993207399 ], [ -98.361794806232794, 20.892631259796897 ], [ -98.361830894822504, 20.892614212006393 ], [ -98.361899581294296, 20.892592988673698 ], [ -98.3619242721646, 20.892581286998595 ], [ -98.361970126587096, 20.892546206750701 ], [ -98.362028647153707, 20.892507984280996 ], [ -98.362115532126708, 20.892412812151495 ], [ -98.362176189874106, 20.892295404635103 ], [ -98.362213381403194, 20.892195447152201 ], [ -98.362243106577509, 20.892088107037697 ], [ -98.362254070939898, 20.891965913305295 ], [ -98.362295384153597, 20.891855248027898 ], [ -98.362355943639898, 20.891741439746401 ], [ -98.362458634778207, 20.891628636072202 ], [ -98.362588523914795, 20.891502075325597 ], [ -98.362737174541607, 20.891390367132598 ], [ -98.362872781284395, 20.891335973788905 ], [ -98.363043633766296, 20.891253607210999 ], [ -98.363144768766901, 20.891198392203702 ], [ -98.363215070368398, 20.891149645448309 ], [ -98.363259155149507, 20.891094004638699 ], [ -98.363264215632597, 20.89108434934149 ], [ -98.363287005965304, 20.891007066364796 ], [ -98.363291581683114, 20.890998823292797 ], [ -98.363347679368999, 20.890922302238501 ], [ -98.363383135756706, 20.890847092135292 ], [ -98.363419915073905, 20.890740638206498 ], [ -98.363453816127517, 20.890536253895 ], [ -98.3634651782817, 20.89030802721679 ], [ -98.363469257548203, 20.8901568557636 ], [ -98.363491225391002, 20.890052932579298 ], [ -98.363550715463802, 20.889978717240101 ], [ -98.363754245746804, 20.8898214953227 ], [ -98.363887670641205, 20.889705820702105 ], [ -98.364005484592894, 20.889600579749299 ], [ -98.364116026817698, 20.889480760238794 ], [ -98.36418826774991, 20.889360026608898 ], [ -98.364241360421317, 20.889238836840601 ], [ -98.364267932598693, 20.889106210892695 ], [ -98.364248934077594, 20.888958092454597 ], [ -98.364192218757097, 20.888787464953698 ], [ -98.364132256751503, 20.888595151364996 ], [ -98.364116019861697, 20.888486715587497 ], [ -98.364107347055906, 20.8883820621257 ], [ -98.364148129399993, 20.888148930110095 ], [ -98.364188813777901, 20.887919395587595 ], [ -98.364231482250403, 20.887705431813796 ], [ -98.364235300225701, 20.887692158624102 ], [ -98.364290346843902, 20.887565255788399 ], [ -98.364362976082703, 20.887430125647697 ], [ -98.364411495645896, 20.887351347883897 ], [ -98.364445588968394, 20.887287622688 ], [ -98.364549931784197, 20.8870348029056 ], [ -98.364653932404394, 20.8867311452723 ], [ -98.364733109697198, 20.8864953249203 ], [ -98.364787365099701, 20.886330943923195 ], [ -98.364814130893507, 20.886191119174793 ], [ -98.364802985700294, 20.886035985051393 ], [ -98.364768475439803, 20.885894700259396 ], [ -98.364763007021097, 20.885862203275 ], [ -98.364723353967506, 20.885701541125702 ], [ -98.364709484267095, 20.885666393579893 ], [ -98.364381216195497, 20.884765376402697 ], [ -98.364247109943818, 20.884382827030493 ], [ -98.364311452220804, 20.884405072721094 ], [ -98.364373913225904, 20.884431840818198 ], [ -98.364436373851802, 20.884527020069797 ], [ -98.364510732034304, 20.884631120746395 ], [ -98.364576167436994, 20.8847292736952 ], [ -98.364659448588299, 20.884863119319697 ], [ -98.364760576248699, 20.885115937351401 ], [ -98.364774004090194, 20.885156926415995 ], [ -98.364871547436195, 20.885385174785196 ], [ -98.364999442567907, 20.885712350945496 ], [ -98.365040617526901, 20.8858552533774 ], [ -98.365070825849017, 20.885950297283198 ], [ -98.365097594694404, 20.886003835363201 ], [ -98.365130312898202, 20.886030603899101 ], [ -98.365163030156396, 20.886054397987298 ], [ -98.365223302847397, 20.886072469268004 ], [ -98.365284978241917, 20.886090090352404 ], [ -98.365371233467798, 20.886096038608599 ], [ -98.365481282975594, 20.886057372704201 ], [ -98.365585385052697, 20.886015731909396 ], [ -98.365656768757503, 20.885935424864698 ], [ -98.365698408815703, 20.8858551185976 ], [ -98.365737074994399, 20.885715325168501 ], [ -98.365787638695906, 20.885575531578503 ], [ -98.365820357301999, 20.885417892924899 ], [ -98.365820357026294, 20.885331636914 ], [ -98.365807125987999, 20.885277364877599 ], [ -98.365754921354807, 20.885176971895998 ], [ -98.365665691600398, 20.884992563657097 ], [ -98.365597282460897, 20.8847843612057 ], [ -98.365594308431099, 20.884588056187699 ], [ -98.365594308235899, 20.8844839544421 ], [ -98.365594307992893, 20.884356058087601 ], [ -98.365570512797206, 20.884246007734799 ], [ -98.3655698592123, 20.884076356576504 ], [ -98.365570513414994, 20.884055650872497 ], [ -98.365588358900297, 20.883927754756304 ], [ -98.365710307073996, 20.883535143817788 ], [ -98.365918509333298, 20.882975971344504 ], [ -98.366019636065502, 20.8826606924308 ], [ -98.3660672263847, 20.882461412416898 ], [ -98.366079122751799, 20.882282953080196 ], [ -98.366064571836105, 20.882184699262194 ], [ -98.366067225985006, 20.882036083785099 ], [ -98.366082097323897, 20.8819379308874 ], [ -98.366111841422011, 20.881830854674604 ], [ -98.366168353273196, 20.881661318640305 ], [ -98.366233787652405, 20.881482858892696 ], [ -98.366254607971598, 20.881390655209596 ], [ -98.366251633684101, 20.881289527678092 ], [ -98.366254608091097, 20.881128914407896 ], [ -98.366266506054004, 20.880956403006593 ], [ -98.366284350634899, 20.880846353390105 ], [ -98.366325991679801, 20.880754149126894 ], [ -98.366367632646003, 20.880658971314201 ], [ -98.366427118743104, 20.880545946087992 ], [ -98.366471733797695, 20.8804121015948 ], [ -98.366513375354501, 20.880296102656196 ], [ -98.36667893617981, 20.880063300771404 ], [ -98.366781064402701, 20.879936208920501 ], [ -98.366998190102905, 20.879656622742004 ], [ -98.367081470638098, 20.879552520992803 ], [ -98.367167726178906, 20.879421651199493 ], [ -98.367245059067201, 20.879296728856502 ], [ -98.3673075202679, 20.879243191367898 ], [ -98.367367005992406, 20.879192628133993 ], [ -98.367456236043694, 20.879091500946704 ], [ -98.367500850976597, 20.8790379633441 ], [ -98.367548440060105, 20.878963604792105 ], [ -98.367593055311104, 20.878933860890101 ], [ -98.367685258639597, 20.878892220750398 ], [ -98.367774489333698, 20.878850580414891 ], [ -98.367848846643497, 20.8788178626023 ], [ -98.368003087256596, 20.878788260767497 ], [ -98.368112250151796, 20.878771887201999 ], [ -98.368258386404307, 20.878754893863505 ], [ -98.368401123293907, 20.878754894210701 ], [ -98.368594837652594, 20.878775285696396 ], [ -98.368808944469393, 20.878775286209205 ], [ -98.3689176958015, 20.878748097083498 ], [ -98.369023049955402, 20.878683525988297 ], [ -98.369165786787406, 20.878598563441301 ], [ -98.369284734644395, 20.878520397101898 ], [ -98.369349306570697, 20.878493209232499 ], [ -98.369570208751, 20.878476216627995 ], [ -98.369818301075199, 20.878479614634202 ], [ -98.369974631576298, 20.878466021241994 ], [ -98.370249911402297, 20.878466021166393 ], [ -98.370477611187894, 20.878459224429502 ], [ -98.370712107836994, 20.878476217218694 ], [ -98.370827656761506, 20.878476216706996 ], [ -98.370950003586202, 20.8784762167213 ], [ -98.3711641101971, 20.878489810698099 ], [ -98.371323839190396, 20.878547586291397 ], [ -98.371554937525403, 20.878574773599698 ], [ -98.371735059239398, 20.878595164901899 ], [ -98.371847209623098, 20.878615555795097 ], [ -98.371925375221394, 20.878646142031101 ], [ -98.371996743669499, 20.878707315108194 ], [ -98.372153074950404, 20.878833059582497 ], [ -98.3723128051967, 20.878918022601002 ], [ -98.372455541879901, 20.8789452106084 ], [ -98.372564295151804, 20.878955405713203 ], [ -98.372645859417304, 20.878931616586897 ], [ -98.372690038826718, 20.878890834837097 ], [ -98.372764806860104, 20.878812669362301 ], [ -98.372890550785499, 20.878669932440598 ], [ -98.373057078040802, 20.878557781453193 ], [ -98.373216807789902, 20.878442231581595 ], [ -98.373359544986016, 20.878347073578198 ], [ -98.373498883917193, 20.878275704884096 ], [ -98.373611034799396, 20.878241719755302 ], [ -98.373801351332602, 20.878217929811299 ], [ -98.374124210405, 20.878180546652995 ], [ -98.374355505843994, 20.878155963632395 ], [ -98.374372300681202, 20.878156756924795 ], [ -98.374484451304596, 20.8781601559756 ], [ -98.374562617100807, 20.8781431634503 ], [ -98.374691760017001, 20.878081989949997 ], [ -98.374984031667296, 20.877901869058196 ], [ -98.375106377895094, 20.877837296592098 ], [ -98.375164153399695, 20.877799914161095 ], [ -98.375245717171893, 20.877789718391995 ], [ -98.375313687258199, 20.877789718152705 ], [ -98.375408845241012, 20.877827101634605 ], [ -98.375541387054795, 20.877871283322897 ], [ -98.375694320089707, 20.8779188616403 ], [ -98.375813267909507, 20.877908665603297 ], [ -98.375894832279201, 20.877895072226103 ], [ -98.376000185650895, 20.877871283334098 ], [ -98.3761939013188, 20.8777931173748 ], [ -98.376299253859898, 20.877704756075399 ], [ -98.376370623061703, 20.877602799975602 ], [ -98.376472577929704, 20.877473656750198 ], [ -98.376615315780796, 20.877228964989598 ], [ -98.376744458557013, 20.876895910879693 ], [ -98.376883797572305, 20.8766240298649 ], [ -98.3769861867423, 20.876415861749305 ], [ -98.377070716324198, 20.876124449737098 ], [ -98.377152279874494, 20.875835576651397 ], [ -98.377193062449194, 20.875754011872999 ], [ -98.377240640568303, 20.875686042057499 ], [ -98.377305213466897, 20.875648659213898 ], [ -98.377359588810293, 20.875631666416105 ], [ -98.377447950024006, 20.875621470813801 ], [ -98.377529514291496, 20.875618072145794 ], [ -98.377709635192303, 20.875590884018902 ], [ -98.377872762588595, 20.875529711471202 ], [ -98.378039289564697, 20.875478733094695 ], [ -98.378283983321296, 20.875448146884896 ], [ -98.378487893405705, 20.875403965706205 ], [ -98.378613638411693, 20.875383575156796 ], [ -98.378722390159595, 20.875339394082999 ], [ -98.378814150285194, 20.875298611792601 ], [ -98.378902510998699, 20.875257829759402 ], [ -98.379018059628095, 20.875179664894997 ], [ -98.379231482670406, 20.875000000162803 ], [ -98.379620386836507, 20.874520201745696 ], [ -98.380042989322106, 20.8744308910345 ], [ -98.380334958042994, 20.874371801163193 ], [ -98.380540187903918, 20.874309346395599 ], [ -98.380638339474899, 20.874294475328902 ], [ -98.3807275712891, 20.8742766309005 ], [ -98.380798951436617, 20.874255809710199 ], [ -98.380873307636193, 20.8742320049329 ], [ -98.380935773396502, 20.874232005093905 ], [ -98.381019052405094, 20.874223091231297 ], [ -98.381117201938807, 20.874217145034198 ], [ -98.381206438459202, 20.874217145257798 ], [ -98.381301615174706, 20.874217145231995 ], [ -98.381337307319697, 20.874226060314303 ], [ -98.381435458462207, 20.874234986185797 ], [ -98.381477094919006, 20.874237965701298 ], [ -98.381505935677396, 20.874246843328798 ], [ -98.381572279702297, 20.874258785795096 ], [ -98.381622839844894, 20.874282576210497 ], [ -98.381676379904107, 20.8743212405919 ], [ -98.381735864629405, 20.874348010572696 ], [ -98.381774529705197, 20.874377750224799 ], [ -98.381828069552, 20.874422359843393 ], [ -98.381866733964799, 20.874455091089203 ], [ -98.381914321145004, 20.874499705376401 ], [ -98.381950016705702, 20.874538369355104 ], [ -98.382000577035811, 20.8745710848169 ], [ -98.3820511440818, 20.874594875133401 ], [ -98.382098734353306, 20.874606781282303 ], [ -98.382176063892302, 20.874624625354201 ], [ -98.382232577281002, 20.874651395277699 ], [ -98.382289088864795, 20.874687078585399 ], [ -98.382354524269502, 20.874710880031799 ], [ -98.382387243445805, 20.874722774877998 ], [ -98.382422930647806, 20.8747376503641 ], [ -98.382476471337299, 20.874770369218499 ], [ -98.382500269213395, 20.8747911904271 ], [ -98.382521088970805, 20.874829854808105 ], [ -98.382535960674005, 20.8748506754178 ], [ -98.382538932589796, 20.874895290235202 ], [ -98.382538933233604, 20.874933954464897 ], [ -98.382527038319594, 20.874966670230993 ], [ -98.382509190882004, 20.8749845139494 ], [ -98.382464576908617, 20.875032104930597 ], [ -98.382396157953195, 20.875055893879999 ], [ -98.382330730570999, 20.875061844196598 ], [ -98.382265296389093, 20.8750588738266 ], [ -98.381935142432695, 20.875026158709197 ], [ -98.381777505832503, 20.875017228684797 ], [ -98.381673406569504, 20.874999999666304 ], [ -98.381599039109105, 20.874987494239196 ], [ -98.3814384274567, 20.874954774725701 ], [ -98.381355148329206, 20.874948829188504 ], [ -98.381254025207795, 20.874930973684201 ], [ -98.381170746114194, 20.8749250253471 ], [ -98.381129104967798, 20.874925024702801 ], [ -98.38108746281992, 20.874933953715797 ], [ -98.381048798960904, 20.874942879940793 ], [ -98.381030951396099, 20.874951794733398 ], [ -98.381001207912206, 20.874969650365294 ], [ -98.380974437669906, 20.875000000037801 ], [ -98.380943884554, 20.8750202398783 ], [ -98.380924849250817, 20.875044986680198 ], [ -98.380907716566398, 20.875084962277505 ], [ -98.380909621209398, 20.875132551312198 ], [ -98.38092294572202, 20.875164911872705 ], [ -98.380961016984102, 20.875189658411696 ], [ -98.381002894596506, 20.8752086938952 ], [ -98.381052387665903, 20.8752182119411 ], [ -98.381134241773495, 20.875231537093391 ], [ -98.381221805951498, 20.875252476197598 ], [ -98.381297948663303, 20.8752658013954 ], [ -98.3813569593285, 20.875273414780995 ], [ -98.381417872875602, 20.8752924512359 ], [ -98.381463558874401, 20.875322908455999 ], [ -98.381503534118906, 20.875359076162503 ], [ -98.381551123214905, 20.875416182880102 ], [ -98.381650109210199, 20.875498036255497 ], [ -98.3817700339428, 20.875576081837199 ], [ -98.381905187333501, 20.8756617431699 ], [ -98.382012293856505, 20.875732657626592 ], [ -98.382076508110003, 20.875770247289598 ], [ -98.382192626245413, 20.875829256635097 ], [ -98.382312550891896, 20.8758597142761 ], [ -98.382436283191396, 20.875897786146098 ], [ -98.382523846728802, 20.875903496352699 ], [ -98.382756081630603, 20.875893978083102 ], [ -98.382963570622096, 20.875893978472899 ], [ -98.38308349557451, 20.875899689462091 ], [ -98.383169156855104, 20.875922531703903 ], [ -98.383243396202516, 20.875945375190597 ], [ -98.383296695786001, 20.875952989008898 ], [ -98.383391873775196, 20.875949182143099 ], [ -98.383479439029415, 20.875937760774395 ], [ -98.383555580985103, 20.875935856733605 ], [ -98.383629820326405, 20.875935856788093 ], [ -98.383707867337193, 20.875943471095599 ], [ -98.383791624279695, 20.875966314299298 ], [ -98.383854441653298, 20.875992963647892 ], [ -98.383879187729804, 20.876029131979905 ], [ -98.383902030719995, 20.876080528021195 ], [ -98.383903933610199, 20.876149057444895 ], [ -98.383898223670897, 20.876211874384996 ], [ -98.383884898636396, 20.876251848641999 ], [ -98.383882994583203, 20.876318474150398 ], [ -98.383882995164697, 20.876354641903397 ], [ -98.383903933944097, 20.876400327949103 ], [ -98.383940101745594, 20.876446012817492 ], [ -98.383994575176203, 20.876502254585297 ], [ -98.384039087594502, 20.876533577917399 ], [ -98.384088581328299, 20.876596394847496 ], [ -98.384132362651115, 20.876659212882998 ], [ -98.384174241193094, 20.876729645406702 ], [ -98.384223734344801, 20.876840051680201 ], [ -98.384234592449999, 20.876899165932596 ], [ -98.384244673162598, 20.876944747797495 ], [ -98.384263708678702, 20.876988531325008 ], [ -98.384284647993496, 20.8770246976434 ], [ -98.384309394793206, 20.877047541432198 ], [ -98.384341755462501, 20.877076094974992 ], [ -98.384370308672302, 20.877089420121393 ], [ -98.384395659834198, 20.877097251067099 ], [ -98.384469294085704, 20.877123684327096 ], [ -98.38453972571962, 20.877133201727695 ], [ -98.384602543859003, 20.877125587722198 ], [ -98.384669168761405, 20.877156045341501 ], [ -98.384724373086996, 20.8772017298555 ], [ -98.384830971616395, 20.877302619270303 ], [ -98.384895693799905, 20.877342594162599 ], [ -98.384941378651504, 20.877359725984803 ], [ -98.384994678713397, 20.8773711477027 ], [ -98.385051786156595, 20.877371147904995 ], [ -98.385095568308401, 20.877393991343293 ], [ -98.385133640090316, 20.8774111228545 ], [ -98.385181228780596, 20.877418737254704 ], [ -98.385211686084801, 20.877416833636001 ], [ -98.385253565027497, 20.877430158641793 ], [ -98.385285234721209, 20.877468876145304 ], [ -98.385323996934204, 20.877506300866102 ], [ -98.385386814388198, 20.877563407958792 ], [ -98.385485799692304, 20.877622418609199 ], [ -98.385586689140894, 20.877660490206701 ], [ -98.385652784261111, 20.877686579647797 ], [ -98.385710420805097, 20.877702369066398 ], [ -98.385729456745807, 20.877711886634195 ], [ -98.385744685358702, 20.877732825715199 ], [ -98.385756107069, 20.877748055216298 ], [ -98.385769431554195, 20.877793739903101 ], [ -98.385777045756399, 20.877828004135804 ], [ -98.3857846597259, 20.877871786244899 ], [ -98.385792274800593, 20.8779098579924 ], [ -98.385801791622299, 20.877942218974496 ], [ -98.385817020899793, 20.877976483441596 ], [ -98.385830345884997, 20.878003133273499 ], [ -98.38585318928142, 20.878037397065597 ], [ -98.385864610067301, 20.878052625652899 ], [ -98.385883645784801, 20.878073564837198 ], [ -98.385900777932605, 20.878096408170105 ], [ -98.385916007386399, 20.878124961360502 ], [ -98.385943944649597, 20.878167630074596 ], [ -98.385967403102399, 20.878185875413692 ], [ -98.386020703100499, 20.87821633167 ], [ -98.386085423758104, 20.878227754291597 ], [ -98.386161566781794, 20.878229656631298 ], [ -98.386302431407401, 20.878244886140394 ], [ -98.386437583948606, 20.878241079166994 ], [ -98.386549895101709, 20.878237272394699 ], [ -98.386669820261801, 20.878239175205195 ], [ -98.386803069850998, 20.878256306957798 ], [ -98.386930608749608, 20.878281053947095 ], [ -98.386980102016096, 20.878305800355996 ], [ -98.387016268665704, 20.878330546882296 ], [ -98.3870600511856, 20.878366714316897 ], [ -98.387106790530709, 20.878407719943304 ], [ -98.387154037081203, 20.878446698026099 ], [ -98.387399955479296, 20.878655496777498 ], [ -98.387518274883107, 20.878755257357195 ], [ -98.387601793800997, 20.878785415642398 ], [ -98.387662114079319, 20.878799336468798 ], [ -98.387708514428397, 20.878801655702002 ], [ -98.387759553980302, 20.878799335591495 ], [ -98.387829152897297, 20.878785416296903 ], [ -98.387896432522993, 20.878766856229895 ], [ -98.3879683525263, 20.878766856069998 ], [ -98.388044912062895, 20.8787761364635 ], [ -98.388084352477506, 20.878803976452392 ], [ -98.388123792472598, 20.8788271758546 ], [ -98.388177151807497, 20.878855015917399 ], [ -98.388209631282294, 20.878866616068994 ], [ -98.388246750834, 20.878882856218503 ], [ -98.388274591413705, 20.878922295874396 ], [ -98.388318671164399, 20.878996534672797 ], [ -98.388360430985301, 20.879089334697795 ], [ -98.388422149740805, 20.879206937745401 ], [ -98.388499629759096, 20.879358453627795 ], [ -98.388566910310004, 20.879516212612398 ], [ -98.388615628717304, 20.879606691863099 ], [ -98.388643468613196, 20.879676291588698 ], [ -98.388659708817499, 20.879759812238696 ], [ -98.388713069321099, 20.879991810384393 ], [ -98.388743229196294, 20.880140290104897 ], [ -98.388787308028398, 20.880267889079299 ], [ -98.388831387808594, 20.880365327916497 ], [ -98.388884748192496, 20.880465087662103 ], [ -98.388931148281301, 20.880537007982998 ], [ -98.388977547572495, 20.880639086610401 ], [ -98.389014667345606, 20.880729566779301 ], [ -98.389028587284002, 20.880815405714898 ], [ -98.389028587297503, 20.880873405683399 ], [ -98.389016986731306, 20.880966205574701 ], [ -98.389007707345201, 20.881024204921001 ], [ -98.389007706927202, 20.881126284933202 ], [ -98.389028588267195, 20.881228313947396 ], [ -98.389028587104804, 20.881228363637899 ], [ -98.389019306895193, 20.881307243762492 ], [ -98.388996106550294, 20.881337404135099 ], [ -98.388968267991899, 20.881353644278605 ], [ -98.388903307684302, 20.881367564319699 ], [ -98.388789627823002, 20.881374522854401 ], [ -98.388645788816703, 20.881390763088501 ], [ -98.388566909787897, 20.881409322614598 ], [ -98.3884926695671, 20.8814487632064 ], [ -98.3884509104724, 20.8814812433924 ], [ -98.388427710212795, 20.881513723068593 ], [ -98.388404509786, 20.881594922452901 ], [ -98.388367390544005, 20.881690041669994 ], [ -98.3883279508469, 20.881819961406695 ], [ -98.388288510639001, 20.881945241457991 ], [ -98.388269951401099, 20.8819823602119 ], [ -98.388244430549804, 20.882028759607298 ], [ -98.38820963069702, 20.8821006796869 ], [ -98.388135391871302, 20.8822213193266 ], [ -98.388082031581405, 20.882288599261898 ], [ -98.388005472349505, 20.882374438878905 ] ] } },
{ "type": "Feature", "properties": { "ID_OBRA": "1224_Tlahuiltepa", "No.": 1224.0, "Municipio": "Tlahuiltepa", "Rubro": "Infraestructura Carretera", "Ejercicio": 2022.0, "Obra": "Construcción de Pavimento de Concreto Hidráulico en acceso a cabecera municipal de Tlahuiltepa, Tramo: Tlahuiltepa - Itztacoyotla, municipio de Tlahuiltepa", "Localidad": "Tlahuiltepa", "Inversión": 31861378.33, "Habitantes.beneficiados": 1252.0, "Ejecutora": "DGOPI", "Trabajos": "Considera los trabajos de preliminares, riego de impregnación, piso para pavimento de concreto hidráulico.", "Geometria_tipo": "Línea", "extract": 0.28429613685282873 }, "geometry": { "type": "LineString", "coordinates": [ [ -98.376870203933095, 20.983980927788 ], [ -98.376922554973106, 20.983766782891493 ], [ -98.376941592406098, 20.983604979405396 ], [ -98.376984420849197, 20.983419373677602 ], [ -98.377012975683002, 20.983248059221399 ], [ -98.377051047539595, 20.983091003777098 ], [ -98.377084355650709, 20.982948243667696 ], [ -98.377108804624996, 20.982827435768503 ], [ -98.377137992773299, 20.9827622852697 ], [ -98.377250920737794, 20.982556064254702 ], [ -98.377485763003193, 20.9822374661852 ], [ -98.377747916256297, 20.981901512276501 ], [ -98.378337506046407, 20.981083486239598 ], [ -98.378607701913211, 20.980733305277496 ], [ -98.378787870817902, 20.980593509904104 ], [ -98.379195175672706, 20.980279013866799 ], [ -98.379426911097397, 20.980075604898296 ], [ -98.379912059765999, 20.979575637995602 ], [ -98.3808888459467, 20.978619109823697 ], [ -98.381328069142597, 20.978190391980402 ], [ -98.3816558006707, 20.977918714420699 ], [ -98.381749063651, 20.977861511670202 ], [ -98.381916177480093, 20.977779026807205 ], [ -98.382170964323393, 20.977716620747699 ], [ -98.3825060318743, 20.977663338139301 ], [ -98.382998914040314, 20.977588574881501 ], [ -98.383128165696604, 20.9775488232053 ], [ -98.383209012063404, 20.977511342975198 ], [ -98.383336883022594, 20.977427296097499 ], [ -98.383653606729098, 20.977200683363801 ], [ -98.383812863168004, 20.977125209370303 ], [ -98.384044550292302, 20.977065869340397 ], [ -98.384518463456203, 20.976983447030701 ], [ -98.384853340522994, 20.976937345725293 ], [ -98.385095268421097, 20.976925059931293 ], [ -98.385412688568707, 20.976957790622897 ], [ -98.385791335434604, 20.976995576210495 ], [ -98.386077613477909, 20.977045572783801 ], [ -98.386370010930605, 20.977153335422496 ], [ -98.386729940990605, 20.977316736870296 ], [ -98.387160960759616, 20.977546650819299 ], [ -98.387376897428396, 20.977645412274391 ], [ -98.387494650090716, 20.977687812624797 ], [ -98.38764392231171, 20.977698549974598 ], [ -98.3877493141797, 20.9777010384331 ], [ -98.387764189384299, 20.977698303591698 ], [ -98.3878826979021, 20.9776609690885 ], [ -98.388014934851896, 20.977592070244597 ], [ -98.388225850045998, 20.977449376186197 ], [ -98.388513796083799, 20.977294110126493 ], [ -98.388739728960104, 20.977200701679301 ], [ -98.388777493623394, 20.977185088639605 ], [ -98.389114209329307, 20.977070595632799 ], [ -98.389783791648796, 20.976841501642202 ], [ -98.390356592912596, 20.976646150705299 ], [ -98.390836938626194, 20.976466604348904 ], [ -98.391272157421895, 20.976253584097201 ], [ -98.391533404605696, 20.9760854433258 ], [ -98.391669434093302, 20.975967702186502 ], [ -98.39179572808402, 20.975834463185102 ], [ -98.391900536178596, 20.9757098700847 ], [ -98.392171029237417, 20.9753383578431 ], [ -98.392536822894797, 20.974853559709597 ], [ -98.392684020174102, 20.974655337670601 ], [ -98.392796635629495, 20.974459900740101 ], [ -98.392854150442403, 20.974317188962502 ], [ -98.392929301442393, 20.974088448972701 ], [ -98.392988640933396, 20.973877343732198 ], [ -98.393085826454396, 20.973685144978791 ], [ -98.393116692574011, 20.973645167092403 ], [ -98.393173224959696, 20.973571949381402 ], [ -98.393296081741198, 20.973423578159004 ], [ -98.393511484626202, 20.973255779626999 ], [ -98.393612585042007, 20.973171688258702 ], [ -98.393797807303699, 20.973017625842001 ], [ -98.394075878464406, 20.972800876653899 ], [ -98.394263115242197, 20.972682844606599 ], [ -98.394418817421297, 20.972596478350393 ], [ -98.394585631836904, 20.972524781379395 ], [ -98.395415298756404, 20.972187786924593 ], [ -98.395868696351798, 20.972011196853099 ], [ -98.396065976154006, 20.971947423731397 ], [ -98.396586227552604, 20.971851654468392 ], [ -98.396761439801395, 20.971813365983301 ], [ -98.396972410428205, 20.971746086669601 ], [ -98.397034730520502, 20.971714567038902 ], [ -98.397147986986198, 20.971637997732699 ], [ -98.397251733054603, 20.971539880751493 ], [ -98.397323083014399, 20.971437334793098 ], [ -98.397402599366302, 20.971294630446199 ], [ -98.3975848781038, 20.970931555889795 ], [ -98.397769846288895, 20.970467674662299 ], [ -98.397899121142302, 20.970222204799096 ], [ -98.398017455425006, 20.970095123757101 ], [ -98.398142232688301, 20.970008914904597 ], [ -98.398314223902602, 20.969886910300993 ], [ -98.398685127311097, 20.969639935266798 ], [ -98.398946508783197, 20.969473214257292 ], [ -98.399111123006094, 20.9693402302008 ], [ -98.399233100344304, 20.969224248336996 ], [ -98.399352012639199, 20.969079379633897 ], [ -98.399511848999893, 20.968838229285495 ], [ -98.3996044737125, 20.968682900663403 ], [ -98.399916900058699, 20.968174249380397 ], [ -98.4002130807866, 20.967633754061897 ], [ -98.400339108121301, 20.967568303826397 ], [ -98.400438067000394, 20.967429756578504 ], [ -98.400546465248894, 20.967240058317692 ], [ -98.400725047925206, 20.967053711261194 ], [ -98.400878354683996, 20.966884114285904 ], [ -98.400893277634907, 20.966875590413601 ], [ -98.400941639833206, 20.966809083373999 ], [ -98.401213184463202, 20.966447397852093 ], [ -98.401394508615397, 20.966166120193396 ], [ -98.4014771322759, 20.9660146504376 ], [ -98.401500775829007, 20.9659764508162 ], [ -98.401566020681102, 20.965850416752495 ], [ -98.401605777226095, 20.9656919133317 ], [ -98.401605777026305, 20.965539644765101 ], [ -98.401576094202198, 20.965341721360296 ], [ -98.401506814631205, 20.965193289933197 ], [ -98.401450991958995, 20.965149213031495 ], [ -98.401307042602895, 20.965035553782197 ], [ -98.401260857309794, 20.964983832452695 ], [ -98.401079475689201, 20.964848410095705 ], [ -98.400312840532493, 20.964399625288092 ], [ -98.399880256665199, 20.964150636649599 ], [ -98.3997881260497, 20.964097612033896 ], [ -98.399156398702601, 20.963643115078501 ], [ -98.398263785718399, 20.963038560164897 ], [ -98.397827189100198, 20.962735570779898 ], [ -98.397724710093598, 20.962656297076403 ], [ -98.397416022156321, 20.962334218686699 ], [ -98.397115539979396, 20.961956147110399 ], [ -98.396977607271296, 20.961808827338096 ], [ -98.396850012374401, 20.961704962326504 ], [ -98.396676429143113, 20.9616000210269 ], [ -98.396385211141506, 20.961449071851892 ], [ -98.396231089132598, 20.9613337740589 ], [ -98.396075968203405, 20.961183906192101 ], [ -98.396046876585402, 20.961150516148003 ], [ -98.395878021177595, 20.960914838968094 ], [ -98.395611479845201, 20.960415106203996 ], [ -98.395519628518102, 20.960265271455295 ], [ -98.395319539595107, 20.960004818406901 ], [ -98.395164087167302, 20.959795847666303 ], [ -98.395035166425799, 20.959598313854293 ], [ -98.395009520536505, 20.959557827781602 ], [ -98.394965451415999, 20.959471900084296 ], [ -98.394937868886103, 20.959365495415703 ], [ -98.394906655453397, 20.9592422947613 ], [ -98.394822064916013, 20.958898526121999 ], [ -98.394780707385493, 20.958724669992996 ], [ -98.394728146151806, 20.958539735640699 ], [ -98.3946122604424, 20.958284874435499 ], [ -98.394472140825798, 20.958076261099293 ], [ -98.394246876040199, 20.957753986345097 ], [ -98.394056380298196, 20.957421724332697 ], [ -98.393895678015113, 20.957122590277503 ], [ -98.393747239887503, 20.956794918260595 ], [ -98.393610015567106, 20.956478324435 ], [ -98.393393206684195, 20.955983366780597 ], [ -98.393261809463397, 20.955735340730904 ], [ -98.393035418551506, 20.9553121919479 ], [ -98.392925758269499, 20.955111506743496 ], [ -98.392832148683993, 20.954980026792299 ], [ -98.392702788434903, 20.954846910592501 ], [ -98.392456635580302, 20.954588971920604 ], [ -98.392232022647406, 20.954385560093005 ], [ -98.392165082883906, 20.954308342448098 ], [ -98.39211336212, 20.954235092218305 ], [ -98.391805626204999, 20.953842424372898 ], [ -98.391474362006505, 20.953326753794403 ], [ -98.391153052046505, 20.952868935112399 ], [ -98.390736260325795, 20.952253985857496 ], [ -98.390349450668594, 20.9516649539665 ], [ -98.390265532445099, 20.951414455241899 ], [ -98.390240024922505, 20.951221752788801 ], [ -98.390217341163705, 20.950923464672798 ], [ -98.390193122728604, 20.950682782049697 ], [ -98.390236381379012, 20.950213175168898 ], [ -98.390281956595302, 20.949657179003498 ], [ -98.390322636665402, 20.949283565792097 ], [ -98.390393853413102, 20.949098824861796 ], [ -98.390443074780904, 20.949000090209097 ], [ -98.390560877104505, 20.948801171182005 ], [ -98.390679698234507, 20.9485638592048 ], [ -98.390793607114503, 20.948365957016296 ], [ -98.390940350089096, 20.948130585036804 ], [ -98.3910363087858, 20.947951931573499 ], [ -98.391093413651802, 20.947775851772601 ], [ -98.391117423974407, 20.947623330889293 ], [ -98.391109503871206, 20.947512392238604 ], [ -98.391087606695905, 20.947328191387495 ], [ -98.39106177213381, 20.947147495734406 ], [ -98.391045995167801, 20.947021059655995 ], [ -98.391055349065198, 20.946900207659692 ], [ -98.391069929863406, 20.946759041227796 ], [ -98.391093909714996, 20.946579530805497 ], [ -98.391206874890301, 20.946035542183896 ], [ -98.391616870009997, 20.944075122141403 ], [ -98.391668948647805, 20.943705379888701 ], [ -98.391720614799098, 20.943494104016501 ], [ -98.391783558332804, 20.943379614989301 ], [ -98.391844111906096, 20.943265792355799 ], [ -98.391944091611606, 20.943056595048297 ], [ -98.392152111883107, 20.942733745913504 ], [ -98.392287589942399, 20.942502502135596 ], [ -98.392338424623603, 20.942234293258402 ], [ -98.392405912330005, 20.941901269989302 ], [ -98.3924782653351, 20.941594004747802 ], [ -98.392521094730895, 20.941390570466996 ], [ -98.392571066392307, 20.941208544605999 ], [ -98.392631742918496, 20.941065770161799 ], [ -98.3926817104214, 20.940980109657893 ], [ -98.392737980607805, 20.940897736935703 ], [ -98.392927094590306, 20.940707710143801 ], [ -98.3932456341918, 20.940409094152798 ], [ -98.393403131768693, 20.940254334025905 ], [ -98.393616874035104, 20.940003662976896 ], [ -98.393768351564603, 20.939829905089798 ], [ -98.393895447357096, 20.939709086121795 ], [ -98.394010328012598, 20.939627579782904 ], [ -98.394193772406595, 20.939505844809595 ], [ -98.394528002470096, 20.939337265207399 ], [ -98.394823238421594, 20.939192966451401 ], [ -98.395169053441705, 20.939021051039898 ], [ -98.395312835224203, 20.938948814378097 ], [ -98.395467825124598, 20.938887641310505 ], [ -98.395603272599701, 20.938840415404588 ], [ -98.395741778904295, 20.938822071735295 ], [ -98.395915061274096, 20.938793752262395 ], [ -98.396068609963095, 20.938786569616695 ], [ -98.396256252814297, 20.938794604601402 ], [ -98.396424546793696, 20.938809383591199 ], [ -98.396623201824099, 20.938835687722804 ], [ -98.396795325303501, 20.938850552171303 ], [ -98.397006050449093, 20.938855520913002 ], [ -98.397239771153096, 20.938861042263607 ], [ -98.397466306193195, 20.938848375989 ], [ -98.397716983740096, 20.938793067405101 ], [ -98.397960477280904, 20.938719573879197 ], [ -98.398205030884995, 20.938606497203196 ], [ -98.398423540785799, 20.938463977962797 ], [ -98.398615994334904, 20.938292037895497 ], [ -98.398767549813897, 20.938072312873796 ], [ -98.399003132532201, 20.937721301048899 ], [ -98.399261310662098, 20.937385227924803 ], [ -98.399518619843604, 20.937081552960297 ], [ -98.399743747147895, 20.936834737654493 ], [ -98.399834082124499, 20.936754026387703 ], [ -98.400017901721, 20.936617907414597 ], [ -98.400396854166104, 20.936353105831099 ], [ -98.400932249034298, 20.935997881089595 ], [ -98.401235632629493, 20.935812276360593 ], [ -98.401359892973815, 20.935682386409905 ], [ -98.401481247899397, 20.935568172440004 ], [ -98.401545491297597, 20.935439687385404 ], [ -98.401645425881398, 20.935296912438396 ], [ -98.401752504936795, 20.9351255926988 ], [ -98.401917665877505, 20.934851889074398 ], [ -98.402209360092698, 20.934347514188701 ], [ -98.402644802294503, 20.9336193953161 ], [ -98.4028518157305, 20.933205369951299 ], [ -98.402908925216295, 20.9330340507532 ], [ -98.402930342299399, 20.932891275855404 ], [ -98.402930342110309, 20.9327913412484 ], [ -98.40290178693742, 20.932662856238501 ], [ -98.402823261867894, 20.932477251102597 ], [ -98.402723326591001, 20.932248826571694 ], [ -98.402659076929595, 20.932127472006197 ], [ -98.402616247548195, 20.931977565674991 ], [ -98.402601972034603, 20.931806247897697 ], [ -98.402601971795704, 20.931627787935401 ], [ -98.4027019070748, 20.931342248236 ], [ -98.402780431933706, 20.931078132276596 ], [ -98.403187315565603, 20.9301786943143 ], [ -98.403380058833619, 20.929886024393198 ], [ -98.403572794277096, 20.9296004849048 ], [ -98.403701283202807, 20.929372050114498 ], [ -98.403786946391094, 20.929193601041401 ], [ -98.403829775814401, 20.929000865621596 ], [ -98.403875176203499, 20.928643676683205 ], [ -98.403886881470498, 20.928436930747601 ], [ -98.403915435162006, 20.9282227750065 ], [ -98.403965405969004, 20.928044312312299 ], [ -98.404086756846596, 20.927922957370896 ], [ -98.404193830430316, 20.9278158916268 ], [ -98.404365151619999, 20.927715945758301 ], [ -98.404607854665798, 20.927608876714199 ], [ -98.404814868569304, 20.9274875217824 ], [ -98.404886256575793, 20.927430416883698 ], [ -98.405014750196102, 20.927273366656305 ], [ -98.405086125725802, 20.9271163269241 ], [ -98.4051075471519, 20.926980693159898 ], [ -98.405121821813196, 20.926830786628404 ], [ -98.405136100819902, 20.926666614176 ], [ -98.405207481176703, 20.926523837611796 ], [ -98.405300282223195, 20.926423903606395 ], [ -98.405443046386395, 20.926331102577898 ], [ -98.405657197661711, 20.926202613597496 ], [ -98.405814244916201, 20.926066982846997 ], [ -98.40593559995331, 20.925902798894896 ], [ -98.406092639916594, 20.925710059833495 ], [ -98.406456697931105, 20.925453085162594 ], [ -98.406792205267706, 20.925231795957103 ], [ -98.407042048736301, 20.925060469621098 ], [ -98.407220508527701, 20.9248748758218 ], [ -98.407313305740104, 20.924682140206802 ], [ -98.407441798614002, 20.9245108220607 ], [ -98.407498904121795, 20.924382324988901 ], [ -98.407577428532704, 20.924268112130395 ], [ -98.407677364473003, 20.924153902129301 ], [ -98.407812989739796, 20.924046821868099 ], [ -98.407920069848799, 20.923968296376405 ], [ -98.408055700180398, 20.923925467332996 ], [ -98.408195611025903, 20.923834093335401 ], [ -98.408269844853294, 20.923796982129598 ], [ -98.408391200265513, 20.923682757366805 ], [ -98.408491141565506, 20.923532861691999 ], [ -98.408505417173998, 20.923332981928397 ], [ -98.408476858597595, 20.923161662761501 ], [ -98.408419758319596, 20.923018887732102 ], [ -98.408412616923897, 20.922911822781799 ], [ -98.408419757637503, 20.922783333851598 ], [ -98.408434029819702, 20.922669112980895 ], [ -98.408483997212599, 20.922540624222901 ], [ -98.408548247173101, 20.922412124379491 ], [ -98.408676740135604, 20.922262228957095 ], [ -98.408855195551297, 20.922076624229799 ], [ -98.409076489850804, 20.921791099009901 ], [ -98.409190699022105, 20.921662599193798 ], [ -98.409276359405609, 20.921519834885398 ], [ -98.4093263261544, 20.9214341753081 ], [ -98.409383438768401, 20.921277123945998 ], [ -98.4094191310691, 20.921141505378397 ], [ -98.409419131381014, 20.921027280204498 ], [ -98.409397713540997, 20.920927346295599 ], [ -98.409383439037995, 20.920813135901401 ], [ -98.409340609048598, 20.920720335445395 ], [ -98.409283495562704, 20.920641805733599 ], [ -98.409190699158202, 20.920556150144403 ], [ -98.409105035922408, 20.920506187223896 ], [ -98.408934447914717, 20.920452929702993 ], [ -98.408898346313194, 20.920447118788601 ], [ -98.408705286715104, 20.9204919110127 ], [ -98.408619626933202, 20.920541875462291 ], [ -98.408519692809108, 20.920620400028891 ], [ -98.408419757762999, 20.920691781166397 ], [ -98.408298403042821, 20.920748886231792 ], [ -98.408198468443302, 20.920784584749395 ], [ -98.408105668053906, 20.920784584788905 ], [ -98.407998587582796, 20.920763164816002 ], [ -98.407862957581301, 20.920741756017794 ], [ -98.407741603052102, 20.920691780700096 ], [ -98.4076305290139, 20.920615282390401 ], [ -98.407598838411005, 20.9205561498067 ], [ -98.407548871215994, 20.920506187058095 ], [ -98.407431722453296, 20.92046154975559 ], [ -98.407356138660717, 20.920449081589705 ], [ -98.407249056062795, 20.920449082201298 ], [ -98.407106291651999, 20.920441940194092 ], [ -98.407013495336201, 20.920441939658399 ], [ -98.406892138981405, 20.9204419401769 ], [ -98.406770791925595, 20.920420515972996 ], [ -98.406670850013299, 20.920406240747901 ], [ -98.406606607073698, 20.920370556419599 ], [ -98.406513798620693, 20.920327727016705 ], [ -98.406399868234402, 20.920241997400403 ], [ -98.406342487885212, 20.920070741232696 ], [ -98.406299657600002, 20.919899426300201 ], [ -98.4062853747525, 20.919792347271493 ], [ -98.406335349751799, 20.919692411816193 ], [ -98.406385317131097, 20.919556782087898 ], [ -98.406499527233194, 20.919478253265996 ], [ -98.406585655834306, 20.919408388390803 ], [ -98.406711053368298, 20.919401731297999 ], [ -98.4068556125887, 20.919410963406101 ], [ -98.4070644451551, 20.919470083278696 ], [ -98.407184816814407, 20.919506807083703 ], [ -98.407299023267299, 20.919556782368701 ], [ -98.407370410804205, 20.919642436953897 ], [ -98.407477491228704, 20.919792346608606 ], [ -98.407591701200701, 20.9199137020507 ], [ -98.407708518286299, 20.920045607124596 ], [ -98.407805855642295, 20.920113570823201 ], [ -98.407905790960399, 20.920163542304703 ], [ -98.408048555192295, 20.920170676410201 ], [ -98.408148496520894, 20.920163542417296 ], [ -98.408262707073618, 20.920142122288201 ], [ -98.408412616872596, 20.920063595705294 ], [ -98.408541109382298, 20.919999361055105 ], [ -98.408705286934307, 20.919913702307294 ], [ -98.409744735898897, 20.919818580304899 ], [ -98.409723315194597, 20.919755466464402 ], [ -98.409686433554796, 20.9197025705929 ], [ -98.409615736005506, 20.919647139046095 ], [ -98.409458696827699, 20.919611453908299 ], [ -98.409337342003795, 20.919618587803896 ], [ -98.409166019158405, 20.919625717711497 ], [ -98.4090375270615, 20.919625717669504 ], [ -98.408930454138996, 20.919590034174803 ], [ -98.408766270089899, 20.919561483305504 ], [ -98.408480737334898, 20.919468678915599 ], [ -98.4082094725254, 20.919390164146698 ], [ -98.408123814052615, 20.919347323347896 ], [ -98.408088124835402, 20.919283088268099 ], [ -98.40806305325782, 20.9190752917102 ], [ -98.408048116263004, 20.919008136032396 ], [ -98.408013071554393, 20.918884850685199 ], [ -98.407977644364493, 20.918775964581499 ], [ -98.407934739638804, 20.918659702272098 ], [ -98.407867897130302, 20.918578893080898 ], [ -98.407770789810897, 20.918482963033298 ], [ -98.407672919404504, 20.918415833246996 ], [ -98.407559331785095, 20.918362733224697 ], [ -98.407421805374298, 20.918345086191 ], [ -98.407330054906097, 20.9183357324507 ], [ -98.407276813012999, 20.918320060150606 ], [ -98.407216093528604, 20.918297029675795 ], [ -98.407186218081094, 20.918267511324899 ], [ -98.4071576822205, 20.918187607347001 ], [ -98.407122253880104, 20.918078721069101 ], [ -98.407094291519897, 20.917977220916502 ], [ -98.407043543001905, 20.917867969716205 ], [ -98.406947206721398, 20.9177432434462 ], [ -98.406842048587905, 20.917661540036097 ], [ -98.406661246438105, 20.917542029107896 ], [ -98.406554746933196, 20.917510706619399 ], [ -98.406432933946903, 20.917479027258 ], [ -98.406264946397997, 20.917453453330101 ], [ -98.406138282318594, 20.917462980781096 ], [ -98.4059537461427, 20.917491349809591 ], [ -98.405860945631318, 20.917584150971095 ], [ -98.405768149100297, 20.917698361404796 ], [ -98.405703906409499, 20.917805441039494 ], [ -98.405618246955299, 20.917862546471696 ], [ -98.405518305390103, 20.9178625455882 ], [ -98.405411231844099, 20.917798296402694 ], [ -98.404176290688198, 20.916706126010698 ], [ -98.404004969185706, 20.916627597307997 ], [ -98.402648671535104, 20.916499111702802 ], [ -98.401870593001121, 20.916606191917801 ], [ -98.401713546159399, 20.9165919126375 ], [ -98.400678485861803, 20.916541941448198 ], [ -98.4005143010762, 20.916527665838895 ], [ -98.400407225280205, 20.916499112292097 ], [ -98.4003072829302, 20.91644200667 ], [ -98.398244451765606, 20.915174797089492 ], [ -98.398177609321294, 20.9151306081584 ], [ -98.398135896859003, 20.915109772007899 ], [ -98.397937346182303, 20.915021463580999 ], [ -98.397830266786997, 20.914985780434201 ], [ -98.397294886104902, 20.914957228824097 ], [ -98.396595324814797, 20.914957229259805 ], [ -98.396381173400897, 20.914978638167096 ], [ -98.396195575732193, 20.915042885005899 ], [ -98.395960011457802, 20.915107134751601 ], [ -98.395867214024918, 20.915114268869001 ], [ -98.395745858996406, 20.915107135369801 ], [ -98.393989816412017, 20.914321910769505 ], [ -98.393875606184906, 20.914236239751293 ], [ -98.393711422115601, 20.914100620913292 ], [ -98.393411606566517, 20.913807940258295 ], [ -98.393240284107307, 20.913600937067798 ], [ -98.393054689562305, 20.9134224772043 ], [ -98.392783428891207, 20.913158357413693 ], [ -98.392176665423605, 20.912658662011399 ], [ -98.391862579117301, 20.912394542013402 ], [ -98.391662706069908, 20.912216082251803 ], [ -98.3915770456031, 20.9121375680181 ], [ -98.3914556911066, 20.912094738240896 ], [ -98.391302913139, 20.912050857640303 ], [ -98.390970281555198, 20.911930554438495 ], [ -98.390756129763801, 20.911830607891101 ], [ -98.390534841266202, 20.911716397700996 ], [ -98.390306413339005, 20.911559357642698 ], [ -98.389778173622517, 20.911223843687605 ], [ -98.389706786647196, 20.9111381882818 ], [ -98.389678236440105, 20.911081078598396 ], [ -98.389685374257212, 20.910902618727999 ], [ -98.389706786701595, 20.910538569368804 ], [ -98.389671097663594, 20.9103244095825 ], [ -98.389585432452705, 20.9100959896228 ], [ -98.389378424993197, 20.9097033700846 ], [ -98.389114302098093, 20.909396420852499 ], [ -98.388464707608705, 20.908739696603099 ], [ -98.3883719108767, 20.908682580810698 ], [ -98.388236281231499, 20.908604066765292 ], [ -98.387865080907204, 20.9084898422268 ], [ -98.387679484198998, 20.908382776788702 ], [ -98.387572410716899, 20.908318526586601 ], [ -98.387501023755604, 20.908168618045003 ], [ -98.387351121744999, 20.907840251590603 ], [ -98.386672977027004, 20.906169879660403 ], [ -98.386473101447507, 20.905634495603 ], [ -98.386351745994503, 20.905149091402404 ], [ -98.386301778110393, 20.904713641599699 ], [ -98.386294641151594, 20.904399551347893 ], [ -98.386323195198301, 20.904178262251701 ], [ -98.386430270881405, 20.903907007646296 ], [ -98.386601593272502, 20.9035215344595 ], [ -98.386601592638797, 20.903428733155597 ], [ -98.386585541235107, 20.903384610980201 ], [ -98.386380303966305, 20.903021849765899 ], [ -98.38604479975541, 20.902372259903199 ], [ -98.385973416172106, 20.902250905180697 ], [ -98.385937724327405, 20.902108140182396 ], [ -98.385916304166798, 20.901979639988198 ], [ -98.385930586815604, 20.901772626087997 ], [ -98.385959133991193, 20.901587035682201 ], [ -98.386116180571307, 20.901287220114405 ], [ -98.386287502983095, 20.900958850583393 ], [ -98.386316049948206, 20.900794676612101 ], [ -98.386273228236107, 20.900659046584998 ], [ -98.385880616087206, 20.899916653228807 ], [ -98.385695014291699, 20.899538307963997 ] ] } },
{ "type": "Feature", "properties": { "ID_OBRA": "1224_Tlahuiltepa", "No.": 1224.0, "Municipio": "Tlahuiltepa", "Rubro": "Infraestructura Carretera", "Ejercicio": 2022.0, "Obra": "Construcción de Pavimento de Concreto Hidráulico en acceso a cabecera municipal de Tlahuiltepa, Tramo: Tlahuiltepa - Itztacoyotla, municipio de Tlahuiltepa", "Localidad": "Tlahuiltepa", "Inversión": 31861378.33, "Habitantes.beneficiados": 1252.0, "Ejecutora": "DGOPI", "Trabajos": "Considera los trabajos de preliminares, riego de impregnación, piso para pavimento de concreto hidráulico.", "Geometria_tipo": "Línea", "extract": 0.29005813259617735 }, "geometry": { "type": "LineString", "coordinates": [ [ -98.380255832790894, 20.874389655793401 ], [ -98.380245727255414, 20.874315295016103 ], [ -98.380245726846098, 20.874282576080095 ], [ -98.380248696201093, 20.874232004946698 ], [ -98.380272495983505, 20.874190374789801 ], [ -98.380299266387695, 20.874148730090301 ], [ -98.380358747810703, 20.874089240615998 ], [ -98.380394443694499, 20.874041650416299 ], [ -98.380433108749401, 20.874008935073096 ], [ -98.380492590258001, 20.873970270305197 ], [ -98.380572903569202, 20.8739345713606 ], [ -98.380647260940407, 20.873895906183797 ], [ -98.380712695027498, 20.873857241201002 ], [ -98.380769208375895, 20.8738245262333 ], [ -98.380790029333696, 20.8738066808083 ], [ -98.380813826019406, 20.873773965773296 ], [ -98.380846537944521, 20.873729356289701 ], [ -98.380867358002803, 20.873693656025001 ], [ -98.380894128104103, 20.873660940895597 ], [ -98.3809238668847, 20.8736192959893 ], [ -98.380950641434893, 20.873583610934894 ], [ -98.380974438094697, 20.8735419662029 ], [ -98.381013103254006, 20.873485456935196 ], [ -98.381048798809303, 20.873428941432099 ], [ -98.381111253389193, 20.873372432366597 ], [ -98.381155867307612, 20.873315912054899 ], [ -98.381191562724098, 20.873259407360901 ], [ -98.381227254642695, 20.8731969410976 ], [ -98.381256998036903, 20.873137452158005 ], [ -98.381268891740007, 20.873083927071598 ], [ -98.3812688920748, 20.873042282069797 ], [ -98.381265919600096, 20.873015512117405 ], [ -98.381251052098605, 20.872967921370304 ], [ -98.381227254996801, 20.872923307111002 ], [ -98.3812034575854, 20.872884641746197 ], [ -98.381176688342904, 20.872834083191499 ], [ -98.381146944749204, 20.872774596850597 ], [ -98.381114232924105, 20.872709150868701 ], [ -98.381087463106795, 20.8726348021234 ], [ -98.381072588314595, 20.872590187590902 ], [ -98.381072588345305, 20.872563418448802 ], [ -98.381078537542095, 20.872495003234508 ], [ -98.381093413044212, 20.872456337698996 ], [ -98.381114233154193, 20.872414696626901 ], [ -98.381143971572101, 20.8723730634145 ], [ -98.381185616881211, 20.872328438274799 ], [ -98.381218333183895, 20.872283827815799 ], [ -98.381239150369296, 20.8722421821982 ], [ -98.3812540248353, 20.872203518449503 ], [ -98.381256998212294, 20.872149989106795 ], [ -98.381256997566993, 20.872108347711301 ], [ -98.381262947310802, 20.872019107724103 ], [ -98.381277814943502, 20.871864453052492 ], [ -98.381280795082802, 20.8717484440199 ], [ -98.381286739600498, 20.871665169172299 ], [ -98.381298634815707, 20.871590808471097 ], [ -98.381313510170699, 20.871516444087597 ], [ -98.381322431580998, 20.871456970179096 ], [ -98.381340279659995, 20.871367734351196 ], [ -98.381355147605404, 20.871314193795801 ], [ -98.381361096587995, 20.8712636342933 ], [ -98.381361096838305, 20.871213074966999 ], [ -98.381355148106294, 20.871168450259692 ], [ -98.381343252820898, 20.871126819160494 ], [ -98.381319459835396, 20.871091123757804 ], [ -98.381292693480006, 20.871055423924901 ], [ -98.381271873222701, 20.871040564030203 ], [ -98.381251052429107, 20.871028654185793 ], [ -98.381224281898398, 20.871016758963897 ], [ -98.381200485060802, 20.8710078453284 ], [ -98.381164792747896, 20.871007845448503 ], [ -98.38114099883532, 20.871007845226799 ], [ -98.381111253319503, 20.871007845159493 ], [ -98.381087462612001, 20.871019740031695 ], [ -98.381063670273207, 20.871034614765804 ], [ -98.381051768016704, 20.871052459070505 ], [ -98.381039873466406, 20.8710702988846 ], [ -98.381030951310805, 20.871097069186295 ], [ -98.381013102857096, 20.871129787719493 ], [ -98.380992285809995, 20.871180344017798 ], [ -98.3809684850048, 20.8712428144241 ], [ -98.380956590338698, 20.8712963539549 ], [ -98.380941722902904, 20.871355838856804 ], [ -98.380932792646803, 20.871415325360704 ], [ -98.380932792562703, 20.871477778868595 ], [ -98.380926851054497, 20.871528353738793 ], [ -98.380923867285404, 20.8716027032849 ], [ -98.380920897875697, 20.8716949040986 ], [ -98.380920898067799, 20.871760339283394 ], [ -98.380911976371493, 20.871819839366701 ], [ -98.380903049951499, 20.871870398915604 ], [ -98.380891154962711, 20.871885274203503 ], [ -98.380882232812695, 20.871894187856402 ], [ -98.380825720582394, 20.871903113616199 ], [ -98.380798951188012, 20.871903114322102 ], [ -98.380775149773299, 20.8718971678306 ], [ -98.380733515894704, 20.871885273853401 ], [ -98.380712695352003, 20.871858504345294 ], [ -98.380691878094595, 20.8718257732978 ], [ -98.380665108577602, 20.871769267571395 ], [ -98.380641308025801, 20.871706813750002 ], [ -98.380641307667602, 20.871638398695801 ], [ -98.380626444327106, 20.871507528738704 ], [ -98.380614538241602, 20.871415324681305 ], [ -98.380614537593999, 20.871335018149701 ], [ -98.380602643062204, 20.871242814132007 ], [ -98.380593720986695, 20.871150609127302 ], [ -98.380578853014697, 20.871076249173292 ], [ -98.380540188164105, 20.871019740118498 ], [ -98.380513418148396, 20.870984043768502 ], [ -98.380492590149402, 20.870939430218897 ], [ -98.380453932625898, 20.870906714059796 ], [ -98.380412291556397, 20.870859123874691 ], [ -98.380370643400397, 20.870817489782098 ], [ -98.380334958422296, 20.870784759966 ], [ -98.380308187831616, 20.870743129139701 ], [ -98.380260601817298, 20.870674714309697 ], [ -98.380221925969806, 20.8706211750774 ], [ -98.380180291533605, 20.870561688869195 ], [ -98.380159470768504, 20.8705111291173 ], [ -98.380135674426512, 20.870457590458201 ], [ -98.380114856823212, 20.870418924897692 ], [ -98.380079161131803, 20.870374310744698 ], [ -98.380046450161799, 20.8703564702192 ], [ -98.380016707242916, 20.870332666243097 ], [ -98.3799720894323, 20.870296981038496 ], [ -98.379936396909002, 20.8702642664745 ], [ -98.379900709278203, 20.870231534753902 ], [ -98.379856083827093, 20.870195851299197 ], [ -98.379805524090699, 20.870169081419597 ], [ -98.379757937268707, 20.870127435595997 ], [ -98.379722244522114, 20.870091751055597 ], [ -98.379683576635699, 20.870047129662399 ], [ -98.379638961986501, 20.870002515614001 ], [ -98.3795795253167, 20.869951896202199 ], [ -98.379522964480799, 20.869901395623298 ], [ -98.379389122239601, 20.869791339891204 ], [ -98.379299890454419, 20.869722936387298 ], [ -98.379225530058008, 20.8696604706351 ], [ -98.379174969528805, 20.8695920673097 ], [ -98.379112508187504, 20.8695266322827 ], [ -98.379070870548503, 20.869476061018695 ], [ -98.379035178793899, 20.869416576227003 ], [ -98.378993537065597, 20.869363035901301 ], [ -98.378963332929004, 20.869317740306204 ], [ -98.378931075014705, 20.869247042389798 ], [ -98.3788953825661, 20.869199450848601 ], [ -98.378835897614493, 20.869101296737199 ], [ -98.3787972328454, 20.869032882273196 ], [ -98.378758561049196, 20.868982326219999 ], [ -98.378705028450696, 20.868922837126096 ], [ -98.378633640523404, 20.868833612772502 ], [ -98.378547388974994, 20.868756271965104 ], [ -98.378478978472302, 20.868699767370593 ], [ -98.378354054403303, 20.868580791885002 ], [ -98.378261845571501, 20.868467763004904 ], [ -98.378223180826097, 20.868417206859899 ], [ -98.378181547116895, 20.868393402737393 ], [ -98.3781339556581, 20.868375561995201 ], [ -98.378077443840198, 20.868375561720896 ], [ -98.378047701393896, 20.868393403323797 ], [ -98.378023904419607, 20.8684201844593 ], [ -98.378003086647709, 20.8684469420858 ], [ -98.377982266444803, 20.868479662153099 ], [ -98.377961442445795, 20.868524282712798 ], [ -98.377946573809609, 20.868568896908798 ], [ -98.377943600731697, 20.868616488136801 ], [ -98.377949546942702, 20.868655153201299 ], [ -98.377958469195505, 20.868702743397197 ], [ -98.377970363955015, 20.868762221414595 ], [ -98.377985239225396, 20.868815756848399 ], [ -98.377991180964798, 20.868869296852999 ], [ -98.377997133712398, 20.868916891612191 ], [ -98.378012008671703, 20.8689555556983 ], [ -98.378032830474396, 20.869018021634194 ], [ -98.3780566185401, 20.869086421948499 ], [ -98.378098263939506, 20.869142942379195 ], [ -98.378151804157412, 20.869214325869397 ], [ -98.3781993907333, 20.869250010579098 ], [ -98.378241383013602, 20.869294439274299 ], [ -98.378255904366597, 20.869321402131796 ], [ -98.378273751841604, 20.869392786001296 ], [ -98.378291596371412, 20.869484991004004 ], [ -98.378306462655701, 20.869565297324893 ], [ -98.378324310991701, 20.869612875657296 ], [ -98.378348107973295, 20.8696931864107 ], [ -98.378374878135119, 20.869749706042199 ], [ -98.378401647526701, 20.869818106296897 ], [ -98.378422461350695, 20.869895436271005 ], [ -98.378437337466494, 20.869966831012903 ], [ -98.378458153249696, 20.870044160989298 ], [ -98.378476001390695, 20.870142311267401 ], [ -98.378490875556494, 20.870201800067697 ], [ -98.378508721142595, 20.870282109961497 ], [ -98.378538462558595, 20.870344563958497 ], [ -98.378583081018505, 20.870487339643098 ], [ -98.378624719241401, 20.870627123718798 ], [ -98.378648516125295, 20.870713378808095 ], [ -98.378690153474196, 20.870811541357298 ], [ -98.378713950985016, 20.870882925097401 ], [ -98.378737739901993, 20.870933484044901 ], [ -98.378773435876198, 20.870984043754301 ], [ -98.378815074360801, 20.8710405639901 ], [ -98.378847792590804, 20.871105995058201 ], [ -98.378877535097701, 20.871177378672797 ], [ -98.378904305057418, 20.8712368636346 ], [ -98.378934048022302, 20.871302299246501 ], [ -98.378984235222603, 20.871411367749698 ], [ -98.379032195144603, 20.871537268307197 ], [ -98.37905896509092, 20.8716265040599 ], [ -98.379073842655018, 20.871677063147995 ], [ -98.379073842837698, 20.871709779376996 ], [ -98.379064918058404, 20.871733584142898 ], [ -98.379050050223597, 20.8717662988184 ], [ -98.379017330758302, 20.871793069377301 ], [ -98.378996510297995, 20.871804963889097 ], [ -98.378940001086093, 20.871825773277898 ], [ -98.378919180466895, 20.871825772694493 ], [ -98.378880507682595, 20.8718138781759 ], [ -98.3788477930987, 20.871810913265897 ], [ -98.378812101431393, 20.871799017808698 ], [ -98.378779384714093, 20.871772248251897 ], [ -98.3787496346946, 20.871745477714899 ], [ -98.378710977526396, 20.871703833305801 ], [ -98.378687180659398, 20.871662198577795 ], [ -98.378654461058503, 20.871602702821704 ], [ -98.378618773345195, 20.871549174091104 ], [ -98.378580100762704, 20.871495633608998 ], [ -98.378541436133105, 20.871465884220495 ], [ -98.3784373369907, 20.871367734183199 ], [ -98.378339185570994, 20.871278509162796 ], [ -98.378238059946298, 20.871189274183401 ], [ -98.378136929074401, 20.871094100168104 ], [ -98.378017955462894, 20.870981075079396 ], [ -98.377881140474997, 20.8708650693228 ], [ -98.377735394842404, 20.8707371801706 ], [ -98.377583704873302, 20.870612259986899 ], [ -98.377443909981309, 20.870502200079699 ], [ -98.3773844284148, 20.8704397452093 ], [ -98.377345759204204, 20.870407030127808 ], [ -98.377313040391797, 20.870359436439092 ], [ -98.377292222810297, 20.8703118453973 ], [ -98.377262481445996, 20.870255340092296 ], [ -98.377241660107302, 20.870231534681601 ], [ -98.377197045878106, 20.870195850587699 ], [ -98.377143501703202, 20.870157185730392 ], [ -98.377081040085997, 20.870115541050904 ], [ -98.376997765072204, 20.870064981252597 ], [ -98.376869867900297, 20.869972780179598 ], [ -98.376765768948601, 20.869886520624096 ], [ -98.376655716344899, 20.869809191577598 ], [ -98.376566487890301, 20.869779444579603 ], [ -98.3765159205971, 20.869782421814499 ], [ -98.376453462645998, 20.869797296868001 ], [ -98.376417771052601, 20.869815140890495 ], [ -98.376382078952503, 20.869838931090001 ], [ -98.376358277654205, 20.869865701119902 ], [ -98.376343414039297, 20.869895435704297 ], [ -98.376328539463699, 20.869934116181099 ], [ -98.3763285390703, 20.869966830594699 ], [ -98.376328538820204, 20.870014421768396 ], [ -98.376328538551704, 20.870073899892997 ], [ -98.37634043399072, 20.870112575840899 ], [ -98.376355309339999, 20.870160155273801 ], [ -98.376388027815395, 20.870207746427493 ], [ -98.376417770951207, 20.870267235367795 ], [ -98.376462380667604, 20.870359435970599 ], [ -98.3764886331833, 20.870398673822304 ] ] } },
{ "type": "Feature", "properties": { "ID_OBRA": "1224_Tlahuiltepa", "No.": 1224.0, "Municipio": "Tlahuiltepa", "Rubro": "Infraestructura Carretera", "Ejercicio": 2022.0, "Obra": "Construcción de Pavimento de Concreto Hidráulico en acceso a cabecera municipal de Tlahuiltepa, Tramo: Tlahuiltepa - Itztacoyotla, municipio de Tlahuiltepa", "Localidad": "Tlahuiltepa", "Inversión": 31861378.33, "Habitantes.beneficiados": 1252.0, "Ejecutora": "DGOPI", "Trabajos": "Considera los trabajos de preliminares, riego de impregnación, piso para pavimento de concreto hidráulico.", "Geometria_tipo": "Línea", "extract": 0.32931450877097268 }, "geometry": { "type": "LineString", "coordinates": [ [ -98.377726222602504, 20.961068372832703 ], [ -98.377583454714298, 20.961342006831497 ], [ -98.377393092979304, 20.961675136858595 ], [ -98.377167045631495, 20.9619963624008 ], [ -98.376917206035301, 20.962281889881005 ], [ -98.376643567893097, 20.9625555352909 ], [ -98.376405618850598, 20.962781586384995 ], [ -98.376179571662306, 20.962936244987105 ], [ -98.375822651904201, 20.963174190332399 ], [ -98.37532296764391, 20.963412140429799 ], [ -98.375198390518804, 20.963482730182296 ], [ -98.374966039847706, 20.963614389090996 ], [ -98.374680511755102, 20.963757164809302 ], [ -98.374452314584005, 20.9638247970429 ], [ -98.374414555537498, 20.9638464750889 ], [ -98.374206863089597, 20.963964592782499 ], [ -98.374027352917196, 20.964104402598892 ], [ -98.373672563567794, 20.9643450978256 ], [ -98.373577530969797, 20.964432891452695 ], [ -98.373419314667203, 20.964612218745305 ], [ -98.373090122143296, 20.964970581076091 ], [ -98.372905786913293, 20.965170304724101 ], [ -98.372673768569499, 20.965479951193597 ], [ -98.372557956749802, 20.965627271676802 ], [ -98.372254185254505, 20.966109297711 ], [ -98.371986016588806, 20.966574150841801 ], [ -98.371861919771618, 20.966910373343403 ], [ -98.3717881033282, 20.967040691796392 ], [ -98.371559760962995, 20.967332412384003 ], [ -98.371336362666796, 20.967576366008604 ], [ -98.371241282849496, 20.967689358339289 ], [ -98.371182781302196, 20.967868059964701 ], [ -98.371148827554194, 20.967989720275895 ], [ -98.371076744288203, 20.968103259943902 ], [ -98.371027271551597, 20.9682317487473 ], [ -98.3710141739504, 20.968433141860899 ], [ -98.370972744711096, 20.968547415307498 ], [ -98.370884172902805, 20.968703784474798 ], [ -98.370737869122394, 20.9690100588268 ], [ -98.370602528819305, 20.969194137113 ], [ -98.370499003806401, 20.969335742314996 ], [ -98.370395101793207, 20.9694917537003 ], [ -98.3702896424453, 20.969705350988995 ], [ -98.370185152164893, 20.969882957969698 ], [ -98.370044086076504, 20.969994858023799 ], [ -98.369973160236995, 20.9700652137447 ], [ -98.369880024385694, 20.970106224794296 ], [ -98.369840339093003, 20.970155697074201 ], [ -98.369862169312299, 20.970199443440293 ], [ -98.369736429067999, 20.970311711600605 ], [ -98.369578876419112, 20.970466441615091 ], [ -98.369170614402208, 20.97081691807 ], [ -98.369024199443004, 20.970958996918593 ], [ -98.368963007417719, 20.971050527141202 ], [ -98.368852895403506, 20.971291237312599 ], [ -98.368761148445017, 20.971438359442001 ], [ -98.368618380153904, 20.971631094996301 ], [ -98.368497025452797, 20.971802424800899 ], [ -98.368394333844904, 20.972015861158496 ], [ -98.368204352244305, 20.9722235843394 ], [ -98.367951992672303, 20.9724164307077 ], [ -98.3676661072965, 20.972634263107601 ], [ -98.367512829991398, 20.972755815887297 ], [ -98.367275283110502, 20.972864322284796 ], [ -98.366997965474098, 20.973001673888401 ], [ -98.366851054417012, 20.973096090593604 ], [ -98.366705957553194, 20.973178156378296 ], [ -98.366563137746112, 20.973296020080795 ], [ -98.366148493900695, 20.973622702400096 ], [ -98.365860823623706, 20.973884403841396 ], [ -98.365579400088393, 20.974223468051502 ], [ -98.365340684434599, 20.974509056603601 ], [ -98.365290124144096, 20.9745924580122 ] ] } },
{ "type": "Feature", "properties": { "ID_OBRA": "1224_Tlahuiltepa", "No.": 1224.0, "Municipio": "Tlahuiltepa", "Rubro": "Infraestructura Carretera", "Ejercicio": 2022.0, "Obra": "Construcción de Pavimento de Concreto Hidráulico en acceso a cabecera municipal de Tlahuiltepa, Tramo: Tlahuiltepa - Itztacoyotla, municipio de Tlahuiltepa", "Localidad": "Tlahuiltepa", "Inversión": 31861378.33, "Habitantes.beneficiados": 1252.0, "Ejecutora": "DGOPI", "Trabajos": "Considera los trabajos de preliminares, riego de impregnación, piso para pavimento de concreto hidráulico.", "Geometria_tipo": "Línea", "extract": 0.51660900125583353 }, "geometry": { "type": "LineString", "coordinates": [ [ -98.353599852202294, 20.896826732117795 ], [ -98.353511475925501, 20.8968031102367 ], [ -98.353271733076994, 20.896739753858899 ], [ -98.353080613192205, 20.8967207801836 ], [ -98.353013637459796, 20.896726654446599 ], [ -98.352855175028097, 20.896730697835203 ], [ -98.352662928363102, 20.896717998979092 ], [ -98.352418867126914, 20.896672546627602 ], [ -98.352167536291702, 20.896612514988895 ], [ -98.352030137460616, 20.8965912219807 ], [ -98.351900592439705, 20.896562912895501 ], [ -98.351798250361398, 20.896520847589397 ], [ -98.351621252312, 20.896404965975201 ], [ -98.351526667003199, 20.896359484763298 ], [ -98.351461845565893, 20.896347128792197 ], [ -98.351313283049805, 20.896360560783705 ], [ -98.351258066704702, 20.896371069834899 ], [ -98.351196589472295, 20.896376803427501 ], [ -98.351146797168099, 20.896375612408697 ], [ -98.351040527103194, 20.896337053713999 ], [ -98.350686436667999, 20.896108887179 ], [ -98.350387918736004, 20.895810014687502 ], [ -98.3502298789913, 20.895701787058098 ], [ -98.350068204725403, 20.8955862693219 ], [ -98.349947687253305, 20.895507751289191 ], [ -98.349830512953503, 20.895447321955796 ], [ -98.349685844182019, 20.895411448053093 ], [ -98.3495633765924, 20.895404915784599 ], [ -98.349449058386497, 20.895380570585502 ], [ -98.349346716865398, 20.895338503841 ], [ -98.349292307186502, 20.895299558692091 ], [ -98.3492760294275, 20.895271872134394 ], [ -98.349267923545199, 20.895222940307395 ], [ -98.349267907920805, 20.895222773094396 ], [ -98.349274064017095, 20.895196738660196 ], [ -98.349305852953407, 20.895143322674492 ], [ -98.349306310580502, 20.895142885299897 ], [ -98.349414922375104, 20.895084420020904 ], [ -98.34953777863501, 20.895076555178896 ], [ -98.349686668033996, 20.895098125173895 ], [ -98.349823772479894, 20.895130217930095 ], [ -98.349984541310903, 20.895137665463995 ], [ -98.3500993474658, 20.895144012891102 ], [ -98.350322469955614, 20.895113334077699 ], [ -98.350564355207396, 20.895097508948098 ], [ -98.350732977799595, 20.895097940773304 ], [ -98.350961519977503, 20.895150227791405 ], [ -98.351033579796905, 20.895180487811096 ], [ -98.351065954094196, 20.895201449787201 ], [ -98.351216804163698, 20.895347219147201 ], [ -98.351375234011101, 20.895441047759295 ], [ -98.351561059230804, 20.895513923327002 ], [ -98.3517439329799, 20.895554310931004 ], [ -98.352047100398195, 20.895539950332491 ], [ -98.352372955298307, 20.895536934974395 ], [ -98.352630647536699, 20.895503477456096 ], [ -98.352804367705417, 20.895457206686501 ], [ -98.352909048783005, 20.895412888059905 ], [ -98.353033075838397, 20.895361828144999 ], [ -98.353153661258006, 20.895296278713495 ], [ -98.353285638915807, 20.895234604176501 ], [ -98.353382074626509, 20.895211696697501 ], [ -98.353493635663696, 20.895196354725904 ], [ -98.353619739218004, 20.895210173172895 ], [ -98.353782584399895, 20.895282495936495 ], [ -98.353997494967004, 20.895413688027698 ], [ -98.354235775362397, 20.8955310329548 ], [ -98.354520699839398, 20.895624279381401 ], [ -98.354873400430705, 20.895762364167094 ], [ -98.355048321895595, 20.895813363672897 ], [ -98.355143588663594, 20.895833647799197 ], [ -98.355164656699898, 20.895836358364502 ], [ -98.355264939438698, 20.895844967822395 ], [ -98.355411992733409, 20.895829255202905 ], [ -98.355961264137093, 20.895784746636696 ], [ -98.356191949877299, 20.895757841026096 ], [ -98.356439319063, 20.895680909652498 ], [ -98.356555196659713, 20.895647662162592 ], [ -98.356698372625701, 20.895597054742996 ], [ -98.356830253086002, 20.895538975851498 ], [ -98.356923928883901, 20.895476383647001 ], [ -98.357017020339399, 20.895435387248995 ], [ -98.357083591796098, 20.8953829517156 ], [ -98.357116426686403, 20.895340226046095 ], [ -98.3571424570289, 20.895269982973694 ], [ -98.357162981772603, 20.895139936913399 ], [ -98.357231659378201, 20.894867852160704 ], [ -98.357277294412597, 20.894739282899099 ], [ -98.3572869965884, 20.894663880668904 ], [ -98.357290110826995, 20.894548702718801 ], [ -98.357276117222199, 20.894357483228998 ], [ -98.357300424943503, 20.894167176644093 ], [ -98.357288314732699, 20.8940480336666 ], [ -98.357307332679795, 20.893911627348601 ], [ -98.357352676196598, 20.893793855980498 ], [ -98.3574171692606, 20.893676542387595 ], [ -98.357467022042499, 20.893533666087304 ], [ -98.357490648136505, 20.893368554629198 ], [ -98.357499244873793, 20.893192281348799 ], [ -98.357502845060495, 20.893059106809496 ], [ -98.357527772266806, 20.892987670451095 ], [ -98.357606318905596, 20.8929175116875 ], [ -98.357688016297303, 20.892872641075403 ], [ -98.357772473461608, 20.8928674540469 ], [ -98.357963004154797, 20.892908018243297 ], [ -98.358225917780018, 20.892964717312001 ], [ -98.358314009121301, 20.892966818912299 ], [ -98.3584331322254, 20.892955256231104 ], [ -98.358606944853307, 20.892905379210603 ], [ -98.358758262800819, 20.892836958442892 ], [ -98.358824055454505, 20.892813316683096 ], [ -98.358866477543899, 20.892803525164897 ], [ -98.358923831992698, 20.892808493740102 ], [ -98.358984529575693, 20.892831552734798 ], [ -98.359124200343615, 20.8929105202809 ], [ -98.359350601789302, 20.893041978279101 ], [ -98.3594450905412, 20.893091053598102 ], [ -98.359456483854601, 20.8930949281742 ], [ -98.359542909667496, 20.8931113963184 ], [ -98.359567167000804, 20.893111975101196 ], [ -98.359622701606497, 20.893113299903799 ], [ -98.359664640164496, 20.8931082571582 ], [ -98.359755716989611, 20.893084059198696 ], [ -98.360324377613694, 20.892888729638599 ], [ -98.360417175665603, 20.892858529260604 ], [ -98.360482287367304, 20.8928600820641 ], [ -98.3605663546697, 20.892869290911602 ], [ -98.360676261103904, 20.892915131649502 ], [ -98.360778313470107, 20.892967988708996 ], [ -98.360870040106107, 20.892977378744696 ], [ -98.360951055001706, 20.892957701757197 ], [ -98.361149694443412, 20.892839983632499 ], [ -98.361253883735998, 20.892813656347695 ], [ -98.361326752589093, 20.892811791733198 ], [ -98.361414747939904, 20.8928174919592 ], [ -98.361491349945297, 20.892819318602893 ], [ -98.361560874384196, 20.892799367101503 ], [ -98.361646398771597, 20.892754584758094 ], [ -98.361705115305696, 20.8927091637755 ], [ -98.361740555592604, 20.892673993207399 ], [ -98.361794806232794, 20.892631259796897 ], [ -98.361830894822504, 20.892614212006393 ], [ -98.361899581294296, 20.892592988673698 ], [ -98.3619242721646, 20.892581286998595 ], [ -98.361970126587096, 20.892546206750701 ], [ -98.362028647153707, 20.892507984280996 ], [ -98.362115532126708, 20.892412812151495 ], [ -98.362176189874106, 20.892295404635103 ], [ -98.362213381403194, 20.892195447152201 ], [ -98.362243106577509, 20.892088107037697 ], [ -98.362254070939898, 20.891965913305295 ], [ -98.362295384153597, 20.891855248027898 ], [ -98.362355943639898, 20.891741439746401 ], [ -98.362458634778207, 20.891628636072202 ], [ -98.362588523914795, 20.891502075325597 ], [ -98.362737174541607, 20.891390367132598 ], [ -98.362872781284395, 20.891335973788905 ], [ -98.363043633766296, 20.891253607210999 ], [ -98.363144768766901, 20.891198392203702 ], [ -98.363215070368398, 20.891149645448309 ], [ -98.363259155149507, 20.891094004638699 ], [ -98.363264215632597, 20.89108434934149 ], [ -98.363287005965304, 20.891007066364796 ], [ -98.363291581683114, 20.890998823292797 ], [ -98.363347679368999, 20.890922302238501 ], [ -98.363383135756706, 20.890847092135292 ], [ -98.363419915073905, 20.890740638206498 ], [ -98.363453816127517, 20.890536253895 ], [ -98.3634651782817, 20.89030802721679 ], [ -98.363469257548203, 20.8901568557636 ], [ -98.363491225391002, 20.890052932579298 ], [ -98.363550715463802, 20.889978717240101 ], [ -98.363754245746804, 20.8898214953227 ], [ -98.363887670641205, 20.889705820702105 ], [ -98.364005484592894, 20.889600579749299 ], [ -98.364116026817698, 20.889480760238794 ], [ -98.36418826774991, 20.889360026608898 ], [ -98.364241360421317, 20.889238836840601 ], [ -98.364267932598693, 20.889106210892695 ], [ -98.364248934077594, 20.888958092454597 ], [ -98.364192218757097, 20.888787464953698 ], [ -98.364132256751503, 20.888595151364996 ], [ -98.364116019861697, 20.888486715587497 ], [ -98.364107347055906, 20.8883820621257 ], [ -98.364148129399993, 20.888148930110095 ], [ -98.364188813777901, 20.887919395587595 ], [ -98.364231482250403, 20.887705431813796 ], [ -98.364235300225701, 20.887692158624102 ], [ -98.364290346843902, 20.887565255788399 ], [ -98.364362976082703, 20.887430125647697 ], [ -98.364411495645896, 20.887351347883897 ], [ -98.364445588968394, 20.887287622688 ], [ -98.364549931784197, 20.8870348029056 ], [ -98.364653932404394, 20.8867311452723 ], [ -98.364733109697198, 20.8864953249203 ], [ -98.364787365099701, 20.886330943923195 ], [ -98.364814130893507, 20.886191119174793 ], [ -98.364802985700294, 20.886035985051393 ], [ -98.364768475439803, 20.885894700259396 ], [ -98.364763007021097, 20.885862203275 ], [ -98.364723353967506, 20.885701541125702 ], [ -98.364709484267095, 20.885666393579893 ], [ -98.364381216195497, 20.884765376402697 ], [ -98.364247109943818, 20.884382827030493 ] ] } },
{ "type": "Feature", "properties": { "ID_OBRA": "125_Calnali", "No.": 125.0, "Municipio": "Calnali", "Rubro": "Infraestructura Carretera", "Ejercicio": 2023.0, "Obra": "Pavimentación hidráulica de la carretera San Andrés - Tecpaco - Tecueyaca", "Localidad": "Tecpaco", "Inversión": 6781227.6, "Habitantes.beneficiados": 2258.0, "Ejecutora": "DGCCE", "Trabajos": "Considera los trabajos de preliminares y pavimento hidráulico.", "Geometria_tipo": "Línea", "extract": 0.25392581467306774 }, "geometry": { "type": "LineString", "coordinates": [ [ -98.596165668537083, 20.929343872178695 ], [ -98.596165668537083, 20.929515699841296 ], [ -98.596174159252598, 20.929706031791298 ], [ -98.596191140683501, 20.9298408501095 ], [ -98.596165668537083, 20.9299941727554 ], [ -98.595998684466593, 20.930078764492798 ], [ -98.59568169775649, 20.930139564774603 ], [ -98.595384522715804, 20.930139564774599 ], [ -98.595163764114105, 20.930121060343595 ], [ -98.595019421951406, 20.930068190528299 ], [ -98.594710925956704, 20.929973024813595 ], [ -98.594572244271021, 20.929943946388693 ], [ -98.594396769485087, 20.929877859038399 ], [ -98.594300541376597, 20.929941302895202 ], [ -98.594184501598804, 20.930234730383496 ], [ -98.594105254921303, 20.930382765655001 ], [ -98.594006196574398, 20.930472644141307 ], [ -98.593873175365687, 20.9305096529141 ], [ -98.593680719148793, 20.930464713688799 ], [ -98.593148634313891, 20.930337826391597 ], [ -98.592891082611885, 20.930263808751999 ], [ -98.592684475202716, 20.930274382702695 ], [ -98.592455225885502, 20.930245304336296 ], [ -98.59220333466051, 20.930181860608297 ], [ -98.59196842486638, 20.930025894662496 ], [ -98.591807101272806, 20.9298540675852 ], [ -98.591600493863595, 20.929671666318196 ], [ -98.591430679554605, 20.929621439843292 ], [ -98.591229732622296, 20.929684883808804 ], [ -98.591108032367501, 20.929761545231099 ], [ -98.590895764481203, 20.929967737827599 ], [ -98.590737271126216, 20.930010033709799 ], [ -98.590635382540796, 20.930015320694196 ], [ -98.590556135863196, 20.930099912419699 ], [ -98.590522173001403, 20.930205652009391 ], [ -98.590295753922717, 20.930226799918394 ], [ -98.59001273007442, 20.930316678498293 ], [ -98.589724045749108, 20.930369548226 ], [ -98.589180639960304, 20.930353687309704 ], [ -98.588931578973813, 20.930306104550496 ], [ -98.588659876079404, 20.930200365031698 ], [ -98.588399494138898, 20.930115773362996 ], [ -98.587974958366402, 20.930110486382098 ], [ -98.587573064501797, 20.930136921284603 ], [ -98.587312682561404, 20.930163356182497 ], [ -98.587182491591193, 20.930205652009402 ], [ -98.587137207775399, 20.9303906961118 ], [ -98.586995695851201, 20.930649757471201 ], [ -98.586854183927102, 20.930813653201898 ], [ -98.586690030095099, 20.930871809708293 ], [ -98.586486252924203, 20.930755496672791 ], [ -98.586401345769787, 20.930623322659095 ], [ -98.586373043384896, 20.930533444263197 ], [ -98.586310778138298, 20.930491148528798 ], [ -98.586140963829308, 20.930528157297104 ], [ -98.5860956800135, 20.930623322659098 ], [ -98.585965489043303, 20.930813653201795 ], [ -98.585778693303411, 20.930903531429596 ], [ -98.58569944662591, 20.931194313561797 ], [ -98.585625860425296, 20.931352921759693 ], [ -98.585495669455113, 20.931384643379104 ], [ -98.585240947991579, 20.931411078056801 ], [ -98.585020189389894, 20.931374069506699 ], [ -98.584873016988794, 20.931284191561204 ], [ -98.584754146972386, 20.931141444125196 ], [ -98.584669239817998, 20.930988122653599 ], [ -98.584635276956206, 20.9308770966624 ], [ -98.584584332663496, 20.930781931461496 ], [ -98.584425839308395, 20.930744922755995 ], [ -98.584346592630894, 20.930766070588795 ], [ -98.584108852598291, 20.930845374935505 ], [ -98.584001303535899, 20.930929966192299 ], [ -98.583927717335314, 20.9310621399353 ], [ -98.583763563503297, 20.931300052378997 ], [ -98.583525823470694, 20.931611981454999 ], [ -98.583361669638705, 20.931712433053001 ], [ -98.583112608652101, 20.931728293825504 ], [ -98.582908831481305, 20.931670137651501 ], [ -98.582739017172401, 20.9315379644449 ] ] } },
{ "type": "Feature", "properties": { "ID_OBRA": "1255_Tlanchinol", "No.": 1255.0, "Municipio": "Tlanchinol", "Rubro": "Vialidades Urbanas", "Ejercicio": 2023.0, "Obra": "Pavimentación de acceso a la Universidad Benito Juárez, Plantel Tlanchinol", "Localidad": "Tlanchinol", "Inversión": 4410268.33, "Habitantes.beneficiados": 6117.0, "Ejecutora": "DGCCE", "Trabajos": "Considera trabajos en la rehabilitación y/o mejoramiento de las vialidades urbanas en el muncipio de Tlanchinol", "Geometria_tipo": "Línea", "extract": 0.49148221953441279 }, "geometry": { "type": "LineString", "coordinates": [ [ -98.644078424796803, 20.986632993232405 ], [ -98.644664768146995, 20.987090907876699 ], [ -98.645076044051805, 20.987268068831 ], [ -98.645308495181411, 20.9872856309015 ], [ -98.645528436583817, 20.987467940037199 ], [ -98.645758698825304, 20.987617650216396 ], [ -98.645923506113604, 20.987580404277793 ], [ -98.646011634497995, 20.987315576926296 ], [ -98.646193395908497, 20.9871962576422 ], [ -98.646425648973405, 20.987116441033098 ], [ -98.646665585991201, 20.987085400447796 ], [ -98.646961675113019, 20.986985872466001 ], [ -98.647244900524299, 20.986826343484903 ], [ -98.64742971326622, 20.986685578143401 ], [ -98.647497517280101, 20.986590901034702 ] ] } },
{ "type": "Feature", "properties": { "ID_OBRA": "1263_Tlaxcoapan", "No.": 1263.0, "Municipio": "Tlaxcoapan", "Rubro": "Vialidades Urbanas", "Ejercicio": 2023.0, "Obra": "Pavimentación asfáltica del acceso a la Unidad Deportiva de Doxhey", "Localidad": "Doxey", "Inversión": 1113623.8, "Habitantes.beneficiados": null, "Ejecutora": "DGCCE", "Trabajos": "Considera los trabajos de capa subbase, riego de impregnación, suministro y aplicación de riego de liga con emulsión asfáltica", "Geometria_tipo": "Línea", "extract": 0.33356224279987989 }, "geometry": { "type": "LineString", "coordinates": [ [ -99.239732284085093, 20.099499149886704 ], [ -99.241561026488398, 20.099549793249995 ], [ -99.241959938211295, 20.099555440902595 ], [ -99.242286891623806, 20.099446050383502 ] ] } },
{ "type": "Feature", "properties": { "ID_OBRA": "1264_Tlaxcoapan", "No.": 1264.0, "Municipio": "Tlaxcoapan", "Rubro": "Vialidades Urbanas", "Ejercicio": 2023.0, "Obra": "Pavimentación asfáltica del acceso a panteón de Doxey, municipio de Tlaxcoapan", "Localidad": "Doxey", "Inversión": 2108474.43, "Habitantes.beneficiados": null, "Ejecutora": "DGCCE", "Trabajos": "Considera los trabajos de capa subbase, riego de impregnación, suministro y aplicación de riego de liga con emulsión asfáltica", "Geometria_tipo": "Línea", "extract": 0.40811790448873758 }, "geometry": { "type": "LineString", "coordinates": [ [ -99.241584146341197, 20.085234772967297 ], [ -99.240574851665897, 20.085407276148104 ], [ -99.240815077606996, 20.084534466808002 ], [ -99.2408579347196, 20.084295139646404 ], [ -99.240867480057204, 20.084079264163901 ] ] } },
{ "type": "Feature", "properties": { "ID_OBRA": "1265_Tlaxcoapan", "No.": 1265.0, "Municipio": "Tlaxcoapan", "Rubro": "Vialidades Urbanas", "Ejercicio": 2023.0, "Obra": "Pavimentación hidráulica Av. 16 de Septiembre, colonia Centro; en el municipio de Tlaxcoapan.", "Localidad": "Tlaxcoapan", "Inversión": 5630812.83, "Habitantes.beneficiados": 14689.0, "Ejecutora": "DGCCE", "Trabajos": "Considera los trabajos de preliminares, riego de impregnación, piso para pavimento de concreto Hidráulico, en la localidad de Tlaxcoapan municipio de  Tlaxcoapan", "Geometria_tipo": "Línea", "extract": 0.50352136282818061 }, "geometry": { "type": "LineString", "coordinates": [ [ -99.22128282355952, 20.097553896617701 ], [ -99.221242416722305, 20.097373208694592 ], [ -99.221234060075503, 20.097139431357203 ], [ -99.22119371062692, 20.096837252078295 ], [ -99.221159351327501, 20.0965564267457 ], [ -99.221083095421093, 20.096252741861797 ], [ -99.221002048871298, 20.0959798795495 ], [ -99.2209212335205, 20.095555807562597 ], [ -99.220937462776405, 20.095031583454798 ], [ -99.220951986619596, 20.094811466105799 ] ] } },
{ "type": "Feature", "properties": { "ID_OBRA": "1268_Tolcayuca", "No.": 1268.0, "Municipio": "Tolcayuca", "Rubro": "Vialidades Urbanas", "Ejercicio": 2023.0, "Obra": "Pavimentación de vialidad en calle Epitacio Mendoza del 0+000 al 0+761 en el municipio de Tolcayuca", "Localidad": "Tolcayuca", "Inversión": 4724184.52, "Habitantes.beneficiados": 8966.0, "Ejecutora": "DGCCE", "Trabajos": "Considera los trabajos de preliminares, piso para pavimento de concreto hidráulico.", "Geometria_tipo": "Línea", "extract": 0.59720279770444618 }, "geometry": { "type": "LineString", "coordinates": [ [ -98.9221070936416, 19.956304602079801 ], [ -98.921644749254014, 19.956016896448592 ], [ -98.921169539125401, 19.955679797806294 ], [ -98.920877802544496, 19.955485371146498 ], [ -98.920429059128693, 19.955276058474393 ], [ -98.919729514971095, 19.9549873240151 ], [ -98.918909355152607, 19.954630850347897 ], [ -98.918198727377501, 19.954358885944291 ], [ -98.917309482261203, 19.954002096306905 ], [ -98.916712275720798, 19.953780055225099 ], [ -98.916027071956094, 19.953465038975501 ], [ -98.915606334104794, 19.953347579923395 ] ] } },
{ "type": "Feature", "properties": { "ID_OBRA": "1269_Tolcayuca", "No.": 1269.0, "Municipio": "Tolcayuca", "Rubro": "Vialidades Urbanas", "Ejercicio": 2023.0, "Obra": "Pavimentación de vialidad en calle Cuauhtémoc, en la colonia Centro, en el municipio de Tolcayuca, Hidalgo.", "Localidad": "Tolcayuca", "Inversión": 4320321.46, "Habitantes.beneficiados": null, "Ejecutora": "DGCCE", "Trabajos": "Considera los trabajos de preliminares, piso para pavimento de concreto hidráulico.", "Geometria_tipo": "Línea", "extract": 0.60909352683496354 }, "geometry": { "type": "LineString", "coordinates": [ [ -98.915825823947202, 19.955327576966599 ], [ -98.916586320472405, 19.953742613298694 ] ] } },
{ "type": "Feature", "properties": { "ID_OBRA": "1272_Tolcayuca", "No.": 1272.0, "Municipio": "Tolcayuca", "Rubro": "Vialidades Urbanas", "Ejercicio": 2025.0, "Obra": "Continuación de la pavimentación hidráulica de la calle Cuauhtémoc, en el municipio de Tolcayuca", "Localidad": "Tolcayuca", "Inversión": 4121749.54, "Habitantes.beneficiados": null, "Ejecutora": "SIPDUS", "Trabajos": null, "Geometria_tipo": "Línea", "extract": 0.60567710138516073 }, "geometry": { "type": "LineString", "coordinates": [ [ -98.916673727866495, 19.953603753824297 ], [ -98.916828316403596, 19.9532752616228 ], [ -98.916911329429396, 19.953070061677497 ], [ -98.916982612727594, 19.952833947911195 ], [ -98.917014491189093, 19.952624584245097 ], [ -98.917159947767601, 19.9519525236269 ] ] } },
{ "type": "Feature", "properties": { "ID_OBRA": "1295_Tulancingo de Bravo", "No.": 1295.0, "Municipio": "Tulancingo de Bravo", "Rubro": "Vialidades Urbanas", "Ejercicio": 2023.0, "Obra": "Pavimentación asfáltica de acceso a Base de Operaciones Mixtas Tulancingo.", "Localidad": "Tulancingo", "Inversión": 4837482.05, "Habitantes.beneficiados": null, "Ejecutora": "DGOPI", "Trabajos": "Considera los trabajos de capa subbase, riego de impregnación, suministro y aplicación de riego de liga con emulsión asfáltica", "Geometria_tipo": "Línea", "extract": 0.22829748851468851 }, "geometry": { "type": "LineString", "coordinates": [ [ -98.377762279964699, 20.1251017918337 ], [ -98.378517758423399, 20.124653801068295 ], [ -98.379301715176794, 20.123214935151193 ], [ -98.379404888705594, 20.123068125542595 ], [ -98.379563168125202, 20.122957365446499 ], [ -98.379727260364604, 20.1229412241604 ], [ -98.379816861878396, 20.122985546924799 ] ] } },
{ "type": "Feature", "properties": { "ID_OBRA": "1296_Tulancingo de Bravo", "No.": 1296.0, "Municipio": "Tulancingo de Bravo", "Rubro": "Vialidades Urbanas", "Ejercicio": 2023.0, "Obra": "Construcción de pavimentación hidráulica en la calle Ana Lamanche, en el municipio de Tulancingo", "Localidad": "Tulancingo", "Inversión": 1715506.09, "Habitantes.beneficiados": null, "Ejecutora": "DGOPI", "Trabajos": "Considera los trabajos de preliminares, piso para pavimento de concreto hidráulico.", "Geometria_tipo": "Línea", "extract": 0.59241481770951854 }, "geometry": { "type": "LineString", "coordinates": [ [ -98.347365001480497, 20.082831508232399 ], [ -98.347888274942306, 20.082739109420299 ], [ -98.348168944088101, 20.082660384260301 ], [ -98.3482920009601, 20.082608558246903 ], [ -98.348501045072993, 20.082549162815095 ], [ -98.348696777828195, 20.082493495403899 ], [ -98.348921682214794, 20.082447251646297 ], [ -98.349266010026696, 20.082351150882705 ], [ -98.349484348621601, 20.082293879568297 ], [ -98.349732253910702, 20.082239642501303 ], [ -98.349921076806893, 20.082168826918195 ] ] } },
{ "type": "Feature", "properties": { "ID_OBRA": "1297_Tulancingo de Bravo", "No.": 1297.0, "Municipio": "Tulancingo de Bravo", "Rubro": "Vialidades Urbanas", "Ejercicio": 2023.0, "Obra": "Pavimentación hidráulica de calle del Moral entre Río y calle Bugambilia, col. El Paraíso, municipio de Tulancingo", "Localidad": "Tulancingo", "Inversión": 2903814.0, "Habitantes.beneficiados": null, "Ejecutora": "DGOPI", "Trabajos": "Considera los trabajos de preliminares, piso para pavimento de concreto hidráulico.", "Geometria_tipo": "Línea", "extract": 0.57412305847510747 }, "geometry": { "type": "LineString", "coordinates": [ [ -98.352033657856396, 20.073429288192003 ], [ -98.3521720017051, 20.073090309535104 ], [ -98.352198346978099, 20.072867332217395 ], [ -98.352143477633803, 20.072737001936495 ], [ -98.352139975355215, 20.0725597465796 ], [ -98.352297763969318, 20.072149088922 ], [ -98.352340696170799, 20.0719675329183 ], [ -98.352448001689211, 20.071652499883999 ], [ -98.352544918326799, 20.071398982411395 ], [ -98.352609081587104, 20.0711807385577 ], [ -98.352651839583316, 20.070962930085901 ], [ -98.352584966968806, 20.070770854232801 ], [ -98.352509944037209, 20.070630529955501 ], [ -98.352499990656, 20.070537593878498 ], [ -98.352489718550302, 20.070442818134499 ] ] } },
{ "type": "Feature", "properties": { "ID_OBRA": "13_Acaxochitlán", "No.": 13.0, "Municipio": "Acaxochitlán", "Rubro": "Infraestructura Carretera", "Ejercicio": 2024.0, "Obra": "Construcción de pavimentación de concreto hidráulico camino principal San Miguel del Resgate a Santa Ana Tzacuala, municipio de Acaxochitlán.", "Localidad": "San Miguel del Resgate", "Inversión": 10000.0, "Habitantes.beneficiados": 680.0, "Ejecutora": "DGIVC", "Trabajos": "Considera los trabajos de preliminares, riego de impregnación, piso para pavimento de concreto hidráulico.", "Geometria_tipo": "Línea", "extract": 0.59438424797600753 }, "geometry": { "type": "LineString", "coordinates": [ [ -98.181735097306998, 20.227073815673101 ], [ -98.183262297774817, 20.2263479302765 ], [ -98.183692387875411, 20.226001504071199 ], [ -98.1838084741415, 20.225901504610697 ] ] } },
{ "type": "Feature", "properties": { "ID_OBRA": "133_Cardonal", "No.": 133.0, "Municipio": "Cardonal", "Rubro": "Infraestructura Carretera", "Ejercicio": 2025.0, "Obra": "Construcción de pavimentación hidráulica del camino intermunicipal Cardonal - Tlahuiltepa, tramo El Moxthe - Cieneguilla, en el municipio de Cardonal", "Localidad": "Cardonal", "Inversión": 13291329.58, "Habitantes.beneficiados": null, "Ejecutora": "SIPDUS", "Trabajos": null, "Geometria_tipo": "Línea", "extract": -0.33629452080984468 }, "geometry": { "type": "LineString", "coordinates": [ [ -99.034333403725128, 20.710125405137454 ], [ -99.034323915748232, 20.710071426244841 ], [ -99.034530925794172, 20.709578887444199 ], [ -99.034559481367438, 20.709386135785511 ], [ -99.034680836126554, 20.708922151287535 ], [ -99.034823603907796, 20.708458152411591 ], [ -99.034859295618361, 20.70799416335473 ], [ -99.034859296012726, 20.707794282599121 ], [ -99.034916400581523, 20.707630097656505 ], [ -99.034959230887026, 20.707530163043401 ], [ -99.035016336328013, 20.707387398699879 ], [ -99.03504489356942, 20.70727318925023 ], [ -99.035059164681073, 20.707137559354791 ], [ -99.035116277679393, 20.707066175410837 ], [ -99.035244762565455, 20.706923399125422 ], [ -99.035344704922082, 20.706837740365529 ], [ -99.035394671773631, 20.706637871008201 ], [ -99.035430364382506, 20.706509374170878 ], [ -99.035466053289682, 20.70648082043007 ], [ -99.035580269737224, 20.706445134659994 ], [ -99.035673066892869, 20.706409438794591 ], [ -99.035765867870694, 20.706345189254296 ], [ -99.035822976400254, 20.706273805071149 ], [ -99.035872947478168, 20.706095345359202 ], [ -99.035880084685417, 20.70575270127091 ], [ -99.035830113713317, 20.705424345872586 ], [ -99.035808696570328, 20.705367241265325 ], [ -99.035598382195531, 20.705176692110843 ], [ -99.035580269526932, 20.705160226916203 ], [ -99.035209074935651, 20.704774752406795 ], [ -99.035101995457737, 20.704646252208146 ], [ -99.035009198384657, 20.704582017296051 ], [ -99.034916400528928, 20.704539186713077 ], [ -99.034816465541425, 20.704474936878345 ], [ -99.034538059760365, 20.704239372165134 ], [ -99.034245393790158, 20.703925278305572 ], [ -99.034124039089463, 20.703682579343923 ], [ -99.033531558372644, 20.70286880416851 ], [ -99.033310267749897, 20.702561854850458 ], [ -99.033203188005487, 20.702369120400132 ], [ -99.033124662827916, 20.702183515184945 ], [ -99.033117524970336, 20.70162672510784 ], [ -99.033138945900319, 20.701469671447125 ], [ -99.033203187594168, 20.701348326884524 ], [ -99.033281710002711, 20.701298356412618 ], [ -99.0333887902257, 20.70127694666337 ], [ -99.033674321817756, 20.701077066190788 ], [ -99.033845643746176, 20.70095571126059 ], [ -99.033909887169216, 20.700862921877647 ], [ -99.033966992064023, 20.700720146026807 ], [ -99.034002683868337, 20.700584511890195 ], [ -99.034012150030819, 20.700483563854899 ], [ -99.034024104146624, 20.700356092063267 ], [ -99.034024103779871, 20.700113382469031 ], [ -99.034074072402504, 20.699927788354799 ], [ -99.034195426592746, 20.699685078195454 ], [ -99.034245394232016, 20.699513762653631 ], [ -99.034252531892236, 20.699064038571251 ], [ -99.034245393690057, 20.698792789361121 ], [ -99.034202565033354, 20.698557220319 ], [ -99.034195426938439, 20.698435865107381 ], [ -99.034223980864212, 20.69817888019228 ] ] } },
{ "type": "Feature", "properties": { "ID_OBRA": "1353_Villa de Tezontepec", "No.": 1353.0, "Municipio": "Villa de Tezontepec", "Rubro": "Vialidades Urbanas", "Ejercicio": 2023.0, "Obra": "Pavimentación hidráulica de calle Venustiano Carranza (entre División del Norte y Miguel Hidalgo)", "Localidad": "Benito Juárez", "Inversión": 2666199.0, "Habitantes.beneficiados": 2755.0, "Ejecutora": "DGCCE", "Trabajos": "Considera los trabajos de preliminares, piso para pavimento de concreto hidráulico.", "Geometria_tipo": "Línea", "extract": 0.42038404254025119 }, "geometry": { "type": "LineString", "coordinates": [ [ -98.810523148470907, 19.890695501202398 ], [ -98.806227958625101, 19.889097692468791 ] ] } },
{ "type": "Feature", "properties": { "ID_OBRA": "1357_Villa de Tezontepec", "No.": 1357.0, "Municipio": "Villa de Tezontepec", "Rubro": "Vialidades Urbanas", "Ejercicio": 2023.0, "Obra": "Construcción de pavimento hidráulico de la Calle Juan Escutia (tramo entre las calles Tomás Urbina y 21 de Marzo).", "Localidad": "Tezontepec", "Inversión": 1511460.92, "Habitantes.beneficiados": 6213.0, "Ejecutora": "DGCCE", "Trabajos": "Considera los trabajos de preliminares, piso para pavimento de concreto hidráulico.", "Geometria_tipo": "Línea", "extract": 0.41072146826283351 }, "geometry": { "type": "LineString", "coordinates": [ [ -98.810028520452803, 19.888949046773295 ], [ -98.8098004171745, 19.8888999745052 ], [ -98.809637543572407, 19.888919355980299 ], [ -98.809476158311597, 19.888957612193398 ], [ -98.809383870497399, 19.888965526599993 ], [ -98.809250076979097, 19.888931974670598 ], [ -98.809074318687493, 19.888890348442995 ] ] } },
{ "type": "Feature", "properties": { "ID_OBRA": "1358_Villa de Tezontepec", "No.": 1358.0, "Municipio": "Villa de Tezontepec", "Rubro": "Infraestructura Carretera", "Ejercicio": 2024.0, "Obra": "Estudio y proyecto ejecutivo para Blvd. E.C. Tolcayuca-Villa de Tezontepec-Téllez con una sección propuesta de vialidad de 30.00 m para la construcción del Boulevard de acceso Tolcayuca-Villa de Tezontepec-Téllez.", "Localidad": "Tezontepec", "Inversión": 7299510.3, "Habitantes.beneficiados": null, "Ejecutora": "DGEP", "Trabajos": "Considera los trabajos de estudios viales, proyecto conceptual y proyecto ejecutivo.", "Geometria_tipo": "Línea", "extract": 0.10748140382611597 }, "geometry": { "type": "LineString", "coordinates": [ [ -98.895387644833676, 19.94863007282817 ], [ -98.885525002885259, 19.941108226118466 ], [ -98.880277837384, 19.93644673774369 ], [ -98.855974930006198, 19.914425733689423 ], [ -98.842927160558077, 19.899784013959842 ] ] } },
{ "type": "Feature", "properties": { "ID_OBRA": "137_Cardonal", "No.": 137.0, "Municipio": "Cardonal", "Rubro": "Infraestructura Carretera", "Ejercicio": 2024.0, "Obra": "Construcción de pavimentación hidráulica del Camino Intermunicipal Cardonal Nicolás Flores tramo El Boxo Barrio del Tixqui, en el municipio de Cardonal.", "Localidad": "El Boxo", "Inversión": 9690119.88, "Habitantes.beneficiados": 273.0, "Ejecutora": "DGIVC", "Trabajos": "Considera los trabajos de preliminares y pavimento hidráulico.", "Geometria_tipo": "Línea", "extract": -0.77449160284486029 }, "geometry": { "type": "LineString", "coordinates": [ [ -99.126410050894293, 20.7020835407791 ], [ -99.126079482186881, 20.702140628326795 ], [ -99.125718399445006, 20.702107327259895 ], [ -99.12543614462561, 20.701950336417593 ], [ -99.125113204426796, 20.701712471195297 ], [ -99.124777550047014, 20.701412760483802 ], [ -99.124469866865496, 20.701110670516304 ], [ -99.124289325494502, 20.700894211980504 ] ] } },
{ "type": "Feature", "properties": { "ID_OBRA": "1377_Xochicoatlán", "No.": 1377.0, "Municipio": "Xochicoatlán", "Rubro": "Infraestructura Carretera", "Ejercicio": 2023.0, "Obra": "Apertura de camino intermunicipal Tuzancocac (Xochicoatlán) - Tula (Calnai)", "Localidad": "Tuzancoac", "Inversión": 6628628.53, "Habitantes.beneficiados": 931.0, "Ejecutora": "DGCCE", "Trabajos": "Se consideran trabajos de revestimiento, cunetas y limpieza de cunetas.", "Geometria_tipo": "Línea", "extract": 0.5529636761748794 }, "geometry": { "type": "LineString", "coordinates": [ [ -98.555310862681864, 20.856598949244805 ], [ -98.555390050364693, 20.856597473200861 ], [ -98.555504504964077, 20.856552250719883 ], [ -98.555617861029077, 20.856534426952294 ], [ -98.555810860869457, 20.85655224121837 ], [ -98.55598370354042, 20.856602030438477 ], [ -98.556004718820532, 20.856602029775381 ], [ -98.556010616168962, 20.856606614742304 ], [ -98.556212787254779, 20.856705224666303 ], [ -98.556224443110494, 20.856710033990968 ], [ -98.55644278930464, 20.856864562132099 ], [ -98.556583652658645, 20.857120846032814 ], [ -98.556601167697124, 20.857144002524961 ], [ -98.556609988960247, 20.85715566497386 ], [ -98.556723713793346, 20.857561237863639 ], [ -98.556713180738967, 20.857960561514606 ], [ -98.556812513076736, 20.858876908941866 ], [ -98.557018182770051, 20.859169268025248 ], [ -98.557301349664471, 20.859476134217669 ], [ -98.557617628532256, 20.859897175840075 ], [ -98.557741746319024, 20.86032253705147 ], [ -98.557534648333331, 20.860587777948066 ], [ -98.557234611439526, 20.860798553905244 ] ] } },
{ "type": "Feature", "properties": { "ID_OBRA": "1378_Xochicoatlán", "No.": 1378.0, "Municipio": "Xochicoatlán", "Rubro": "Infraestructura Carretera", "Ejercicio": 2024.0, "Obra": "Apertura de camino intermunicipal Tuzancocac (Xochicoatlán) - Tula (Calnai), Segunda etapa, en el municipio de Xochicoatlán", "Localidad": "Tuzancoac", "Inversión": 9680336.3, "Habitantes.beneficiados": null, "Ejecutora": "DGCCE", "Trabajos": "Considera los trabajos de preliminares, revestimiento de camino en la localidad de Tuzancoac municipio de Xochicoatlán", "Geometria_tipo": "Línea", "extract": 0.51405655960466634 }, "geometry": { "type": "LineString", "coordinates": [ [ -98.55681127428177, 20.860956081645416 ], [ -98.556332837463728, 20.860978609655348 ], [ -98.556094172602556, 20.860888841727366 ], [ -98.555885951997695, 20.860690266753437 ], [ -98.555682530685857, 20.860496268693961 ], [ -98.555398947108529, 20.860327543372431 ], [ -98.555188936215004, 20.86016220503312 ], [ -98.554899093726618, 20.860000154463755 ], [ -98.554664618445315, 20.859880715612672 ], [ -98.554436393227505, 20.859627893713341 ], [ -98.554420396388124, 20.859608775828303 ], [ -98.554246337547127, 20.859420115844699 ], [ -98.554060391971646, 20.859235921205769 ], [ -98.553861921752087, 20.859073834806328 ], [ -98.553705068299664, 20.858828376717273 ], [ -98.553565811339098, 20.858624199409878 ], [ -98.55345916310452, 20.858441866819657 ], [ -98.553268463080798, 20.858232104372092 ], [ -98.553044544340239, 20.857982071309436 ], [ -98.552786706593835, 20.857830172105139 ], [ -98.552488635500296, 20.857785243858011 ], [ -98.552155735709846, 20.857860310981117 ], [ -98.551751168079306, 20.858057940361341 ], [ -98.551563494268777, 20.858208854582948 ], [ -98.551513742198992, 20.858492854392924 ], [ -98.551520315544437, 20.858817007827398 ], [ -98.551514994556513, 20.859287633565391 ], [ -98.551513836044819, 20.859820556968177 ] ] } },
{ "type": "Feature", "properties": { "ID_OBRA": "14_Acaxochitlán", "No.": 14.0, "Municipio": "Acaxochitlán", "Rubro": "Infraestructura Carretera", "Ejercicio": 2024.0, "Obra": "Rendimientos Financieros para la Construcción de pavimentación de concreto hidráulico camino principal San Miguel del Resgate a Santa Ana Tzacuala, municipio de Acaxochitlán.", "Localidad": "San Miguel del Resgate", "Inversión": 10010866.61, "Habitantes.beneficiados": null, "Ejecutora": "DGIVC", "Trabajos": "Considera los trabajos de preliminares, riego de impregnación, piso para pavimento de concreto hidráulico.", "Geometria_tipo": "Línea", "extract": 0.56088024261733516 }, "geometry": { "type": "LineString", "coordinates": [ [ -98.194285454719406, 20.215593607207097 ], [ -98.194769340971888, 20.214644838916495 ], [ -98.195347644054195, 20.213500402541598 ], [ -98.195969221516819, 20.2125073202861 ], [ -98.19625640604059, 20.212067999348097 ], [ -98.196429503561788, 20.211864951436805 ], [ -98.196752094396814, 20.211580683915802 ], [ -98.197708064798093, 20.210750029093401 ], [ -98.199045636552995, 20.209587104893991 ], [ -98.199387897560882, 20.209306525055798 ], [ -98.199765564879925, 20.2089521076953 ], [ -98.200174704475515, 20.208413096412404 ], [ -98.200717601246595, 20.2075565814933 ], [ -98.200969379459281, 20.207187392574696 ], [ -98.202035502828608, 20.205618329902098 ], [ -98.20235809366369, 20.2051309942768 ], [ -98.203967113804097, 20.202509693153001 ], [ -98.204415593745281, 20.201808210719296 ], [ -98.204494274436783, 20.201398395834996 ], [ -98.204474604263993, 20.200700600442193 ], [ -98.204474604263993, 20.200202173247195 ], [ -98.204596559335698, 20.200002801922498 ] ] } },
{ "type": "Feature", "properties": { "ID_OBRA": "144_Cardonal", "No.": 144.0, "Municipio": "Cardonal", "Rubro": "Infraestructura Carretera", "Ejercicio": 2023.0, "Obra": "Construye Tu Camino del Tramo La Mesa - La Gloria, en municipio de Cardonal", "Localidad": "La Mesa", "Inversión": 6122809.2, "Habitantes.beneficiados": null, "Ejecutora": "DGCCE", "Trabajos": "Considera los trabajos de construcción de huellas de concreto hidráulico y empedrado en la localidad, el cual consta de terracerías y pisos de concreto.", "Geometria_tipo": "Línea", "extract": -0.37123183235021195 }, "geometry": { "type": "LineString", "coordinates": [ [ -99.030596046559296, 20.661008009663398 ], [ -99.030543829867099, 20.6608451484339 ], [ -99.030236331568318, 20.660402707879193 ], [ -99.029847607303807, 20.659987409744598 ], [ -99.029635839607408, 20.659802832431595 ], [ -99.0295343071503, 20.659599254252804 ], [ -99.029409567274314, 20.659135094985196 ], [ -99.029250016270211, 20.658570501684299 ], [ -99.02921520514208, 20.658304490652096 ], [ -99.029168790304496, 20.658076480825301 ], [ -99.028884499424521, 20.657612316906501 ] ] } },
{ "type": "Feature", "properties": { "ID_OBRA": "15_Acaxochitlán", "No.": 15.0, "Municipio": "Acaxochitlán", "Rubro": "Infraestructura Carretera", "Ejercicio": 2024.0, "Obra": "Construcción de pavimentación hidráulica en la localidad de San Pedro, Barrio El Mirador, municipio de Acaxochitlán", "Localidad": "San Pedro Tlachichilco", "Inversión": 7753962.45, "Habitantes.beneficiados": 2318.0, "Ejecutora": "DGOPI", "Trabajos": "Considera los trabajos de preliminares, riego de impregnación, piso para pavimento de concreto Hidráulico.", "Geometria_tipo": "Línea", "extract": 0.38667132241534735 }, "geometry": { "type": "LineString", "coordinates": [ [ -98.2569028576562, 20.148713126240299 ], [ -98.256883827120802, 20.148913224187801 ], [ -98.256870505745994, 20.149041858447202 ], [ -98.256925694298701, 20.149313419313501 ], [ -98.257022750029392, 20.149629644200797 ], [ -98.257047489725394, 20.149702893942102 ], [ -98.257138836295496, 20.149844033590593 ], [ -98.257253019508013, 20.149947655023496 ], [ -98.258257831778494, 20.150497919411599 ], [ -98.259121818086783, 20.150969573057999 ], [ -98.259536683759009, 20.151269715545602 ], [ -98.260130436464294, 20.151616307938596 ], [ -98.260495822744502, 20.151837840817599 ] ] } },
{ "type": "Feature", "properties": { "ID_OBRA": "151_Cardonal", "No.": 151.0, "Municipio": "Cardonal", "Rubro": "Infraestructura Carretera", "Ejercicio": 2022.0, "Obra": "Construcción de pavimentación de concreto hidráulico en acceso a Las Grutas de Tolantongo, municipio de Cardonal", "Localidad": "San Cristobal", "Inversión": 5820352.9, "Habitantes.beneficiados": 374.0, "Ejecutora": "DGCCE", "Trabajos": "Considera los trabajos de preliminares, riego de impregnación, piso para pavimento de concreto hidráulico.", "Geometria_tipo": "Línea", "extract": -0.75221316545164041 }, "geometry": { "type": "LineString", "coordinates": [ [ -98.990385428628898, 20.633784584393595 ], [ -98.990360551128035, 20.633988746476902 ], [ -98.990465802093297, 20.634712266039994 ], [ -98.990486852286381, 20.634787483222897 ], [ -98.990638030945604, 20.635249530816392 ], [ -98.990791123258802, 20.635485926716996 ], [ -98.990944215571886, 20.635629196780993 ], [ -98.991258054813912, 20.635872755580202 ], [ -98.991610167134212, 20.636116313989497 ], [ -98.991847460219503, 20.636273910399503 ], [ -98.991962279454384, 20.636352708543303 ], [ -98.992015861764003, 20.636431506646296 ], [ -98.991977588685685, 20.636474487412496 ], [ -98.99187807868222, 20.6364959777911 ], [ -98.991671404059403, 20.636395689331799 ], [ -98.991258054813912, 20.636209439160595 ], [ -98.990729886333497, 20.635958717416202 ], [ -98.990492593248121, 20.635836938134194 ], [ -98.990308882472306, 20.635629196781 ], [ -98.990163444774794, 20.635421455144098 ], [ -98.990048625539899, 20.635263857851101 ], [ -98.989926151689389, 20.635242367298499 ], [ -98.989910842458087, 20.6352925119165 ], [ -98.989903187842486, 20.635407128124196 ], [ -98.989987388614693, 20.635557561765804 ], [ -98.990461974785518, 20.636130640942596 ], [ -98.990729886333497, 20.636510304708494 ], [ -98.991089653269398, 20.636932948163601 ], [ -98.991388183280094, 20.637197995154999 ], [ -98.991656094828102, 20.637391407532998 ], [ -98.991763259447296, 20.637484531923601 ], [ -98.991832150988202, 20.637642126916401 ], [ -98.991778568678612, 20.637699434145894 ], [ -98.991579548671496, 20.637642126916401 ], [ -98.9914647294367, 20.6375848196652 ], [ -98.991196817888621, 20.637527512392403 ], [ -98.990867669415394, 20.637441551442802 ], [ -98.990714577102196, 20.637291119663999 ], [ -98.99065334017692, 20.637112034019204 ], [ -98.990515557095094, 20.6368541503203 ], [ -98.990370119397596, 20.636624919998795 ], [ -98.990148135543521, 20.636388525867901 ], [ -98.989964424767706, 20.636209439160595 ], [ -98.989818987070194, 20.636073333122102 ], [ -98.989711822451, 20.636008861798196 ], [ -98.989650585525695, 20.636016025279886 ], [ -98.989635276294379, 20.636087660079198 ], [ -98.989704167835299, 20.636209439160599 ], [ -98.989803677838921, 20.636324054677601 ], [ -98.989995043230394, 20.636538958539099 ], [ -98.990102207849503, 20.636689391061605 ], [ -98.990255300162687, 20.636904294407099 ], [ -98.990324191703607, 20.637126360878597 ], [ -98.990339500934894, 20.6372982830854 ], [ -98.990331846319293, 20.637491695335996 ], [ -98.990362464781896, 20.6376492903212 ], [ -98.990446665554202, 20.637792558347993 ], [ -98.990515557095094, 20.637892845886398 ], [ -98.9907681594118, 20.638186544725905 ], [ -98.990951870187587, 20.6384372627987 ], [ -98.991143235579003, 20.638623510242496 ], [ -98.991357564817505, 20.638838410855801 ], [ -98.991541275593221, 20.638996004445893 ], [ -98.991686713290704, 20.639139271204396 ], [ -98.991770914062997, 20.639203741201705 ], [ -98.99187807868222, 20.639289701155601 ], [ -98.991824496372601, 20.639361334413302 ], [ -98.991663749443802, 20.639318354462699 ], [ -98.9911049625007, 20.639089127854298 ], [ -98.990439010938502, 20.638795430757401 ], [ -98.990125171696505, 20.638616346883499 ], [ -98.989926151689389, 20.638580530083392 ], [ -98.989803677838921, 20.6386235102425 ], [ -98.989773059376304, 20.638702307169297 ], [ -98.98978836860762, 20.6388169208081 ], [ -98.989826641685895, 20.638967351078101 ], [ -98.990010352461695, 20.639210904533002 ], [ -98.990201717853097, 20.639475947555596 ], [ -98.990301227856705, 20.6396048872375 ], [ -98.990324191703607, 20.639712336888898 ], [ -98.990270609394003, 20.639812623161699 ], [ -98.990125171696505, 20.639776806643301 ], [ -98.990018007077296, 20.639640703796395 ], [ -98.989941460920704, 20.639540417410196 ], [ -98.989849605532896, 20.639483110874195 ], [ -98.989765404760604, 20.639504600827699 ], [ -98.9897194770667, 20.639576233984293 ], [ -98.9897194770667, 20.639626377173798 ], [ -98.989658240141395, 20.639705173581092 ], [ -98.989497493212596, 20.639719500196293 ], [ -98.989428601671605, 20.639662193727698 ], [ -98.989336746283698, 20.639526090778201 ], [ -98.989275509358507, 20.639404314351797 ], [ -98.989206617817587, 20.639282537827896 ], [ -98.989099453198307, 20.639196577869999 ], [ -98.989007597810499, 20.639210904533005 ], [ -98.988900433191304, 20.639239557855003 ], [ -98.988816232418998, 20.639375661060804 ], [ -98.988839196266014, 20.639504600827699 ], [ -98.988892778575604, 20.639669357037395 ], [ -98.989153035507996, 20.639948725854797 ], [ -98.989267854742806, 20.640106318294595 ], [ -98.989329091668097, 20.640220930875593 ], [ -98.989244890895804, 20.640278237133703 ], [ -98.989099453198307, 20.6401636245959 ], [ -98.989030561657501, 20.640063338554498 ], [ -98.988923397038207, 20.639955889151 ], [ -98.988808577803397, 20.639848439671699 ], [ -98.988716722415504, 20.639855602972695 ], [ -98.988701413184103, 20.639934399261193 ], [ -98.988754995493807, 20.640063338554508 ], [ -98.988854505497315, 20.640235257442097 ], [ -98.9890229070418, 20.640414339410096 ], [ -98.989206617817587, 20.640536115027896 ], [ -98.989122417045394, 20.640622074228904 ], [ -98.988885123959889, 20.640500298679896 ], [ -98.988724377031119, 20.640371359757001 ], [ -98.988586593949279, 20.640220930875603 ], [ -98.988456465483097, 20.640020358802193 ], [ -98.988341646248216, 20.639927235963995 ], [ -98.988288063938597, 20.639941562558196 ], [ -98.988280409323011, 20.640027522095096 ], [ -98.988402883173507, 20.640242420724896 ], [ -98.98854066625529, 20.640428665958499 ], [ -98.988724377031119, 20.640557604832701 ], [ -98.988923397038207, 20.640758176197696 ], [ -98.989114762429693, 20.640915767798898 ], [ -98.989482183981295, 20.641001726785298 ], [ -98.989757750145017, 20.640965910546797 ], [ -98.990021834385203, 20.640948002424501 ], [ -98.990209372468811, 20.640958747298097 ], [ -98.990370119397596, 20.640980237043195 ], [ -98.990496420555999, 20.641005308408602 ], [ -98.990660994792606, 20.641023216524303 ], [ -98.990802605182296, 20.641019634901294 ], [ -98.990936560956285, 20.640980237043195 ], [ -98.991055207499002, 20.640955165673695 ], [ -98.991185335965199, 20.640926512674799 ], [ -98.991326946354903, 20.640926512674795 ], [ -98.991369046740999, 20.640948002424494 ], [ -98.991380528664493, 20.640980237043198 ], [ -98.991281018660885, 20.641016053278296 ], [ -98.991085825961605, 20.641055451127102 ], [ -98.990944215571886, 20.641112757070797 ], [ -98.990745195564799, 20.641202297564597 ], [ -98.990618894406481, 20.641223787275198 ], [ -98.990408392475899, 20.6412416953651 ], [ -98.990247645547086, 20.641223787275202 ], [ -98.990052452847806, 20.641238113747296 ], [ -98.989903187842486, 20.641288256388993 ], [ -98.989704167835399, 20.641402868079393 ], [ -98.989420947056004, 20.641571203842997 ], [ -98.989275509358507, 20.641660744066897 ], [ -98.989114762429693, 20.641682233712803 ], [ -98.988938706269579, 20.641646417634597 ], [ -98.988816232418998, 20.641574785452999 ], [ -98.988712895107696, 20.641474500341996 ], [ -98.988655485490199, 20.641406449693299 ], [ -98.988567457410184, 20.6413527254755 ], [ -98.988510047792715, 20.641374215164898 ], [ -98.988517702408387, 20.641445847440995 ], [ -98.988598075872801, 20.641546132570898 ], [ -98.988724377031119, 20.6416929785346 ], [ -98.988820059726919, 20.6417467026323 ], [ -98.989091798582706, 20.6418828035948 ], [ -98.989260200127205, 20.6419007116071 ], [ -98.989547248214393, 20.641850569167296 ], [ -98.989891705919007, 20.641735957814298 ], [ -98.990025661692997, 20.641685815320201 ], [ -98.990377774013297, 20.641682233712803 ], [ -98.990515557095094, 20.6416750704979 ], [ -98.990756677488307, 20.641664325674796 ], [ -98.990760504796199, 20.641743121026398 ], [ -98.990710749794403, 20.641768192265996 ], [ -98.990488765940299, 20.641818334732996 ], [ -98.990270609394003, 20.641861313977195 ], [ -98.990144308235699, 20.641907874811405 ], [ -98.990040970924298, 20.641954435631295 ], [ -98.990014179769503, 20.642029649233397 ], [ -98.990052452847806, 20.642079791614204 ], [ -98.990148135543521, 20.642101281200897 ], [ -98.990262954778387, 20.642083373212202 ], [ -98.990553830173411, 20.642040394030698 ], [ -98.990718404410018, 20.642000996436995 ], [ -98.991001625189398, 20.641968762034594 ], [ -98.991196817888721, 20.641950854030299 ], [ -98.991269536737406, 20.641958017232298 ], [ -98.991392010587916, 20.641983088436497 ] ] } },
{ "type": "Feature", "properties": { "ID_OBRA": "163_Chapantongo", "No.": 163.0, "Municipio": "Chapantongo", "Rubro": "Infraestructura Carretera", "Ejercicio": 2023.0, "Obra": "Construcción de pavimentación asfáltica en acceso a Dexha en el municipio de Chapantongo", "Localidad": "Dexha", "Inversión": 3794271.99, "Habitantes.beneficiados": 149.0, "Ejecutora": "DGIVC", "Trabajos": "Considera los trabajos de capa subbase, riego de impregnación, suministro y aplicación de riego de liga con emulsión asfáltica", "Geometria_tipo": "Línea", "extract": -0.64172504108233996 }, "geometry": { "type": "LineString", "coordinates": [ [ -99.444090927074043, 20.309619034743214 ], [ -99.444262247607682, 20.309409642178448 ], [ -99.444557300729002, 20.309086036097135 ], [ -99.444747657964498, 20.308800500259881 ], [ -99.444880908436957, 20.308562553794832 ], [ -99.445861246227992, 20.306887414088013 ], [ -99.44608015589948, 20.306478145954568 ], [ -99.44628954883386, 20.305954664809672 ], [ -99.446470388421034, 20.305440700853399 ], [ -99.446489424135493, 20.305364558738184 ], [ -99.446489424270908, 20.304974327398039 ], [ -99.446460869781092, 20.30483155924183 ], [ -99.446394245341324, 20.304669755910815 ], [ -99.445480532452365, 20.303232561997905 ], [ -99.445423424654479, 20.303165937286291 ], [ -99.445366318080659, 20.303127865038437 ], [ -99.444985604460001, 20.302889918889775 ] ] } },
{ "type": "Feature", "properties": { "ID_OBRA": "164_Chapantongo", "No.": 164.0, "Municipio": "Chapantongo", "Rubro": "Infraestructura Carretera", "Ejercicio": 2023.0, "Obra": "Construcción de Pavimentación Asfáltica en Chapantongo, en la Localidad de Juchitlan.", "Localidad": "Juchitlán", "Inversión": 4576899.43, "Habitantes.beneficiados": 189.0, "Ejecutora": "DGIVC", "Trabajos": "Considera los trabajos de capa subbase, riego de impregnación, suministro y aplicación de riego de liga con emulsión asfáltica", "Geometria_tipo": "Línea", "extract": -0.46080196276100521 }, "geometry": { "type": "LineString", "coordinates": [ [ -99.476399992542738, 20.196272621152318 ], [ -99.476406569180554, 20.196267937913802 ], [ -99.476425630357838, 20.19624076937702 ], [ -99.476424692357924, 20.195933553935664 ], [ -99.476443552556745, 20.195843139431009 ], [ -99.476452938178099, 20.195779845794974 ], [ -99.476481400014336, 20.195698446931537 ], [ -99.476490831065036, 20.195653246450419 ], [ -99.476538506668447, 20.195589861668189 ], [ -99.476710461987267, 20.195480953230206 ], [ -99.47678686161403, 20.195426539385281 ], [ -99.476834585341763, 20.195381231409211 ], [ -99.476872693012055, 20.195326906932252 ], [ -99.476920306645695, 20.195245447008539 ], [ -99.476958323393148, 20.19515498499425 ], [ -99.476967677452265, 20.195082660588771 ], [ -99.476947722949831, 20.194820677064463 ], [ -99.476956691920208, 20.194621846213405 ], [ -99.476946907350268, 20.194549584572638 ], [ -99.476908507610631, 20.194513539232869 ], [ -99.476793569435983, 20.194486754000238 ], [ -99.476592600116774, 20.19449632344929 ], [ -99.476401152860774, 20.194487816052245 ], [ -99.476314846979946, 20.194433830606336 ], [ -99.476304752915453, 20.194262169201888 ], [ -99.476323506929845, 20.194135600041747 ], [ -99.476428215217936, 20.193945568605525 ], [ -99.476561061550271, 20.193565676980469 ], [ -99.47683658507556, 20.192896246431403 ], [ -99.476902738200792, 20.192615954052826 ], [ -99.47693067673157, 20.192362861417635 ], [ -99.476930014780677, 20.19214598413668 ], [ -99.476843308147991, 20.191956460741821 ], [ -99.476698968563866, 20.191703830764016 ], [ -99.476612462224608, 20.191586600329916 ], [ -99.476516616234619, 20.191541677052754 ], [ -99.4764112295925, 20.191505815827249 ], [ -99.476363291983162, 20.191478845992307 ], [ -99.476334446293222, 20.191433738360271 ], [ -99.476334246405074, 20.191370492358754 ] ] } },
{ "type": "Feature", "properties": { "ID_OBRA": "167_Chapantongo", "No.": 167.0, "Municipio": "Chapantongo", "Rubro": "Infraestructura Carretera", "Ejercicio": 2024.0, "Obra": "Construcción de pavimentación asfáltica en la localidad de Zimapantongo, municipio de Chapantongo", "Localidad": "Zimapantongo", "Inversión": 12945007.03, "Habitantes.beneficiados": 666.0, "Ejecutora": "DGCCE", "Trabajos": "Considera los trabajos de capa subbase, riego de impregnación, suministro y aplicación de riego de liga con emulsión asfáltica", "Geometria_tipo": "Línea", "extract": -0.43599542501356925 }, "geometry": { "type": "LineString", "coordinates": [ [ -99.446803047966142, 20.227043097228719 ], [ -99.446928309376332, 20.227322911943634 ], [ -99.447515838169934, 20.227974077915075 ], [ -99.447794128429251, 20.22831467625598 ], [ -99.448184976736457, 20.228887510101522 ], [ -99.448342690625239, 20.229151697589138 ], [ -99.448433698295389, 20.229448358087176 ], [ -99.448568279357033, 20.229860924387797 ], [ -99.448786714175327, 20.230140528401897 ], [ -99.449073450070259, 20.230438075066946 ], [ -99.449385455081767, 20.230608875700476 ], [ -99.449900992554447, 20.230914421304373 ], [ -99.450168539562398, 20.231142700101639 ], [ -99.450299152803382, 20.231226474392646 ], [ -99.450396593680068, 20.23131688858906 ], [ -99.45057837213399, 20.231653461984742 ], [ -99.450770136109583, 20.231999802093046 ], [ -99.450931585559388, 20.232336035103678 ], [ -99.45105536791597, 20.23264763979266 ], [ -99.451265025979609, 20.233123849962485 ], [ -99.45159291169179, 20.233666827133657 ], [ -99.451791853854047, 20.234037279665365 ], [ -99.451836199249854, 20.234112406612816 ], [ -99.45184446773473, 20.234213323668929 ], [ -99.451861999164308, 20.234362383613725 ], [ -99.452047772222627, 20.234622240915051 ], [ -99.452418359116422, 20.23505795834183 ], [ -99.452779877632224, 20.23557030387947 ], [ -99.4530922879119, 20.235990649218444 ], [ -99.45316831880406, 20.23613829015725 ], [ -99.453150001139718, 20.236301145924429 ], [ -99.45322697955352, 20.23639841463028 ], [ -99.453366908076489, 20.23652793183836 ], [ -99.453488595441755, 20.236681138456451 ] ] } },
{ "type": "Feature", "properties": { "ID_OBRA": "17_Acaxochitlán", "No.": 17.0, "Municipio": "Acaxochitlán", "Rubro": "Infraestructura Carretera", "Ejercicio": 2023.0, "Obra": "Pavimentación de concreto hidráulico en camino principal Santa Catarina - Santa Ana Tzacuala, para beneficiar a la comunidad de Santa Catarina; en el municipio de Acaxochitlán.", "Localidad": "Santa Catarina", "Inversión": 9581921.93, "Habitantes.beneficiados": 493.0, "Ejecutora": "DGIVC", "Trabajos": "Considera los trabajos de preliminares, riego de impregnación, piso para pavimento de concreto hidráulico.", "Geometria_tipo": "Línea", "extract": null }, "geometry": { "type": "LineString", "coordinates": [ [ -98.185075907800893, 20.259081722713194 ], [ -98.185013107033996, 20.258963891289898 ], [ -98.184900826874994, 20.258858557062997 ], [ -98.184731455109699, 20.258747866781505 ], [ -98.184544955862521, 20.258665741682897 ], [ -98.184356553561798, 20.2585836165409 ], [ -98.184280431420106, 20.258510418008097 ], [ -98.183935978728897, 20.258194414189894 ], [ -98.183894111550984, 20.258137283487493 ], [ -98.183854147426601, 20.2580390900435 ], [ -98.183717127571498, 20.257619535537799 ], [ -98.183684775661305, 20.257539195183995 ], [ -98.183551561913319, 20.257362446259201 ], [ -98.183399317629934, 20.2571517755607 ], [ -98.183281328310301, 20.256976811543005 ], [ -98.183237558078801, 20.256858978521898 ], [ -98.18320710922211, 20.2567286479551 ], [ -98.183178563419006, 20.256594746573896 ], [ -98.183134793187506, 20.2564929814469 ], [ -98.182992064171799, 20.256301948484598 ], [ -98.182828401567107, 20.256116271361396 ], [ -98.18270089697981, 20.255946662256601 ], [ -98.182607647356193, 20.255812760200996 ], [ -98.182512494679102, 20.255603872763604 ], [ -98.182443984751615, 20.255434263099097 ], [ -98.182360250395703, 20.255295004499196 ], [ -98.182284128253983, 20.255212877574092 ], [ -98.182194684737496, 20.255120038388995 ], [ -98.182131883970584, 20.255048623593499 ], [ -98.182067180150213, 20.254937930595499 ], [ -98.181933966402198, 20.25466298313 ], [ -98.181732242726696, 20.254302337014998 ], [ -98.181616156460606, 20.254088091401595 ], [ -98.1815400343189, 20.253898840863805 ] ] } },
{ "type": "Feature", "properties": { "ID_OBRA": "172_Chapulhuacán", "No.": 172.0, "Municipio": "Chapulhuacán", "Rubro": "Vialidades Urbanas", "Ejercicio": 2024.0, "Obra": "Pavimentación de concreto Hidráulico en calle de acceso a la comunidad de La Escondida, municipio de Chapulhuacán", "Localidad": "La Escondida", "Inversión": 2508949.93, "Habitantes.beneficiados": 227.0, "Ejecutora": "DGCCE", "Trabajos": "Considera los trabajos de preliminares, riego de impregnación, piso para pavimento de concreto hidráulico.", "Geometria_tipo": "Línea", "extract": 0.71257162285395159 }, "geometry": { "type": "LineString", "coordinates": [ [ -98.908859437392294, 21.124346605481396 ], [ -98.908073724080893, 21.123795351738803 ], [ -98.907227767565402, 21.123540761612993 ], [ -98.906860420371601, 21.123586619544401 ], [ -98.906612813720798, 21.123533125537495 ], [ -98.906445081638694, 21.123366640956601 ], [ -98.905926902306106, 21.122767106789901 ], [ -98.904614134270105, 21.122534750613301 ], [ -98.904542788914199, 21.122334607550304 ], [ -98.904655143921005, 21.122165019956601 ], [ -98.904872148473203, 21.121918897373 ] ] } },
{ "type": "Feature", "properties": { "ID_OBRA": "173_Chapulhuacán", "No.": 173.0, "Municipio": "Chapulhuacán", "Rubro": "Infraestructura Carretera", "Ejercicio": 2023.0, "Obra": "Construye tu Camino del Tramo La Mesa - Telesecundaria 748, en el municipio de Chapulhuacan.", "Localidad": "La Mesa", "Inversión": 6466892.86, "Habitantes.beneficiados": 397.0, "Ejecutora": "DGCCE", "Trabajos": "Considera los trabajos de construcción de huellas de concreto hidráulico y empedrado en la localidad, el cual consta de terracerías y pisos de concreto.", "Geometria_tipo": "Línea", "extract": 0.90938469392895782 }, "geometry": { "type": "LineString", "coordinates": [ [ -98.893870124141131, 21.135321169704532 ], [ -98.893654770679106, 21.135345787356741 ], [ -98.893554824981308, 21.135360062092804 ], [ -98.893426344294838, 21.135341022121303 ], [ -98.893278810616337, 21.135283917068765 ], [ -98.893028021411041, 21.135161779701281 ], [ -98.892707739417901, 21.1350174167221 ], [ -98.892279441614846, 21.134907957254025 ], [ -98.891946315659368, 21.134893682216678 ], [ -98.891770235534551, 21.134855612588431 ], [ -98.891594157220126, 21.134803257663609 ], [ -98.891465664169743, 21.134788983324491 ], [ -98.891337171319563, 21.134812787167196 ], [ -98.891218203842911, 21.134893682372251 ], [ -98.891132541420802, 21.13490795672104 ], [ -98.890975493722792, 21.134946036985241 ], [ -98.890804171555502, 21.134998376751401 ], [ -98.890452012168112, 21.135069761045276 ], [ -98.890090334883809, 21.13516018163304 ], [ -98.88965727372134, 21.135236326765167 ], [ -98.88945264375748, 21.135298193068259 ], [ -98.889395530716911, 21.13529343202562 ], [ -98.889319394244666, 21.135260116316747 ], [ -98.889186144159183, 21.13521253683292 ], [ -98.889052893830865, 21.13517445716073 ], [ -98.888986267034596, 21.135174456873656 ] ] } },
{ "type": "Feature", "properties": { "ID_OBRA": "194_Chilcuautla", "No.": 194.0, "Municipio": "Chilcuautla", "Rubro": "Infraestructura Carretera", "Ejercicio": 2024.0, "Obra": "Construcción de pavimentación asfáltica en caminos rurales de la Manzana El Pirul de la localidad de La Estancia, municipio de Chilcuautla.", "Localidad": "La Estancia", "Inversión": 6417406.64, "Habitantes.beneficiados": null, "Ejecutora": "DGIVC", "Trabajos": "Considera los trabajos de capa subbase, riego de impregnación, suministro y aplicación de riego de liga con emulsión asfáltica", "Geometria_tipo": "Línea", "extract": 0.082724753959251399 }, "geometry": { "type": "LineString", "coordinates": [ [ -99.212789875743567, 20.378556829873407 ], [ -99.212365359316152, 20.378477825259871 ], [ -99.211820014567579, 20.378530514521465 ], [ -99.210072240467653, 20.378753284212305 ], [ -99.210307304932925, 20.383117658543153 ] ] } },
{ "type": "Feature", "properties": { "ID_OBRA": "207_Chilcuautla", "No.": 207.0, "Municipio": "Chilcuautla", "Rubro": "Infraestructura Carretera", "Ejercicio": 2023.0, "Obra": "Construcción de Pavimentación Asfáltica en Camino de acceso a Zacualoya.", "Localidad": "Zacualoya", "Inversión": 2299540.0, "Habitantes.beneficiados": null, "Ejecutora": "DGIVC", "Trabajos": "Considera los trabajos de capa subbase, riego de impregnación, suministro y aplicación de riego de liga con emulsión asfáltica", "Geometria_tipo": "Línea", "extract": 0.041642284896392316 }, "geometry": { "type": "LineString", "coordinates": [ [ -99.233036953007144, 20.358755079358684 ], [ -99.237580069151036, 20.358386317168058 ] ] } },
{ "type": "Feature", "properties": { "ID_OBRA": "229_Cuautepec de Hinojosa", "No.": 229.0, "Municipio": "Cuautepec de Hinojosa", "Rubro": "Infraestructura Carretera", "Ejercicio": 2025.0, "Obra": "Construcción de pavimentación hidráulica de la C.E. Cuautepec - Tulancingo (Segunda etapa), en el municipio de Cuautepec de Hinojosa", "Localidad": "Cuautepec de Hinojosa", "Inversión": 30000000.0, "Habitantes.beneficiados": null, "Ejecutora": "SIPDUS", "Trabajos": null, "Geometria_tipo": "Línea", "extract": 0.59758324653278838 }, "geometry": { "type": "LineString", "coordinates": [ [ -98.328269920357783, 20.046461258015739 ], [ -98.32665387038378, 20.045371449833716 ], [ -98.325557090061977, 20.044213524257199 ], [ -98.322088367954862, 20.042027996134511 ], [ -98.316355280663387, 20.039021000869795 ], [ -98.316063377079445, 20.038808579204531 ], [ -98.315096399230399, 20.03794307159907 ] ] } },
{ "type": "Feature", "properties": { "ID_OBRA": "230_Cuautepec de Hinojosa", "No.": 230.0, "Municipio": "Cuautepec de Hinojosa", "Rubro": "Vialidades Urbanas", "Ejercicio": 2023.0, "Obra": "Construcción de pavimentación hidráulica en calle Sonora y Morelos en la localidad de El Tepeyac, municipio de Cuautepec de Hinojosa", "Localidad": "El Tepeyac", "Inversión": 2369759.81, "Habitantes.beneficiados": 1702.0, "Ejecutora": "DGOPI", "Trabajos": "Considera los trabajos de preliminares, piso para pavimento de concreto hidráulico.", "Geometria_tipo": "Línea", "extract": 0.63455419211135788 }, "geometry": { "type": "LineString", "coordinates": [ [ -98.311935340926397, 20.051446196456798 ], [ -98.313198170639396, 20.051379990705598 ], [ -98.313773417269701, 20.051037242506695 ], [ -98.314047286331601, 20.050695503485596 ], [ -98.3144056468402, 20.050245138275695 ], [ -98.313848258252193, 20.048876741941804 ], [ -98.313797275995796, 20.048304160242399 ], [ -98.313829502038203, 20.048153539577495 ] ] } },
{ "type": "Feature", "properties": { "ID_OBRA": "231_Cuautepec de Hinojosa", "No.": 231.0, "Municipio": "Cuautepec de Hinojosa", "Rubro": "Infraestructura Carretera", "Ejercicio": 2024.0, "Obra": "Construcción de pavimentación hidráulica de la C.E. Cuautepec - Tulancingo", "Localidad": "La Esperanza", "Inversión": 26046487.26, "Habitantes.beneficiados": 49.0, "Ejecutora": "DGCCE", "Trabajos": "Considera los trabajos de preliminares, riego de impregnación, piso para pavimento de concreto Hidráulico.", "Geometria_tipo": "Línea", "extract": 0.59758324653278838 }, "geometry": { "type": "LineString", "coordinates": [ [ -98.328282327681194, 20.04648077762123 ], [ -98.326678798835815, 20.045409671068626 ], [ -98.325867883859388, 20.044557288691546 ], [ -98.325574378332533, 20.044234613110493 ], [ -98.324234886041694, 20.043403743055435 ], [ -98.32188921297039, 20.041935648257009 ], [ -98.320694519973642, 20.041234733095081 ], [ -98.317394857890392, 20.039567384609629 ], [ -98.316337175202747, 20.039008141319201 ], [ -98.316081727864514, 20.038819685047315 ], [ -98.315061547889485, 20.037953595387677 ] ] } },
{ "type": "Feature", "properties": { "ID_OBRA": "232_Cuautepec de Hinojosa", "No.": 232.0, "Municipio": "Cuautepec de Hinojosa", "Rubro": "Infraestructura Carretera", "Ejercicio": 2023.0, "Obra": "Construcción de pavimentación hidráulica en carretera Santa Rita a Santa Elena Paliseca Tramo El Atoron", "Localidad": "Santa Elena Paliseca", "Inversión": 3667409.63, "Habitantes.beneficiados": 3074.0, "Ejecutora": "DGOPI", "Trabajos": "Considera trabajos para la reconstrucción y/o conservación de Infraestructura Carretera en la localidad de Santa Elena Paliseca municipio de Cuautepec de Hinojosa", "Geometria_tipo": "Línea", "extract": 0.33669826375199696 }, "geometry": { "type": "LineString", "coordinates": [ [ -98.283992423478324, 20.002770048597686 ], [ -98.281065302922798, 20.00081822043839 ], [ -98.279356349523255, 19.99974824953523 ], [ -98.277089082138147, 19.998263958111295 ], [ -98.275600813784123, 19.997390639006916 ], [ -98.274783287118581, 19.997179285542231 ] ] } },
{ "type": "Feature", "properties": { "ID_OBRA": "233_Cuautepec de Hinojosa", "No.": 233.0, "Municipio": "Cuautepec de Hinojosa", "Rubro": "Infraestructura Carretera", "Ejercicio": 2023.0, "Obra": "Construcción de pavimentación asfáltica en la antigua carretera a Santa Elena Paliseca ubicada en la Localidad de Santa Elena Paliseca, municipio de Cuautepec de Hinojosa.", "Localidad": "Santa Elena Paliseca", "Inversión": 6585562.0, "Habitantes.beneficiados": null, "Ejecutora": "DGOPI", "Trabajos": "Considera los trabajos de capa subbase, riego de impregnación, suministro y aplicación de riego de liga con emulsión asfáltica", "Geometria_tipo": "Línea", "extract": 0.33669826375199696 }, "geometry": { "type": "LineString", "coordinates": [ [ -98.2839873256966, 20.002741198805822 ], [ -98.280177377787382, 20.000267635709257 ], [ -98.27702140927228, 19.998216022116207 ], [ -98.275482482652009, 19.997355405928769 ], [ -98.274795416276106, 19.997194174219953 ] ] } },
{ "type": "Feature", "properties": { "ID_OBRA": "239_El Arenal", "No.": 239.0, "Municipio": "El Arenal", "Rubro": "Vialidades Urbanas", "Ejercicio": 2023.0, "Obra": "Construcción de pavimentación hidráulica en El Arenal, Barrio El Ojua calle Lázaro Cárdenas", "Localidad": "El Ojua", "Inversión": 1581111.25, "Habitantes.beneficiados": 84.0, "Ejecutora": "DGIVC", "Trabajos": "Considera los trabajos de preliminares, piso para pavimento de concreto hidráulico.", "Geometria_tipo": "Línea", "extract": 0.25551538381998279 }, "geometry": { "type": "LineString", "coordinates": [ [ -98.902027883376704, 20.216612085887199 ], [ -98.898250793070204, 20.219362728404704 ] ] } },
{ "type": "Feature", "properties": { "ID_OBRA": "24_Acaxochitlán", "No.": 24.0, "Municipio": "Acaxochitlán", "Rubro": "Infraestructura Carretera", "Ejercicio": 2023.0, "Obra": "Construcción de Pavimentación de Concreto Hidráulico en Barrio San Javier Zacacuautla; en el municipio de Acaxochitlán.", "Localidad": "Zacacuautla", "Inversión": 10426323.59, "Habitantes.beneficiados": 2113.0, "Ejecutora": "DGIVC", "Trabajos": "Considera los trabajos de preliminares, riego de impregnación, piso para pavimento de concreto hidráulico.", "Geometria_tipo": "Línea", "extract": 0.48255930296067867 }, "geometry": { "type": "LineString", "coordinates": [ [ -98.230054578278398, 20.214526146360793 ], [ -98.230682585947406, 20.215574428453003 ], [ -98.230678779840304, 20.215603001630893 ], [ -98.230633106555302, 20.215626217334098 ], [ -98.229679676730484, 20.216149462648694 ], [ -98.22971393169432, 20.216319115188703 ], [ -98.229826211853293, 20.2165405561204 ], [ -98.229852854602896, 20.216619131859201 ], [ -98.230397127916007, 20.217833479139195 ] ] } },
{ "type": "Feature", "properties": { "ID_OBRA": "240_El Arenal", "No.": 240.0, "Municipio": "El Arenal", "Rubro": "Vialidades Urbanas", "Ejercicio": 2023.0, "Obra": "Construcción de pavimentación hidráulica en El Arenal localidad El Rincón Libramiento La Peña El Rincón.", "Localidad": "El Rincón", "Inversión": 1046952.85, "Habitantes.beneficiados": 1029.0, "Ejecutora": "DGIVC", "Trabajos": "Considera los trabajos de preliminares, riego de impregnación, piso para pavimento de concreto Hidráulico, en la localidad de El Rincón municipio de  El Arenal", "Geometria_tipo": "Línea", "extract": 0.30431762205522939 }, "geometry": { "type": "LineString", "coordinates": [ [ -98.913965418734705, 20.270800610640105 ], [ -98.913076104655502, 20.271008422247998 ], [ -98.911842989845809, 20.271127335884703 ], [ -98.910675343029595, 20.271558628639305 ], [ -98.909904192187, 20.2720106867149 ] ] } },
{ "type": "Feature", "properties": { "ID_OBRA": "241_El Arenal", "No.": 241.0, "Municipio": "El Arenal", "Rubro": "Infraestructura Carretera", "Ejercicio": 2024.0, "Obra": "Construcción de pavimentación asfáltica de Fray Francisco al Rincón, en el municipio de El Arenal", "Localidad": "Fray Francisco", "Inversión": 16177733.89, "Habitantes.beneficiados": 525.0, "Ejecutora": "DGIVC", "Trabajos": "Considera los trabajos de capa subbase, riego de impregnación, suministro y aplicación de riego de liga con emulsión asfáltica", "Geometria_tipo": "Línea", "extract": 0.21062146856309613 }, "geometry": { "type": "LineString", "coordinates": [ [ -98.875769430144288, 20.260143155467215 ], [ -98.875496120076249, 20.260201100327439 ], [ -98.875414231113155, 20.260143139149839 ], [ -98.875311023082801, 20.260018543963643 ], [ -98.875137026921777, 20.259745358919506 ], [ -98.875003358067531, 20.259652644733769 ], [ -98.874868467697539, 20.259583599971201 ], [ -98.87473608651193, 20.259533231549277 ], [ -98.873608086402541, 20.259442188934191 ], [ -98.873542445736746, 20.259387937637396 ], [ -98.873531608394586, 20.259342928948858 ], [ -98.873538468658381, 20.259289156414265 ], [ -98.873576172696673, 20.259222302949993 ], [ -98.873827235381214, 20.258885311539121 ], [ -98.873870542886266, 20.258790887275641 ], [ -98.87390343618857, 20.258600247884946 ], [ -98.873843532951184, 20.258388159536111 ], [ -98.873691529700722, 20.258111735486388 ], [ -98.873621592720099, 20.257984098374934 ], [ -98.873594097409281, 20.257846243245449 ], [ -98.873572011195165, 20.257729507809913 ], [ -98.873537507880442, 20.257610239036509 ], [ -98.873467656403633, 20.257530215195821 ], [ -98.873368097301082, 20.257530211993547 ], [ -98.873294274433121, 20.257556814704216 ], [ -98.873188923325742, 20.257656233425593 ], [ -98.873055220108697, 20.25785797060859 ], [ -98.872954135170403, 20.258143860409298 ], [ -98.872841437096326, 20.258421118153127 ], [ -98.87276415583797, 20.258524877109473 ], [ -98.872686021130491, 20.258583418843095 ], [ -98.872589966123329, 20.258646494231314 ], [ -98.872449896546385, 20.258663372026255 ], [ -98.87189385114776, 20.258671802081043 ], [ -98.871756945723462, 20.258701428254959 ], [ -98.871704921628947, 20.258790806467978 ], [ -98.871743534350784, 20.258924097221875 ], [ -98.871874252320779, 20.25937885794195 ], [ -98.872091810727028, 20.260123746144259 ], [ -98.872076203744385, 20.260386407194449 ], [ -98.871970357384427, 20.260455473204061 ], [ -98.871895355404135, 20.260430755943151 ], [ -98.871856538398546, 20.260317732849717 ], [ -98.871796642514411, 20.260143573476384 ], [ -98.871726839465012, 20.259878593313775 ], [ -98.871517916376035, 20.259596349010391 ], [ -98.871374877894993, 20.259381813848176 ], [ -98.871204831458897, 20.259162333994226 ], [ -98.870843603775569, 20.258739750524438 ], [ -98.870781765664361, 20.258573173972955 ], [ -98.870830797131362, 20.258372328109314 ], [ -98.870865642100952, 20.258253822950504 ], [ -98.870827464234083, 20.258145594115575 ], [ -98.870727305651883, 20.258117615339639 ], [ -98.870671076746035, 20.258201996855785 ], [ -98.870618676442731, 20.258311415405217 ], [ -98.870561815549962, 20.258518131973506 ], [ -98.870400658971235, 20.259211973488014 ], [ -98.870288469853136, 20.25934069757092 ], [ -98.870165467119719, 20.25937892289279 ], [ -98.870009496404421, 20.259299296347731 ], [ -98.869860615757389, 20.258917631394574 ], [ -98.869678516882189, 20.258589395993443 ], [ -98.869555363137493, 20.25845227270576 ], [ -98.869356300555523, 20.258327369450569 ], [ -98.868618866040663, 20.25805264337254 ], [ -98.868494568808742, 20.257923394466719 ], [ -98.868483633516774, 20.25781149311938 ], [ -98.868533737265125, 20.257753942756423 ], [ -98.868603389413522, 20.257749280168699 ], [ -98.868825776684673, 20.257905892995737 ], [ -98.868923891575307, 20.257914356821182 ], [ -98.868959122468226, 20.257877011401614 ], [ -98.868984091460163, 20.257808588874028 ], [ -98.868931619701783, 20.257684017950503 ], [ -98.868788452665243, 20.257562693634057 ], [ -98.868161441149525, 20.257015428978171 ], [ -98.867962904669753, 20.256758050046439 ], [ -98.867774769202668, 20.256407398422194 ], [ -98.867578408945789, 20.256149088375718 ], [ -98.867336903131815, 20.25597537684013 ], [ -98.867235538082568, 20.255990667580676 ], [ -98.86714141272752, 20.256071408403127 ], [ -98.866932485017017, 20.256238129920938 ], [ -98.866686923381366, 20.256252659033681 ], [ -98.865140765938904, 20.255854261221696 ], [ -98.865098281474104, 20.25571223962336 ], [ -98.865159906058594, 20.25564649418444 ], [ -98.865275458457106, 20.255603462494957 ], [ -98.86557251318257, 20.255599125252822 ], [ -98.865782305767283, 20.255501269213958 ], [ -98.86619248464261, 20.255139061264455 ], [ -98.866252345190418, 20.25499096890691 ], [ -98.86625636760256, 20.254862726465298 ], [ -98.866256899468382, 20.254630447198753 ], [ -98.866300407048342, 20.254520291051151 ], [ -98.86639492004042, 20.254399618580031 ], [ -98.866875099339936, 20.253840979288391 ] ] } },
{ "type": "Feature", "properties": { "ID_OBRA": "242_El Arenal", "No.": 242.0, "Municipio": "El Arenal", "Rubro": "Vialidades Urbanas", "Ejercicio": 2023.0, "Obra": "Construcción de pavimentación asfáltica en El Arenal, en la localidad de San José Tepenene Manzana No.1 calle Emiliano Zapata.", "Localidad": "Ojo de Agua San José Tepenene", "Inversión": 999800.0, "Habitantes.beneficiados": 1823.0, "Ejecutora": "DGIVC", "Trabajos": "Considera los trabajos de capa subbase, riego de impregnación, suministro y aplicación de riego de liga con emulsión asfáltica", "Geometria_tipo": "Línea", "extract": 0.21303798602771226 }, "geometry": { "type": "LineString", "coordinates": [ [ -98.8903299742055, 20.203767244419495 ], [ -98.885716038686709, 20.207409927323695 ] ] } },
{ "type": "Feature", "properties": { "ID_OBRA": "243_El Arenal", "No.": 243.0, "Municipio": "El Arenal", "Rubro": "Vialidades Urbanas", "Ejercicio": 2023.0, "Obra": "Construcción de pavimentación hidráulica en El Arenal, localidad de San José Tepenene calle 20 de Noviembre.", "Localidad": "Ojo de Agua San José Tepenene", "Inversión": 1890479.6, "Habitantes.beneficiados": null, "Ejecutora": "DGIVC", "Trabajos": "Considera los trabajos de preliminares, piso para pavimento de concreto hidráulico.", "Geometria_tipo": "Línea", "extract": 0.1293677663700871 }, "geometry": { "type": "LineString", "coordinates": [ [ -98.891409915672597, 20.202682651206 ], [ -98.890793168666207, 20.201851786795295 ], [ -98.890503483995602, 20.201464941632999 ], [ -98.890222249857302, 20.201099495984906 ], [ -98.889402652936994, 20.200098726012396 ], [ -98.887552181510799, 20.198488692772301 ] ] } },
{ "type": "Feature", "properties": { "ID_OBRA": "249_Eloxochitlán", "No.": 249.0, "Municipio": "Eloxochitlán", "Rubro": "Infraestructura Carretera", "Ejercicio": 2023.0, "Obra": "Construcción de pavimentación hidráulica El Paredón, localidad Eloxochitlán", "Localidad": "Eloxochitlán", "Inversión": 1255470.63, "Habitantes.beneficiados": null, "Ejecutora": "DGCCE", "Trabajos": "Considera los trabajos de preliminares y pavimento hidráulico.", "Geometria_tipo": "Línea", "extract": 0.48523392945628263 }, "geometry": { "type": "LineString", "coordinates": [ [ -98.823543073475591, 20.746207261177428 ], [ -98.823390320022654, 20.745975995649029 ], [ -98.823004815141829, 20.745860365904647 ], [ -98.822684774895649, 20.745737933736585 ], [ -98.822452018904045, 20.74560869897002 ], [ -98.821971962966572, 20.745336626108717 ], [ -98.821135511112004, 20.744840092625296 ], [ -98.820582730347184, 20.744499999997789 ] ] } },
{ "type": "Feature", "properties": { "ID_OBRA": "250_Eloxochitlán", "No.": 250.0, "Municipio": "Eloxochitlán", "Rubro": "Infraestructura Carretera", "Ejercicio": 2023.0, "Obra": "Construcción de pavimentación hidráulica Tecomate", "Localidad": "Eloxochitlán", "Inversión": 1962142.41, "Habitantes.beneficiados": null, "Ejecutora": "DGCCE", "Trabajos": "Considera los trabajos de preliminares y pavimento hidráulico.", "Geometria_tipo": "Línea", "extract": -0.50109021387558872 }, "geometry": { "type": "LineString", "coordinates": [ [ -98.933238579930133, 20.66179418406513 ], [ -98.932904376156472, 20.661486645858474 ], [ -98.932680162184923, 20.661294813034321 ], [ -98.932520055783939, 20.661154859502339 ], [ -98.932386680360949, 20.661016589913341 ], [ -98.932329133714319, 20.660937579448699 ], [ -98.932308941996524, 20.660828302400017 ], [ -98.932237804583664, 20.660768737378479 ], [ -98.932125432115498, 20.660718503231884 ], [ -98.93192232307149, 20.660662302523964 ], [ -98.931806078499918, 20.660604961177484 ], [ -98.931729518135811, 20.660531710367643 ], [ -98.931654852794367, 20.660425374909547 ], [ -98.931627675976287, 20.660332507221849 ], [ -98.931649511911743, 20.660281514849242 ], [ -98.931704195696469, 20.660248002894544 ], [ -98.931818221778812, 20.660258328658863 ], [ -98.93197799953461, 20.660307404632473 ], [ -98.932273613719701, 20.660403867448196 ], [ -98.93250738211043, 20.660483635478627 ], [ -98.932693212956025, 20.66057140907489 ], [ -98.932794970819273, 20.660688703298185 ], [ -98.932884672220624, 20.660793583683812 ], [ -98.932983341388535, 20.660875045595731 ], [ -98.933049224620163, 20.660912946504688 ], [ -98.93314947096431, 20.66094313221695 ] ] } },
{ "type": "Feature", "properties": { "ID_OBRA": "268_Epazoyucan", "No.": 268.0, "Municipio": "Epazoyucan", "Rubro": "Vialidades Urbanas", "Ejercicio": 2024.0, "Obra": "Pavimentación hidráulica de camino El Mercillero - Crucero de Nexpa, tercera etapa, municipio de Epazoyucan", "Localidad": "El Mercillero", "Inversión": 9366856.93, "Habitantes.beneficiados": 566.0, "Ejecutora": "DGIVC", "Trabajos": "Considera los trabajos de preliminares, riego de impregnación, piso para pavimento de concreto Hidráulico, en la localidad de  El Mercillero municipio de  Epazoyucan", "Geometria_tipo": "Línea", "extract": 0.11914691735347527 }, "geometry": { "type": "LineString", "coordinates": [ [ -98.617876876930794, 20.037485844485502 ], [ -98.615996838294805, 20.037337358728298 ], [ -98.615145111723294, 20.037256750345097 ], [ -98.612782728316901, 20.037243205489698 ], [ -98.611786348653894, 20.036712972975998 ], [ -98.609697521723703, 20.036387178963498 ], [ -98.607634988436303, 20.035723244312099 ] ] } },
{ "type": "Feature", "properties": { "ID_OBRA": "269_Epazoyucan", "No.": 269.0, "Municipio": "Epazoyucan", "Rubro": "Infraestructura Carretera", "Ejercicio": 2023.0, "Obra": "Pavimentación hidráulica de camino El Mercillero - Crucero de Nexpa, segunda etapa.", "Localidad": "El Mercillero", "Inversión": 2999400.0, "Habitantes.beneficiados": 244.0, "Ejecutora": "DGIVC", "Trabajos": "Considera los trabajos de preliminares y pavimento hidráulico.", "Geometria_tipo": "Línea", "extract": 0.10451932175890626 }, "geometry": { "type": "LineString", "coordinates": [ [ -98.608756996656794, 20.036052210858426 ], [ -98.609728030902644, 20.036381495264006 ], [ -98.61039865039119, 20.036458494902316 ], [ -98.61132428820892, 20.036591228677874 ], [ -98.611503838208677, 20.036631549348602 ], [ -98.61171452319843, 20.036701188282841 ] ] } },
{ "type": "Feature", "properties": { "ID_OBRA": "270_Epazoyucan", "No.": 270.0, "Municipio": "Epazoyucan", "Rubro": "Vialidades Urbanas", "Ejercicio": 2023.0, "Obra": "Pavimentación en concreto hidráulico, alumbrado público, guarniciones y banquetas, en el acceso a Ocote Chico", "Localidad": "El Ocote Chico", "Inversión": 2731626.72, "Habitantes.beneficiados": 226.0, "Ejecutora": "DGIVC", "Trabajos": "Considera los trabajos de preliminares, riego de impregnación, piso para pavimento de concreto hidráulico.", "Geometria_tipo": "Línea", "extract": -0.041091890575266958 }, "geometry": { "type": "LineString", "coordinates": [ [ -98.607604010213095, 20.044098179078098 ], [ -98.606484263443093, 20.045462057893097 ] ] } },
{ "type": "Feature", "properties": { "ID_OBRA": "271_Epazoyucan", "No.": 271.0, "Municipio": "Epazoyucan", "Rubro": "Infraestructura Carretera", "Ejercicio": 2023.0, "Obra": "Pavimentación de concreto hidráulico camino Santa Mónica-Escobillas; en el municipio de Epazoyucan.", "Localidad": "Escobillas", "Inversión": 7802222.56, "Habitantes.beneficiados": 208.0, "Ejecutora": "DGCCE", "Trabajos": "Considera los trabajos de preliminares, riego de impregnación, piso para pavimento de concreto hidráulico.", "Geometria_tipo": "Línea", "extract": -0.0632521944530159 }, "geometry": { "type": "LineString", "coordinates": [ [ -98.610001715693315, 19.996921930929297 ], [ -98.608857308558342, 19.998269571396875 ], [ -98.608328908796935, 19.998894250428336 ], [ -98.607356194967267, 19.999999869199925 ], [ -98.607085696549731, 20.000276069023865 ], [ -98.60572852903519, 20.001422974605809 ], [ -98.605078117287064, 20.001958162642278 ] ] } },
{ "type": "Feature", "properties": { "ID_OBRA": "273_Epazoyucan", "No.": 273.0, "Municipio": "Epazoyucan", "Rubro": "Vialidades Urbanas", "Ejercicio": 2023.0, "Obra": "Pavimentación con concreto hidráulico de calle No me Olvides, entre calle Crisantemo y calle Gladiola en la localidad de Xochihuacán, municipio de Epazoyucan", "Localidad": "Xochihuacán", "Inversión": 1305313.59, "Habitantes.beneficiados": null, "Ejecutora": "DGCCE", "Trabajos": "Considera los trabajos de preliminares, riego de impregnación, piso para pavimento de concreto hidráulico.", "Geometria_tipo": "Línea", "extract": 0.49293996361012965 }, "geometry": { "type": "LineString", "coordinates": [ [ -98.707587734413096, 19.987669996817694 ], [ -98.706605480896698, 19.987815587145999 ], [ -98.706497704954302, 19.987884810291394 ] ] } },
{ "type": "Feature", "properties": { "ID_OBRA": "274_Epazoyucan", "No.": 274.0, "Municipio": "Epazoyucan", "Rubro": "Vialidades Urbanas", "Ejercicio": 2023.0, "Obra": "Pavimentación de concreto hidráulico en la calle Violeta, en la localidad de Xochihuacán; municipio de Epazoyucan.", "Localidad": "Xochuhuacán (Fraccionamiento)", "Inversión": 3710654.31, "Habitantes.beneficiados": 2054.0, "Ejecutora": "DGOPI", "Trabajos": "Considera los trabajos de preliminares, riego de impregnación, piso para pavimento de concreto hidráulico.", "Geometria_tipo": "Línea", "extract": 0.53682698392099859 }, "geometry": { "type": "LineString", "coordinates": [ [ -98.710662718958901, 19.989348866480896 ], [ -98.709751384223793, 19.989641324425495 ], [ -98.709335757003103, 19.989746468362195 ], [ -98.708905993881302, 19.989926306734301 ] ] } },
{ "type": "Feature", "properties": { "ID_OBRA": "280_Francisco I. Madero", "No.": 280.0, "Municipio": "Francisco I. Madero", "Rubro": "Vialidades Urbanas", "Ejercicio": 2023.0, "Obra": "Pavimentación asfáltica en calle Sinaloa Camino Blanco, localidad Dengantzha, municipio de Francisco I. Madero", "Localidad": "Dengantzha", "Inversión": 4130601.15, "Habitantes.beneficiados": 2082.0, "Ejecutora": "DGCCE", "Trabajos": "Considera los trabajos de capa subbase, riego de impregnación, suministro y aplicación de riego de liga con emulsión asfáltica", "Geometria_tipo": "Línea", "extract": 0.40374288442828854 }, "geometry": { "type": "LineString", "coordinates": [ [ -99.125321316108298, 20.272833167294198 ], [ -99.125506133455005, 20.271737949512001 ], [ -99.125543011783805, 20.270838886123798 ], [ -99.125609736908416, 20.269099025190101 ] ] } },
{ "type": "Feature", "properties": { "ID_OBRA": "281_Francisco I. Madero", "No.": 281.0, "Municipio": "Francisco I. Madero", "Rubro": "Vialidades Urbanas", "Ejercicio": 2024.0, "Obra": "Construcción de pavimentación asfáltica en calle Sinaloa en la localidad de Dengantzhá (segunda etapa), en el municipio de Francisco I. Madero", "Localidad": "Dengantzha", "Inversión": 6921000.0, "Habitantes.beneficiados": 2082.0, "Ejecutora": "DGIVC", "Trabajos": "Considera los trabajos de capa subbase, riego de impregnación, suministro y aplicación de riego de liga con emulsión asfáltica", "Geometria_tipo": "Línea", "extract": 0.37948592639855938 }, "geometry": { "type": "LineString", "coordinates": [ [ -99.125316932926296, 20.272857673789698 ], [ -99.125148069111603, 20.274229386530305 ], [ -99.124813457242794, 20.277258631695304 ] ] } },
{ "type": "Feature", "properties": { "ID_OBRA": "3_Acatlán", "No.": 3.0, "Municipio": "Acatlán", "Rubro": "Vialidades Urbanas", "Ejercicio": 2024.0, "Obra": "Construcción de pavimento hidráulico en calle Independencia, en el municipio de Acatlán", "Localidad": "Acatlán", "Inversión": 4704133.64, "Habitantes.beneficiados": 439.0, "Ejecutora": "DGOPI", "Trabajos": "Considera los trabajos de preliminares, piso para pavimento de concreto hidráulico.", "Geometria_tipo": "Línea", "extract": 0.17326171161897194 }, "geometry": { "type": "LineString", "coordinates": [ [ -98.443892747320703, 20.143207112131599 ], [ -98.439808695555499, 20.1447482780294 ] ] } },
{ "type": "Feature", "properties": { "ID_OBRA": "30_Actopan", "No.": 30.0, "Municipio": "Actopan", "Rubro": "Vialidades Urbanas", "Ejercicio": 2024.0, "Obra": "Construcción de pavimentación de concreto hidráulico en calle 5 de mayo, Col. Chapultepec, en el municipio de Actopan.", "Localidad": "Actopan", "Inversión": 10674990.28, "Habitantes.beneficiados": null, "Ejecutora": "DGIVC", "Trabajos": "Considera los trabajos de preliminares, riego de impregnación, piso para pavimento de concreto hidráulico.", "Geometria_tipo": "Línea", "extract": 0.39895635298569354 }, "geometry": { "type": "LineString", "coordinates": [ [ -98.942187653855598, 20.268174411849799 ], [ -98.942258102831005, 20.266590275091797 ], [ -98.9423903858644, 20.264678968002393 ], [ -98.942488838148606, 20.262213020342699 ] ] } },
{ "type": "Feature", "properties": { "ID_OBRA": "301_Huasca de Ocampo", "No.": 301.0, "Municipio": "Huasca de Ocampo", "Rubro": "Infraestructura Carretera", "Ejercicio": 2023.0, "Obra": "Construcción del libramiento El Peral - Hacienda Hueyapan, municipio de Huasca de Ocampo, Hidalgo", "Localidad": "San Juan Hueyapan", "Inversión": 8088051.85, "Habitantes.beneficiados": 755.0, "Ejecutora": "DGOPI", "Trabajos": "Considera los trabajos de preliminares y pavimento hidráulico.", "Geometria_tipo": "Línea", "extract": -0.050594085109899038 }, "geometry": { "type": "LineString", "coordinates": [ [ -98.541458699611354, 20.239705789279977 ], [ -98.539784931704475, 20.240152143997424 ], [ -98.538942020759976, 20.239011029538464 ], [ -98.537121656931021, 20.238959193303248 ], [ -98.533758360710024, 20.238724443681189 ], [ -98.531099456755769, 20.23837929636856 ], [ -98.52895954906468, 20.237663673453046 ], [ -98.527840232648899, 20.237082740374895 ], [ -98.526544676413778, 20.235190004455131 ], [ -98.523183476150251, 20.229961904745061 ] ] } },
{ "type": "Feature", "properties": { "ID_OBRA": "31_Actopan", "No.": 31.0, "Municipio": "Actopan", "Rubro": "Vialidades Urbanas", "Ejercicio": 2024.0, "Obra": "Pavimentación hidráulica de calle Industrial Metal Mecánica, en el municipio de Actopan", "Localidad": "Actopan", "Inversión": 4464364.4, "Habitantes.beneficiados": null, "Ejecutora": "DGIVC", "Trabajos": "Considera los trabajos de preliminares, piso para pavimento de concreto hidráulico.", "Geometria_tipo": "Línea", "extract": 0.36757038323666674 }, "geometry": { "type": "LineString", "coordinates": [ [ -98.930221198324702, 20.269443147829101 ], [ -98.92807165317781, 20.269751902656303 ] ] } },
{ "type": "Feature", "properties": { "ID_OBRA": "315_Huautla", "No.": 315.0, "Municipio": "Huautla", "Rubro": "Infraestructura Carretera", "Ejercicio": 2023.0, "Obra": "Construcción de pavimento de concreto hidráulico de Barrio Hondo a la localidad de Pahuatitla", "Localidad": "Pahuatitla", "Inversión": 7741301.52, "Habitantes.beneficiados": 304.0, "Ejecutora": "DGCCE", "Trabajos": "Considera los trabajos de preliminares, riego de impregnación, piso para pavimento de concreto hidráulico.", "Geometria_tipo": "Línea", "extract": 0.47304802920321481 }, "geometry": { "type": "LineString", "coordinates": [ [ -98.280117882270233, 21.042916923538051 ], [ -98.279734080850687, 21.044133207867748 ], [ -98.279311029423312, 21.045258398310647 ], [ -98.27873886879938, 21.04618876631643 ], [ -98.278508162254226, 21.046992718567424 ], [ -98.278436298149202, 21.048106464771259 ], [ -98.278419148248858, 21.049315603468248 ], [ -98.278376879489116, 21.049922133606682 ], [ -98.278016662593217, 21.050723815513308 ], [ -98.277456515297146, 21.051213511108259 ], [ -98.277022557307205, 21.051663860407217 ], [ -98.276697753779061, 21.052270358528954 ], [ -98.276675245093784, 21.052506456603322 ], [ -98.276848989776482, 21.053185672940309 ], [ -98.276821804361617, 21.053520235938105 ], [ -98.276432415594726, 21.054916125020778 ], [ -98.276324427315515, 21.055897094546228 ], [ -98.276272156211093, 21.056602774633909 ], [ -98.275996917880775, 21.057354586701663 ], [ -98.275965348782464, 21.058701658096016 ], [ -98.275931429623938, 21.059669229200985 ], [ -98.275621779941403, 21.060269796236199 ], [ -98.274602999652373, 21.060811692570223 ], [ -98.274190178210532, 21.061020154389681 ] ] } },
{ "type": "Feature", "properties": { "ID_OBRA": "327_Huazalingo", "No.": 327.0, "Municipio": "Huazalingo", "Rubro": "Infraestructura Carretera", "Ejercicio": 2024.0, "Obra": "Construcción de pavimentación de concreto hidráulico Camino Real a Tehuetlán, municipio de Huazalingo.", "Localidad": "Congreso", "Inversión": 10000.0, "Habitantes.beneficiados": null, "Ejecutora": "DGCCE", "Trabajos": "Considera los trabajos de preliminares, riego de impregnación, piso para pavimento de concreto hidráulico.", "Geometria_tipo": "Línea", "extract": 0.31902103029570555 }, "geometry": { "type": "LineString", "coordinates": [ [ -98.509093979707941, 21.017051043623304 ], [ -98.508575064753259, 21.017083914088424 ], [ -98.508217291386302, 21.017425502189454 ], [ -98.508410778754154, 21.017685255063682 ], [ -98.508641044902703, 21.01784519327293 ], [ -98.508615510880503, 21.018123664592487 ], [ -98.509195112039805, 21.018346804651006 ], [ -98.509514668742256, 21.018434019781971 ], [ -98.510028649831867, 21.019115178197417 ], [ -98.51029693362041, 21.020461093634516 ], [ -98.510723816375233, 21.020941225879163 ], [ -98.511223955022103, 21.021555399476156 ], [ -98.510677168070657, 21.022162747901564 ], [ -98.511313056653449, 21.022498233496602 ], [ -98.511255843263541, 21.023205205522359 ], [ -98.511632479138299, 21.023349618054429 ], [ -98.511824744771289, 21.023725420124741 ], [ -98.511548155413479, 21.02405981939404 ], [ -98.510974450345657, 21.023934539281377 ], [ -98.510589990662325, 21.024212827131183 ], [ -98.51091177052426, 21.024701662191895 ], [ -98.511084638696389, 21.025320516547541 ], [ -98.511314060400451, 21.025943878828464 ], [ -98.511514020405158, 21.026245983789341 ], [ -98.511157181726475, 21.026502918345699 ], [ -98.510776080593587, 21.026705587670936 ], [ -98.5110385778964, 21.026930354237386 ], [ -98.511579615662441, 21.027191911992031 ], [ -98.511725497797357, 21.027718884927843 ], [ -98.511884383101346, 21.027960795901009 ], [ -98.511851532279067, 21.028355589179942 ], [ -98.511891769744153, 21.028659249154721 ], [ -98.511998931738944, 21.028950394764117 ], [ -98.511982573491252, 21.029351014488995 ], [ -98.511979288858981, 21.029592640905548 ], [ -98.512079969748669, 21.029773815246667 ], [ -98.512262977637874, 21.030169327178744 ], [ -98.512221578407448, 21.030690165138509 ], [ -98.512154533144951, 21.031114883993897 ], [ -98.512397005953602, 21.031420103177265 ], [ -98.512722489764059, 21.031745891889468 ], [ -98.512737053017645, 21.031995818372216 ], [ -98.512597175662378, 21.032074414569902 ], [ -98.512295954090916, 21.032075966224671 ], [ -98.511546396914355, 21.031956907687537 ], [ -98.510921975710218, 21.031966960147251 ], [ -98.510253129225589, 21.032132069422779 ], [ -98.509758330534282, 21.032351395944268 ], [ -98.509780413425133, 21.032925102533437 ], [ -98.509884674543031, 21.033089402947869 ], [ -98.51026973962388, 21.033312506296902 ], [ -98.510621282797104, 21.034094052569863 ], [ -98.510670018354247, 21.034662620358141 ], [ -98.510970373862165, 21.035061242088869 ], [ -98.510679131062616, 21.03589259085652 ], [ -98.510418212450759, 21.036443380638122 ], [ -98.510528542073658, 21.036907930136557 ], [ -98.510021034976162, 21.037646999925485 ], [ -98.509849671898095, 21.038300780252559 ], [ -98.509929051089472, 21.03839345279594 ], [ -98.51037844009555, 21.038795972088103 ], [ -98.510574593728492, 21.039333768228211 ], [ -98.510609734512542, 21.039461556490817 ], [ -98.510941916532559, 21.039821061629041 ], [ -98.51091989296701, 21.040044254894511 ], [ -98.510769979240408, 21.040618496462425 ], [ -98.510651688295866, 21.040859278769062 ], [ -98.5104148740879, 21.04095859052125 ], [ -98.509881031217503, 21.040899153963384 ], [ -98.508651487717458, 21.041375558326216 ], [ -98.508228641257645, 21.042004315864254 ], [ -98.507583943141654, 21.043327532936825 ], [ -98.507594874355746, 21.043614650708474 ], [ -98.507628144046137, 21.043959162318988 ], [ -98.506986637053785, 21.045597277793021 ], [ -98.506655172195721, 21.046563490260361 ], [ -98.506271289500432, 21.047227212799211 ], [ -98.506217585003142, 21.04783698165766 ], [ -98.506177887651816, 21.048098058849728 ], [ -98.505599266889988, 21.049240689765039 ], [ -98.505543860032191, 21.049588383044654 ], [ -98.50586167941978, 21.049997670920916 ], [ -98.50652159797059, 21.050757896412684 ] ] } },
{ "type": "Feature", "properties": { "ID_OBRA": "331_Huazalingo", "No.": 331.0, "Municipio": "Huazalingo", "Rubro": "Infraestructura Carretera", "Ejercicio": 2024.0, "Obra": "Pavimentación hidráulica y construcción de muro de contención en el C.R. Huilotitla I - Pilchatipa, municipio de Huazalingo", "Localidad": "Huilotitla I", "Inversión": 3745558.48, "Habitantes.beneficiados": 115.0, "Ejecutora": "DGOPI", "Trabajos": "Considera en los trabajos la construcción de muros de contención en la Localidad de Huilotitla I.", "Geometria_tipo": "Línea", "extract": 0.40251692355884694 }, "geometry": { "type": "LineString", "coordinates": [ [ -98.492522839416679, 21.051585041357569 ], [ -98.491164084479095, 21.051053642697831 ], [ -98.491083576634665, 21.051004928626881 ], [ -98.490866643914956, 21.050745399640849 ], [ -98.489940998035266, 21.05020567446552 ], [ -98.489534493295366, 21.05014657399294 ], [ -98.489306987688082, 21.049890527412405 ], [ -98.48916459996002, 21.049833164563214 ], [ -98.488791899992549, 21.049760529708401 ], [ -98.4886115282617, 21.04964215944738 ], [ -98.488232444743758, 21.049242050339149 ], [ -98.487898271589742, 21.04902337481942 ], [ -98.487710348482821, 21.048965284626458 ], [ -98.487612774441075, 21.049050621175436 ], [ -98.487607771547971, 21.049205965243726 ], [ -98.48761550259951, 21.049459006967595 ], [ -98.487407509670717, 21.049504126998947 ], [ -98.487079316438383, 21.049143506822229 ], [ -98.486941823940313, 21.049013008719513 ], [ -98.486787996905562, 21.048904387655426 ], [ -98.48666558322769, 21.04805146797208 ], [ -98.486600678198499, 21.047918804164723 ], [ -98.486446575013389, 21.047862917798671 ], [ -98.486236634084491, 21.047834085520151 ], [ -98.48612729557675, 21.047664388820216 ], [ -98.485863673025293, 21.047468440161655 ], [ -98.485650194672374, 21.047375108512323 ], [ -98.485585474852755, 21.047272677967296 ], [ -98.485660651258172, 21.046876288413287 ], [ -98.485651839694256, 21.046748418306695 ], [ -98.485423416346649, 21.046535788844441 ], [ -98.485249407016752, 21.046332859491692 ], [ -98.48523465824718, 21.046185105454793 ], [ -98.485345008689336, 21.046139872752985 ], [ -98.485542358524143, 21.046048755446467 ], [ -98.48576376831754, 21.045930782648067 ], [ -98.485720952120417, 21.045769372258331 ], [ -98.48553796566047, 21.045517080621718 ], [ -98.485362124166542, 21.045411459251767 ], [ -98.48507450964803, 21.045279298453533 ], [ -98.484780611714413, 21.045086271762507 ], [ -98.48463934306271, 21.044921840719205 ], [ -98.484634789740099, 21.04473985437884 ], [ -98.484964165574922, 21.044637742264765 ], [ -98.485188257504717, 21.044600109281006 ], [ -98.485372644282407, 21.044531037485452 ], [ -98.485477762119103, 21.044399262282081 ], [ -98.485574656161546, 21.04426755761331 ], [ -98.485488981549608, 21.044100112320113 ], [ -98.485317230791352, 21.043863310665927 ], [ -98.485328022272611, 21.043633746158648 ], [ -98.485209772486655, 21.043607524018707 ], [ -98.485106075351013, 21.043670615213241 ], [ -98.485017609517953, 21.043763985479686 ], [ -98.484843115137508, 21.043780313383127 ], [ -98.484744227875197, 21.043992692637424 ], [ -98.484630032114978, 21.044153074239173 ], [ -98.484453997998202, 21.04420694486441 ], [ -98.484180732429991, 21.044325080164928 ], [ -98.484130646145871, 21.044421038251134 ], [ -98.484125665131018, 21.044965104286643 ], [ -98.484140526101484, 21.045354559681567 ], [ -98.48357749533946, 21.045627077604092 ], [ -98.483500533696173, 21.045501444921062 ], [ -98.48350597919584, 21.045317648675926 ], [ -98.483679884067456, 21.045140229088727 ], [ -98.48374948525597, 21.044944699574881 ], [ -98.48347141582785, 21.043807911915849 ], [ -98.483171360954088, 21.043059520458424 ], [ -98.482889443435198, 21.043233479609313 ], [ -98.482656426578345, 21.043343366324208 ], [ -98.482375190509757, 21.043459269838841 ], [ -98.481955507152691, 21.043644897854993 ], [ -98.481608069591829, 21.043781653655781 ], [ -98.481348473538475, 21.043579733448112 ], [ -98.481215603394119, 21.043242724018331 ], [ -98.48111664374251, 21.04317311292634 ], [ -98.480755458437599, 21.043138750547794 ], [ -98.480561114163933, 21.043088036795709 ], [ -98.480335828771786, 21.042772753216809 ], [ -98.480298628270631, 21.042356937809281 ], [ -98.480494919712825, 21.041959590623257 ], [ -98.480601104915863, 21.041748069677418 ], [ -98.480571069371734, 21.041468719646037 ], [ -98.480352188257797, 21.041241112733779 ], [ -98.480536995549684, 21.040815741817109 ], [ -98.480496967206861, 21.040704460990916 ], [ -98.480270103856242, 21.04058891516754 ], [ -98.479598211549444, 21.040613052465535 ], [ -98.478992146584943, 21.040667711069649 ], [ -98.478043710537818, 21.040803113809989 ], [ -98.477115853603152, 21.040979446433429 ], [ -98.476562279812299, 21.041049942666579 ], [ -98.47629992332125, 21.041095182888867 ], [ -98.476208780163788, 21.040960256270164 ], [ -98.476246522805155, 21.040778124302459 ], [ -98.47625385190976, 21.040486861482727 ], [ -98.476213159244907, 21.040230456676053 ], [ -98.476207349698498, 21.040072295892056 ], [ -98.476447372135524, 21.039901551972317 ], [ -98.476680358177745, 21.039609310578157 ], [ -98.47682299245551, 21.039226552615421 ], [ -98.476996046816836, 21.039043745078278 ], [ -98.477204680438675, 21.038926429502851 ], [ -98.477522605654457, 21.038884770591185 ], [ -98.477548684076211, 21.038620115314348 ], [ -98.477441760049715, 21.038430312353729 ], [ -98.477278638832146, 21.038194964048515 ], [ -98.477214439170638, 21.037935910573772 ], [ -98.477242902718743, 21.037581177918071 ], [ -98.477372551821006, 21.037471483294965 ], [ -98.477716008702743, 21.037526226364189 ], [ -98.478234850018737, 21.037590449011628 ], [ -98.478582912825388, 21.037572102478446 ], [ -98.479023724095455, 21.037498942069814 ], [ -98.479131612552422, 21.03737201552342 ], [ -98.479199489094938, 21.037026009185251 ], [ -98.479106770229492, 21.036844179545348 ], [ -98.478881663694949, 21.036564560120148 ], [ -98.478743250341225, 21.036341170411447 ], [ -98.47908516446725, 21.036106482365621 ], [ -98.47900525233706, 21.035971324790726 ], [ -98.478739765550117, 21.035908315625594 ], [ -98.478183594502525, 21.035783451169181 ], [ -98.477956677449185, 21.035629533411747 ], [ -98.477767168562181, 21.035690800143986 ], [ -98.477439290866116, 21.035698463672848 ], [ -98.477424319354526, 21.035698462642891 ], [ -98.477133593766183, 21.035660070173478 ], [ -98.477117405632598, 21.035652412060916 ], [ -98.476751455771947, 21.035447821816987 ], [ -98.476573785341998, 21.035232662558016 ], [ -98.476623236642112, 21.03496480626259 ], [ -98.476865179903115, 21.034579810255448 ], [ -98.476949251071673, 21.034403056411598 ], [ -98.476979916924222, 21.034046198079739 ], [ -98.477042255276103, 21.033930220144516 ] ] } },
{ "type": "Feature", "properties": { "ID_OBRA": "335_Huazalingo", "No.": 335.0, "Municipio": "Huazalingo", "Rubro": "Infraestructura Carretera", "Ejercicio": 2024.0, "Obra": "Construcción de pavimentación de C.R. Tlaltzonco a Tzapotitla del km. 0.469 al km 1.269, municipio de Huazalingo", "Localidad": "Tlatzonco", "Inversión": 8273548.61, "Habitantes.beneficiados": 574.0, "Ejecutora": "DGCCE", "Trabajos": "Se realiza pavimentación de concreto hidráulico de C.R. Tlaltzonco - Tzapotitla, en el municipio de Huazalingo, contemplando las siguientes partidas: preliminares, estabilización de sub-rasante, pavimento de concreto hidráulico, cunetas, obras de drenaje.", "Geometria_tipo": "Línea", "extract": 0.4178870269811234 }, "geometry": { "type": "LineString", "coordinates": [ [ -98.475907716896344, 20.969545892832972 ], [ -98.475880947453945, 20.969483428327923 ], [ -98.475839297705804, 20.969426919371571 ], [ -98.475766785137679, 20.96934831881164 ], [ -98.475735206404593, 20.969301999301813 ], [ -98.47569228323681, 20.969229176596777 ], [ -98.475663822053804, 20.96917409780972 ], [ -98.475619203834924, 20.969117588704542 ], [ -98.475550797076551, 20.969046198283625 ], [ -98.47544074426969, 20.968897483949025 ], [ -98.47527417887693, 20.968704148657597 ], [ -98.475122492860166, 20.968543543673302 ], [ -98.474982697786274, 20.968335334238425 ], [ -98.474842902138747, 20.968171748713385 ], [ -98.474726908252791, 20.968046824801011 ], [ -98.474616855268394, 20.96788620942154 ], [ -98.474518704794988, 20.967740475823572 ], [ -98.474438394839041, 20.96762149045281 ], [ -98.47427480960458, 20.967478726385021 ], [ -98.474197472943914, 20.967416271910139 ], [ -98.47408147915651, 20.967353805661471 ], [ -98.473995223697116, 20.967312161015172 ], [ -98.473911940593482, 20.967285405896195 ], [ -98.473837584125462, 20.967267551051147 ], [ -98.473742406938243, 20.96726458096375 ], [ -98.473676991252248, 20.967249657627558 ], [ -98.473584402111868, 20.967238887955734 ], [ -98.473481151807363, 20.967203884895927 ], [ -98.47328898307542, 20.967140051584543 ], [ -98.473002764564768, 20.96701870886994 ], [ -98.472965512350612, 20.966989751809329 ], [ -98.472901262452254, 20.966954055790268 ], [ -98.472889288649952, 20.966942627840577 ] ] } },
{ "type": "Feature", "properties": { "ID_OBRA": "346_Huehuetla", "No.": 346.0, "Municipio": "Huehuetla", "Rubro": "Infraestructura Carretera", "Ejercicio": 2025.0, "Obra": "Pavimentación de concreto hidráulico en camino San Gregorio - San Ambrosio, en la localidad de San Ambrosio, en el municipio de Huehuetla", "Localidad": "San Ambrosio", "Inversión": 40798440.04, "Habitantes.beneficiados": null, "Ejecutora": "SIPDUS", "Trabajos": null, "Geometria_tipo": "Línea", "extract": 0.9497481454801433 }, "geometry": { "type": "LineString", "coordinates": [ [ -98.021493357363553, 20.526477458292991 ], [ -98.02151088764677, 20.526474760816871 ], [ -98.021606066069083, 20.526427172053836 ], [ -98.021748833836753, 20.526389100940541 ], [ -98.021824976609565, 20.526389101223057 ], [ -98.021901119030517, 20.526446208114226 ], [ -98.021986780182843, 20.526569939610116 ], [ -98.022024851353677, 20.526617529176459 ], [ -98.022091476046654, 20.526636565133479 ], [ -98.022243761659496, 20.52668415439604 ], [ -98.022402581149507, 20.526803409197456 ], [ -98.02242674787054, 20.526814692979382 ], [ -98.022521810569899, 20.526857506939159 ], [ -98.022643511125082, 20.526979206851962 ], [ -98.022748207423902, 20.527198116700255 ], [ -98.022871939369281, 20.527302813823422 ], [ -98.023214582359529, 20.527445581129662 ], [ -98.023509635179366, 20.527588349079636 ], [ -98.023674278561032, 20.52766297210983 ], [ -98.023795676635828, 20.52761984945921 ], [ -98.02394560457995, 20.527606158460877 ], [ -98.024156848432099, 20.527597866611448 ], [ -98.024318651683842, 20.527616902368347 ], [ -98.024537562479637, 20.527674009853499 ], [ -98.024727919324135, 20.527683527376706 ], [ -98.024870686762185, 20.527654974048698 ], [ -98.024965865421819, 20.527569312922878 ], [ -98.024984900732107, 20.527493169582439 ], [ -98.025032490390188, 20.527340884903378 ], [ -98.025042008473633, 20.527198117049295 ], [ -98.024984901064556, 20.52709342102942 ], [ -98.024899240338186, 20.52706486722299 ], [ -98.024756471685549, 20.527026796283071 ], [ -98.024651776039434, 20.526941136162868 ], [ -98.024547080446467, 20.526760296081871 ], [ -98.024451900995942, 20.526646082272951 ], [ -98.02441893033091, 20.526442661923831 ], [ -98.024444921117606, 20.526340492251823 ], [ -98.024648325082367, 20.526009723578905 ], [ -98.024728950223704, 20.52591047404427 ], [ -98.024908757930973, 20.525798993739667 ], [ -98.025318024749268, 20.525618155172079 ], [ -98.025546453763283, 20.525494422865926 ], [ -98.025594042754435, 20.5254277984534 ], [ -98.02566066817613, 20.525227923877679 ], [ -98.025698738900843, 20.52510419166363 ], [ -98.025746327934897, 20.52499949486041 ], [ -98.025812953087822, 20.52490431688085 ], [ -98.025746328338599, 20.524771067145355 ], [ -98.025603560853966, 20.524590227949961 ], [ -98.025403685561741, 20.524447459961674 ], [ -98.025108632908427, 20.52430469262347 ], [ -98.024804062278449, 20.524190479298895 ], [ -98.024718400777815, 20.52412385401561 ], [ -98.024594668725783, 20.523914460653362 ], [ -98.024547079854443, 20.523495675635626 ], [ -98.024559196040968, 20.523134052053507 ], [ -98.024714896703003, 20.523055166094853 ], [ -98.024881459463927, 20.52300281767306 ], [ -98.025076574987651, 20.52286956794752 ], [ -98.025376387271805, 20.522603069381919 ], [ -98.025495360095277, 20.522526926303634 ], [ -98.025552467267417, 20.522503131372662 ], [ -98.025695234899217, 20.522493613353198 ], [ -98.025842760849983, 20.522431746929904 ], [ -98.025880832762411, 20.522341328148979 ], [ -98.025838001841436, 20.522241390970901 ], [ -98.025690476425808, 20.522003443731609 ], [ -98.025571502954662, 20.521765497742521 ], [ -98.025276450071757, 20.521465686212839 ], [ -98.024824352120135, 20.521056418687124 ], [ -98.024648827317549, 20.520889818370744 ], [ -98.02460126941908, 20.520844677866414 ], [ -98.024539287529166, 20.520785261108639 ], [ -98.024487892473928, 20.520758134980365 ], [ -98.024420791247266, 20.520739575289856 ], [ -98.024339414191616, 20.520738148164124 ], [ -98.024289444852172, 20.520765274370387 ], [ -98.024262318980618, 20.5208038211867 ], [ -98.024246615256359, 20.520846650758958 ], [ -98.024255180973682, 20.52090804132941 ], [ -98.024272312808733, 20.520963721070849 ], [ -98.024298011476674, 20.521007978862443 ], [ -98.02436368403086, 20.52108507296515 ], [ -98.024451512056075, 20.521178509745319 ], [ -98.024600682774746, 20.5213181601898 ], [ -98.024710138336104, 20.521470445166688 ], [ -98.02497187868299, 20.521927302003412 ], [ -98.025100368749918, 20.522170007365624 ], [ -98.025109887438433, 20.522284220977721 ], [ -98.025071815606864, 20.522346086671472 ], [ -98.024805316327729, 20.522474578379214 ], [ -98.024638753890784, 20.522507889677748 ], [ -98.024353218966368, 20.52247933659433 ], [ -98.024046948860885, 20.52242750566959 ], [ -98.023801184209788, 20.522288979979066 ], [ -98.023525165955235, 20.522198560291187 ], [ -98.023396675367934, 20.522227114467345 ], [ -98.023334808833809, 20.522303255960306 ], [ -98.023334808858152, 20.522422229959865 ], [ -98.023372880792024, 20.522545962088458 ], [ -98.023444265205214, 20.522650657655117 ], [ -98.023458541099657, 20.522760113074455 ], [ -98.023396675277553, 20.522826737855624 ], [ -98.023268184675501, 20.522869568360647 ], [ -98.023196801033819, 20.522845774391591 ], [ -98.023158728890849, 20.5227839077284 ], [ -98.023130175954392, 20.522679211119257 ], [ -98.023125417140307, 20.522550719804816 ], [ -98.023101621597306, 20.522393675909719 ], [ -98.023020720637163, 20.522279462291003 ], [ -98.022916024390483, 20.522241391177044 ], [ -98.022797050946679, 20.522170007378904 ], [ -98.022682836528219, 20.522117659372071 ], [ -98.022549586546944, 20.522074828277702 ], [ -98.022449649833845, 20.522127175887892 ], [ -98.022340194734625, 20.522184282818284 ], [ -98.022249775342502, 20.522193801310348 ], [ -98.022187909051226, 20.522170007277097 ], [ -98.022116524706092, 20.522084345578968 ], [ -98.022073695405254, 20.521974890839761 ], [ -98.022073694838198, 20.521870195115106 ], [ -98.022192667634869, 20.521803570155555 ], [ -98.02260193468139, 20.521732185888478 ], [ -98.022792292125104, 20.521727427034431 ], [ -98.022806903411947, 20.521725936322522 ], [ -98.022973131293483, 20.52172742738875 ], [ -98.023092103778552, 20.521717909385028 ], [ -98.023168247043373, 20.52168935610646 ], [ -98.023230113440107, 20.52162273138908 ], [ -98.023234871623572, 20.521560864664071 ], [ -98.023211077424605, 20.521508517432956 ], [ -98.023082587399543, 20.521380025966579 ], [ -98.022801810125941, 20.521042141668609 ], [ -98.022601934822319, 20.520856544016116 ], [ -98.022449650078798, 20.520704258591351 ], [ -98.022230739813835, 20.520475829646408 ], [ -98.022035624286502, 20.520156983372438 ], [ -98.021826231350275, 20.519890482870483 ], [ -98.021654909569591, 20.519662055027041 ], [ -98.021643013268218, 20.51965015821375 ], [ -98.021450276058829, 20.51922423378603 ], [ -98.021174258787596, 20.518662680663606 ], [ -98.021112393094583, 20.518481841785317 ], [ -98.021074320888033, 20.518315279864822 ], [ -98.021026731692743, 20.518196306597858 ], [ -98.020964866172193, 20.518129681945112 ], [ -98.020860170284294, 20.51810112822384 ], [ -98.020745955903053, 20.51811540516503 ], [ -98.020669812954139, 20.518153476875714 ], [ -98.020665054000887, 20.518248655220514 ], [ -98.020674572154832, 20.518362869000192 ], [ -98.020803063045335, 20.518615092227439 ], [ -98.021198053268563, 20.51955260034438 ], [ -98.021340821177219, 20.519966625748101 ], [ -98.02141696362861, 20.520223608408003 ], [ -98.021421723404856, 20.520356856763424 ], [ -98.021355097767454, 20.52044251815731 ], [ -98.021250402166942, 20.520413963719786 ], [ -98.021164740894591, 20.520352098305366 ], [ -98.020408071913465, 20.519628742287995 ], [ -98.019884591240583, 20.51907194815362 ], [ -98.019698993448102, 20.518976770445711 ], [ -98.019560984279167, 20.518991046749338 ], [ -98.019380145377497, 20.519048154126494 ], [ -98.01927544891042, 20.519124296932116 ], [ -98.019256412785879, 20.519209957275493 ], [ -98.019256413461477, 20.519290858901829 ], [ -98.0193563510974, 20.519476457344648 ], [ -98.019403940283709, 20.519643019148091 ], [ -98.019451528761266, 20.520156983282373 ], [ -98.019389662870907, 20.520337821737542 ], [ -98.019294485102563, 20.520437759071072 ], [ -98.019013708227845, 20.520542454720669 ], [ -98.018790038990531, 20.520618598395508 ], [ -98.018494985842054, 20.52063287543314 ], [ -98.018047647219063, 20.520580526841069 ], [ -98.017785906146685, 20.520594803295854 ], [ -98.017724040422209, 20.52064239258047 ], [ -98.017694420946867, 20.520771643361631 ], [ -98.01779597060488, 20.520937109722873 ], [ -98.018171379296433, 20.521418096573154 ], [ -98.018261798783314, 20.521546588413045 ], [ -98.018314146855843, 20.521656042753349 ], [ -98.018299869824801, 20.521770257433246 ], [ -98.018233244871965, 20.52188447130057 ], [ -98.018138066894892, 20.52196537268118 ], [ -98.018009576477397, 20.521951096260626 ], [ -98.017895361687167, 20.521879711727241 ], [ -98.017671692342347, 20.52179405162445 ], [ -98.017519406669223, 20.521722668104591 ], [ -98.017290978157234, 20.521713150430973 ], [ -98.017143452422445, 20.521727426819307 ], [ -98.017024479167446, 20.521817845896791 ], [ -98.016929299856173, 20.521932060957898 ], [ -98.016895987634072, 20.521993927325646 ], [ -98.016905506021985, 20.522093863846724 ], [ -98.016948336268527, 20.522155729845991 ], [ -98.01713393444038, 20.522227113786311 ], [ -98.017195800096275, 20.522312774107437 ], [ -98.01719104147594, 20.522479337076692 ], [ -98.01709110353984, 20.522722041989613 ], [ -98.017024478874546, 20.52283149743133 ], [ -98.01694357734408, 20.522850533182226 ], [ -98.016800809556145, 20.522836256248162 ], [ -98.016729426229773, 20.522783907708828 ], [ -98.01672942593585, 20.522717282586967 ], [ -98.016762737853043, 20.522569755907842 ], [ -98.016791291608428, 20.522450783107292 ], [ -98.016772256051254, 20.52236036446935 ], [ -98.016629488106645, 20.522288979903536 ], [ -98.01637250677274, 20.522222355161141 ], [ -98.016272569022519, 20.522146212218605 ], [ -98.016263051338541, 20.521970132043549 ], [ -98.016277328205462, 20.521827363834518 ], [ -98.016272569127324, 20.521646524725575 ], [ -98.016191666735708, 20.521527551996012 ], [ -98.016048899984995, 20.521508516587531 ], [ -98.015872820364024, 20.5215275522797 ], [ -98.015696739818779, 20.521651284263502 ], [ -98.015549213250253, 20.521703632457264 ], [ -98.015454035092688, 20.52167983765689 ], [ -98.015363615304324, 20.521556105950175 ], [ -98.015434999231644, 20.521460926577948 ], [ -98.015515900719251, 20.521399061337871 ], [ -98.015649150098355, 20.521341953752888 ], [ -98.015777640765421, 20.521289605879566 ], [ -98.015791918440215, 20.521222981354747 ], [ -98.015758606155643, 20.521032624355794 ], [ -98.015637764227336, 20.520769509464685 ], [ -98.015642767742648, 20.520760344601502 ], [ -98.01570497565875, 20.52066143301132 ], [ -98.015795861200942, 20.520603797595417 ], [ -98.015887808161366, 20.52051018118685 ], [ -98.015902307648574, 20.520450545678763 ], [ -98.015972329091397, 20.520236328468883 ], [ -98.015996937721383, 20.520132608205884 ], [ -98.016054759857681, 20.519943275003271 ], [ -98.016027283418907, 20.51979492026042 ], [ -98.015933010005241, 20.51975518296064 ], [ -98.015780237940149, 20.519751183834821 ], [ -98.015590336578327, 20.519710203584381 ], [ -98.01550263618401, 20.51965989700199 ], [ -98.015443580153757, 20.519502313376119 ], [ -98.015549673239576, 20.519361055593606 ], [ -98.015754428369007, 20.5193304073265 ], [ -98.015894466886962, 20.519334073114841 ], [ -98.016059967833925, 20.519338406337411 ], [ -98.016187276129912, 20.519341737670594 ], [ -98.016314585388955, 20.519345069819444 ], [ -98.016403701008954, 20.51934740289574 ], [ -98.016506609168275, 20.51931408825822 ], [ -98.016547278235862, 20.519231132243565 ], [ -98.016562837665447, 20.519135516595966 ], [ -98.016654428539326, 20.519053893659741 ], [ -98.016784920363094, 20.518949284370375 ], [ -98.016824294814725, 20.518894961444207 ], [ -98.01685654569232, 20.518838192081184 ], [ -98.016889222190159, 20.518767029427799 ], [ -98.016906196002864, 20.518709859963892 ], [ -98.016908531249655, 20.518630701842035 ], [ -98.016898083750419, 20.518568153776734 ], [ -98.01676052115134, 20.518480532935762 ], [ -98.01669757485223, 20.518454879593886 ], [ -98.016596436103924, 20.518428228211089 ], [ -98.016520404962009, 20.518414233675916 ], [ -98.016445082320033, 20.518376254818364 ], [ -98.016486103001725, 20.518281304834861 ], [ -98.016525709527556, 20.518234329761174 ], [ -98.016515808523508, 20.518138048450492 ], [ -98.016454985025931, 20.518040433103256 ], [ -98.016444730307214, 20.517956144840365 ], [ -98.016497775381922, 20.517885516048569 ], [ -98.01662720406263, 20.517816886883711 ], [ -98.01671879504643, 20.517735263873409 ], [ -98.016759816326626, 20.517640314713365 ], [ -98.016788814924851, 20.517521045273377 ], [ -98.016740366869044, 20.517435757229499 ], [ -98.016506881083984, 20.51721585564983 ], [ -98.016226191162076, 20.517158235607482 ], [ -98.016211986824814, 20.517156435679457 ], [ -98.016201083836734, 20.5171455759567 ], [ -98.016178452052145, 20.517048961322626 ], [ -98.016192244427756, 20.517013313664769 ], [ -98.016295503862466, 20.516968005121036 ], [ -98.016386033183764, 20.516922363230137 ], [ -98.01645145419694, 20.516864060766764 ], [ -98.016491415063285, 20.516805092630936 ], [ -98.01645640589625, 20.516696151689541 ], [ -98.016382498209182, 20.516610196999391 ], [ -98.016333344067633, 20.516548895869185 ], [ -98.016310359455332, 20.516464275208062 ], [ -98.01628772769358, 20.516367658775085 ], [ -98.016277473130515, 20.516283371398057 ], [ -98.016279948576837, 20.516199416405886 ], [ -98.016306824607923, 20.51615210806272 ], [ -98.016410438139715, 20.51609480637277 ], [ -98.016475151267429, 20.516060490892624 ], [ -98.016589726882671, 20.516063490354092 ], [ -98.016753455707217, 20.516127788955895 ], [ -98.016917183703825, 20.516192089209763 ], [ -98.017093643776306, 20.516256720747958 ], [ -98.017269750300073, 20.51633334697749 ], [ -98.01738361783157, 20.516360332035273 ], [ -98.017534970972534, 20.516412305462204 ], [ -98.017712137951207, 20.516452948458028 ], [ -98.017876928643787, 20.516481265946471 ], [ -98.017954372613559, 20.516447283990424 ], [ -98.018045253848683, 20.516389647227548 ], [ -98.01809935853349, 20.516283036887089 ], [ -98.018102541200037, 20.51617509570827 ], [ -98.018105369279667, 20.516079146682017 ], [ -98.018107490096938, 20.516007184684291 ], [ -98.018108903649676, 20.515959210619261 ], [ -98.018124109022267, 20.515875588715542 ], [ -98.018165129862069, 20.51578063915321 ], [ -98.018282533304358, 20.515687688453319 ], [ -98.018386143922328, 20.515630384623421 ], [ -98.018489756383019, 20.515573080738971 ], [ -98.018632265790259, 20.515492789099351 ], [ -98.018698038935455, 20.515422492653133 ], [ -98.018748959670205, 20.515423825087225 ], [ -98.018850804986144, 20.515426489028904 ], [ -98.019066163011701, 20.51546813081865 ], [ -98.019192761190553, 20.515495447765673 ], [ -98.019423324043672, 20.515453467086335 ], [ -98.019490864404673, 20.515323203161287 ], [ -98.019506775024169, 20.515215594045415 ], [ -98.019571488089511, 20.515181278272706 ], [ -98.019698792187313, 20.515184606888408 ], [ -98.019863933550809, 20.515200929369289 ], [ -98.020003969531899, 20.515204590795207 ], [ -98.02010581379939, 20.515207253989772 ], [ -98.020184669556414, 20.515125296874807 ], [ -98.020291107715849, 20.514972042741938 ], [ -98.020361120293117, 20.514757823278131 ], [ -98.020429365471003, 20.51460357096634 ], [ -98.020473209149458, 20.514412671618839 ], [ -98.020478863133931, 20.514220775139258 ], [ -98.020537203588319, 20.513970242437466 ], [ -98.020553114262739, 20.513862632275735 ], [ -98.020426517120583, 20.513835317264451 ], [ -98.020297800322155, 20.513879962440864 ], [ -98.020242639624342, 20.514022552834309 ], [ -98.020251835915289, 20.514142822022112 ], [ -98.020261033175331, 20.514263091213792 ], [ -98.020258205569178, 20.514359039441924 ], [ -98.020191374176946, 20.514465316673036 ], [ -98.020113578205851, 20.514511293675039 ], [ -98.01996010602214, 20.51453128640313 ], [ -98.019681097723478, 20.51448798059338 ], [ -98.019338790906033, 20.51443101687391 ], [ -98.018933184800062, 20.514360393063985 ], [ -98.018666200834843, 20.514341405780179 ], [ -98.018436700276197, 20.514347405412714 ], [ -98.018296311573764, 20.514355734917594 ], [ -98.018167948358268, 20.514388385407891 ], [ -98.017988309155513, 20.514431697129588 ], [ -98.017923999633894, 20.51452349712806 ], [ -98.017904056765587, 20.514681411746814 ], [ -98.017876261804261, 20.514846323912135 ], [ -98.017796274109102, 20.514966660272208 ], [ -98.017717132574091, 20.515058209972153 ], [ -98.017615926059392, 20.515120377993512 ], [ -98.017471010547212, 20.515109383903358 ], [ -98.017336068274389, 20.515019431990989 ], [ -98.017247824721366, 20.51491643931055 ], [ -98.017109203978066, 20.514864799821027 ], [ -98.017009482315132, 20.51479017290993 ], [ -98.016908699605295, 20.514751526927991 ], [ -98.016781395065905, 20.514748195372899 ], [ -98.016667176066477, 20.514733203030641 ], [ -98.016488596390417, 20.514740532181246 ], [ -98.016373315211126, 20.514761519713435 ], [ -98.016322392829665, 20.514760186580844 ], [ -98.016219843407228, 20.514781508204361 ], [ -98.016167859698228, 20.514816156901304 ], [ -98.016114814645604, 20.514886784744778 ], [ -98.01607556269515, 20.514921764911346 ], [ -98.016011203757586, 20.514944087208995 ], [ -98.015883899114613, 20.514940754086236 ], [ -98.015718756706349, 20.514924427833986 ], [ -98.01561726759688, 20.514909768124902 ], [ -98.015465208968038, 20.514881781915008 ], [ -98.015287337765486, 20.514865121917254 ], [ -98.015210955617079, 20.514863121741325 ], [ -98.015082590470996, 20.514895768994169 ], [ -98.015029898759479, 20.51495440433866 ], [ -98.014936540253103, 20.515095994469711 ], [ -98.014869350101648, 20.51521426342498 ], [ -98.014866165222088, 20.515322204464749 ], [ -98.014861918688254, 20.515466128257991 ], [ -98.014856612436446, 20.515646030296057 ], [ -98.014878179657643, 20.515778626915267 ], [ -98.01491177296333, 20.515935543034871 ], [ -98.014918487984005, 20.516139767253026 ], [ -98.014939703353207, 20.516284356919236 ], [ -98.014935810700393, 20.5164162867508 ], [ -98.014916711823943, 20.51663183722626 ], [ -98.014874273223711, 20.51677476081176 ], [ -98.014845628173148, 20.516882035944228 ], [ -98.014762874933538, 20.51709592117264 ], [ -98.01470558257769, 20.517310471363199 ], [ -98.014678352900745, 20.517369773376018 ], [ -98.014624246444583, 20.517476381626345 ], [ -98.014545384664331, 20.517558336011653 ], [ -98.014491630997242, 20.517652952067923 ], [ -98.014398624189027, 20.517782547834372 ], [ -98.014265424783275, 20.517790922927858 ], [ -98.014167187694085, 20.517752342187801 ], [ -98.014124965544028, 20.517628806953596 ], [ -98.014215448632697, 20.517513688458202 ], [ -98.01429430960448, 20.517431733319757 ], [ -98.014372108709011, 20.517385759073292 ], [ -98.014502600544617, 20.517281150583102 ], [ -98.014530539045197, 20.517197863422872 ], [ -98.014533016451068, 20.517113906702249 ], [ -98.014536907569905, 20.516981977797535 ], [ -98.014566262596162, 20.51685071484388 ], [ -98.014582884656548, 20.516719119353919 ], [ -98.014598446896301, 20.516623503002048 ], [ -98.014614715949264, 20.516503901456616 ], [ -98.01461790011993, 20.516395958631691 ], [ -98.014607647439078, 20.516311670295369 ], [ -98.014598809417564, 20.516179407967481 ], [ -98.014589616547866, 20.51605913867704 ], [ -98.014579716837005, 20.515962857287132 ], [ -98.014571231797646, 20.515818600097006 ], [ -98.014562040876129, 20.515698330812839 ], [ -98.014563455524907, 20.515650356819904 ], [ -98.01455497241102, 20.515506101443037 ], [ -98.014507587926659, 20.515384830985894 ], [ -98.014471166754873, 20.515323862792165 ], [ -98.014385591705306, 20.515201594750753 ], [ -98.014350586289652, 20.515092651644082 ], [ -98.014339624055225, 20.515032351174916 ], [ -98.014316993705251, 20.514935735431642 ], [ -98.01430638733045, 20.514863441022722 ], [ -98.014309217705289, 20.514767493042918 ], [ -98.014363325260732, 20.514660883935566 ], [ -98.014430515530833, 20.514542615174872 ], [ -98.014457391804413, 20.514495307120672 ], [ -98.01452528971447, 20.514353052221736 ], [ -98.014541912406727, 20.514221455790807 ], [ -98.014557473377536, 20.514125841207782 ], [ -98.014626432687962, 20.513947604399 ], [ -98.014681247472211, 20.513817009065246 ], [ -98.014785212870507, 20.513747714333569 ], [ -98.014952122228308, 20.513704073455319 ], [ -98.015130345892644, 20.513708739788356 ], [ -98.015334031062167, 20.513714072651279 ], [ -98.015613744037779, 20.513733399241971 ], [ -98.015803638108721, 20.513774379194533 ], [ -98.016032431155551, 20.513792370937537 ], [ -98.016298707102749, 20.513835350149716 ], [ -98.016416512112244, 20.513799885472579 ], [ -98.01651050459941, 20.513723127039128 ], [ -98.016561002685506, 20.513566011913952 ], [ -98.016558032008547, 20.513407495981966 ], [ -98.016538725568495, 20.513284561849122 ], [ -98.01656567224731, 20.513148435604819 ], [ -98.016607257846701, 20.513034297126733 ], [ -98.016594740282841, 20.512940348278509 ], [ -98.016527906848083, 20.512873783439741 ], [ -98.016393178927189, 20.512776633770788 ], [ -98.016296216545115, 20.512694878039262 ], [ -98.016258401005302, 20.512610007940857 ], [ -98.016273254166933, 20.512538380162511 ], [ -98.016314627929418, 20.512431437947697 ], [ -98.016359539060076, 20.512204559703992 ], [ -98.016313216206925, 20.512047311408168 ], [ -98.016253455353265, 20.511913715938551 ], [ -98.016245324454388, 20.511757465660512 ], [ -98.016235776637629, 20.511649192125507 ], [ -98.016213146439611, 20.511552577473193 ], [ -98.01617601695574, 20.511515595734181 ], [ -98.016127218178966, 20.511442302423667 ], [ -98.016091150012798, 20.511369340586256 ], [ -98.016119087405613, 20.511286053041069 ], [ -98.016223756963953, 20.511192771205916 ], [ -98.016294562799487, 20.511179880056623 ], [ -98.016403446174508, 20.51112036918251 ], [ -98.016557399987931, 20.511039924409793 ], [ -98.016692291542, 20.510941308414008 ], [ -98.016751030988644, 20.510751892190324 ], [ -98.016733123289782, 20.510553014678891 ], [ -98.016683648861047, 20.510184431751401 ], [ -98.016598571459809, 20.50995895272035 ], [ -98.016579901770911, 20.509814431766451 ], [ -98.016614484767544, 20.509678505017039 ], [ -98.016601331581114, 20.509346883749625 ], [ -98.016589614771121, 20.508998168871461 ], [ -98.016611504196362, 20.50889817888083 ], [ -98.016754891036456, 20.50873409968921 ], [ -98.016911539825628, 20.508606170144606 ], [ -98.016991809318128, 20.508476240277261 ], [ -98.016957862430729, 20.508331319288281 ], [ -98.017062530379135, 20.508238035915443 ], [ -98.017178159260624, 20.508205053728723 ], [ -98.017318186796018, 20.50820871886015 ], [ -98.017459628879919, 20.508164408883957 ], [ -98.017589756034866, 20.508071792432169 ], [ -98.017668962863695, 20.507977843227795 ], [ -98.017676156422951, 20.507891471702965 ], [ -98.017625115056362, 20.507736640081593 ], [ -98.017505596039584, 20.507469451758308 ], [ -98.017287775912749, 20.507079664459326 ], [ -98.017204324720382, 20.50688543574454 ], [ -98.017094708943503, 20.506714529459529 ], [ -98.017052795898763, 20.506640739614738 ], [ -98.017015502061511, 20.50637637838506 ], [ -98.017019037663488, 20.506256443146899 ], [ -98.017001515367298, 20.506101009690834 ], [ -98.016989139171912, 20.505872633830659 ], [ -98.016995701774491, 20.505751717343728 ], [ -98.017049093867683, 20.505669095924354 ], [ -98.017102842432905, 20.5055744796217 ], [ -98.017207861010917, 20.505469204780237 ], [ -98.01731287945654, 20.505363928061165 ], [ -98.0174217671685, 20.505241809953809 ], [ -98.017470208758184, 20.505111048142034 ], [ -98.017472684055292, 20.505027092998141 ], [ -98.017470208289225, 20.504894999413892 ], [ -98.017436087179533, 20.504756074121531 ], [ -98.017401609624258, 20.504629143689431 ], [ -98.017337046353006, 20.504483913897143 ], [ -98.01733126541609, 20.504308169005061 ], [ -98.017287065291839, 20.504078960620337 ], [ -98.017277517927567, 20.503970687043381 ], [ -98.017319950240292, 20.503827764235016 ], [ -98.017537409102118, 20.503365350382893 ], [ -98.017705520553619, 20.503178766090755 ], [ -98.017819907352404, 20.502971712092101 ], [ -98.017989296081666, 20.502729028164218 ], [ -98.018123610070319, 20.502626579211427 ], [ -98.018451791971515, 20.50259709657761 ], [ -98.018720521195618, 20.502556116141509 ], [ -98.019027084408393, 20.502528129313589 ], [ -98.019334707909181, 20.502464159058242 ], [ -98.019418633100614, 20.502342387323079 ], [ -98.019545214247543, 20.502153653784845 ], [ -98.019746453142105, 20.501892798342649 ], [ -98.020097208100523, 20.50166191779233 ], [ -98.02032168253362, 20.501525816644818 ], [ -98.020525572993037, 20.501391057339681 ], [ -98.020725508270004, 20.501034462054683 ], [ -98.020842184015635, 20.500782138067805 ], [ -98.020930384053273, 20.500484476647149 ], [ -98.020941354279117, 20.50026769260035 ], [ -98.020984847131629, 20.500070767829619 ], [ -98.021077482902086, 20.499953164323315 ], [ -98.021157035611822, 20.499847220077136 ], [ -98.021262047449824, 20.499741942443343 ], [ -98.021265580320758, 20.499622006893397 ], [ -98.021257794795545, 20.49945376604294 ], [ -98.021225259555749, 20.499260873248726 ], [ -98.021199879563, 20.499209533272651 ] ] } },
{ "type": "Feature", "properties": { "ID_OBRA": "351_Huejutla de Reyes", "No.": 351.0, "Municipio": "Huejutla de Reyes", "Rubro": "Infraestructura Carretera", "Ejercicio": 2023.0, "Obra": "Construcción de pavimento de concreto hidráulico en camino Xiloco - Macuxtepetla en tramo 1 del km 0+000 al km 0+883.85 y tramo del km 0+000 al km 0+530.60; municipio de Huejutla de Reyes", "Localidad": "Ahuatitla I", "Inversión": 12400149.33, "Habitantes.beneficiados": 892.0, "Ejecutora": "DGCCE", "Trabajos": "Considera los trabajos de preliminares, riego de impregnación, piso para pavimento de concreto hidráulico.", "Geometria_tipo": "Línea", "extract": 0.33342210244526521 }, "geometry": { "type": "LineString", "coordinates": [ [ -98.475104101272237, 21.120023418199231 ], [ -98.475180357280919, 21.120002363740412 ], [ -98.47528029528209, 21.119997605347098 ], [ -98.475470652384146, 21.12001664099504 ], [ -98.475514520468167, 21.120026102944458 ], [ -98.47566100766231, 21.120073748210881 ], [ -98.475737151381608, 21.120083265691694 ], [ -98.475808534686777, 21.120088024912871 ], [ -98.475865641623173, 21.120064230155482 ], [ -98.475913231007354, 21.120011881694133 ], [ -98.475951303017226, 21.119954774743107 ], [ -98.476009306371722, 21.119894789345196 ], [ -98.476022685983835, 21.11988339119803 ], [ -98.476136900743512, 21.119792971769815 ], [ -98.476236837898753, 21.11970255240719 ], [ -98.47627014974546, 21.119593096748979 ], [ -98.476270150042922, 21.119493158861605 ], [ -98.476236837601093, 21.119393221924302 ], [ -98.476184490019307, 21.119264730803827 ], [ -98.476165454286701, 21.119121963955916 ], [ -98.476189249048772, 21.119017266661206 ], [ -98.476236838357806, 21.118945882649101 ], [ -98.476251115204832, 21.118912571373624 ], [ -98.476265390665731, 21.118803115599437 ], [ -98.476270149740969, 21.118593723234621 ], [ -98.476284427036731, 21.118498544947972 ], [ -98.476322498944185, 21.118393848373547 ], [ -98.476393882372932, 21.118260599440983 ], [ -98.476460506831216, 21.118170179082767 ], [ -98.476688935905329, 21.117917955626666 ], [ -98.47676983662852, 21.117765670640011 ], [ -98.476812668043365, 21.117656216215746 ], [ -98.476888810359966, 21.117494412301429 ], [ -98.476967420089906, 21.117392057019835 ], [ -98.477022059539507, 21.117732358262671 ], [ -98.476993507042465, 21.118246322149886 ], [ -98.476998265441082, 21.11851758022652 ], [ -98.477098203268781, 21.118707936793516 ], [ -98.477336148738402, 21.118898294328627 ], [ -98.47757409519447, 21.119098169263179 ], [ -98.477664514673251, 21.119255213039558 ], [ -98.477826317544228, 21.119478883051237 ], [ -98.478026219333316, 21.119698197819378 ], [ -98.478246489984414, 21.119891571643677 ], [ -98.478449737453502, 21.120135613934444 ], [ -98.478554432925904, 21.120330729609943 ], [ -98.478602022143065, 21.120511569127821 ], [ -98.478725754300498, 21.12076379178384 ], [ -98.478773343087212, 21.120958906930618 ], [ -98.478873280655307, 21.121154023133148 ], [ -98.479001772162121, 21.121287273323912 ], [ -98.479244477250475, 21.121572808357051 ], [ -98.479411038805694, 21.121801236813877 ], [ -98.479577601329041, 21.122020147389858 ], [ -98.479729886847849, 21.122234299381521 ], [ -98.479872653697839, 21.122372307343593 ], [ -98.479878349883364, 21.12237525676381 ] ] } },
{ "type": "Feature", "properties": { "ID_OBRA": "355_Huejutla de Reyes", "No.": 355.0, "Municipio": "Huejutla de Reyes", "Rubro": "Infraestructura Carretera", "Ejercicio": 2022.0, "Obra": "Construcción de Pavimento Asfáltico del camino rural Otates - Cacateco, municipio de Huejutla de Reyes", "Localidad": "Cacateco", "Inversión": 13538926.8, "Habitantes.beneficiados": 1687.0, "Ejecutora": "DGCCE", "Trabajos": "Considera los trabajos de capa subbase, riego de impregnación, suministro y aplicación de riego de liga con emulsión asfáltica.", "Geometria_tipo": "Línea", "extract": 0.30009460333515287 }, "geometry": { "type": "LineString", "coordinates": [ [ -98.343545169115089, 21.136892120594897 ], [ -98.343054330891249, 21.136267912000051 ], [ -98.342445448097607, 21.136144802310131 ], [ -98.342051928711584, 21.136841605406495 ], [ -98.341969579543473, 21.137147430564191 ], [ -98.342201335659297, 21.137517693987387 ], [ -98.34225248407904, 21.137721041557207 ], [ -98.342054752809375, 21.137874294678188 ], [ -98.341186876878481, 21.138125058984279 ], [ -98.340754150995636, 21.138009173016606 ], [ -98.339773403198436, 21.13834225304635 ], [ -98.339657207146914, 21.138670652131449 ], [ -98.339326889671227, 21.138918083584858 ], [ -98.338857516286083, 21.139032753527463 ], [ -98.338251032569872, 21.139097572810858 ], [ -98.337934576535048, 21.138917064315589 ], [ -98.337333761399421, 21.138706579904774 ], [ -98.33671492334031, 21.138220220177111 ], [ -98.336464147935544, 21.138227656916833 ], [ -98.336249227905981, 21.138391285705005 ], [ -98.335916483932067, 21.138617578828597 ], [ -98.33539308840254, 21.13870887217001 ], [ -98.335241290633576, 21.138700033623181 ], [ -98.335076078481677, 21.139175772893015 ], [ -98.334818935080747, 21.139401676226647 ], [ -98.334642703026219, 21.139306692117525 ], [ -98.334379619874639, 21.138732388940664 ], [ -98.333889679085715, 21.138412185310283 ], [ -98.333271781667705, 21.138063312068709 ], [ -98.332406897485029, 21.137923103561469 ], [ -98.331954291701265, 21.137726390639717 ], [ -98.331459556938668, 21.137405446384314 ], [ -98.330890521844779, 21.137279443476988 ], [ -98.330295970356474, 21.136746847073184 ], [ -98.329866570611117, 21.136507975339089 ], [ -98.329626523929932, 21.136259587666114 ], [ -98.329470740036584, 21.135856941610779 ], [ -98.329238613300973, 21.135735886551803 ], [ -98.329026394737937, 21.13574488661202 ], [ -98.328646693427288, 21.135970785627329 ] ] } },
{ "type": "Feature", "properties": { "ID_OBRA": "363_Huejutla de Reyes", "No.": 363.0, "Municipio": "Huejutla de Reyes", "Rubro": "Infraestructura Carretera", "Ejercicio": 2023.0, "Obra": "Pavimentación asfáltica del Camino Cruztitla; municipio de Huejutla de Reyes.", "Localidad": "Cruztitla", "Inversión": 8668792.28, "Habitantes.beneficiados": 542.0, "Ejecutora": "DGCCE", "Trabajos": "Considera los trabajos de capa subbase, riego de impregnación, suministro y aplicación de riego de liga con emulsión asfáltica", "Geometria_tipo": "Línea", "extract": 0.054247951001682213 }, "geometry": { "type": "LineString", "coordinates": [ [ -98.514542750834011, 21.237818003365309 ], [ -98.514064626444394, 21.236979432906505 ], [ -98.512453607379513, 21.236035434068068 ], [ -98.512246042620788, 21.235776606051587 ], [ -98.512189322758346, 21.235447796099713 ], [ -98.512330860117515, 21.234625975167315 ], [ -98.512576714891338, 21.233737306444791 ] ] } },
{ "type": "Feature", "properties": { "ID_OBRA": "38_Actopan", "No.": 38.0, "Municipio": "Actopan", "Rubro": "Vialidades Urbanas", "Ejercicio": 2023.0, "Obra": "Pavimento estampado y banquetas en calle Benito Juárez en la localidad de Chicavasco, Actopan", "Localidad": "Chicavasco", "Inversión": 2653426.26, "Habitantes.beneficiados": null, "Ejecutora": "DGOPI", "Trabajos": "Considera los trabajos de preliminares, piso para pavimento de concreto hidráulico.", "Geometria_tipo": "Línea", "extract": 0.0048844538302860859 }, "geometry": { "type": "LineString", "coordinates": [ [ -98.955335165704497, 20.196492811989099 ], [ -98.955330474145597, 20.197178529488795 ], [ -98.955240610086307, 20.1974759477948 ], [ -98.955195596992397, 20.198079425074397 ], [ -98.955198254168394, 20.198485183392201 ], [ -98.955332316341696, 20.1990889028087 ], [ -98.955390235202998, 20.199528109946705 ] ] } },
{ "type": "Feature", "properties": { "ID_OBRA": "39_Actopan", "No.": 39.0, "Municipio": "Actopan", "Rubro": "Vialidades Urbanas", "Ejercicio": 2023.0, "Obra": "Pavimentación Asfáltica de Calle Principal San Isidro en la Localidad El Boxtha, en el Municipio de Actopan.", "Localidad": "El Boxtha", "Inversión": 3297316.3, "Habitantes.beneficiados": 3034.0, "Ejecutora": "DGIVC", "Trabajos": "Considera los trabajos de capa subbase, riego de impregnación, suministro y aplicación de riego de liga con emulsión asfáltica", "Geometria_tipo": "Línea", "extract": 0.21445065657400059 }, "geometry": { "type": "LineString", "coordinates": [ [ -98.981935770643204, 20.246238912857596 ], [ -98.981776115238603, 20.243857189671697 ], [ -98.981665882309599, 20.241801648363904 ], [ -98.981399978523697, 20.239068941438401 ] ] } },
{ "type": "Feature", "properties": { "ID_OBRA": "398_Ixmiquilpan", "No.": 398.0, "Municipio": "Ixmiquilpan", "Rubro": "Vialidades Urbanas", "Ejercicio": 2023.0, "Obra": "Pavimentación asfáltica de la calle 20 de Noviembre, en la localidad de Bangandhó, municipio de Ixmiquilpan", "Localidad": "Bangandhó", "Inversión": 3148752.06, "Habitantes.beneficiados": 895.0, "Ejecutora": "DGCCE", "Trabajos": "Considera los trabajos de capa subbase, riego de impregnación, suministro y aplicación de riego de liga con emulsión asfáltica", "Geometria_tipo": "Línea", "extract": -0.058540080017026007 }, "geometry": { "type": "LineString", "coordinates": [ [ -99.173774196104503, 20.482769200366004 ], [ -99.172397896612594, 20.4827696291694 ], [ -99.170887679722199, 20.483098992430001 ], [ -99.169776648784804, 20.483185756812002 ], [ -99.168086052208196, 20.483445985609595 ], [ -99.164405029277304, 20.484007923627598 ], [ -99.162105546476795, 20.484178225935896 ], [ -99.1600739137929, 20.484476114769805 ] ] } },
{ "type": "Feature", "properties": { "ID_OBRA": "4_Acatlán", "No.": 4.0, "Municipio": "Acatlán", "Rubro": "Infraestructura Carretera", "Ejercicio": 2025.0, "Obra": "Construcción de pavimento asfáltico Alcholoya - San Bartolo, en el municipio de Acatlán", "Localidad": "Acatlán", "Inversión": 20963780.72, "Habitantes.beneficiados": null, "Ejecutora": "SIPDUS", "Trabajos": null, "Geometria_tipo": "Línea", "extract": -0.45678903132300147 }, "geometry": { "type": "LineString", "coordinates": [ [ -98.450531894919393, 20.229219309526197 ], [ -98.449371032258398, 20.230076427383796 ], [ -98.448594586413094, 20.230637122759099 ], [ -98.448358607773798, 20.230851400712396 ], [ -98.448225394025798, 20.231072820953795 ], [ -98.448057925314089, 20.231658511685193 ], [ -98.447829558888998, 20.232590612506097 ], [ -98.447715375676509, 20.233129871348595 ], [ -98.4471063985428, 20.235644007086805 ], [ -98.447091174114504, 20.235793996853896 ], [ -98.447273867254594, 20.238122390864799 ], [ -98.447532682536405, 20.241614916470699 ], [ -98.447928517673205, 20.242850494665596 ], [ -98.448202557383297, 20.243478993098492 ], [ -98.448750636803609, 20.244500297629205 ], [ -98.44949663379218, 20.246471467808195 ], [ -98.450387262850185, 20.248649724600696 ], [ -98.450516670490998, 20.248763992966197 ], [ -98.455023101279707, 20.251692091152801 ], [ -98.455152508920605, 20.251784932387405 ] ] } },
{ "type": "Feature", "properties": { "ID_OBRA": "40_Actopan", "No.": 40.0, "Municipio": "Actopan", "Rubro": "Vialidades Urbanas", "Ejercicio": 2023.0, "Obra": "Pavimentación de concreto hidráulico en calle Vía de los Reyes, San Lucas Daxtha, en el municipio de Actopan", "Localidad": "El Daxtha", "Inversión": 4358271.41, "Habitantes.beneficiados": 2754.0, "Ejecutora": "DGOPI", "Trabajos": "Considera los trabajos de preliminares, riego de impregnación, piso para pavimento de concreto hidráulico.", "Geometria_tipo": "Línea", "extract": 0.33418103275305899 }, "geometry": { "type": "LineString", "coordinates": [ [ -98.9607862691024, 20.279569626595904 ], [ -98.960988717617795, 20.276219002606204 ], [ -98.961144630535699, 20.274233585741808 ] ] } },
{ "type": "Feature", "properties": { "ID_OBRA": "411_Ixmiquilpan", "No.": 411.0, "Municipio": "Ixmiquilpan", "Rubro": "Vialidades Urbanas", "Ejercicio": 2023.0, "Obra": "Construcción de pavimentación hidráulica en acceso principal en la localidad de El Manantial", "Localidad": "El Manantial", "Inversión": 3620538.69, "Habitantes.beneficiados": 163.0, "Ejecutora": "DGIVC", "Trabajos": "Considera los trabajos de preliminares, riego de impregnación, piso para pavimento de concreto Hidráulico, en la localidad de El Manantial municipio de  Ixmiquilpan", "Geometria_tipo": "Línea", "extract": -0.94712598602624642 }, "geometry": { "type": "LineString", "coordinates": [ [ -99.195783551483302, 20.663264555790498 ], [ -99.19616994087751, 20.663211079312696 ], [ -99.1964215860705, 20.663218245494896 ], [ -99.1966699840047, 20.663326954971495 ], [ -99.197000604049904, 20.663540080613899 ], [ -99.197312884006607, 20.663451534889898 ], [ -99.1976174373508, 20.663414618969597 ], [ -99.198022187835804, 20.663496018370399 ], [ -99.198238849463195, 20.663358677396797 ], [ -99.198332563758498, 20.663136215961796 ], [ -99.198499680080303, 20.662877637438598 ], [ -99.1986843283198, 20.662733330104697 ], [ -99.198835890430999, 20.662745604707602 ], [ -99.198954617065894, 20.662753996286497 ], [ -99.199171179308294, 20.662802275348099 ], [ -99.19938238628832, 20.662855182859296 ], [ -99.1995370478963, 20.662940483221895 ], [ -99.199667847765397, 20.663001124327302 ], [ -99.199958784717495, 20.662995541729899 ], [ -99.2001038362271, 20.662936614537603 ], [ -99.200305579499201, 20.662753615461 ], [ -99.200526866164296, 20.6625394142884 ], [ -99.200687726349003, 20.662600636251593 ], [ -99.200691080383805, 20.662729331405494 ], [ -99.200754612463498, 20.662841869243191 ], [ -99.201011767794299, 20.6629752724192 ] ] } },
{ "type": "Feature", "properties": { "ID_OBRA": "42_Actopan", "No.": 42.0, "Municipio": "Actopan", "Rubro": "Vialidades Urbanas", "Ejercicio": 2023.0, "Obra": "Pavimentación asfáltica en calle Palma, en la localidad de El Huaxtho; en el municipio de Actopan.", "Localidad": "El Huaxtho", "Inversión": 1245462.68, "Habitantes.beneficiados": null, "Ejecutora": "DGOPI", "Trabajos": "Considera los trabajos de capa subbase, riego de impregnación, suministro y aplicación de riego de liga con emulsión asfáltica", "Geometria_tipo": "Línea", "extract": 0.26135381540427688 }, "geometry": { "type": "LineString", "coordinates": [ [ -98.965178550241802, 20.2300585472634 ], [ -98.965034745225907, 20.229000539697697 ], [ -98.9647389892977, 20.228558924301495 ], [ -98.964372325430503, 20.228097646340697 ], [ -98.963854583509601, 20.227840613880101 ] ] } },
{ "type": "Feature", "properties": { "ID_OBRA": "422_Ixmiquilpan", "No.": 422.0, "Municipio": "Ixmiquilpan", "Rubro": "Infraestructura Carretera", "Ejercicio": 2024.0, "Obra": "Construcción de pavimentación hidráulica en Quinta Cerrada, en el municipio de Ixmiquilpan.", "Localidad": "Ixmiquilpan", "Inversión": 517226.92, "Habitantes.beneficiados": null, "Ejecutora": "DGOPI", "Trabajos": "Considera los trabajos de preliminares, riego de impregnación, piso para pavimento de concreto Hidráulico.", "Geometria_tipo": "Línea", "extract": 0.19665421965818763 }, "geometry": { "type": "LineString", "coordinates": [ [ -99.207218573125971, 20.471777109021531 ], [ -99.206845772863829, 20.47253580303677 ] ] } },
{ "type": "Feature", "properties": { "ID_OBRA": "423_Ixmiquilpan", "No.": 423.0, "Municipio": "Ixmiquilpan", "Rubro": "Vialidades Urbanas", "Ejercicio": 2024.0, "Obra": "Construcción de pavimentación de concreto hidráulico, Calle 16 de Enero, B. San Miguel, en el municipio de Ixmiquilpan.", "Localidad": "Ixmiquilpan", "Inversión": 1699107.4, "Habitantes.beneficiados": null, "Ejecutora": "DGOPI", "Trabajos": "Considera los trabajos de preliminares, riego de impregnación, piso para pavimento de concreto hidráulico.", "Geometria_tipo": "Línea", "extract": 0.17093460222793933 }, "geometry": { "type": "LineString", "coordinates": [ [ -99.203922417308505, 20.491829103681198 ], [ -99.2039884527602, 20.488559076708501 ] ] } },
{ "type": "Feature", "properties": { "ID_OBRA": "436_Ixmiquilpan", "No.": 436.0, "Municipio": "Ixmiquilpan", "Rubro": "Infraestructura Carretera", "Ejercicio": 2025.0, "Obra": "Construccion de Huellas de Concreto Hidraulico en el Municipio de Ixmiquilpan en la Localidad de Maguey Blanco en Camino viejo de Manzana Centro 1, en el municpio de Ixmiquilpan", "Localidad": "Maguey Blanco", "Inversión": 8796019.63, "Habitantes.beneficiados": null, "Ejecutora": "SIPDUS", "Trabajos": null, "Geometria_tipo": "Línea", "extract": 0.36151843030398922 }, "geometry": { "type": "LineString", "coordinates": [ [ -99.167583148680805, 20.423911838429625 ], [ -99.167601786735204, 20.424208077204685 ], [ -99.167709319675865, 20.424451388504426 ], [ -99.169565786441694, 20.428321519705118 ] ] } },
{ "type": "Feature", "properties": { "ID_OBRA": "438_Ixmiquilpan", "No.": 438.0, "Municipio": "Ixmiquilpan", "Rubro": "Vialidades Urbanas", "Ejercicio": 2024.0, "Obra": "Construcción de pavimentación de concreto hidráulico de Calle Nezahualcóyotl en la localidad del Nith, en el municipio de Ixmiquilpan.", "Localidad": "Nith", "Inversión": 755678.74, "Habitantes.beneficiados": 1763.0, "Ejecutora": "DGCCE", "Trabajos": "Considera los trabajos de preliminares, riego de impregnación, piso para pavimento de concreto hidráulico.", "Geometria_tipo": "Línea", "extract": 0.15843687083039557 }, "geometry": { "type": "LineString", "coordinates": [ [ -99.195553332226197, 20.491863377349603 ], [ -99.195344899363405, 20.491697855612298 ], [ -99.195121667681406, 20.491564144388395 ], [ -99.194957558332604, 20.491432943023 ], [ -99.194796529006794, 20.491309790867298 ], [ -99.194641832772504, 20.491186815031597 ], [ -99.194494866871693, 20.491003703202601 ], [ -99.1943889343911, 20.4908228796637 ], [ -99.194353227911506, 20.490645673900801 ], [ -99.194334801928903, 20.490418787508293 ], [ -99.194352158505495, 20.490318449010498 ] ] } },
{ "type": "Feature", "properties": { "ID_OBRA": "439_Ixmiquilpan", "No.": 439.0, "Municipio": "Ixmiquilpan", "Rubro": "Vialidades Urbanas", "Ejercicio": 2024.0, "Obra": "Construcción de pavimentación asfáltica en calle Jacarandas, localidad El Nith, en el municipio de Ixmiquilpan.", "Localidad": "Nith", "Inversión": 2765966.29, "Habitantes.beneficiados": null, "Ejecutora": "DGOPI", "Trabajos": "Considera los trabajos de capa subbase, riego de impregnación, suministro y aplicación de riego de liga con emulsión asfáltica", "Geometria_tipo": "Línea", "extract": 0.1749278539665351 }, "geometry": { "type": "LineString", "coordinates": [ [ -99.197082979758406, 20.489688222391397 ], [ -99.197007795564801, 20.4892547420136 ], [ -99.196481083118101, 20.489304551448704 ], [ -99.196436997340399, 20.489105473604202 ], [ -99.194767748995304, 20.488930335303301 ], [ -99.194455252149396, 20.488970520008095 ] ] } },
{ "type": "Feature", "properties": { "ID_OBRA": "446_Ixmiquilpan", "No.": 446.0, "Municipio": "Ixmiquilpan", "Rubro": "Infraestructura Carretera", "Ejercicio": 2023.0, "Obra": "Construye Tu Camino del tramo San Andrés - El Olivo, en el municipio de Ixmiquilpan.", "Localidad": "San Andrés Orizabita", "Inversión": 5913139.89, "Habitantes.beneficiados": 1600.0, "Ejecutora": "DGCCE", "Trabajos": "Considera los trabajos de construcción de huellas de concreto hidráulico y empedrado en la localidad, el cual consta de terracerías y pisos de concreto.", "Geometria_tipo": "Línea", "extract": -0.7103529501003476 }, "geometry": { "type": "LineString", "coordinates": [ [ -99.179954345727481, 20.605659747183466 ], [ -99.179788907379049, 20.603913249533075 ], [ -99.180299899607888, 20.603896445777245 ], [ -99.181447215596307, 20.603062690372266 ], [ -99.181885552217111, 20.602421242344093 ], [ -99.181472596657088, 20.601304145283752 ], [ -99.181750657076236, 20.601093551418771 ], [ -99.181753766183618, 20.600623617188212 ], [ -99.181580821051071, 20.599309173430065 ], [ -99.18046889324954, 20.5974028060131 ], [ -99.180098016642475, 20.596232368199573 ], [ -99.179704626108901, 20.595856154775866 ], [ -99.179522345484671, 20.595259156242125 ], [ -99.179444312286648, 20.59458119425577 ], [ -99.178647883307235, 20.593003532052709 ], [ -99.178428773298307, 20.592414789684671 ], [ -99.178347536977057, 20.591951605283874 ], [ -99.178054510184495, 20.59010191705951 ], [ -99.178054609538847, 20.589251515848105 ], [ -99.178150331800666, 20.588991176626756 ], [ -99.178169824548874, 20.588878973419927 ], [ -99.178328980693436, 20.588755320266689 ], [ -99.178324298954109, 20.588667249482356 ], [ -99.178414652449149, 20.588611197103493 ], [ -99.178427063961252, 20.58844610835909 ], [ -99.178453331828848, 20.58843212040156 ], [ -99.178511704424551, 20.588443822141492 ], [ -99.178571063775721, 20.588384153529738 ], [ -99.17847990296238, 20.58775442547347 ], [ -99.178582115091729, 20.587423633998295 ], [ -99.178318797206614, 20.587316843274049 ], [ -99.178274182406298, 20.586754381550371 ], [ -99.177813253623299, 20.586631809809681 ], [ -99.177509550621508, 20.585984698554267 ], [ -99.177987736163075, 20.583907377892164 ] ] } },
{ "type": "Feature", "properties": { "ID_OBRA": "45_Actopan", "No.": 45.0, "Municipio": "Actopan", "Rubro": "Infraestructura Carretera", "Ejercicio": 2024.0, "Obra": "Construye Tu Camino del tramo calle Abasolo, en la localidad de San Andrés Tianguistengo, en el municipio de Actopan", "Localidad": "San Andrés Tianguis tengo", "Inversión": 9600000.0, "Habitantes.beneficiados": 250.0, "Ejecutora": "DGCCE", "Trabajos": "Considera los trabajos de construcción de huellas de concreto hidráulico y empedrado en la localidad, el cual consta de terracerías y pisos de concreto.", "Geometria_tipo": "Línea", "extract": 0.31713995505159676 }, "geometry": { "type": "LineString", "coordinates": [ [ -98.846677690001997, 20.270086071455399 ], [ -98.846999128665502, 20.270051686229497 ], [ -98.847140110535392, 20.270047718702898 ], [ -98.847237388025718, 20.270049041211792 ], [ -98.847330436059906, 20.270009365940901 ], [ -98.847447451012002, 20.269891662577695 ], [ -98.847488335754193, 20.269810989434401 ], [ -98.847550367777103, 20.269769991591396 ], [ -98.84764341581122, 20.2697329612723 ], [ -98.84780131550562, 20.269703866015398 ], [ -98.848344095704903, 20.269648320509795 ] ] } },
{ "type": "Feature", "properties": { "ID_OBRA": "456_Jacala de Ledezma", "No.": 456.0, "Municipio": "Jacala de Ledezma", "Rubro": "Vialidades Urbanas", "Ejercicio": 2023.0, "Obra": "Construcción de andador de concreto hidráulico en localidad El Sabino, calle Camino Real", "Localidad": "Jacala", "Inversión": 737223.28, "Habitantes.beneficiados": 4582.0, "Ejecutora": "DGCCE", "Trabajos": "Considera los trabajos de preliminares, riego de impregnación, piso para pavimento de concreto hidráulico.", "Geometria_tipo": "Línea", "extract": 0.83944889946456114 }, "geometry": { "type": "LineString", "coordinates": [ [ -99.185566115711694, 21.010666757887901 ], [ -99.185609168547202, 21.010568147031798 ], [ -99.1856947745692, 21.010449777858099 ], [ -99.185919432300494, 21.0102657782754 ], [ -99.186139395559906, 21.010095366649296 ], [ -99.186253164806999, 21.010029049527599 ], [ -99.186457830847701, 21.009930302309098 ], [ -99.1865360090205, 21.009892318677895 ], [ -99.186715595319697, 21.009802042485504 ], [ -99.186871555716607, 21.009682738329296 ], [ -99.187007129242204, 21.009549881222298 ], [ -99.187096359864995, 21.009432477642992 ], [ -99.187171572502194, 21.009311133661896 ], [ -99.187240737621806, 21.009224216852804 ], [ -99.187292227134719, 21.009225042845401 ], [ -99.187326872363201, 21.009270314295801 ] ] } },
{ "type": "Feature", "properties": { "ID_OBRA": "466_Jaltocán", "No.": 466.0, "Municipio": "Jaltocán", "Rubro": "Vialidades Urbanas", "Ejercicio": 2024.0, "Obra": "Pavimentación con concreto hidráulico calle Sin Nombre en la localidad de Cuatecomaco, en el municipio de Jaltocán.", "Localidad": "Cuatecomaco", "Inversión": 2207491.29, "Habitantes.beneficiados": 349.0, "Ejecutora": "DGIVC", "Trabajos": "Considera los trabajos de preliminares, riego de impregnación, piso para pavimento de concreto hidráulico.", "Geometria_tipo": "Línea", "extract": 0.60013873311435695 }, "geometry": { "type": "LineString", "coordinates": [ [ -98.540236273614113, 21.163621810948296 ], [ -98.540568477002907, 21.163071125158201 ], [ -98.540752222033404, 21.162654916654699 ], [ -98.540968807814394, 21.1623930355669 ], [ -98.540970380025996, 21.162085372204501 ], [ -98.541035737403902, 21.161780603753904 ], [ -98.541273787726695, 21.161479439780603 ], [ -98.541647841184201, 21.161110300840402 ], [ -98.541879663350102, 21.160830660226299 ], [ -98.541916144810997, 21.160497369637497 ], [ -98.541957143364698, 21.160139529590399 ], [ -98.5420934820269, 21.159844617417093 ] ] } },
{ "type": "Feature", "properties": { "ID_OBRA": "467_Jaltocán", "No.": 467.0, "Municipio": "Jaltocán", "Rubro": "Vialidades Urbanas", "Ejercicio": 2025.0, "Obra": "Pavimentación con concreto hidráulico calle Sin Nombre, en la localidad de Cuatecomaco, segunda etapa, en el municipio de Jaltocán", "Localidad": "Cuatecomaco", "Inversión": 3498080.0847999998, "Habitantes.beneficiados": null, "Ejecutora": "SIPDUS", "Trabajos": null, "Geometria_tipo": "Línea", "extract": 0.63843316461112098 }, "geometry": { "type": "LineString", "coordinates": [ [ -98.544238585815407, 21.1579712506508 ], [ -98.5439663985035, 21.158120670678599 ], [ -98.543701752057402, 21.158302569442895 ], [ -98.543460652811206, 21.158499152828899 ], [ -98.543407082110306, 21.1586868812714 ], [ -98.543445763869499, 21.158962160336998 ], [ -98.543443537163697, 21.159273648128405 ], [ -98.543358012434297, 21.159474365151802 ], [ -98.543229702462497, 21.159535656759605 ], [ -98.5429645818338, 21.159460579858699 ], [ -98.542795210553606, 21.159412250153402 ], [ -98.542633267689197, 21.159453652057397 ], [ -98.542337396622997, 21.159595347333795 ], [ -98.542198705327706, 21.159673732512005 ] ] } },
{ "type": "Feature", "properties": { "ID_OBRA": "468_Jaltocán", "No.": 468.0, "Municipio": "Jaltocán", "Rubro": "Vialidades Urbanas", "Ejercicio": 2024.0, "Obra": "Construcción de pavimento hidráulico en Barrio Mirador calle Francisco Sarabia, municipio de Jaltocán", "Localidad": "Jaltocán", "Inversión": 3876615.82, "Habitantes.beneficiados": 5919.0, "Ejecutora": "DGIVC", "Trabajos": "Considera los trabajos de preliminares, piso para pavimento de concreto hidráulico.", "Geometria_tipo": "Línea", "extract": 0.69487211632547674 }, "geometry": { "type": "LineString", "coordinates": [ [ -98.537691823732203, 21.131814979723199 ], [ -98.538247878251596, 21.130943488387501 ], [ -98.538564950979307, 21.130472525143301 ], [ -98.538997702454694, 21.130022949691291 ], [ -98.539868258370703, 21.128888269592704 ], [ -98.540232783884207, 21.128560223470998 ], [ -98.540511699724405, 21.128302268513 ], [ -98.540697170714594, 21.127943882422695 ], [ -98.540851836554907, 21.127686921262097 ], [ -98.540943854634094, 21.127448384224799 ], [ -98.541049426639205, 21.127275559533395 ], [ -98.541098213348619, 21.127086741160497 ], [ -98.541179411757795, 21.126863146587901 ], [ -98.541215032875101, 21.126639177332507 ], [ -98.54138124716701, 21.126055028476696 ], [ -98.541497400409895, 21.125740628942097 ], [ -98.541620825854906, 21.125438692767098 ], [ -98.541753841570099, 21.125190844008998 ] ] } },
{ "type": "Feature", "properties": { "ID_OBRA": "469_Jaltocán", "No.": 469.0, "Municipio": "Jaltocán", "Rubro": "Infraestructura Carretera", "Ejercicio": 2025.0, "Obra": "Pavimentación con concreto hidráulico acceso a Cuatzatzas, en el municipio de Jaltocán", "Localidad": "Jaltocán", "Inversión": 2262429.0, "Habitantes.beneficiados": null, "Ejecutora": "SIPDUS", "Trabajos": null, "Geometria_tipo": "Línea", "extract": 0.49617235728366399 }, "geometry": { "type": "LineString", "coordinates": [ [ -98.535967674653662, 21.164974092093509 ], [ -98.535691759968842, 21.166065272410666 ], [ -98.535973730887704, 21.166433481815201 ], [ -98.536830047810923, 21.167189707161665 ], [ -98.536954540274735, 21.167167598749419 ], [ -98.537565192113419, 21.166861704065671 ], [ -98.537993216293359, 21.16681948959133 ], [ -98.538595640113456, 21.16715362994406 ], [ -98.538920288473648, 21.167259724371366 ], [ -98.539153203671376, 21.167246587774315 ], [ -98.540188035667569, 21.167378689452011 ], [ -98.54086452083051, 21.167443271626485 ], [ -98.54148332146471, 21.167660879899948 ], [ -98.54200627027285, 21.16769460504073 ], [ -98.542287333403848, 21.167560760235851 ], [ -98.542528324312769, 21.167671225865476 ], [ -98.542670328227914, 21.167839856819409 ], [ -98.542443040039501, 21.168247068548613 ], [ -98.54185962755912, 21.169155179070028 ], [ -98.541915076665504, 21.169367411611407 ], [ -98.542133816470709, 21.169342576310608 ], [ -98.542413798304025, 21.168838788108062 ], [ -98.542900984234592, 21.168725188247375 ], [ -98.543913000951989, 21.169231651909481 ] ] } },
{ "type": "Feature", "properties": { "ID_OBRA": "470_Jaltocán", "No.": 470.0, "Municipio": "Jaltocán", "Rubro": "Vialidades Urbanas", "Ejercicio": 2023.0, "Obra": "Construcción de pavimento hidráulico en la calle de acceso principal a la localidad de La Ilusión - Anacleto Ramos - Potrero Zactipan - Octatitla; en el municipio de Jaltocán", "Localidad": "La Ilusión", "Inversión": 15708953.79, "Habitantes.beneficiados": 192.0, "Ejecutora": "DGCCE", "Trabajos": "Considera los trabajos de preliminares, piso para pavimento de concreto hidráulico.", "Geometria_tipo": "Línea", "extract": 0.44773447429553548 }, "geometry": { "type": "LineString", "coordinates": [ [ -98.521587418063305, 21.187919922691002 ], [ -98.521383827723497, 21.188086433672801 ], [ -98.521219144112493, 21.188233918216199 ], [ -98.521114831417904, 21.1883477587666 ], [ -98.521008096793594, 21.188496180544501 ], [ -98.520862665666002, 21.188706553972896 ], [ -98.520763831910102, 21.188804129184405 ], [ -98.520435174326195, 21.188756446980904 ], [ -98.5201162462822, 21.188715362004398 ], [ -98.519867282569905, 21.188653400305704 ], [ -98.519480243588404, 21.188557038474901 ], [ -98.519109690904898, 21.188486456647194 ], [ -98.5188869901245, 21.188468489388498 ] ] } },
{ "type": "Feature", "properties": { "ID_OBRA": "472_Jaltocán", "No.": 472.0, "Municipio": "Jaltocán", "Rubro": "Vialidades Urbanas", "Ejercicio": 2023.0, "Obra": "Construcción de pavimento hidráulico en la localidad de Tzinancatitla, en el municipio de Jaltocán.", "Localidad": "Tzinancatitla", "Inversión": 1379014.85, "Habitantes.beneficiados": null, "Ejecutora": "DGCCE", "Trabajos": "Considera los trabajos de preliminares, piso para pavimento de concreto hidráulico.", "Geometria_tipo": "Línea", "extract": 0.47414998455419716 }, "geometry": { "type": "LineString", "coordinates": [ [ -98.540177363875102, 21.174047613993892 ], [ -98.540604919687595, 21.173953482365793 ], [ -98.541046320629604, 21.173882243900501 ], [ -98.541451584031506, 21.173813525274795 ], [ -98.541793509309898, 21.173875247133299 ], [ -98.542099630536299, 21.173982085431394 ], [ -98.542214972668006, 21.174052434647997 ] ] } },
{ "type": "Feature", "properties": { "ID_OBRA": "479_Juárez Hidalgo", "No.": 479.0, "Municipio": "Juárez Hidalgo", "Rubro": "Infraestructura Carretera", "Ejercicio": 2023.0, "Obra": "Pavimentación hidráulica de camino rural San Nicolás-Coatzontla, en el municipio de Juárez Hidalgo", "Localidad": "San Nicolás Coatzontla", "Inversión": 6809998.56, "Habitantes.beneficiados": 343.0, "Ejecutora": "DGCCE", "Trabajos": "Considera los trabajos de preliminares y pavimento hidráulico.", "Geometria_tipo": "Línea", "extract": 0.24905969535856384 }, "geometry": { "type": "LineString", "coordinates": [ [ -98.847589556638738, 20.868616518963485 ], [ -98.847759990508024, 20.868218000258501 ], [ -98.847803601596212, 20.867898964100689 ], [ -98.847720231226646, 20.867613006316066 ], [ -98.847586726481623, 20.867315383960602 ], [ -98.847583163546631, 20.867299716304942 ], [ -98.84728314942295, 20.867083186019023 ], [ -98.847060853072961, 20.866911952881932 ], [ -98.847053503477696, 20.866557976844675 ], [ -98.847267642637021, 20.866242159827937 ], [ -98.847468998070909, 20.86604515133407 ], [ -98.847920208447775, 20.865772766133155 ], [ -98.847946004916665, 20.865774291221445 ], [ -98.847987573489064, 20.86576335957054 ], [ -98.848295411002312, 20.865628838995459 ], [ -98.848673412510649, 20.865371670036204 ], [ -98.84869868470463, 20.865169958574583 ], [ -98.848629372227947, 20.864813633458596 ], [ -98.848547997322569, 20.86448029110052 ], [ -98.848615884445351, 20.864235004482957 ], [ -98.848939421377523, 20.863955783527267 ], [ -98.848962873814216, 20.863957201174326 ], [ -98.848986325609474, 20.863958618781325 ], [ -98.84918659232261, 20.86396517786698 ], [ -98.8493106629614, 20.86418005508791 ], [ -98.849329269852475, 20.864544842850862 ], [ -98.849436033521414, 20.865082772064039 ], [ -98.849441294372895, 20.865089291271666 ], [ -98.849855936956516, 20.865655646090278 ], [ -98.849870896613979, 20.865689299218772 ], [ -98.850509211805345, 20.86618991365869 ], [ -98.850749714515416, 20.866286675331729 ], [ -98.851082019101483, 20.866216822557739 ], [ -98.851617541484856, 20.866180140255707 ], [ -98.852108843332744, 20.866618130410881 ], [ -98.852438327372042, 20.866729712988022 ], [ -98.852837013356478, 20.866457984323574 ], [ -98.853118896414458, 20.866093491759496 ], [ -98.853568833560175, 20.865908458521986 ], [ -98.854009001078751, 20.865720806000414 ], [ -98.854248429147688, 20.865677513225791 ], [ -98.854332787417732, 20.865856053328997 ], [ -98.854403683751215, 20.866290334229969 ], [ -98.854456671769086, 20.866657654395254 ], [ -98.854609654621441, 20.866757903500506 ], [ -98.855062578594726, 20.866728267264961 ], [ -98.855434527559154, 20.866694199532244 ], [ -98.855642346525968, 20.866699450400649 ], [ -98.855822903938702, 20.86690690878104 ], [ -98.856035045749053, 20.867159814805497 ], [ -98.85631502879599, 20.86723450509794 ], [ -98.856690535997913, 20.86716185608396 ], [ -98.856861661216982, 20.866864778461633 ], [ -98.857041970092268, 20.8666386446661 ], [ -98.857284321000535, 20.866482187340978 ], [ -98.857459733435903, 20.866351251456226 ], [ -98.857784169280961, 20.866087027561882 ], [ -98.857802069392548, 20.866068603725232 ], [ -98.858162524165081, 20.865840046296135 ], [ -98.858457710411585, 20.865601361819863 ], [ -98.858634608987231, 20.865470993139169 ], [ -98.858664346556566, 20.865220475840665 ], [ -98.858632479076476, 20.865018949998372 ], [ -98.858497055107406, 20.864837996851136 ], [ -98.858180667708794, 20.864324709579709 ], [ -98.857661920513749, 20.863878751747993 ], [ -98.857493274031711, 20.86354366315307 ], [ -98.857317962039147, 20.863026022542467 ], [ -98.857150001814063, 20.862538183023151 ], [ -98.857138055458719, 20.862516565160977 ], [ -98.857126525690461, 20.862488062925131 ], [ -98.857086722141176, 20.862164123346641 ], [ -98.857093565799445, 20.862157790139445 ], [ -98.857217773909412, 20.862011363876427 ], [ -98.857521651333343, 20.861943439070011 ], [ -98.857991733039256, 20.86202402896895 ], [ -98.858329677386251, 20.862170377829969 ], [ -98.858710409904816, 20.86232750786883 ], [ -98.858729765064396, 20.862328649568202 ], [ -98.859085241060129, 20.862369957746711 ], [ -98.859489536294404, 20.862353171920741 ], [ -98.859779677968149, 20.862377050230283 ] ] } },
{ "type": "Feature", "properties": { "ID_OBRA": "480_La Misión", "No.": 480.0, "Municipio": "La Misión", "Rubro": "Vialidades Urbanas", "Ejercicio": 2025.0, "Obra": "Pavimentación hidráulica de calle Sin Nombre del km 1.85 al km 2.69 localidad Mesa del Huizache, municipio de La Misión", "Localidad": "Mesa del Huizache", "Inversión": 9615649.78, "Habitantes.beneficiados": null, "Ejecutora": "DGOPI", "Trabajos": "Preliminares, pavimento hidráulico, cunetas, obras de drenaje, señalamiento y mampara informativa.", "Geometria_tipo": "Línea", "extract": 0.34948486868519374 }, "geometry": { "type": "LineString", "coordinates": [ [ -99.062459843544104, 21.007359535305095 ], [ -99.061532427596902, 21.007953805938403 ], [ -99.0610899347691, 21.0084548486019 ], [ -99.060767424292706, 21.008650563015902 ], [ -99.060493731378202, 21.008580593731899 ], [ -99.0602160101338, 21.008398983167499 ], [ -99.059268024862106, 21.007428305560897 ], [ -99.058774876603721, 21.007414505363698 ], [ -99.058629470119101, 21.007552397472899 ], [ -99.057811941514998, 21.009721536925692 ], [ -99.057591301635, 21.010034324898996 ], [ -99.057611049674605, 21.010248312628399 ], [ -99.057555634289599, 21.010505860237203 ], [ -99.057396993014393, 21.010951383541801 ] ] } },
{ "type": "Feature", "properties": { "ID_OBRA": "484_La Misión", "No.": 484.0, "Municipio": "La Misión", "Rubro": "Infraestructura Carretera", "Ejercicio": 2023.0, "Obra": "Construcción de muro de contención en cabecera municipal carretera La Misión - Puerto Naranjos", "Localidad": "La Misión", "Inversión": 4237845.31, "Habitantes.beneficiados": 795.0, "Ejecutora": "DGOPI", "Trabajos": "Considera en los trabajos la construcción de muros de contención en la Localidad de La Misión.", "Geometria_tipo": "Línea", "extract": 1.0708824868677951 }, "geometry": { "type": "LineString", "coordinates": [ [ -99.123858890854152, 21.102286859250345 ], [ -99.124138883405493, 21.102718915595975 ], [ -99.124235791493447, 21.103247046267025 ], [ -99.124089812041163, 21.103415492150607 ], [ -99.123726544036842, 21.103329772491307 ], [ -99.123139123897715, 21.103045235667583 ], [ -99.122360621523725, 21.102990211209629 ], [ -99.121922320058147, 21.103118811889779 ], [ -99.121609048830052, 21.103458667700181 ], [ -99.121533502018679, 21.103777555420169 ], [ -99.121446333200296, 21.1041087023549 ], [ -99.120879635819563, 21.104224439906144 ], [ -99.120322478326116, 21.104560130572171 ], [ -99.120160837731731, 21.104848613957465 ], [ -99.120212655415685, 21.105114670740701 ] ] } },
{ "type": "Feature", "properties": { "ID_OBRA": "485_La Misión", "No.": 485.0, "Municipio": "La Misión", "Rubro": "Infraestructura Carretera", "Ejercicio": 2024.0, "Obra": "Construcción de muro de contención y pavimento hidráulico en el C.R. La Misión - Puerto de los Naranjos, municipio de La Misión", "Localidad": "La Misión", "Inversión": 2413983.07, "Habitantes.beneficiados": 546.0, "Ejecutora": "DGOPI", "Trabajos": "Considera los trabajos de preliminares, piso para pavimento de concreto hidráulico.", "Geometria_tipo": "Línea", "extract": 0.85310685430829769 }, "geometry": { "type": "LineString", "coordinates": [ [ -99.111924722219769, 21.107830987146126 ], [ -99.11163728088394, 21.108266779822756 ], [ -99.11144907039693, 21.109287922526985 ], [ -99.111214826278527, 21.11050377418719 ], [ -99.111059050465499, 21.111244827207237 ], [ -99.111112436698008, 21.111684067786648 ], [ -99.110942100573183, 21.111780513759978 ], [ -99.110729225032813, 21.111635515758532 ], [ -99.110558015569126, 21.111353293243887 ], [ -99.10987610266038, 21.110377047478664 ], [ -99.109377182097759, 21.10949555800795 ], [ -99.108216850928372, 21.107909946356251 ], [ -99.107806321928223, 21.107713500257333 ], [ -99.107172762214603, 21.107925224310392 ], [ -99.106176036168648, 21.108693286714104 ], [ -99.105079715685548, 21.10983793373024 ] ] } },
{ "type": "Feature", "properties": { "ID_OBRA": "486_La Misión", "No.": 486.0, "Municipio": "La Misión", "Rubro": "Infraestructura Carretera", "Ejercicio": 2024.0, "Obra": "Construcción de muro de contención C.R. La Misión - La Palizada, municipio de la Misión.", "Localidad": "La Palizada", "Inversión": 343044.91, "Habitantes.beneficiados": 308.0, "Ejecutora": "DGOPI", "Trabajos": "Considera en los trabajos la construcción de muros de contención en la Localidad de La Palizada.", "Geometria_tipo": "Línea", "extract": 0.73232178564201555 }, "geometry": { "type": "LineString", "coordinates": [ [ -99.089715009868883, 21.099708514720014 ], [ -99.089848592766501, 21.099833522865747 ], [ -99.09013768009288, 21.099765030057217 ], [ -99.09038848583296, 21.099681420680589 ], [ -99.090588643525905, 21.099621916458627 ], [ -99.090627729664988, 21.09972167157591 ], [ -99.090717378358974, 21.099920375547772 ], [ -99.090885637421181, 21.100315631065381 ], [ -99.09117115423507, 21.100539414744688 ], [ -99.091408561403, 21.100267336797586 ], [ -99.091725004073595, 21.100344463038031 ], [ -99.091801455380107, 21.10047966089946 ], [ -99.092070743808023, 21.100661116985279 ], [ -99.092171950919635, 21.100302303007748 ], [ -99.092221275355953, 21.100049553684705 ], [ -99.092328051547838, 21.099798645441716 ], [ -99.092383328793005, 21.099574899295845 ], [ -99.092631409906531, 21.099307791531242 ], [ -99.092847451205571, 21.099159359442307 ], [ -99.093250515370343, 21.099246619067991 ], [ -99.093571833304566, 21.09929332002682 ], [ -99.09377235091246, 21.099295168816788 ], [ -99.09395063904492, 21.099551782027849 ], [ -99.094086063058398, 21.099579136808583 ], [ -99.094207011381897, 21.099359206530359 ] ] } },
{ "type": "Feature", "properties": { "ID_OBRA": "488_La Misión", "No.": 488.0, "Municipio": "La Misión", "Rubro": "Infraestructura Carretera", "Ejercicio": 2024.0, "Obra": "Construcción de pavimentación hidráulica del C.R. Macangui - Cerro Prieto, municipio de La Misión", "Localidad": "Macanguí", "Inversión": 9862930.36, "Habitantes.beneficiados": 295.0, "Ejecutora": "DGOPI", "Trabajos": "Considera los trabajos de preliminares y pavimento hidráulico.", "Geometria_tipo": "Línea", "extract": 0.89131706291091284 }, "geometry": { "type": "LineString", "coordinates": [ [ -99.105457943685835, 21.078404797304859 ], [ -99.104986841074847, 21.079704671551777 ], [ -99.103805492292565, 21.080297997923235 ], [ -99.103770821693359, 21.080564836354615 ], [ -99.103852193257637, 21.081017651152923 ], [ -99.103447611861839, 21.08207342690876 ], [ -99.101774047865192, 21.082991162086135 ], [ -99.101110293449565, 21.082991162532757 ], [ -99.100540411810286, 21.082219017265679 ], [ -99.099762465027368, 21.081907272379617 ], [ -99.099506550833851, 21.082385581914412 ], [ -99.0986809825568, 21.084824727787222 ], [ -99.098305571182607, 21.085079634351839 ], [ -99.096856875202548, 21.085185970669876 ], [ -99.096052882427188, 21.084994575669235 ], [ -99.095849427351951, 21.084252923575697 ], [ -99.095291984316219, 21.08326347826096 ], [ -99.094821531427925, 21.082655106997908 ], [ -99.094660130579442, 21.082200154729577 ], [ -99.094125649990687, 21.08186837480206 ], [ -99.094116705891054, 21.081860136589835 ], [ -99.093750023887409, 21.0817450797779 ], [ -99.093741389054685, 21.081745079520516 ], [ -99.093546070870843, 21.081884841555723 ], [ -99.093477251640564, 21.082300510875747 ], [ -99.093389496263541, 21.0827146415307 ], [ -99.093493853640624, 21.083057802554166 ], [ -99.093977680294742, 21.083510927833711 ], [ -99.094883923374738, 21.084133768627833 ], [ -99.094914749593258, 21.084396226247897 ], [ -99.094646985813114, 21.084938422499896 ], [ -99.094091104240562, 21.085368988184278 ], [ -99.093114230218987, 21.085523470662388 ], [ -99.092570079871237, 21.085573359882329 ], [ -99.092394124172756, 21.085673477363105 ], [ -99.092364594801268, 21.085883360425701 ], [ -99.092335089965303, 21.086636311773599 ], [ -99.092028481532395, 21.087012451013852 ], [ -99.091753797989782, 21.087065363143644 ], [ -99.090837265247728, 21.086749375600153 ], [ -99.090638127750935, 21.086377025092538 ], [ -99.090582312881295, 21.08601004710507 ], [ -99.090209517038772, 21.085841137614917 ], [ -99.089570846483568, 21.085841104468212 ], [ -99.089194891121551, 21.085900067690051 ], [ -99.088923647671038, 21.085656588840877 ], [ -99.088863938104424, 21.085212818532266 ], [ -99.088814521223568, 21.084935259146334 ], [ -99.089028113605991, 21.08463378310017 ], [ -99.089185754403474, 21.084443981490075 ], [ -99.089208197100788, 21.0841577461158 ], [ -99.089099871572756, 21.083875069850425 ], [ -99.08879104331956, 21.083613226583019 ], [ -99.088231624950666, 21.083578496848713 ], [ -99.087563007772616, 21.083665231641788 ], [ -99.087355373476598, 21.083388639083417 ], [ -99.087245703965351, 21.082929571644026 ], [ -99.087234611143117, 21.082904344870872 ], [ -99.08719699852314, 21.082422251658492 ], [ -99.086887928304876, 21.081886312651658 ], [ -99.086260115689413, 21.08150470656398 ], [ -99.0862508331697, 21.081496828813776 ], [ -99.085888832708434, 21.081316422807433 ], [ -99.08542084162336, 21.081261784874748 ], [ -99.08515466537699, 21.081449523298438 ], [ -99.085154915746756, 21.08145738300226 ], [ -99.084952403047851, 21.081798089061962 ], [ -99.084212332741686, 21.082504323518823 ], [ -99.083566554146103, 21.083311081842901 ], [ -99.083187450788259, 21.083439808315884 ], [ -99.083091742634508, 21.083656076266553 ], [ -99.082788288240351, 21.083953570215964 ], [ -99.082431901349366, 21.084006445706013 ], [ -99.082393962599866, 21.084024107553411 ], [ -99.082115210731544, 21.08422823405245 ], [ -99.082104486474165, 21.084263927085502 ], [ -99.082023679648373, 21.084651207639372 ], [ -99.082022975669346, 21.084669381842541 ], [ -99.081994704863064, 21.084906963651729 ], [ -99.081993265310615, 21.084943733885041 ], [ -99.081991823454103, 21.084980562866907 ], [ -99.082018647350253, 21.085277331332556 ], [ -99.081929744420236, 21.085577929838337 ], [ -99.081780445191015, 21.085901604746361 ], [ -99.081311410845217, 21.085930329140762 ], [ -99.080226422600447, 21.08584398372291 ], [ -99.079972335336834, 21.085502192652999 ] ] } },
{ "type": "Feature", "properties": { "ID_OBRA": "49_Ajacuba", "No.": 49.0, "Municipio": "Ajacuba", "Rubro": "Vialidades Urbanas", "Ejercicio": 2023.0, "Obra": "Pavimentación con concreto hidráulico en calle Julian Villagrán entre calle Zacatecas y calle Guelatao, colonia El Salitre; en el municipio de Ajacuba", "Localidad": "Ajacuba", "Inversión": 3142161.55, "Habitantes.beneficiados": 8254.0, "Ejecutora": "DGIVC", "Trabajos": "Considera los trabajos de preliminares, riego de impregnación, piso para pavimento de concreto hidráulico.", "Geometria_tipo": "Línea", "extract": 0.072743173078807705 }, "geometry": { "type": "LineString", "coordinates": [ [ -99.115582250969496, 20.097582724944196 ], [ -99.115986579223303, 20.094716370705395 ], [ -99.116148034462597, 20.093821799669801 ] ] } },
{ "type": "Feature", "properties": { "ID_OBRA": "491_La Misión", "No.": 491.0, "Municipio": "La Misión", "Rubro": "Vialidades Urbanas", "Ejercicio": 2024.0, "Obra": "Pavimentación hidráulica de calle sin nombre en Puerto de Naranjos, en el municipio de La Misión", "Localidad": "Puerto de Naranjos", "Inversión": 4744488.69, "Habitantes.beneficiados": 249.0, "Ejecutora": "DGOPI", "Trabajos": "Considera los trabajos de preliminares, piso para pavimento de concreto hidráulico.", "Geometria_tipo": "Línea", "extract": 0.88378292796123958 }, "geometry": { "type": "LineString", "coordinates": [ [ -99.111757358335694, 21.107974260760699 ], [ -99.111004525857794, 21.111734318632799 ] ] } },
{ "type": "Feature", "properties": { "ID_OBRA": "511_Metepec", "No.": 511.0, "Municipio": "Metepec", "Rubro": "Vialidades Urbanas", "Ejercicio": 2024.0, "Obra": "Construcción con pavimento hidráulico en calle Zapata en la localidad de Estación de Apulco, en el municipio de Metepec", "Localidad": "Estación de Apulco", "Inversión": 1198881.74, "Habitantes.beneficiados": null, "Ejecutora": "DGCCE", "Trabajos": "Considera los trabajos de preliminares, piso para pavimento de concreto hidráulico.", "Geometria_tipo": "Línea", "extract": -0.044300686520216251 }, "geometry": { "type": "LineString", "coordinates": [ [ -98.349032333392003, 20.285613906296195 ], [ -98.349454817545094, 20.285773828226304 ], [ -98.349159243831807, 20.286384293174599 ], [ -98.348954442571795, 20.286726569549796 ] ] } },
{ "type": "Feature", "properties": { "ID_OBRA": "514_Metepec", "No.": 514.0, "Municipio": "Metepec", "Rubro": "Infraestructura Carretera", "Ejercicio": 2022.0, "Obra": "Pavimentación hidráulica del camino de acceso principal a la localidad de Nopalillo, municipio de Metepec", "Localidad": "Metepec", "Inversión": 2910384.22, "Habitantes.beneficiados": 2248.0, "Ejecutora": "DGCCE", "Trabajos": "Considera los trabajos de preliminares y pavimento hidráulico.", "Geometria_tipo": "Línea", "extract": 0.356052894418109 }, "geometry": { "type": "LineString", "coordinates": [ [ -98.304311734530771, 20.238730552047059 ], [ -98.305784124613467, 20.238570189580194 ], [ -98.306706748174037, 20.238460214898879 ], [ -98.30754615727119, 20.238398958247853 ], [ -98.307963470682978, 20.23846495418276 ], [ -98.308200518918483, 20.238554805663298 ], [ -98.308491330559136, 20.238746042980871 ], [ -98.308801311837072, 20.23888552432247 ], [ -98.308986283579415, 20.238945374632955 ], [ -98.309241935130942, 20.239047181056886 ], [ -98.309539596033346, 20.239158894829107 ], [ -98.309628902539529, 20.239158894939049 ], [ -98.309705037107292, 20.239144835602069 ], [ -98.309802633524427, 20.239119597607537 ], [ -98.310021036936263, 20.239025986697069 ], [ -98.310381883997508, 20.238945333274092 ], [ -98.3124142669826, 20.23882647976858 ] ] } },
{ "type": "Feature", "properties": { "ID_OBRA": "515_Metepec", "No.": 515.0, "Municipio": "Metepec", "Rubro": "Vialidades Urbanas", "Ejercicio": 2023.0, "Obra": "Construcción de pavimentación de concreto hidráulico en camino Palo Gordo primera etapa, en el Municipio de Metepec", "Localidad": "Palo Gordo (Ejido Nopalillo)", "Inversión": 2906253.37, "Habitantes.beneficiados": 1041.0, "Ejecutora": "DGIVC", "Trabajos": "Considera los trabajos de preliminares, riego de impregnación, piso para pavimento de concreto hidráulico.", "Geometria_tipo": "Línea", "extract": 0.16854517439863606 }, "geometry": { "type": "LineString", "coordinates": [ [ -98.314135152132707, 20.196594159686697 ], [ -98.313767471460807, 20.196216030311501 ], [ -98.313685744901306, 20.196211602456092 ], [ -98.313644114926504, 20.196251511886395 ], [ -98.312317245475001, 20.198770824113396 ] ] } },
{ "type": "Feature", "properties": { "ID_OBRA": "518_Metztitlán", "No.": 518.0, "Municipio": "Metztitlán", "Rubro": "Infraestructura Carretera", "Ejercicio": 2025.0, "Obra": "Construcción de pavimentación hidráulica en Santa Monica - El Tablón, primera etapa, en el municipio de Metztitlán", "Localidad": "Metztitlán", "Inversión": 23433467.95, "Habitantes.beneficiados": null, "Ejecutora": "SIPDUS", "Trabajos": null, "Geometria_tipo": "Línea", "extract": -0.73624266788402271 }, "geometry": { "type": "LineString", "coordinates": [ [ -98.70254466814329, 20.426722222221898 ], [ -98.70292936219775, 20.428497515415586 ], [ -98.703372428528951, 20.43043227832943 ], [ -98.703831402724475, 20.431935974402567 ], [ -98.70461578105116, 20.434291844524051 ], [ -98.704618758169374, 20.434713667145555 ], [ -98.704599712478938, 20.436793595546263 ], [ -98.704604770635299, 20.437645313676519 ], [ -98.704680952200064, 20.438126909645856 ], [ -98.705305595754609, 20.442679202881536 ] ] } },
{ "type": "Feature", "properties": { "ID_OBRA": "521_Metztitlán", "No.": 521.0, "Municipio": "Metztitlán", "Rubro": "Infraestructura Carretera", "Ejercicio": 2024.0, "Obra": "Pavimentación hidráulica C.R. San Cristobal - Hualula (Segunda etapa), municipio de Metztitlán.", "Localidad": "San Cristóbal", "Inversión": 17190279.32, "Habitantes.beneficiados": 971.0, "Ejecutora": "DGCCE", "Trabajos": "Considera los trabajos de preliminares y pavimento hidráulico.", "Geometria_tipo": "Línea", "extract": 0.18220484124715175 }, "geometry": { "type": "LineString", "coordinates": [ [ -98.824767443470947, 20.643790740991605 ], [ -98.825368129510338, 20.644705006671462 ], [ -98.825340089841603, 20.64502445020263 ], [ -98.824714472450381, 20.646925042700193 ], [ -98.825545688247246, 20.647209705849548 ], [ -98.825705148708977, 20.647325033963686 ], [ -98.825756148106365, 20.647412086773048 ], [ -98.828705205096639, 20.652881119127912 ], [ -98.828834162929624, 20.653060336641648 ], [ -98.830657680023222, 20.656268140017652 ], [ -98.830940884499142, 20.65678381782886 ], [ -98.831000780190678, 20.657008104465 ], [ -98.831172889836324, 20.658065922180178 ], [ -98.832434709507453, 20.665860576961936 ], [ -98.830223061480766, 20.667282640943 ], [ -98.830217285505597, 20.667368241634893 ], [ -98.830617422455532, 20.667935109366134 ], [ -98.830986603377255, 20.668481734006932 ], [ -98.831089002386278, 20.669116489981835 ], [ -98.831087053329725, 20.669525736539612 ], [ -98.830944966378738, 20.66996517204835 ], [ -98.830789447544163, 20.670252674706731 ], [ -98.830584844853689, 20.670637127751011 ], [ -98.83051627221883, 20.670752714403815 ], [ -98.830561932512339, 20.6709397155138 ], [ -98.830068281958503, 20.67197068632661 ], [ -98.829713767964776, 20.672901165132849 ], [ -98.829361338189614, 20.674019472014422 ], [ -98.825998357239314, 20.682682888914076 ] ] } },
{ "type": "Feature", "properties": { "ID_OBRA": "525_Metztitlán", "No.": 525.0, "Municipio": "Metztitlán", "Rubro": "Infraestructura Carretera", "Ejercicio": 2022.0, "Obra": "Construcción de pavimento de concreto hidráulico de la carretera Metztitlán - Zoquizoquipan, municipio de Metztitlán", "Localidad": "Zoquizoquipan", "Inversión": 34923840.58, "Habitantes.beneficiados": 3678.0, "Ejecutora": "DGOPI", "Trabajos": "Considera los trabajos de preliminares, riego de impregnación, piso para pavimento de concreto hidráulico.", "Geometria_tipo": "Línea", "extract": 0.073445199568522829 }, "geometry": { "type": "LineString", "coordinates": [ [ -98.732456135597928, 20.635835386271786 ], [ -98.732408191878363, 20.635385356922857 ], [ -98.732350694267438, 20.635256046476115 ], [ -98.732264448022278, 20.635062080598178 ], [ -98.732187738377633, 20.634910197548948 ], [ -98.732057203173923, 20.634779990754737 ], [ -98.731834278608403, 20.63468790884431 ], [ -98.731595134815493, 20.634669406633385 ], [ -98.731331052903343, 20.634675642134514 ], [ -98.731131011271671, 20.634757119137916 ], [ -98.731001553557803, 20.634859768493722 ], [ -98.730893621932651, 20.635026308015593 ], [ -98.730918001124337, 20.635247944339596 ], [ -98.731154951792959, 20.635526338989472 ], [ -98.731260269821576, 20.635804471408175 ], [ -98.731380171746409, 20.636022541117203 ], [ -98.731480183297393, 20.636163203457372 ], [ -98.731465459822545, 20.636284859481989 ], [ -98.731375243598663, 20.636425895533836 ], [ -98.731298653269306, 20.636575221256027 ], [ -98.731186770156185, 20.636713961002492 ], [ -98.73113348159238, 20.636852066013979 ], [ -98.731060700453085, 20.637090786312392 ], [ -98.731112331429344, 20.63732900264873 ], [ -98.731096649019051, 20.637519012350271 ], [ -98.731054671888984, 20.637624090139486 ], [ -98.730881059277749, 20.637728907136083 ], [ -98.730661799117939, 20.63778781320401 ], [ -98.730529345148128, 20.637794310779583 ], [ -98.730396213567431, 20.637745972895591 ], [ -98.730349888965222, 20.637645226363801 ], [ -98.730363796357523, 20.637530327630472 ], [ -98.730458783901071, 20.63741033207317 ], [ -98.7305657613297, 20.637312143724859 ], [ -98.730645485723528, 20.63719737618052 ], [ -98.730709269734817, 20.637033001340733 ], [ -98.730681759800916, 20.636776805555794 ], [ -98.730549727821696, 20.636598521388549 ], [ -98.730333344186647, 20.636452368692389 ], [ -98.730080849704848, 20.636302387992188 ], [ -98.729875497496792, 20.636246394086136 ], [ -98.729793458823551, 20.636319843093631 ], [ -98.729696157750936, 20.636398519748059 ], [ -98.729698190241734, 20.636563025257317 ], [ -98.729734838173499, 20.636683282102457 ], [ -98.729775435787346, 20.636831339286172 ], [ -98.72973822534918, 20.636957458478062 ], [ -98.729566387317291, 20.636987162549762 ], [ -98.729403407296843, 20.637004114602352 ], [ -98.729251062609194, 20.636933202972262 ], [ -98.729127747893713, 20.636803759116599 ], [ -98.729046130326836, 20.636692425918472 ], [ -98.728979775463969, 20.636575865087735 ], [ -98.72891996563645, 20.636405234264771 ] ] } },
{ "type": "Feature", "properties": { "ID_OBRA": "528_Mineral de la Reforma", "No.": 528.0, "Municipio": "Mineral de la Reforma", "Rubro": "Vialidades Urbanas", "Ejercicio": 2023.0, "Obra": "Pavimentación de Av. Amaque, localidad Amaque, Mineral de la Reforma", "Localidad": "Amaque", "Inversión": 4969955.16, "Habitantes.beneficiados": 764.0, "Ejecutora": "DGIVC", "Trabajos": "Considera trabajos en la rehabilitación y/o mejoramiento de las vialidades urbanas en la localidad de Amaque muncipio de Mineral de la Reforma", "Geometria_tipo": "Línea", "extract": 0.26743641879579061 }, "geometry": { "type": "LineString", "coordinates": [ [ -98.674110591695097, 20.0706992415904 ], [ -98.672333933254393, 20.075187501722496 ] ] } },
{ "type": "Feature", "properties": { "ID_OBRA": "53_Ajacuba", "No.": 53.0, "Municipio": "Ajacuba", "Rubro": "Vialidades Urbanas", "Ejercicio": 2024.0, "Obra": "Construcción de pavimentación con concreto hidráulico en Calle Tlaloc, en la localidad de Santiago Tezontlale, Colonia Cuauhtémoc, municipio de Ajacuba.", "Localidad": "Santiago Tezontlale", "Inversión": 3939297.39, "Habitantes.beneficiados": 4558.0, "Ejecutora": "DGIVC", "Trabajos": "Considera los trabajos de preliminares, riego de impregnación, piso para pavimento de concreto hidráulico.", "Geometria_tipo": "Línea", "extract": 0.46832328382410432 }, "geometry": { "type": "LineString", "coordinates": [ [ -99.119940377315999, 20.158175665710896 ], [ -99.120146357806306, 20.156420083580603 ], [ -99.120354112947098, 20.154898575603699 ] ] } },
{ "type": "Feature", "properties": { "ID_OBRA": "565_Mineral de la Reforma", "No.": 565.0, "Municipio": "Mineral de la Reforma", "Rubro": "Vialidades Urbanas", "Ejercicio": 2023.0, "Obra": "Pavimentación de concreto hidráulico en avenida San Marco del km. 0+000 al km. 0+420 en la colonia Rinconadas de San Francisco, municipio de Mineral de la Reforma.", "Localidad": "Rinconadas de San Francisco El Venado", "Inversión": 9123952.75, "Habitantes.beneficiados": null, "Ejecutora": "DGOPI", "Trabajos": "Considera los trabajos de preliminares, riego de impregnación, piso para pavimento de concreto hidráulico.", "Geometria_tipo": "Línea", "extract": 0.5731294500736277 }, "geometry": { "type": "LineString", "coordinates": [ [ -98.771277609670406, 20.065609809589802 ], [ -98.763987712842805, 20.066113131014497 ] ] } },
{ "type": "Feature", "properties": { "ID_OBRA": "603_Mineral del Monte", "No.": 603.0, "Municipio": "Mineral del Monte", "Rubro": "Infraestructura Carretera", "Ejercicio": 2022.0, "Obra": "Pago de afectación de la carretera Méx 105 Pachuca - Huejutla, tramo: Real del Monte - entronque Huasca del Km 11+440.91 al Km 19+962.24, subtramo gaza del Km 11+059.99 D., al Km 11+208.10 D. (Juan Manuel González Enríquez)", "Localidad": "Mineral del Monte", "Inversión": 4762130.56, "Habitantes.beneficiados": 1.0, "Ejecutora": "DGEP", "Trabajos": "Considera el pago de afectaciones.", "Geometria_tipo": "Línea", "extract": 0.27126472959128273 }, "geometry": { "type": "LineString", "coordinates": [ [ -98.662050540373116, 20.157961282128749 ], [ -98.662636781867931, 20.159068703071306 ], [ -98.663293774823188, 20.15931508254495 ], [ -98.663885022396087, 20.159657297380384 ], [ -98.66388598529683, 20.160146979654041 ], [ -98.663460685308635, 20.160830265639969 ], [ -98.663926257054413, 20.161819195932281 ] ] } },
{ "type": "Feature", "properties": { "ID_OBRA": "604_Mineral del Monte", "No.": 604.0, "Municipio": "Mineral del Monte", "Rubro": "Infraestructura Carretera", "Ejercicio": 2022.0, "Obra": "Pago de afectación de la Carretera Méx 105 Pachuca Huejutla, tramo: Real del Monte entronque Huasca del Km 11+440.91 al Km 19+962.24, subtramo: Km 11+454.25 al Km 12+164.79 (Carlos Ramírez Soto y José de Jesús López Nieto)", "Localidad": "Mineral del Monte", "Inversión": 15500854.92, "Habitantes.beneficiados": 2.0, "Ejecutora": "DGEP", "Trabajos": "Considera el pago de afectaciones.", "Geometria_tipo": "Línea", "extract": 0.30045515793059174 }, "geometry": { "type": "LineString", "coordinates": [ [ -98.686833627961889, 20.144282190475195 ], [ -98.687638463475579, 20.144675590441029 ], [ -98.687845125903394, 20.144843133857005 ], [ -98.688000975249111, 20.145061056722749 ], [ -98.68805538819629, 20.145327523512179 ], [ -98.688109093211111, 20.145541017936985 ], [ -98.688229418914347, 20.145910641453092 ], [ -98.688301297353846, 20.146171892847462 ], [ -98.688391455035728, 20.146481944580163 ], [ -98.688534747902622, 20.146740901746384 ], [ -98.688678562988727, 20.14700080018331 ], [ -98.688760551330162, 20.147209226346014 ], [ -98.688800204999509, 20.14752265286123 ], [ -98.688934550061745, 20.147733692827622 ], [ -98.689071648121228, 20.148052491642801 ], [ -98.689247872022491, 20.148321035680915 ], [ -98.689424183555914, 20.148589711062929 ], [ -98.689539996736471, 20.148805043177767 ], [ -98.689601193552477, 20.148966210475887 ], [ -98.689609292117794, 20.149234868629371 ], [ -98.689560953308671, 20.149395793361872 ], [ -98.689518628244258, 20.149610409917322 ], [ -98.689476228599986, 20.14982539837985 ], [ -98.689318566462063, 20.150094851137737 ], [ -98.68914462635145, 20.150365292168765 ], [ -98.689026789135568, 20.150581646290082 ], [ -98.688790343191414, 20.150852015167668 ], [ -98.688617121703217, 20.151014166626748 ], [ -98.688388552325037, 20.151230400332285 ], [ -98.688221399181813, 20.151338669259967 ], [ -98.688045610889503, 20.151554833585489 ], [ -98.687818057663151, 20.151771237203743 ], [ -98.687616679216873, 20.151935382757781 ], [ -98.687416309130398, 20.152046010455727 ], [ -98.687216886296795, 20.152102837617441 ], [ -98.68701327604758, 20.152214115133759 ], [ -98.686792419143686, 20.152324222272966 ], [ -98.68651591180145, 20.152489390473146 ], [ -98.686349507158951, 20.152654141505703 ], [ -98.686062044998991, 20.152709261426583 ], [ -98.685761201378838, 20.152817174319519 ], [ -98.685456640704388, 20.152924305547906 ], [ -98.685275248706645, 20.15297774229353 ], [ -98.685035397422922, 20.153031026980411 ], [ -98.684795830921018, 20.153084246275387 ], [ -98.684444309378122, 20.153083663804409 ], [ -98.684025938804666, 20.153190157565589 ], [ -98.683849249150398, 20.153243957555276 ], [ -98.683438639348253, 20.153351562661854 ], [ -98.683152139064546, 20.153406574947155 ], [ -98.682872473461714, 20.153408882438324 ], [ -98.682536202614429, 20.153411659658587 ], [ -98.682259751906329, 20.153415046859866 ], [ -98.681989375132574, 20.15331092283709 ], [ -98.681826071688391, 20.153259050920539 ], [ -98.681606847123192, 20.153207741246199 ], [ -98.681213361981705, 20.153156720306129 ], [ -98.680923876698913, 20.153212337944034 ], [ -98.680632831272277, 20.153322495233784 ], [ -98.680402081804104, 20.153323439914281 ], [ -98.680230221743173, 20.153269607621265 ], [ -98.679942599912906, 20.153216178941136 ], [ -98.679713228358679, 20.153217684179246 ], [ -98.679489081371628, 20.153276006137695 ], [ -98.679202231835063, 20.153278226809611 ], [ -98.678905090970943, 20.153277042781156 ], [ -98.678607081342236, 20.153385553154791 ], [ -98.678310403124215, 20.153494298417055 ], [ -98.678069715761325, 20.153656564746321 ], [ -98.677834433279926, 20.153711063622627 ], [ -98.677601588070885, 20.153711791903504 ], [ -98.677426877648557, 20.153712339128749 ], [ -98.677079098017103, 20.15371447245413 ], [ -98.676795590437195, 20.15372029004493 ], [ -98.676452021532484, 20.153781378191031 ], [ -98.676162643719479, 20.153674286700326 ], [ -98.675870462021493, 20.153676169427289 ], [ -98.675577889020119, 20.153678054486718 ], [ -98.675277794202501, 20.153673687599468 ], [ -98.675038070262275, 20.153614654119338 ], [ -98.674740005272071, 20.153500395015751 ], [ -98.674501703493135, 20.153441767524281 ], [ -98.674149671352865, 20.153331666831807 ], [ -98.673916797534957, 20.153223898433666 ], [ -98.673622896269933, 20.153223576247161 ], [ -98.673328904659556, 20.153222907466731 ], [ -98.673152340544505, 20.153221935850016 ], [ -98.672917155983157, 20.153220641182916 ], [ -98.672740942916377, 20.153219671233696 ], [ -98.672447776503049, 20.153164411986559 ], [ -98.672154674333115, 20.153109162859451 ], [ -98.671861479150323, 20.153055219769612 ], [ -98.671566688775997, 20.15284045601091 ], [ -98.671271888471708, 20.15278696949234 ], [ -98.670975835653934, 20.152734523882657 ], [ -98.670620548236016, 20.152736491021095 ], [ -98.670442619966778, 20.152737474341095 ], [ -98.670145654943397, 20.152739116475839 ], [ -98.669848162233862, 20.1527407610469 ], [ -98.669546794294433, 20.15263349069005 ], [ -98.669305851654045, 20.152580132346177 ], [ -98.669125992595951, 20.15252538326677 ], [ -98.668830162718379, 20.152469107021801 ], [ -98.668594029986465, 20.152468523416641 ], [ -98.668358592181335, 20.152523415739438 ], [ -98.668059977198936, 20.152579945300563 ], [ -98.667816623869271, 20.152582276537764 ], [ -98.667569676718884, 20.152697498714591 ], [ -98.667321615107355, 20.152701193341564 ], [ -98.66707298604743, 20.1528170037537 ], [ -98.666699176288276, 20.152822335204586 ], [ -98.666511151092038, 20.152881497468847 ], [ -98.666259362718364, 20.152998385900904 ], [ -98.666006365532127, 20.15317240952092 ], [ -98.665719802347624, 20.153336577284154 ], [ -98.665546585249785, 20.153390324960334 ], [ -98.665259564187451, 20.153498097899629 ], [ -98.664974299405472, 20.153605216653986 ], [ -98.664745389914216, 20.15365750755986 ], [ -98.664459471487163, 20.153708918224947 ], [ -98.664240399701711, 20.15392546923729 ], [ -98.664006424115058, 20.154091473284065 ], [ -98.663766843814912, 20.154259663333885 ], [ -98.663465759622653, 20.154428691939255 ], [ -98.663225914022561, 20.154597056386201 ], [ -98.663036695903159, 20.154825187884839 ], [ -98.662837242831671, 20.155002149234214 ], [ -98.66270008873957, 20.155234585145578 ], [ -98.66256241510952, 20.155467881911374 ], [ -98.662554905004001, 20.155696787407205 ], [ -98.662416587182008, 20.155931586051718 ], [ -98.662343379725343, 20.156164370080617 ], [ -98.662269977708121, 20.156397778263184 ], [ -98.66219382477297, 20.156689951181452 ], [ -98.66207666566207, 20.15691452084884 ], [ -98.661962432399903, 20.15713719096512 ], [ -98.661842825619416, 20.157419665835146 ], [ -98.661657814717799, 20.157648768129864 ], [ -98.661473090923224, 20.157821106257629 ], [ -98.661348995128975, 20.158049989908168 ], [ -98.661102806358585, 20.158223138407799 ], [ -98.660931916511842, 20.15849965763886 ], [ -98.660756290104757, 20.158665917425008 ], [ -98.660580832821935, 20.158832019723945 ], [ -98.66029786604399, 20.159045686396645 ], [ -98.660086670218263, 20.159194872126324 ], [ -98.659872043309463, 20.159346373741268 ], [ -98.659422119688458, 20.159479732903471 ], [ -98.65882309143899, 20.159480103202476 ], [ -98.658585944584559, 20.159534526854955 ], [ -98.658285417008571, 20.159535522355007 ], [ -98.658044133480772, 20.15953681459159 ], [ -98.657865569767907, 20.159592301794603 ], [ -98.657565940491182, 20.159704900878424 ], [ -98.657388981223406, 20.159815567532547 ] ] } },
{ "type": "Feature", "properties": { "ID_OBRA": "610_Mixquiahuala de Juárez", "No.": 610.0, "Municipio": "Mixquiahuala de Juárez", "Rubro": "Infraestructura Carretera", "Ejercicio": 2024.0, "Obra": "Pavimentación de camino Juandho - Cañada, en el municipio de Mixquiahuala de Juárez", "Localidad": "Cañada", "Inversión": 8377531.47, "Habitantes.beneficiados": 1347.0, "Ejecutora": "DGIVC", "Trabajos": "Pavimentación de camino Juandhó - Cañada, en el municipio de Mixquiahuala de Juárez , la obra considera los siguientes trabajos preliminares, terracerías, subrasante, construcción de base hidráulica, riego de impregnación, carpeta asfáltica, señalamiento y cunetas.", "Geometria_tipo": "Línea", "extract": 0.36416239092535169 }, "geometry": { "type": "LineString", "coordinates": [ [ -99.187908819450527, 20.157564163310088 ], [ -99.187896916656555, 20.171623655672786 ] ] } },
{ "type": "Feature", "properties": { "ID_OBRA": "618_Molango de Escamilla", "No.": 618.0, "Municipio": "Molango de Escamilla", "Rubro": "Infraestructura Carretera", "Ejercicio": 2023.0, "Obra": "Construcción de pavimentación del camino Acayuca E.C. (Otongo - Tepehuacán de Guerrero), en el municipio de Molango.", "Localidad": "Acayuca", "Inversión": 4842188.0, "Habitantes.beneficiados": 681.0, "Ejecutora": "DGCCE", "Trabajos": "Considera los trabajos de preliminares y pavimento en la localidad de Acayuca municipio de Molango de Escamilla.", "Geometria_tipo": "Línea", "extract": 0.17294938679016039 }, "geometry": { "type": "LineString", "coordinates": [ [ -98.781912440610157, 20.964481149677155 ], [ -98.782000364213999, 20.964350586662999 ], [ -98.782176363042595, 20.964379095710601 ], [ -98.782310427198439, 20.964375529719412 ], [ -98.782415269312722, 20.964285691639006 ], [ -98.782397546557874, 20.964142282540006 ], [ -98.782367906681912, 20.964007704020069 ], [ -98.782377175526577, 20.963825227873418 ], [ -98.782430207411579, 20.963611141100923 ], [ -98.782499754631161, 20.96349988027826 ], [ -98.782601327912289, 20.963383013211065 ], [ -98.782658589746774, 20.963236447097227 ], [ -98.78273231286714, 20.963046791195399 ], [ -98.78276685182054, 20.96293925231166 ], [ -98.782734044884151, 20.962857526583065 ], [ -98.782669261689364, 20.962774967744082 ], [ -98.782581886901681, 20.962647604243383 ], [ -98.782557763742446, 20.96251582524151 ], [ -98.78261115554173, 20.962331747949406 ], [ -98.782747537922447, 20.962083061017417 ], [ -98.782869997400979, 20.961930092690409 ], [ -98.782988172131283, 20.961741003829065 ], [ -98.783004826845385, 20.961719567029352 ], [ -98.783051772487582, 20.961670885748202 ], [ -98.78310439503079, 20.961604241415806 ], [ -98.783253386200769, 20.961532701788201 ], [ -98.783393523640697, 20.961503203983305 ], [ -98.783490072279065, 20.961461988790944 ], [ -98.783596724440144, 20.961386022492043 ], [ -98.783713583258432, 20.961276254705851 ], [ -98.783790986879779, 20.9612102402419 ], [ -98.783943804737305, 20.96110493089791 ], [ -98.78402044289831, 20.961034672434767 ] ] } },
{ "type": "Feature", "properties": { "ID_OBRA": "619_Molango de Escamilla", "No.": 619.0, "Municipio": "Molango de Escamilla", "Rubro": "Infraestructura Carretera", "Ejercicio": 2024.0, "Obra": "Construcción de muro de contención de la C.E. Otongo - Acayuca, municipio de Molango de Escamilla", "Localidad": "Acayuca", "Inversión": 1164019.7, "Habitantes.beneficiados": 681.0, "Ejecutora": "DGCCE", "Trabajos": "Considera en los trabajos la construcción de muros de contención en la Localidad de Acayuca.", "Geometria_tipo": "Línea", "extract": 0.18957196151277383 }, "geometry": { "type": "LineString", "coordinates": [ [ -98.782133434129364, 20.96437262132255 ], [ -98.782311278759025, 20.964370852641942 ], [ -98.782407427035864, 20.96429066930699 ], [ -98.782405565763725, 20.964162842571923 ], [ -98.782371995532742, 20.964042451814354 ], [ -98.782388086208584, 20.963925164243015 ] ] } },
{ "type": "Feature", "properties": { "ID_OBRA": "62_Alfajayucan", "No.": 62.0, "Municipio": "Alfajayucan", "Rubro": "Infraestructura Carretera", "Ejercicio": 2024.0, "Obra": "Pavimentación asfáltica de 2 tramos de la C.M. Chilcuautla - Alfajayucan, en el municipio de Alfajayucan", "Localidad": "Cerro Azul", "Inversión": 8900829.86, "Habitantes.beneficiados": 342.0, "Ejecutora": "DGCCE", "Trabajos": "Considera los trabajos de capa subbase, riego de impregnación, suministro y aplicación de riego de liga con emulsión asfáltica", "Geometria_tipo": "Línea", "extract": -0.58248242235606251 }, "geometry": { "type": "LineString", "coordinates": [ [ -99.322603232743106, 20.367472233628501 ], [ -99.322610631726022, 20.366972812276401 ], [ -99.322514444948794, 20.366660673110601 ], [ -99.322248081565803, 20.366341596866498 ], [ -99.321996516148417, 20.3662722323783 ], [ -99.321515582262421, 20.366043329346102 ], [ -99.321177078796396, 20.365895929486598 ], [ -99.320966207784906, 20.365557776335798 ], [ -99.320836725584797, 20.3652126859463 ], [ -99.32080897939899, 20.365067019419698 ], [ -99.320860772279005, 20.3647670153068 ], [ -99.320853373296188, 20.364354291932596 ], [ -99.320742388553299, 20.363948504009901 ], [ -99.320624004827508, 20.363445602967296 ], [ -99.320472325678807, 20.363279125019798 ], [ -99.320109775518503, 20.363206290861399 ], [ -99.3199987907756, 20.363095305411004 ], [ -99.319691732986797, 20.362824778041304 ], [ -99.319196001135097, 20.362762348580901 ], [ -99.318485698780293, 20.362810904829995 ], [ -99.317841987271294, 20.3629981930764 ], [ -99.317375851351002, 20.363289529896804 ], [ -99.317028099156502, 20.363393578628003 ], [ -99.316569362218985, 20.363393578627996 ], [ -99.315829463932786, 20.363365832306599 ], [ -99.315200550389505, 20.363351959144001 ], [ -99.314801005315005, 20.363497627289096 ], [ -99.314608631760493, 20.363428261522799 ], [ -99.31455683888052, 20.363303403065004 ], [ -99.314571636846225, 20.363150798146101 ], [ -99.314645626674903, 20.363012066270802 ] ] } },
{ "type": "Feature", "properties": { "ID_OBRA": "621_Molango de Escamilla", "No.": 621.0, "Municipio": "Molango de Escamilla", "Rubro": "Infraestructura Carretera", "Ejercicio": 2024.0, "Obra": "Construye tu Camino del tramo Acayuca-Cuxhuacan, en el municipio de Molango de Escamilla", "Localidad": "Cuxhuacan", "Inversión": 7292093.09, "Habitantes.beneficiados": 700.0, "Ejecutora": "DGCCE", "Trabajos": "Considera los trabajos de construcción de huellas de concreto hidráulico y empedrado en la localidad, el cual consta de terracerías y pisos de concreto.", "Geometria_tipo": "Línea", "extract": 0.19635551082255262 }, "geometry": { "type": "LineString", "coordinates": [ [ -98.782356148486187, 20.964425950950346 ], [ -98.782399292558139, 20.964090053169802 ], [ -98.782389002138373, 20.963970367088745 ], [ -98.782377058994527, 20.963876596290799 ], [ -98.782385930598736, 20.963755377553166 ], [ -98.78237237283129, 20.963687650174087 ], [ -98.782382480848369, 20.963548018587328 ], [ -98.782459492791915, 20.963489761911486 ], [ -98.782535840232669, 20.963432008004258 ], [ -98.782612858049674, 20.963352380094424 ], [ -98.782654510208687, 20.963255474313808 ], [ -98.782714150848875, 20.963152355158947 ], [ -98.78273742254305, 20.963056816695701 ], [ -98.782726899409923, 20.962942328581239 ], [ -98.782696255652198, 20.962877119135129 ], [ -98.782665834162259, 20.962812562493696 ], [ -98.782603900825791, 20.962708740009838 ], [ -98.782541010108687, 20.962628630367217 ], [ -98.782547835736636, 20.962526356667134 ], [ -98.782552799013231, 20.962447865269844 ], [ -98.782592968367169, 20.962346480867186 ], [ -98.782649510943173, 20.962244287373771 ], [ -98.782685369789519, 20.962202141388563 ], [ -98.782722937765556, 20.962123448763236 ], [ -98.782791400172599, 20.962079193116129 ], [ -98.782877540640925, 20.961996976439639 ], [ -98.782963364147577, 20.961898066234887 ], [ -98.782997625625342, 20.961844566695969 ], [ -98.783064588366798, 20.96177141091621 ], [ -98.783097845394565, 20.961735078413419 ], [ -98.78321168765801, 20.961674064261636 ], [ -98.7833247417271, 20.961597475106473 ], [ -98.783404389372947, 20.961573065039634 ], [ -98.783483792179737, 20.961532774018337 ], [ -98.783515434855644, 20.961513539116705 ], [ -98.783578517316897, 20.961458943061938 ], [ -98.783703245552701, 20.961346068983165 ], [ -98.783749284534807, 20.961261552498431 ], [ -98.78379473387588, 20.961174141437731 ], [ -98.783824556657933, 20.961103846566989 ], [ -98.783854083653907, 20.961034248005973 ], [ -98.783883091592102, 20.960949307463572 ], [ -98.783896939049185, 20.960868882854331 ], [ -98.783939817729248, 20.960755546949713 ], [ -98.783939580722745, 20.960740603897833 ], [ -98.783967182143002, 20.9606316771197 ], [ -98.783994961853935, 20.960553393626416 ], [ -98.784007839181811, 20.960487378935422 ], [ -98.784047168228895, 20.960352096894066 ], [ -98.7840594310711, 20.96028686184102 ], [ -98.784042962131466, 20.960211771559056 ], [ -98.784026226181822, 20.960122231220648 ], [ -98.784010235176979, 20.960050033752882 ], [ -98.783994115520812, 20.959964837821953 ], [ -98.783978179004677, 20.959880610455073 ], [ -98.783976302185522, 20.959807531015077 ], [ -98.783987146089132, 20.959702966993511 ], [ -98.783984758143873, 20.959616788585198 ], [ -98.783981626278504, 20.959503777134259 ], [ -98.783979671313361, 20.95943396183727 ], [ -98.783964353677717, 20.959365119851384 ], [ -98.783936056561274, 20.959298792581887 ], [ -98.783881212966563, 20.959209072731319 ], [ -98.783827603195078, 20.959148693351274 ], [ -98.783813541299537, 20.959073999529025 ], [ -98.783800061869982, 20.959037674178891 ], [ -98.78374752174814, 20.958993290129271 ], [ -98.783708080350763, 20.958943091229155 ], [ -98.783656012837071, 20.958946028205595 ], [ -98.783590684650633, 20.95896287223934 ], [ -98.783551106704124, 20.958992499945964 ], [ -98.783484224228715, 20.959053237439029 ], [ -98.783470213732059, 20.959095259231677 ], [ -98.78342859129458, 20.959168196670522 ], [ -98.783399644213233, 20.959254152953456 ], [ -98.783398360133205, 20.959310086732479 ], [ -98.783396714006884, 20.959381078632585 ], [ -98.783381135844948, 20.959454868879153 ], [ -98.783364952192827, 20.959544472741811 ], [ -98.783349302731082, 20.959605657689981 ], [ -98.783346851020511, 20.959696027953427 ], [ -98.783359501168775, 20.959755201285006 ], [ -98.783315159844022, 20.959807184297294 ], [ -98.783286814059153, 20.959795550091428 ], [ -98.783201858805683, 20.959760682023724 ], [ -98.78314598105203, 20.959722105905442 ], [ -98.783104021474614, 20.959697088186829 ], [ -98.78307739276724, 20.959655102592212 ], [ -98.783022772262797, 20.959602619991688 ], [ -98.782982899497128, 20.959548596073624 ], [ -98.78297294212264, 20.959476651608931 ], [ -98.782963102985178, 20.959405559423374 ], [ -98.782938269128593, 20.959351336659083 ], [ -98.782886248301878, 20.959286662812922 ], [ -98.782875112704858, 20.959245636624519 ], [ -98.782839695354468, 20.959153236580839 ], [ -98.782817701750886, 20.959074262246215 ], [ -98.782805759322059, 20.959048706341811 ], [ -98.782741113748969, 20.958989255095606 ], [ -98.782716523067322, 20.958952175481802 ], [ -98.782693140962806, 20.958902233949281 ], [ -98.782697554492941, 20.9588501082672 ], [ -98.782703014586744, 20.958785622471741 ], [ -98.782707337969029, 20.958734562282839 ], [ -98.782725320906337, 20.958682506721797 ], [ -98.782757726797328, 20.958617132223047 ], [ -98.782776218736359, 20.958554007906042 ], [ -98.782793528351192, 20.958503806244551 ], [ -98.782824547042665, 20.958441684003301 ], [ -98.782826971651303, 20.958406544918606 ], [ -98.782858078650349, 20.958334536757793 ], [ -98.782874220585626, 20.95828746796726 ], [ -98.782903211542234, 20.958239711871787 ], [ -98.782920402518258, 20.958171080240771 ], [ -98.782936699539576, 20.958114375459235 ], [ -98.782939406384486, 20.958070235322175 ], [ -98.782940751881355, 20.958048290378727 ], [ -98.782930731077002, 20.958005593781905 ], [ -98.782922826602828, 20.957930852462855 ], [ -98.78291295435217, 20.957888915856397 ], [ -98.782917035725092, 20.957825321560694 ], [ -98.782919694127287, 20.957774235766014 ], [ -98.78292307451764, 20.957713015502456 ], [ -98.782936962856326, 20.9576821988035 ], [ -98.782963958585455, 20.957631133770132 ], [ -98.782967329613143, 20.957570858654339 ], [ -98.782958193476702, 20.957521243279665 ], [ -98.782961563119372, 20.95746202879722 ], [ -98.782951964582864, 20.957423019987367 ], [ -98.782932944005708, 20.957345720140509 ], [ -98.782900666890214, 20.95729811495243 ], [ -98.782867588890454, 20.957260819078275 ], [ -98.782833474588031, 20.95723373562657 ], [ -98.782799414115004, 20.957206695035481 ], [ -98.782767197666544, 20.957160524523726 ], [ -98.78273600945073, 20.95710518901835 ], [ -98.782702256785782, 20.957078461232783 ], [ -98.782669652636756, 20.957042298430711 ], [ -98.782649114370813, 20.957005949383635 ], [ -98.782628673535669, 20.956969772606175 ], [ -98.782632963439497, 20.956924092762971 ], [ -98.782624538019874, 20.956888084379496 ], [ -98.78261990612485, 20.956807778874005 ], [ -98.782620619412199, 20.956798931274172 ], [ -98.782637102515437, 20.956737219137732 ], [ -98.782651364195203, 20.956702192180241 ], [ -98.782664864677415, 20.956676037311539 ], [ -98.782680950780943, 20.956615594027603 ], [ -98.782694281774766, 20.95658983628967 ], [ -98.78272138552127, 20.95653022045839 ], [ -98.7827357542225, 20.956488042580858 ], [ -98.782772971093152, 20.956437795148819 ], [ -98.782808024932947, 20.956412841800049 ], [ -98.782864823228849, 20.95638802032116 ], [ -98.78293017226045, 20.956371590701952 ], [ -98.782984213164966, 20.956363388099938 ], [ -98.782994970713801, 20.956363391237261 ], [ -98.783059563732934, 20.956363409094315 ], [ -98.783102210050941, 20.956379890659822 ], [ -98.783166382016049, 20.956404691087624 ], [ -98.783208717208097, 20.956437899210368 ], [ -98.783239936979271, 20.95647968970972 ], [ -98.783271879336823, 20.95650493006006 ], [ -98.783325871345752, 20.956530328255297 ], [ -98.783369520815953, 20.956538874049251 ], [ -98.783424253925702, 20.95654746162753 ], [ -98.783479368369441, 20.956547424536858 ], [ -98.783523418827912, 20.956555779013403 ], [ -98.78354531326967, 20.956581108770298 ], [ -98.783578165043423, 20.956632100193044 ], [ -98.783589102848666, 20.956657822174574 ], [ -98.783611100359522, 20.956709552305938 ], [ -98.783644421556886, 20.95675317720201 ], [ -98.783677975206075, 20.956788416609868 ], [ -98.783711742824423, 20.956823880849143 ], [ -98.783734426152463, 20.956859357578292 ], [ -98.783779974212607, 20.956904268057215 ], [ -98.783814228526708, 20.956939819021269 ], [ -98.783860103591039, 20.956984508684879 ], [ -98.783894444393411, 20.956993822086641 ], [ -98.783929145955383, 20.957029774785994 ], [ -98.78396388781691, 20.957056969999211 ], [ -98.784010030084019, 20.957066584574669 ], [ -98.784068134559021, 20.957094297052361 ], [ -98.784114582791261, 20.957103996041486 ], [ -98.784161242810271, 20.957113851419084 ], [ -98.784242717350494, 20.957115201775391 ], [ -98.78431307132746, 20.957125448158965 ], [ -98.784383860346864, 20.957135904825339 ], [ -98.784454630288764, 20.957137298256502 ], [ -98.784501949460207, 20.957138229972152 ], [ -98.78457313815413, 20.957139631631627 ], [ -98.78463305748997, 20.957149954161483 ], [ -98.784681241219047, 20.95716007482724 ], [ -98.784752672573504, 20.957152336402196 ], [ -98.784812268772654, 20.95714433974722 ], [ -98.784884054918976, 20.957136560713025 ], [ -98.784920247470623, 20.95713724334372 ], [ -98.784980366380111, 20.957147077606535 ], [ -98.785017508869828, 20.957174953323829 ], [ -98.785066598358085, 20.957202961889294 ], [ -98.785126410912099, 20.957221418769123 ], [ -98.785174534016491, 20.957239899256756 ], [ -98.785222332641808, 20.957249242886487 ], [ -98.785283975892582, 20.957268666450069 ], [ -98.785320212244599, 20.957269132887291 ], [ -98.785393533989819, 20.957279425454132 ], [ -98.785442786031624, 20.957289428712251 ], [ -98.785515676309018, 20.95729038587816 ], [ -98.785588713938182, 20.957291345015296 ], [ -98.785674111539933, 20.957292466386892 ], [ -98.785734343700469, 20.957283856743324 ], [ -98.785793711201762, 20.957265834990253 ], [ -98.785852137771727, 20.957238424975284 ], [ -98.785910513424611, 20.957211038941374 ], [ -98.785957570136247, 20.957192890648574 ], [ -98.786015863313594, 20.957165541414462 ], [ -98.786065960476733, 20.957175451108796 ], [ -98.786118276808111, 20.957204144520922 ], [ -98.786182953176507, 20.957233034883252 ], [ -98.786224239949973, 20.957271185546887 ], [ -98.78624299027507, 20.957319037535431 ], [ -98.786273700844689, 20.95735797537116 ], [ -98.786303269756672, 20.957387474227588 ], [ -98.786319978309749, 20.957416726561878 ], [ -98.786389752232168, 20.957466323460451 ], [ -98.786444571015352, 20.957496494574727 ], [ -98.786496885897009, 20.957507246730209 ], [ -98.786523791649813, 20.957517524098076 ], [ -98.786602058006579, 20.957528886149095 ], [ -98.786679483369994, 20.957530598229535 ], [ -98.78671672051297, 20.957521605331781 ], [ -98.786779878748106, 20.957513172172046 ], [ -98.786830002446791, 20.957504395741555 ], [ -98.786879374142842, 20.957495331953382 ], [ -98.786943305798715, 20.957496340947799 ], [ -98.787010936782053, 20.957517153290642 ], [ -98.787038425220459, 20.957527485777501 ], [ -98.787095394626576, 20.95755816529487 ], [ -98.787174166427477, 20.957569244577186 ], [ -98.787240097410844, 20.957580098640904 ], [ -98.787297135925598, 20.957610818585891 ], [ -98.787289959933872, 20.957640736709628 ], [ -98.787422912489745, 20.957601621621606 ], [ -98.787546221505423, 20.957661153671346 ], [ -98.787597198106923, 20.957673738418851 ], [ -98.787639241602463, 20.957651977652578 ], [ -98.787679898364274, 20.957641566367005 ], [ -98.787740066795024, 20.957595474386764 ], [ -98.787784006295169, 20.957572061211703 ], [ -98.787814115880835, 20.957548967125195 ], [ -98.78787409977835, 20.957502958923847 ], [ -98.787935030807489, 20.957446023411755 ], [ -98.787994359472592, 20.957400544135176 ], [ -98.788039852032497, 20.957355526255675 ], [ -98.788083950913645, 20.957321741018344 ], [ -98.788130024329504, 20.957266270351997 ], [ -98.788175406558082, 20.957211470050826 ], [ -98.788218460980204, 20.957178587730045 ], [ -98.788276651226482, 20.957124147557209 ], [ -98.788321316428821, 20.957070117783683 ], [ -98.788364781128507, 20.957027037711295 ], [ -98.788419565429834, 20.956985358039901 ], [ -98.788461141554734, 20.956943836962946 ], [ -98.788501746577737, 20.95691296718185 ], [ -98.788543118614953, 20.956871636564795 ], [ -98.788597837657562, 20.956820190892454 ], [ -98.788664233103674, 20.956779586070311 ], [ -98.788703702986638, 20.95675943139376 ], [ -98.788781824240843, 20.95672957402255 ], [ -98.788846538134095, 20.956709906278281 ], [ -98.788909256718938, 20.956721450784141 ], [ -98.788959674876423, 20.956732561995768 ], [ -98.78899741446034, 20.956743506726035 ], [ -98.789046285528585, 20.956786019884916 ], [ -98.789069353756886, 20.95682870062808 ], [ -98.789091838806655, 20.956872386768087 ], [ -98.789101522931702, 20.956926058246026 ], [ -98.78911179481743, 20.956969389732635 ], [ -98.78910858582428, 20.957033373270473 ], [ -98.78910585319791, 20.957087015058082 ], [ -98.789115546344661, 20.957142015933975 ], [ -98.789137694935533, 20.95719864537174 ], [ -98.789160475935816, 20.957244851154531 ], [ -98.78918340766846, 20.957291362223572 ], [ -98.789206491241231, 20.957338181743971 ], [ -98.789217466030649, 20.957372995879521 ], [ -98.789253727919842, 20.957421386482395 ], [ -98.789302126891755, 20.957494135816326 ], [ -98.789352180684304, 20.95754457166003 ], [ -98.789389477261523, 20.95759431080581 ], [ -98.789427583223414, 20.957632748650056 ], [ -98.78946594601463, 20.957671444931247 ], [ -98.789517498681732, 20.95772344622754 ], [ -98.789570395481249, 20.957752116359021 ], [ -98.789623238469375, 20.957792929289379 ], [ -98.789676848387828, 20.957822155890998 ], [ -98.789745302554593, 20.95783911523149 ], [ -98.789828607300379, 20.95784345197092 ], [ -98.789884311918613, 20.957846351860745 ], [ -98.789954132391742, 20.957849986561179 ], [ -98.790024289023222, 20.957841916268308 ], [ -98.790080444666998, 20.957844825344058 ], [ -98.790164869562631, 20.957860956940038 ], [ -98.790249704269172, 20.957865373113098 ], [ -98.790349079163164, 20.957871081917691 ], [ -98.790363292041235, 20.957859946728949 ], [ -98.790462991702043, 20.957852158707727 ], [ -98.790534158998739, 20.957841333035908 ], [ -98.790619517597406, 20.957830201428024 ], [ -98.790719104770659, 20.957819215955389 ], [ -98.790747616872622, 20.957819502199541 ], [ -98.790804661534352, 20.957820074967643 ], [ -98.790918832477175, 20.957821221193655 ], [ -98.790961674591472, 20.957821651285236 ], [ -98.791075995361965, 20.957822798942271 ], [ -98.791190425335145, 20.957823947598072 ], [ -98.791290150821126, 20.957812941854861 ], [ -98.791389859238961, 20.957801937683147 ], [ -98.791432826884716, 20.957802364660107 ], [ -98.791546879240826, 20.957791533224992 ], [ -98.791646646207255, 20.957780657425229 ], [ -98.79174640672062, 20.957769782025579 ], [ -98.791802467405944, 20.957746659909198 ], [ -98.791915284879849, 20.957712594568648 ], [ -98.791929675959906, 20.957712811368371 ], [ -98.792014500408342, 20.957690412471415 ], [ -98.79207047237152, 20.957667604833599 ], [ -98.792099263414556, 20.957668029512103 ], [ -98.792197494142897, 20.957634067345523 ], [ -98.792254204142054, 20.957623104225789 ], [ -98.792367595190655, 20.957601183153432 ], [ -98.79245410165116, 20.957602418689437 ], [ -98.792527559674909, 20.957604705768972 ], [ -98.792560967422105, 20.957641922281844 ], [ -98.792626331599223, 20.957693264078252 ], [ -98.79264561682001, 20.957730712286015 ], [ -98.792699787711186, 20.957807018910341 ], [ -98.792750004202745, 20.957846683043865 ], [ -98.792814913129945, 20.957875478194509 ], [ -98.792880191198066, 20.95790443706159 ], [ -98.792945841517167, 20.957933561168907 ], [ -98.792995999518524, 20.957961688581367 ], [ -98.793108794113664, 20.95798225845596 ], [ -98.793155342667902, 20.957973371069773 ], [ -98.793231806313159, 20.957964844559331 ], [ -98.793283642131996, 20.958016141439224 ], [ -98.793320297901346, 20.958067119792986 ], [ -98.793355646952477, 20.958105812562266 ], [ -98.793470379042787, 20.958160278685693 ], [ -98.793538261991927, 20.958201310188279 ], [ -98.7935927837393, 20.958254925987763 ], [ -98.793661752538284, 20.958296760704656 ], [ -98.793727392224042, 20.95831292168398 ], [ -98.793791361531717, 20.958316174880348 ], [ -98.793888127025255, 20.958332921224205 ], [ -98.794028359147163, 20.958359512782799 ], [ -98.794086032395683, 20.958334657604393 ], [ -98.794146361053521, 20.95832330401371 ], [ -98.794190916880879, 20.958311421343222 ], [ -98.794272681844262, 20.958327555529635 ], [ -98.794323017883656, 20.95834267060108 ], [ -98.794402305983937, 20.958345351491296 ], [ -98.794484732909154, 20.958361603439226 ], [ -98.794563151101514, 20.958363471377471 ], [ -98.794623193074685, 20.958386090678996 ], [ -98.794675625819053, 20.958369152856861 ], [ -98.794704539519756, 20.958368276938579 ], [ -98.79488883155156, 20.958374521453702 ], [ -98.795082758132565, 20.958251613549969 ], [ -98.795110431416219, 20.958157379996006 ], [ -98.795121832265394, 20.958046679949316 ], [ -98.795134958850937, 20.957919230689015 ], [ -98.795107724678303, 20.957820923360639 ], [ -98.795119264423079, 20.957713347077078 ], [ -98.795097871914692, 20.957590670595827 ], [ -98.795112446487025, 20.957465669719578 ], [ -98.795102927783375, 20.957397071394759 ], [ -98.795115255730082, 20.9572923326097 ], [ -98.795107196129024, 20.957209430934959 ], [ -98.795098079318905, 20.957129732241349 ], [ -98.7950908455513, 20.957046876678149 ], [ -98.795064394086552, 20.95698305956769 ], [ -98.79505809606286, 20.956900216139111 ], [ -98.795047306698308, 20.956851898849468 ], [ -98.795058660350421, 20.956768065119469 ], [ -98.795063164781169, 20.956734807778435 ], [ -98.795061449646312, 20.956621866531403 ], [ -98.795034393479028, 20.95656375715684 ], [ -98.795007045229511, 20.956506709816512 ], [ -98.794993420542525, 20.956478290120685 ], [ -98.794956831884122, 20.956374704309706 ], [ -98.794950247279644, 20.956311582363 ], [ -98.794966635779204, 20.956214027236562 ], [ -98.79498276124086, 20.956118040589061 ], [ -98.79499600200883, 20.956039222808936 ], [ -98.794974571332318, 20.955966791347372 ], [ -98.794959825822701, 20.955954151931255 ], [ -98.794920760041151, 20.955885989240098 ], [ -98.794881965289818, 20.955818298514739 ], [ -98.794823588176939, 20.95576835243255 ], [ -98.794786974234043, 20.955699413398911 ], [ -98.79475925887003, 20.955673163850175 ], [ -98.794724867659667, 20.955603040479655 ], [ -98.794670996969927, 20.955550098970711 ], [ -98.794644455032056, 20.955523453114971 ], [ -98.794595485675686, 20.955455190995519 ], [ -98.794547275575169, 20.95538728635335 ], [ -98.794525936624154, 20.955345557508192 ], [ -98.794496119975321, 20.955276211224721 ], [ -98.7944627971942, 20.95522208302453 ], [ -98.794454334729934, 20.955194571672429 ], [ -98.794409917928434, 20.955116554358248 ], [ -98.794356994330158, 20.955068177903133 ], [ -98.794317966690812, 20.955031648290124 ], [ -98.794283859958043, 20.954980893386988 ], [ -98.79426672189922, 20.954928946146385 ], [ -98.794228776544244, 20.954839848422051 ], [ -98.794203772714724, 20.954763890697919 ], [ -98.794179089236238, 20.954688905123419 ], [ -98.79415471987447, 20.954614873516221 ], [ -98.794122315202927, 20.954567243277292 ], [ -98.794106431504204, 20.954518775628291 ], [ -98.794066637068795, 20.954447928109857 ], [ -98.794023010623491, 20.954390172171721 ], [ -98.793991621886818, 20.9543336472709 ], [ -98.793969625505156, 20.95428969874575 ], [ -98.793954025857403, 20.954222764037571 ], [ -98.793905330565607, 20.954168759022537 ], [ -98.793869632592063, 20.954125577721417 ], [ -98.793848656214138, 20.954082230914327 ], [ -98.793808371194274, 20.954051102492379 ], [ -98.793774132813169, 20.953997658999228 ], [ -98.793750375732401, 20.953965850425821 ], [ -98.793729715853161, 20.9539230599371 ], [ -98.79373157338668, 20.953857865094214 ], [ -98.793746643764024, 20.953803494966454 ], [ -98.793777591006233, 20.95374909022128 ], [ -98.793821400349344, 20.953705349689301 ], [ -98.793892180476348, 20.953671893897862 ], [ -98.793955708173172, 20.953639968038456 ], [ -98.794033623260688, 20.953607970396678 ], [ -98.794093921872403, 20.953596683458347 ], [ -98.794168556580132, 20.953585175290591 ], [ -98.794212455735959, 20.953584327252177 ], [ -98.794285277981473, 20.953582920387667 ], [ -98.794372101516558, 20.953581243253048 ], [ -98.794416268078322, 20.953570460398321 ], [ -98.794504036178296, 20.953549033409097 ], [ -98.794589681461844, 20.953528034151155 ], [ -98.794646547492761, 20.95349799433054 ], [ -98.794717438817486, 20.95345821286142 ], [ -98.7947744665546, 20.953418791647916 ], [ -98.79483194742275, 20.953369917343128 ], [ -98.794860168978758, 20.953350421825579 ], [ -98.794931111603617, 20.953292325834429 ], [ -98.794972207888179, 20.953272990155515 ], [ -98.795040110747294, 20.953244090798176 ], [ -98.79510834317577, 20.9532058530454 ], [ -98.795216386040906, 20.95314892778849 ], [ -98.795295154852667, 20.953111282171406 ], [ -98.795359216895591, 20.953092537449166 ], [ -98.795410001500557, 20.953083190160097 ], [ -98.795498791693973, 20.953064539265863 ], [ -98.795549325367773, 20.953055239776361 ], [ -98.795649649910445, 20.953045993767777 ], [ -98.795712379653835, 20.953036742812802 ], [ -98.795799820581749, 20.95302753305873 ], [ -98.795886650427406, 20.953027612602767 ], [ -98.795959368280975, 20.953036866155667 ], [ -98.796019283249507, 20.953046094595191 ], [ -98.79606764085824, 20.953046053244133 ], [ -98.796152123861646, 20.953055299769552 ], [ -98.796224437749956, 20.953073934459375 ], [ -98.796296774800041, 20.953102028423157 ], [ -98.796332679808117, 20.953130242052541 ], [ -98.796368215889743, 20.953177466913214 ], [ -98.79638002165396, 20.953196424702298 ], [ -98.796465333290058, 20.95322518009343 ], [ -98.796477412092131, 20.953234761457203 ], [ -98.796513076595318, 20.953292394026281 ], [ -98.796549664602267, 20.953321490263107 ], [ -98.796585848533653, 20.953379842005681 ], [ -98.796635141618836, 20.953419295684121 ], [ -98.796647158618001, 20.95344883101723 ], [ -98.796709320528066, 20.953498984375159 ], [ -98.796746685086092, 20.953549198606773 ], [ -98.796797102460701, 20.953600153484121 ], [ -98.796835138413556, 20.953651302604136 ], [ -98.796886432576713, 20.953722910138744 ], [ -98.79696431891, 20.953785464713601 ], [ -98.79702979154267, 20.953817735826259 ], [ -98.797095772439917, 20.953860452476253 ], [ -98.797162387320654, 20.953903987176009 ], [ -98.797202895374113, 20.953957361458826 ], [ -98.797243818741379, 20.95402160275966 ], [ -98.797325718924782, 20.954077638810958 ], [ -98.79738073025446, 20.954111684947481 ], [ -98.797435950283443, 20.954135332369944 ], [ -98.797506247326822, 20.954192374535118 ], [ -98.797562997387232, 20.954217714815549 ], [ -98.797606751457053, 20.95426436827924 ], [ -98.797650161664023, 20.954289289634783 ], [ -98.797708655695502, 20.954326506614766 ], [ -98.797767675958852, 20.954364010760536 ], [ -98.797826388737263, 20.954389981745841 ], [ -98.797870570639915, 20.9544040804353 ], [ -98.797929749674907, 20.954419310611534 ], [ -98.798005379898385, 20.954437207194655 ], [ -98.798080055128636, 20.954453123918871 ], [ -98.798155935445394, 20.954480654295871 ], [ -98.798218046841512, 20.954519033714721 ], [ -98.798280694623088, 20.954557744896476 ], [ -98.798314006581833, 20.954606442924074 ], [ -98.798348288056033, 20.954667259225857 ], [ -98.79833725815638, 20.954726022620246 ], [ -98.798326738343832, 20.954785781763228 ], [ -98.798332091413926, 20.954847673376111 ], [ -98.798336404471598, 20.954897540122289 ], [ -98.798324699989664, 20.954945827633409 ], [ -98.798314013691297, 20.955006971022147 ], [ -98.798287003293495, 20.955066184084256 ], [ -98.79828980229442, 20.95510391550345 ], [ -98.798308750927944, 20.955143895939415 ], [ -98.798362326375553, 20.955213991849551 ], [ -98.798381693871676, 20.955254718841918 ], [ -98.798387800059729, 20.95533231707579 ], [ -98.798412089585185, 20.955404062218385 ], [ -98.798418007984793, 20.955459520193155 ], [ -98.79844589975076, 20.955561263653912 ], [ -98.798488768974821, 20.95563982579926 ], [ -98.798514513294748, 20.955715801814989 ], [ -98.798518618341475, 20.955758172645069 ], [ -98.798524550861472, 20.955827613941089 ], [ -98.798548219769188, 20.955901162495909 ], [ -98.798555027101216, 20.955985029893686 ], [ -98.79859444230398, 20.956035166833257 ], [ -98.798636664139735, 20.956114335901617 ], [ -98.798696985960504, 20.956197233433233 ], [ -98.7987374935134, 20.956260983825285 ], [ -98.798760433972021, 20.956322211378399 ], [ -98.798806231216076, 20.956407811941382 ], [ -98.798833127239817, 20.956476513293744 ], [ -98.798901034327955, 20.956572359260559 ], [ -98.798965768606209, 20.956636701304379 ], [ -98.799073466655514, 20.956729156140721 ], [ -98.799160944612169, 20.956801245529562 ], [ -98.799232206157896, 20.956886666906918 ], [ -98.799263375281996, 20.956962399026949 ], [ -98.799274154083406, 20.95703332501682 ], [ -98.799290513706197, 20.957140974348221 ], [ -98.799307107754643, 20.957250164827407 ], [ -98.799299912344253, 20.957336058550709 ], [ -98.799311123529137, 20.957410472047354 ], [ -98.799301061944263, 20.957479040530728 ], [ -98.799272343079053, 20.957560367337805 ], [ -98.799261224384111, 20.957628175752415 ], [ -98.799271095516758, 20.957702459363311 ], [ -98.79930361096784, 20.957786293574387 ], [ -98.79933773483792, 20.957887473837467 ], [ -98.799413360317104, 20.95799850392206 ], [ -98.799503819400229, 20.95807327162882 ], [ -98.799593059498875, 20.958130203363865 ], [ -98.79969717093303, 20.958135934273557 ], [ -98.799798310287926, 20.958106423773788 ], [ -98.799852260250489, 20.958045232476628 ], [ -98.799887084183879, 20.957997914858538 ], [ -98.799918534838724, 20.957931046224004 ], [ -98.79996663752253, 20.957833102056657 ], [ -98.799989623983393, 20.957726123432732 ], [ -98.800031939184123, 20.957621709042566 ], [ -98.800059293918309, 20.957551667701335 ], [ -98.800085488186141, 20.957480668687388 ], [ -98.8000767183064, 20.957332129235244 ], [ -98.800058782262369, 20.957238976845812 ], [ -98.800015742579617, 20.957123585497424 ], [ -98.799997333339078, 20.957031518586398 ], [ -98.799971932205324, 20.956904480001995 ], [ -98.799929963207077, 20.956793592137004 ], [ -98.799915953616647, 20.956723057263545 ], [ -98.799896321310342, 20.956619863724335 ], [ -98.799919873565685, 20.956540953762826 ], [ -98.799966186159011, 20.956482153181341 ], [ -98.80001232631669, 20.956423571475554 ], [ -98.80003857345946, 20.956362527491802 ], [ -98.80008512658884, 20.956318230809909 ], [ -98.800130969051978, 20.956273512056342 ], [ -98.800214283718759, 20.956232272779861 ], [ -98.800297478439006, 20.956191092689615 ], [ -98.800372593152446, 20.956197189219601 ], [ -98.800493324341147, 20.95623914604478 ], [ -98.800542751690571, 20.956291733324822 ], [ -98.800558128165221, 20.95635819415342 ], [ -98.800605938106813, 20.956478746554293 ], [ -98.800599478763459, 20.956529072836503 ], [ -98.800601655100976, 20.956614852388029 ], [ -98.80058855852154, 20.956717524582718 ], [ -98.800559876109574, 20.956837617362467 ], [ -98.800545889225859, 20.956942556702749 ], [ -98.800546189466473, 20.957031016853652 ], [ -98.800558615576492, 20.957086029018281 ], [ -98.800596417831017, 20.957253385100621 ], [ -98.8006428954358, 20.957369650943516 ], [ -98.800690095979377, 20.957487725889433 ], [ -98.800738037031223, 20.957607652183192 ], [ -98.800820344379801, 20.957695636024827 ], [ -98.800899004331455, 20.95776470485756 ], [ -98.80098563740043, 20.957776974364741 ], [ -98.801040989824656, 20.957745893631401 ], [ -98.801081305708749, 20.957654861749667 ], [ -98.801083068081994, 20.957578480037345 ], [ -98.801106331295472, 20.957505593183065 ], [ -98.801101661705317, 20.957409589854336 ], [ -98.801101685830815, 20.957333557951326 ], [ -98.801075739529665, 20.957236663307203 ], [ -98.801075879098107, 20.957162217980354 ], [ -98.801093271953718, 20.957073423204879 ], [ -98.801122044439637, 20.957024104676183 ], [ -98.801162530329194, 20.956941286225234 ], [ -98.801207705528256, 20.956877275893756 ], [ -98.801290964427494, 20.956801405709804 ], [ -98.801411243748973, 20.956783032419089 ], [ -98.801520318865258, 20.956868294256321 ], [ -98.801597765851497, 20.95691456662038 ], [ -98.801749190752062, 20.956989645113069 ], [ -98.801817745026497, 20.957071821161332 ], [ -98.80185907730835, 20.957206117966724 ], [ -98.80191219037566, 20.957306969517838 ], [ -98.801957702857266, 20.957387513299423 ], [ -98.802049117566966, 20.957474882609741 ], [ -98.802181292208274, 20.9575493204661 ], [ -98.802274702492085, 20.957638321403163 ], [ -98.802397856143784, 20.957674608718246 ], [ -98.802422751508274, 20.95775543250177 ], [ -98.802454194643843, 20.9578575120727 ], [ -98.802558143358297, 20.957887438737217 ], [ -98.802692676567332, 20.957837053751934 ], [ -98.802732682613396, 20.957794662824597 ], [ -98.802770506020593, 20.957691868652912 ], [ -98.802795542169292, 20.957648576605557 ], [ -98.802902834780951, 20.957594121166721 ], [ -98.802953190495259, 20.957581645323568 ], [ -98.803019316855995, 20.957569906800249 ], [ -98.803084967059164, 20.957558463585038 ], [ -98.803166366682802, 20.957547837248718 ], [ -98.803310905840789, 20.957540501883333 ], [ -98.80337704759414, 20.957528990113811 ], [ -98.803456207913868, 20.957533126911006 ], [ -98.803550990148665, 20.957538503834002 ], [ -98.803614293090192, 20.957542200301496 ], [ -98.803741931416738, 20.95754937678112 ], [ -98.80382167670615, 20.957567388531036 ], [ -98.803901779327973, 20.957585480651996 ], [ -98.804015400769046, 20.957604983129421 ], [ -98.804129671389987, 20.957624596490955 ], [ -98.804241257133256, 20.957647128038275 ], [ -98.804303658671728, 20.957667358964301 ], [ -98.804429604762547, 20.957708191190811 ], [ -98.804476786557217, 20.957727430926706 ], [ -98.804557099861825, 20.957749525465985 ], [ -98.804651107722677, 20.957804081385689 ], [ -98.804730676287804, 20.957842749219552 ], [ -98.804797731959539, 20.957848656809205 ], [ -98.804896461859215, 20.957874355354004 ], [ -98.804978039477902, 20.957900113576095 ], [ -98.805026747203101, 20.957922065247491 ], [ -98.805126575396457, 20.957950317915149 ], [ -98.805176197958886, 20.957972627604221 ], [ -98.805256417170483, 20.958048126454461 ], [ -98.805323518780369, 20.958102982553971 ], [ -98.805408774527478, 20.958174918425357 ], [ -98.805479720042058, 20.958197501961649 ], [ -98.805603718377199, 20.958257882284297 ], [ -98.805693364817415, 20.958313521058422 ], [ -98.805766404662762, 20.95835060777841 ], [ -98.805839850032896, 20.958387900446187 ], [ -98.805914290569319, 20.958409071479647 ], [ -98.806025783426207, 20.958465613000591 ], [ -98.806156371549918, 20.9585570129932 ], [ -98.806212861769865, 20.958594133073504 ], [ -98.806288481549245, 20.958649477870729 ], [ -98.806403346840739, 20.95870794501781 ], [ -98.806461009672645, 20.958745807954635 ], [ -98.806577387154107, 20.958805081081106 ], [ -98.806675207770738, 20.958846323201161 ], [ -98.806753887170942, 20.958886371336561 ], [ -98.806872772879885, 20.958945799470683 ], [ -98.806952550415744, 20.958984090009519 ], [ -98.807052794562537, 20.95902506144304 ], [ -98.807113453157953, 20.959066355401909 ], [ -98.807235362352785, 20.95911307090827 ], [ -98.807338244705647, 20.959177121523414 ], [ -98.807441854231939, 20.95922434930829 ], [ -98.807631571258199, 20.959337486346936 ], [ -98.807673403659976, 20.959341331639749 ], [ -98.807759319480851, 20.959405594279655 ], [ -98.807887287395474, 20.959453816472106 ], [ -98.808061060006835, 20.959529392233357 ], [ -98.808217898637096, 20.959627493471153 ], [ -98.808378717691653, 20.959747433304639 ], [ -98.808472141841293, 20.959819806837181 ], [ -98.808518433507629, 20.959845917168415 ], [ -98.808678841190726, 20.959921654990335 ], [ -98.808794228290822, 20.959973055144218 ], [ -98.808886471652315, 20.960002835927384 ], [ -98.809026518457983, 20.960057592253083 ], [ -98.809121556547908, 20.960107462444043 ], [ -98.809242258025719, 20.960163906616945 ], [ -98.809315048947582, 20.960194293880985 ], [ -98.8094120859068, 20.960228184279639 ], [ -98.809608247800725, 20.96029669406024 ], [ -98.809778762465314, 20.96035571169519 ], [ -98.809876458333449, 20.960386384354432 ], [ -98.809999982207302, 20.96042174442373 ], [ -98.810102789182594, 20.96047613916345 ], [ -98.810255851057278, 20.960554376658052 ], [ -98.810318864734541, 20.960667889883847 ], [ -98.810355054384701, 20.960758122923075 ], [ -98.810342382665056, 20.960844208130766 ], [ -98.810280440210363, 20.960925877832498 ], [ -98.810247180510856, 20.961052902911842 ], [ -98.810311262118418, 20.961171057796616 ], [ -98.810420449914645, 20.961250912076178 ], [ -98.810499240603406, 20.96128282411194 ], [ -98.810625368180965, 20.961296948616948 ], [ -98.810783933982108, 20.961359673088879 ], [ -98.810938486823531, 20.961378823720338 ], [ -98.810989811401683, 20.961384625441369 ], [ -98.811180204737681, 20.961455328646661 ], [ -98.811322556111364, 20.961541889909068 ], [ -98.811442690799922, 20.961648181579466 ], [ -98.811516054511358, 20.961774577324032 ], [ -98.811555205834352, 20.961850538322434 ], [ -98.81158285542115, 20.961981888063729 ], [ -98.81161984338739, 20.962146438173477 ], [ -98.811628960456119, 20.962308320074918 ], [ -98.811567835424086, 20.962385000469084 ], [ -98.811512142410209, 20.962490027275141 ], [ -98.811524332394129, 20.962662663967471 ], [ -98.811623617520354, 20.962757080109277 ], [ -98.811655333011529, 20.962786271960063 ], [ -98.811847225531977, 20.963002231288975 ], [ -98.811939040008255, 20.963142661083403 ], [ -98.811943394626113, 20.963268842986171 ], [ -98.811888367681107, 20.963385381845779 ], [ -98.811824384983282, 20.963469140556924 ], [ -98.811755568402887, 20.96365085958562 ], [ -98.81176860877197, 20.963820058267288 ], [ -98.811896425502184, 20.963983497982476 ], [ -98.812017376051742, 20.964113447256615 ], [ -98.812096198479679, 20.96430550619543 ], [ -98.812144598518259, 20.964493982187051 ], [ -98.812194623873367, 20.964687274103888 ], [ -98.812171171985099, 20.964830573282089 ], [ -98.812271930091242, 20.964995813794008 ], [ -98.812562941649162, 20.965265105067552 ], [ -98.81269082315896, 20.965383477680479 ], [ -98.812896069981335, 20.965485524309102 ], [ -98.8129467550378, 20.9655345712927 ], [ -98.812978999558581, 20.965598356931441 ], [ -98.812973439426216, 20.965676945279899 ], [ -98.812968957350208, 20.965740298568399 ], [ -98.812926110581785, 20.965818378748477 ], [ -98.812882989551213, 20.965896957475184 ], [ -98.812820950247911, 20.965975090201649 ], [ -98.812815727523841, 20.966040460018494 ], [ -98.812790245844297, 20.966107108984307 ], [ -98.812839896990553, 20.966178720570415 ], [ -98.812949829467897, 20.966235958987106 ], [ -98.813066353959215, 20.966239960045765 ], [ -98.813142919621541, 20.966245050003252 ], [ -98.81325740724256, 20.966254873073392 ], [ -98.813333445981186, 20.966278655400785 ], [ -98.813430431955354, 20.966287047575317 ], [ -98.813507237707796, 20.966328171666731 ], [ -98.813584890657296, 20.966384967506535 ], [ -98.81362264879256, 20.966456865824579 ], [ -98.813660235614009, 20.966546923005168 ], [ -98.813677417594278, 20.96665410399708 ], [ -98.813694958042774, 20.966746005246467 ], [ -98.81367226715291, 20.966801190219588 ], [ -98.813669503942023, 20.966876323922147 ], [ -98.813644139505527, 20.967006577555619 ], [ -98.813619126468652, 20.967119478319709 ], [ -98.813635982788981, 20.96723629569092 ], [ -98.81367367592037, 20.967375732947119 ], [ -98.81375714490234, 20.967441513844221 ], [ -98.813841927005313, 20.96748829539737 ], [ -98.813949829539766, 20.967497198421089 ], [ -98.814058813319264, 20.967466088195295 ], [ -98.814124415986001, 20.967431275954748 ], [ -98.81427720269842, 20.967366296091004 ], [ -98.814430282058467, 20.967321542925188 ], [ -98.814518709671688, 20.96735089921803 ], [ -98.814541092698136, 20.967389489385337 ], [ -98.814564997580689, 20.967512228494357 ], [ -98.814543807599193, 20.96759208066365 ], [ -98.814477734372645, 20.967687913556606 ], [ -98.814433432799433, 20.967746331228977 ], [ -98.814411710136497, 20.967849765070405 ], [ -98.814389879012339, 20.967975753319656 ], [ -98.814367512100702, 20.968039268095939 ], [ -98.814413868602642, 20.96815597240839 ], [ -98.814437363833676, 20.968224851308715 ] ] } },
{ "type": "Feature", "properties": { "ID_OBRA": "63_Alfajayucan", "No.": 63.0, "Municipio": "Alfajayucan", "Rubro": "Infraestructura Carretera", "Ejercicio": 2023.0, "Obra": "Pavimentación asfáltica de camino El Madho, municipio de Alfajayucan", "Localidad": "Madho Corrales", "Inversión": 3800517.73, "Habitantes.beneficiados": 122.0, "Ejecutora": "DGOPI", "Trabajos": "Considera los trabajos de capa subbase, riego de impregnación, suministro y aplicación de riego de liga con emulsión asfáltica", "Geometria_tipo": "Línea", "extract": -0.84564738442543375 }, "geometry": { "type": "LineString", "coordinates": [ [ -99.378845786872404, 20.501721040449802 ], [ -99.379518153257095, 20.501799762907101 ], [ -99.379854336449498, 20.501896652029796 ], [ -99.380048288291221, 20.501951152134499 ], [ -99.3801646593962, 20.501963263266202 ], [ -99.380384471483495, 20.501866374185596 ], [ -99.380675399246115, 20.501763429470302 ], [ -99.381211999341616, 20.501817929622302 ], [ -99.381541717472601, 20.501884540892899 ], [ -99.3818197151124, 20.501872429754904 ], [ -99.382181758550303, 20.501884540892899 ], [ -99.382336920023619, 20.501914818733493 ], [ -99.382479151374284, 20.501896652029799 ], [ -99.382563197172317, 20.501848207476197 ], [ -99.383397190091799, 20.501648373530198 ], [ -99.383765698591105, 20.501515150754901 ], [ -99.384295833625202, 20.5012668716371 ], [ -99.384399274607503, 20.501200260098095 ], [ -99.384560901142194, 20.501157870921798 ], [ -99.384573831265016, 20.5012487048566 ], [ -99.384522110773901, 20.501369816686005 ], [ -99.384457460159993, 20.501557539832294 ], [ -99.384457460159993, 20.501648373530198 ], [ -99.384515645712497, 20.501775540616897 ], [ -99.384638481878994, 20.501860318616 ], [ -99.384793643352296, 20.5019087631659 ], [ -99.385084571114902, 20.502078318969797 ], [ -99.385162151851603, 20.502223652366698 ], [ -99.385168616913006, 20.502326596772797 ], [ -99.385103966299098, 20.502441652203593 ], [ -99.385013455439619, 20.502580929714807 ], [ -99.384929409641501, 20.502708096027391 ], [ -99.384916479518807, 20.502798929043301 ], [ -99.384974665071297, 20.502883706476201 ], [ -99.385039315685205, 20.502926095175102 ], [ -99.385213872342803, 20.5029503172834 ], [ -99.385491869982602, 20.502907928591302 ], [ -99.385627636271806, 20.502865539887402 ] ] } },
{ "type": "Feature", "properties": { "ID_OBRA": "653_Pachuca de Soto", "No.": 653.0, "Municipio": "Pachuca de Soto", "Rubro": "Infraestructura Carretera", "Ejercicio": 2023.0, "Obra": "Construcción del Boulevard de acceso al Huixmi, en el municipio de Pachuca de Soto", "Localidad": "El Huixmí", "Inversión": 33287521.73, "Habitantes.beneficiados": 3294.0, "Ejecutora": "DGCCE", "Trabajos": "Considera trabajos para la reconstrucción y/o conservación de Infraestructura Carretera en la localidad de El Huixmí municipio de Pachuca de Soto", "Geometria_tipo": "Línea", "extract": 0.39603415112733575 }, "geometry": { "type": "LineString", "coordinates": [ [ -98.812952994947096, 20.081597648382388 ], [ -98.812473110956191, 20.082031834373655 ], [ -98.811972619055226, 20.082618015570286 ], [ -98.811419575231028, 20.08306989818777 ], [ -98.810760058321605, 20.083705137358521 ], [ -98.81019002924117, 20.084306377647845 ], [ -98.809833916832218, 20.084623511530307 ], [ -98.80929934898839, 20.085023829402829 ], [ -98.809029877395659, 20.085423035649161 ], [ -98.808568136665542, 20.085771384029272 ], [ -98.808319429280075, 20.086069120839618 ], [ -98.807859969448828, 20.086433236558594 ], [ -98.807559834782808, 20.086681219887971 ], [ -98.807136394709531, 20.086929817604652 ], [ -98.806659668529178, 20.087229099448489 ], [ -98.806217008215114, 20.087497131667739 ], [ -98.805541921167617, 20.087867551535851 ], [ -98.804399715926465, 20.088509673489558 ], [ -98.803321900788305, 20.089071974209311 ], [ -98.801163732159878, 20.090257966628599 ] ] } },
{ "type": "Feature", "properties": { "ID_OBRA": "67_Almoloya", "No.": 67.0, "Municipio": "Almoloya", "Rubro": "Infraestructura Carretera", "Ejercicio": 2024.0, "Obra": "Construcción de pavimentación asfáltica de la carretera Rancho Viejo - Las Vigas, en el municipio de Almoloya", "Localidad": "Las Vigas", "Inversión": 10598142.57, "Habitantes.beneficiados": 2864.0, "Ejecutora": "DGIVC", "Trabajos": "Considera los trabajos de capa subbase, riego de impregnación, suministro y aplicación de riego de liga con emulsión asfáltica", "Geometria_tipo": "Línea", "extract": -0.93738002086168037 }, "geometry": { "type": "LineString", "coordinates": [ [ -98.264279816412298, 19.718862596717496 ], [ -98.264361456330903, 19.720034593263904 ], [ -98.264417583774801, 19.720207510059694 ], [ -98.265208470485504, 19.721110516954198 ], [ -98.26566769502719, 19.721518789673198 ], [ -98.266157534538294, 19.7218261943264 ], [ -98.266254481941601, 19.721898242206496 ], [ -98.266346326849899, 19.721975093242804 ], [ -98.26644327425322, 19.722109582467297 ], [ -98.266581041615694, 19.722378560576892 ], [ -98.266805551391613, 19.722830058528899 ], [ -98.267504593194005, 19.723737853742204 ], [ -98.268545502155121, 19.7246168251461 ], [ -98.268917984283391, 19.724876192833396 ], [ -98.269713973489004, 19.725462170132399 ], [ -98.270310965393207, 19.725807991792397 ], [ -98.271459026747408, 19.7265620725391 ], [ -98.271877431329898, 19.727032770819097 ], [ -98.272040711166895, 19.727392998157899 ], [ -98.272066223641417, 19.727623543228596 ], [ -98.272066223641417, 19.727858890978396 ], [ -98.272178478529383, 19.728012587281 ], [ -98.273147952561899, 19.729026018574402 ], [ -98.273515332195203, 19.729155698892196 ], [ -98.273852096859102, 19.729285379104596 ], [ -98.274571548641106, 19.729784887087501 ], [ -98.275296102918006, 19.730269984691393 ], [ -98.275515510199, 19.730428481609096 ], [ -98.276061477154116, 19.7308943655778 ], [ -98.276316601899595, 19.7311056939404 ], [ -98.276449266767216, 19.731297810391201 ], [ -98.276632956583782, 19.731999033475496 ], [ -98.276745211471805, 19.7324312927473 ], [ -98.276979926237502, 19.732777099322597 ], [ -98.277408535809784, 19.733276596387405 ], [ -98.2776534555653, 19.733612795455304 ], [ -98.277775915443101, 19.733997022095096 ] ] } },
{ "type": "Feature", "properties": { "ID_OBRA": "7_Acaxochitlán", "No.": 7.0, "Municipio": "Acaxochitlán", "Rubro": "Vialidades Urbanas", "Ejercicio": 2023.0, "Obra": "Pavimentación hidráulica, guarniciones, banquetas y muro de mampostería en Calle Manuel F. Soto en el municipio de Acaxochitlán", "Localidad": "Acaxochitlán", "Inversión": 4947183.4, "Habitantes.beneficiados": 3908.0, "Ejecutora": "DGIVC", "Trabajos": "Considera los trabajos de preliminares, piso para pavimento de concreto hidráulico.", "Geometria_tipo": "Línea", "extract": 0.47389442002807713 }, "geometry": { "type": "LineString", "coordinates": [ [ -98.209912086535198, 20.151939000097695 ], [ -98.209523757463202, 20.152047254908105 ], [ -98.209010592455911, 20.152097447121498 ], [ -98.208451601485606, 20.152223516632599 ], [ -98.207471539253007, 20.152963509047702 ], [ -98.206811543360303, 20.153291223288804 ], [ -98.206223696250603, 20.153461773745704 ], [ -98.205772593446611, 20.153561228321792 ], [ -98.205456432017996, 20.153752548589196 ], [ -98.204899742689506, 20.154206594421105 ] ] } },
{ "type": "Feature", "properties": { "ID_OBRA": "748_Pachuca de Soto", "No.": 748.0, "Municipio": "Pachuca de Soto", "Rubro": "Vialidades Urbanas", "Ejercicio": 2023.0, "Obra": "Pavimentación y construcción de drenaje sanitario de Avenida Principal en colonia Ampliación El Palmar; municipio de Pachuca de Soto.", "Localidad": "Pachuca de Soto", "Inversión": 7432300.66, "Habitantes.beneficiados": null, "Ejecutora": "DGIVC", "Trabajos": "Considera trabajos en la rehabilitación y/o mejoramiento de las vialidades urbanas en el muncipio de Pachuca de Soto", "Geometria_tipo": "Línea", "extract": 0.35658346133053315 }, "geometry": { "type": "LineString", "coordinates": [ [ -98.779837777973313, 20.107834145298821 ], [ -98.78000749296362, 20.107811175598666 ], [ -98.781805390001935, 20.107694440573205 ], [ -98.781975109338035, 20.107689442636293 ], [ -98.782192255134134, 20.107683049114421 ], [ -98.782273079406238, 20.107673197850939 ], [ -98.782347161996228, 20.107662221318666 ], [ -98.782648039056383, 20.107617638220965 ], [ -98.782709240653887, 20.107610150032826 ], [ -98.7830685289115, 20.107566193891891 ], [ -98.783416486759407, 20.107523624674425 ], [ -98.783460029731316, 20.107517039887444 ], [ -98.783728524876253, 20.107476433739766 ], [ -98.783946904565539, 20.107443407108512 ], [ -98.7840688067581, 20.107425259179777 ], [ -98.78442913204141, 20.1073716170811 ], [ -98.785285674346497, 20.107244100649954 ], [ -98.785720384710217, 20.107193874569454 ], [ -98.785782569953994, 20.107186690134441 ], [ -98.786326378141979, 20.107117046258757 ], [ -98.787269376564126, 20.106979753346117 ], [ -98.787424486969115, 20.10697227460777 ], [ -98.788448946425149, 20.106824185384589 ], [ -98.78902705822442, 20.106742567449693 ], [ -98.789372168161705, 20.106695411468131 ], [ -98.78957789942443, 20.106673652086585 ], [ -98.789651801322719, 20.106661880662365 ], [ -98.790049037352205, 20.106598610096487 ], [ -98.790078077836952, 20.106592497097303 ], [ -98.790290851544469, 20.106547706620049 ], [ -98.790986834716392, 20.106301689619407 ], [ -98.791592857675681, 20.106091175692015 ], [ -98.79170891358018, 20.106047341863729 ], [ -98.792235781789458, 20.105864325305745 ], [ -98.79226759209142, 20.105853373430165 ], [ -98.792684103937887, 20.105709975469953 ], [ -98.792715065757562, 20.10569895293477 ], [ -98.793134814232346, 20.105549524913162 ], [ -98.793166745126172, 20.105538432949199 ], [ -98.793593266746043, 20.105390275074839 ], [ -98.794042434714356, 20.105231564427001 ], [ -98.794506956666979, 20.10506742689843 ], [ -98.794702425880146, 20.105013855413969 ], [ -98.795085799695201, 20.104911380318175 ], [ -98.795591519558101, 20.10477163037574 ], [ -98.795612129353941, 20.104765934121751 ], [ -98.796533220237663, 20.10451138029029 ], [ -98.796567129588965, 20.104502008737107 ], [ -98.797011369931056, 20.10437925021499 ], [ -98.797024531905507, 20.104375479046215 ], [ -98.798819089645491, 20.103861274909988 ], [ -98.800383997802399, 20.103405411004367 ], [ -98.800924055608206, 20.103259742998269 ], [ -98.80097505669373, 20.103245987271158 ], [ -98.801509627425702, 20.103140478700269 ], [ -98.801952819768687, 20.103049366006903 ], [ -98.802435389446174, 20.102950157072581 ], [ -98.802979272386608, 20.102844039972055 ], [ -98.803173120579913, 20.102822422200564 ], [ -98.803631306758177, 20.102732756097318 ], [ -98.80430907577572, 20.102601949591516 ], [ -98.805008401895421, 20.10247463161549 ], [ -98.805686320241904, 20.102355128295986 ], [ -98.806354321539843, 20.102237202816614 ], [ -98.807072865534423, 20.102110391113087 ], [ -98.808554119410786, 20.101811289736862 ], [ -98.808794430395068, 20.101787719999169 ], [ -98.808921383226561, 20.101759892106479 ] ] } },
{ "type": "Feature", "properties": { "ID_OBRA": "749_Pachuca de Soto", "No.": 749.0, "Municipio": "Pachuca de Soto", "Rubro": "Vialidades Urbanas", "Ejercicio": 2023.0, "Obra": "Boulevard Minero (crucero semaforizado para acceso a Centro de Justicia); en el municipio de Pachuca de Soto", "Localidad": "Pachuca de Soto", "Inversión": 2220438.81, "Habitantes.beneficiados": null, "Ejecutora": "DGCCE", "Trabajos": "Considera trabajos en la rehabilitación y/o mejoramiento de las vialidades urbanas en el muncipio de Pachuca de Soto", "Geometria_tipo": "Línea", "extract": 0.60845341939852693 }, "geometry": { "type": "LineString", "coordinates": [ [ -98.757329620632447, 20.12466386942998 ], [ -98.757902402877917, 20.124653183242746 ] ] } },
{ "type": "Feature", "properties": { "ID_OBRA": "749_Pachuca de Soto", "No.": 749.0, "Municipio": "Pachuca de Soto", "Rubro": "Vialidades Urbanas", "Ejercicio": 2023.0, "Obra": "Boulevard Minero (crucero semaforizado para acceso a Centro de Justicia); en el municipio de Pachuca de Soto", "Localidad": "Pachuca de Soto", "Inversión": 2220438.81, "Habitantes.beneficiados": null, "Ejecutora": "DGCCE", "Trabajos": "Considera trabajos en la rehabilitación y/o mejoramiento de las vialidades urbanas en el muncipio de Pachuca de Soto", "Geometria_tipo": "Línea", "extract": 0.60481559151310127 }, "geometry": { "type": "LineString", "coordinates": [ [ -98.756123124425372, 20.124710961088141 ], [ -98.757152296582859, 20.124658318133601 ], [ -98.757329620632447, 20.12466386942998 ] ] } },
{ "type": "Feature", "properties": { "ID_OBRA": "749_Pachuca de Soto", "No.": 749.0, "Municipio": "Pachuca de Soto", "Rubro": "Vialidades Urbanas", "Ejercicio": 2023.0, "Obra": "Boulevard Minero (crucero semaforizado para acceso a Centro de Justicia); en el municipio de Pachuca de Soto", "Localidad": "Pachuca de Soto", "Inversión": 2220438.81, "Habitantes.beneficiados": null, "Ejecutora": "DGCCE", "Trabajos": "Considera trabajos en la rehabilitación y/o mejoramiento de las vialidades urbanas en el muncipio de Pachuca de Soto", "Geometria_tipo": "Línea", "extract": 0.60702173374944568 }, "geometry": { "type": "LineString", "coordinates": [ [ -98.757240591892256, 20.124808190780339 ], [ -98.757274651955456, 20.124761267762562 ], [ -98.757296781246879, 20.124727003811032 ], [ -98.757329620632447, 20.12466386942998 ] ] } },
{ "type": "Feature", "properties": { "ID_OBRA": "749_Pachuca de Soto", "No.": 749.0, "Municipio": "Pachuca de Soto", "Rubro": "Vialidades Urbanas", "Ejercicio": 2023.0, "Obra": "Boulevard Minero (crucero semaforizado para acceso a Centro de Justicia); en el municipio de Pachuca de Soto", "Localidad": "Pachuca de Soto", "Inversión": 2220438.81, "Habitantes.beneficiados": null, "Ejecutora": "DGCCE", "Trabajos": "Considera trabajos en la rehabilitación y/o mejoramiento de las vialidades urbanas en el muncipio de Pachuca de Soto", "Geometria_tipo": "Línea", "extract": 0.60702173374944568 }, "geometry": { "type": "LineString", "coordinates": [ [ -98.757845912762519, 20.12479882282458 ], [ -98.757586578957586, 20.124802638591845 ], [ -98.757240591892256, 20.124808190780339 ] ] } },
{ "type": "Feature", "properties": { "ID_OBRA": "749_Pachuca de Soto", "No.": 749.0, "Municipio": "Pachuca de Soto", "Rubro": "Vialidades Urbanas", "Ejercicio": 2023.0, "Obra": "Boulevard Minero (crucero semaforizado para acceso a Centro de Justicia); en el municipio de Pachuca de Soto", "Localidad": "Pachuca de Soto", "Inversión": 2220438.81, "Habitantes.beneficiados": null, "Ejecutora": "DGCCE", "Trabajos": "Considera trabajos en la rehabilitación y/o mejoramiento de las vialidades urbanas en el muncipio de Pachuca de Soto", "Geometria_tipo": "Línea", "extract": 0.60086916621356945 }, "geometry": { "type": "LineString", "coordinates": [ [ -98.757240591892256, 20.124808190780339 ], [ -98.757119367062671, 20.124804560130869 ], [ -98.756667189965285, 20.124828831273987 ], [ -98.755742769551148, 20.124865949965113 ], [ -98.755406552221572, 20.124880226885733 ] ] } },
{ "type": "Feature", "properties": { "ID_OBRA": "754_Pachuca de Soto", "No.": 754.0, "Municipio": "Pachuca de Soto", "Rubro": "Vialidades Urbanas", "Ejercicio": 2023.0, "Obra": "Pavimentación asfáltica en la localidad de San Miguel Cerezo;en el Municipio de Pachuca de Soto", "Localidad": "Pachuca de Soto", "Inversión": 2906025.01, "Habitantes.beneficiados": null, "Ejecutora": "DGOPI", "Trabajos": "Considera los trabajos de capa subbase, riego de impregnación, suministro y aplicación de riego de liga con emulsión asfáltica", "Geometria_tipo": "Línea", "extract": 0.51537932734679381 }, "geometry": { "type": "LineString", "coordinates": [ [ -98.729008682378719, 20.159023311266225 ], [ -98.729038242475198, 20.158815669358521 ], [ -98.729048024838505, 20.158724375619141 ], [ -98.729050695369935, 20.158633036594946 ], [ -98.729066315726087, 20.158526337462369 ], [ -98.729094205325012, 20.158416580295185 ], [ -98.729113750178669, 20.158321971637168 ], [ -98.729140909720925, 20.158209909041535 ], [ -98.729172547240026, 20.158103624004703 ], [ -98.729200705918544, 20.158003658220768 ], [ -98.729220335596239, 20.157893088594982 ], [ -98.729220075620887, 20.157784714054802 ], [ -98.729228695560181, 20.157688740335239 ], [ -98.729243634528999, 20.157585830012561 ], [ -98.729255241881233, 20.157491007608797 ], [ -98.729276195430643, 20.157384555204455 ], [ -98.72928230016818, 20.157245497237071 ], [ -98.729284790184593, 20.157139984242463 ], [ -98.729289072370946, 20.157019564762347 ], [ -98.72929599299647, 20.156901791595104 ], [ -98.729306195947458, 20.15678895104876 ], [ -98.729329534904494, 20.156706954028003 ], [ -98.72933639159838, 20.156682863450268 ], [ -98.729371364148165, 20.156573992731037 ], [ -98.729393950855879, 20.156483693658888 ], [ -98.729408662800054, 20.156385227083774 ], [ -98.729412549555903, 20.1562615348825 ], [ -98.72940108113707, 20.156160357799195 ], [ -98.729381094474434, 20.156051854422209 ], [ -98.729376810642918, 20.155956199709081 ], [ -98.729385376780314, 20.155869112323959 ], [ -98.729409647607596, 20.15576489065749 ], [ -98.72943851558577, 20.155662784254275 ], [ -98.729477701377689, 20.155563753439445 ], [ -98.729507555791528, 20.155466123388415 ], [ -98.729536856679516, 20.155355388721134 ], [ -98.729580363339366, 20.155254917779335 ], [ -98.729610949667517, 20.155126720318286 ], [ -98.729643137073154, 20.154896682677183 ] ] } },
{ "type": "Feature", "properties": { "ID_OBRA": "768_Pachuca de Soto", "No.": 768.0, "Municipio": "Pachuca de Soto", "Rubro": "Vialidades Urbanas", "Ejercicio": 2023.0, "Obra": "Construcción de pavimento de concreto hidráulico en Calle Valle de Cerato, en el municipio de Pachuca.", "Localidad": "Pachuca de Soto", "Inversión": 1211601.25, "Habitantes.beneficiados": null, "Ejecutora": "DGCCE", "Trabajos": "Considera los trabajos de preliminares, riego de impregnación, piso para pavimento de concreto hidráulico.", "Geometria_tipo": "Línea", "extract": 0.3761935904863139 }, "geometry": { "type": "LineString", "coordinates": [ [ -98.75194543835488, 20.087550295155509 ], [ -98.750533420881197, 20.087053849383995 ], [ -98.750419573846031, 20.087025589406068 ] ] } },
{ "type": "Feature", "properties": { "ID_OBRA": "769_Pachuca de Soto", "No.": 769.0, "Municipio": "Pachuca de Soto", "Rubro": "Vialidades Urbanas", "Ejercicio": 2023.0, "Obra": "Construcción de Pavimento de Concreto Hidráulico en Calle Alfonso Corona del Rosal, en el Municipio de Pachuca.", "Localidad": "Pachuca de Soto", "Inversión": 1101069.0, "Habitantes.beneficiados": null, "Ejecutora": "DGCCE", "Trabajos": "Considera los trabajos de preliminares, riego de impregnación, piso para pavimento de concreto hidráulico.", "Geometria_tipo": "Línea", "extract": 0.58165304053493816 }, "geometry": { "type": "LineString", "coordinates": [ [ -98.773938333880224, 20.068852956391446 ], [ -98.775061596684623, 20.068918100260337 ], [ -98.775158898896606, 20.068927204628313 ], [ -98.775507645068316, 20.068950168941125 ], [ -98.775938618079451, 20.06897418387701 ], [ -98.776607089533712, 20.069009905920119 ], [ -98.777234331861408, 20.069052115037028 ], [ -98.777588095041992, 20.069075658105731 ], [ -98.777774922866357, 20.069085562277454 ], [ -98.778564511062058, 20.069143917591347 ], [ -98.779020149246364, 20.069168063460676 ], [ -98.7795025034752, 20.069183895321611 ] ] } },
{ "type": "Feature", "properties": { "ID_OBRA": "770_Pachuca de Soto", "No.": 770.0, "Municipio": "Pachuca de Soto", "Rubro": "Vialidades Urbanas", "Ejercicio": 2023.0, "Obra": "Pavimentación hidráulica en la calle 9 en la Colonia Parque de Poblamiento, en el Municipio de Pachuca.", "Localidad": "Pachuca de Soto", "Inversión": 1357560.41, "Habitantes.beneficiados": null, "Ejecutora": "DGCCE", "Trabajos": "Considera los trabajos de preliminares, piso para pavimento de concreto hidráulico.", "Geometria_tipo": "Línea", "extract": 0.49663052655734358 }, "geometry": { "type": "LineString", "coordinates": [ [ -98.779869530902388, 20.121663260321899 ], [ -98.779866316224641, 20.12156627825884 ], [ -98.779840468930743, 20.120756838252973 ] ] } },
{ "type": "Feature", "properties": { "ID_OBRA": "770_Pachuca de Soto", "No.": 770.0, "Municipio": "Pachuca de Soto", "Rubro": "Vialidades Urbanas", "Ejercicio": 2023.0, "Obra": "Pavimentación hidráulica en la calle 9 en la Colonia Parque de Poblamiento, en el Municipio de Pachuca.", "Localidad": "Pachuca de Soto", "Inversión": 1357560.41, "Habitantes.beneficiados": null, "Ejecutora": "DGCCE", "Trabajos": "Considera los trabajos de preliminares, piso para pavimento de concreto hidráulico.", "Geometria_tipo": "Línea", "extract": 0.49284225565648643 }, "geometry": { "type": "LineString", "coordinates": [ [ -98.779870981363317, 20.121812923954614 ], [ -98.779930344238835, 20.12332758795224 ] ] } },
{ "type": "Feature", "properties": { "ID_OBRA": "771_Pachuca de Soto", "No.": 771.0, "Municipio": "Pachuca de Soto", "Rubro": "Vialidades Urbanas", "Ejercicio": 2023.0, "Obra": "Construcción de pavimento de concreto hidráulico, banquetas y guarniciones en las Calles Campo de Tiro y Alfonso Corona del Rosal, en el Municipio de Pachuca.", "Localidad": "Pachuca de Soto", "Inversión": 849758.94, "Habitantes.beneficiados": null, "Ejecutora": "DGCCE", "Trabajos": "Considera los trabajos de preliminares, riego de impregnación, piso para pavimento de concreto hidráulico.", "Geometria_tipo": "Línea", "extract": 0.60159660799302017 }, "geometry": { "type": "LineString", "coordinates": [ [ -98.743543809667528, 20.101720046128271 ], [ -98.743597647099946, 20.101033829030804 ], [ -98.743616681772821, 20.100702607833355 ], [ -98.743643331594001, 20.100403746603909 ], [ -98.74369092195235, 20.099783184144492 ], [ -98.743725186346737, 20.099503359410676 ], [ -98.743795633316466, 20.098494023001919 ], [ -98.743848535947293, 20.097510619286755 ], [ -98.743852027065387, 20.097452580077753 ], [ -98.743895087302363, 20.097023782890961 ], [ -98.743934142591129, 20.09667006973039 ], [ -98.743938134916135, 20.096636140677187 ], [ -98.743985685399664, 20.096252243373648 ], [ -98.744062633913316, 20.09572780298631 ], [ -98.744100704926566, 20.095585035961012 ], [ -98.744140349983184, 20.095487840577626 ], [ -98.74423871363561, 20.095270946656377 ], [ -98.744295003678943, 20.0951529217675 ] ] } },
{ "type": "Feature", "properties": { "ID_OBRA": "771_Pachuca de Soto", "No.": 771.0, "Municipio": "Pachuca de Soto", "Rubro": "Vialidades Urbanas", "Ejercicio": 2023.0, "Obra": "Construcción de pavimento de concreto hidráulico, banquetas y guarniciones en las Calles Campo de Tiro y Alfonso Corona del Rosal, en el Municipio de Pachuca.", "Localidad": "Pachuca de Soto", "Inversión": 849758.94, "Habitantes.beneficiados": null, "Ejecutora": "DGCCE", "Trabajos": "Considera los trabajos de preliminares, riego de impregnación, piso para pavimento de concreto hidráulico.", "Geometria_tipo": "Línea", "extract": 0.6184503381187304 }, "geometry": { "type": "LineString", "coordinates": [ [ -98.743277006291919, 20.101490438864317 ], [ -98.743354006933714, 20.099940407949781 ], [ -98.743363504740302, 20.099436129896496 ], [ -98.743431737920616, 20.09848475427059 ], [ -98.743458168576183, 20.09749757018816 ], [ -98.743481315656524, 20.096706754739799 ] ] } },
{ "type": "Feature", "properties": { "ID_OBRA": "771_Pachuca de Soto", "No.": 771.0, "Municipio": "Pachuca de Soto", "Rubro": "Vialidades Urbanas", "Ejercicio": 2023.0, "Obra": "Construcción de pavimento de concreto hidráulico, banquetas y guarniciones en las Calles Campo de Tiro y Alfonso Corona del Rosal, en el Municipio de Pachuca.", "Localidad": "Pachuca de Soto", "Inversión": 849758.94, "Habitantes.beneficiados": null, "Ejecutora": "DGCCE", "Trabajos": "Considera los trabajos de preliminares, riego de impregnación, piso para pavimento de concreto hidráulico.", "Geometria_tipo": "Línea", "extract": 0.61182292325643262 }, "geometry": { "type": "LineString", "coordinates": [ [ -98.744041712120961, 20.096639243137041 ], [ -98.743949642416553, 20.097512275087894 ], [ -98.74395018023759, 20.097518014961626 ], [ -98.743928425986482, 20.097842352876864 ], [ -98.743883106150577, 20.098497074174443 ], [ -98.743772791814763, 20.0998721346972 ], [ -98.743693298199972, 20.100895214985734 ], [ -98.743643328933516, 20.101452008642681 ], [ -98.743616632802315, 20.101782717157441 ] ] } },
{ "type": "Feature", "properties": { "ID_OBRA": "773_Pachuca de Soto", "No.": 773.0, "Municipio": "Pachuca de Soto", "Rubro": "Vialidades Urbanas", "Ejercicio": 2023.0, "Obra": "Pavimentación Hidráulica en la Calle 8 en la Colonia Parque de Poblamiento, en el Municipio de Pachuca.", "Localidad": "Pachuca de Soto", "Inversión": 420527.72, "Habitantes.beneficiados": null, "Ejecutora": "DGOPI", "Trabajos": "Considera los trabajos de preliminares, piso para pavimento de concreto hidráulico.", "Geometria_tipo": "Línea", "extract": 0.49450078032910039 }, "geometry": { "type": "LineString", "coordinates": [ [ -98.779866316224641, 20.12156627825884 ], [ -98.780231652071762, 20.121239391701589 ], [ -98.78022451385506, 20.120906744217962 ] ] } },
{ "type": "Feature", "properties": { "ID_OBRA": "774_Pachuca de Soto", "No.": 774.0, "Municipio": "Pachuca de Soto", "Rubro": "Vialidades Urbanas", "Ejercicio": 2023.0, "Obra": "Pavimentación Hidráulica en la Calle Andador 1-A Manzana M en el Fraccionamiento Plutarco Elías Calles, en el Municipio de Pachuca.", "Localidad": "Pachuca de Soto", "Inversión": 1358716.82, "Habitantes.beneficiados": null, "Ejecutora": "DGOPI", "Trabajos": "Considera los trabajos de preliminares, piso para pavimento de concreto hidráulico.", "Geometria_tipo": "Línea", "extract": 0.54507369374866343 }, "geometry": { "type": "LineString", "coordinates": [ [ -98.761479987725892, 20.121076113667467 ], [ -98.763385989912194, 20.120907397313218 ] ] } },
{ "type": "Feature", "properties": { "ID_OBRA": "776_Pachuca de Soto", "No.": 776.0, "Municipio": "Pachuca de Soto", "Rubro": "Vialidades Urbanas", "Ejercicio": 2022.0, "Obra": "Pavimentación hidráulica en calle Justo Sierra, colonia San Antonio el Desmonte, municipio de Pachuca de Soto", "Localidad": "Pachuca de Soto", "Inversión": 966106.45, "Habitantes.beneficiados": null, "Ejecutora": "DGIVC", "Trabajos": "Considera los trabajos de preliminares, piso para pavimento de concreto hidráulico.", "Geometria_tipo": "Línea", "extract": 0.55523004675087473 }, "geometry": { "type": "LineString", "coordinates": [ [ -98.781182156469796, 20.046963862931509 ], [ -98.780665750206211, 20.04796897397706 ] ] } },
{ "type": "Feature", "properties": { "ID_OBRA": "777_Pachuca de Soto", "No.": 777.0, "Municipio": "Pachuca de Soto", "Rubro": "Vialidades Urbanas", "Ejercicio": 2022.0, "Obra": "Construcción de pavimentación de concreto asfáltico en calle Otilio Vargas del fraccionamiento Juan C. Doria, municipio de Pachuca de Soto", "Localidad": "Pachuca de Soto", "Inversión": 311850.35, "Habitantes.beneficiados": null, "Ejecutora": "DGIVC", "Trabajos": "Considera los trabajos de preliminares, piso para pavimento de concreto hidráulico.", "Geometria_tipo": "Línea", "extract": 0.57779945059151649 }, "geometry": { "type": "LineString", "coordinates": [ [ -98.778707779724854, 20.067338503335751 ], [ -98.778271425671122, 20.06731357031569 ], [ -98.778007806672875, 20.06729959143842 ], [ -98.777288224764746, 20.067269940748268 ], [ -98.776711476820481, 20.067241769825809 ] ] } },
{ "type": "Feature", "properties": { "ID_OBRA": "778_Pachuca de Soto", "No.": 778.0, "Municipio": "Pachuca de Soto", "Rubro": "Vialidades Urbanas", "Ejercicio": 2022.0, "Obra": "Pavimentación hidráulica de calle Chapultepec, colonia ampliación San Antonio, municipio de Pachuca de Soto", "Localidad": "Pachuca de Soto", "Inversión": 668170.3, "Habitantes.beneficiados": null, "Ejecutora": "DGIVC", "Trabajos": "Considera los trabajos de preliminares, piso para pavimento de concreto hidráulico.", "Geometria_tipo": "Línea", "extract": 0.61408129139546486 }, "geometry": { "type": "LineString", "coordinates": [ [ -98.789234973294242, 20.053348182094162 ], [ -98.789661837314966, 20.052561539439374 ] ] } },
{ "type": "Feature", "properties": { "ID_OBRA": "79_Apan", "No.": 79.0, "Municipio": "Apan", "Rubro": "Infraestructura Carretera", "Ejercicio": 2025.0, "Obra": "Construcción de pavimentación asfáltica en la C.E. Acopinalco - Apan (primera etapa), en el municipio de Apan", "Localidad": "Apan", "Inversión": 30000000.0, "Habitantes.beneficiados": null, "Ejecutora": "SIPDUS", "Trabajos": null, "Geometria_tipo": "Línea", "extract": 0.08093552793821035 }, "geometry": { "type": "LineString", "coordinates": [ [ -98.533384890254595, 19.7066302314574 ], [ -98.540004042829111, 19.702141760586201 ], [ -98.553211489457908, 19.692815797194701 ], [ -98.55759339932078, 19.689765130481597 ], [ -98.559043749768307, 19.688602956443699 ] ] } },
{ "type": "Feature", "properties": { "ID_OBRA": "85_Apan", "No.": 85.0, "Municipio": "Apan", "Rubro": "Infraestructura Carretera", "Ejercicio": 2024.0, "Obra": "Construcción de pavimentación asfáltica Acceso a Jiquilpan, en el municipio de Apan.", "Localidad": "San José Jiquilpan", "Inversión": 8502757.37, "Habitantes.beneficiados": 814.0, "Ejecutora": "DGIVC", "Trabajos": "Considera los trabajos de capa subbase, riego de impregnación, suministro y aplicación de riego de liga con emulsión asfáltica", "Geometria_tipo": "Línea", "extract": -0.38274937877649678 }, "geometry": { "type": "LineString", "coordinates": [ [ -98.389414564350105, 19.6263923134088 ], [ -98.389679258999706, 19.625968474561098 ], [ -98.389857927888301, 19.625775253538901 ], [ -98.390843915458504, 19.625245452769999 ], [ -98.393027646318401, 19.623824331491996 ], [ -98.395237846643397, 19.622328400779605 ], [ -98.396336329439706, 19.621892085032101 ], [ -98.399936176675482, 19.620470934099195 ], [ -98.402662531567401, 19.619348963959993 ], [ -98.405984449421084, 19.620171742827903 ] ] } },
{ "type": "Feature", "properties": { "ID_OBRA": "88_Atitalaquia", "No.": 88.0, "Municipio": "Atitalaquia", "Rubro": "Infraestructura Carretera", "Ejercicio": 2024.0, "Obra": "Construcción de libramiento del Dendho a la carretera Tula - Jorobas, en el municipio de Atitalaquia.", "Localidad": "Cardonal", "Inversión": 13152429.01, "Habitantes.beneficiados": 12081.0, "Ejecutora": "DGCCE", "Trabajos": "Considera los trabajos de terracerías, formación de sub-base, construcción de base hidráulica, riego de impregnación, carpeta asfáltica, señalamiento horizontal, trabajos complementarios, guarniciones y banquetas.", "Geometria_tipo": "Línea", "extract": 0.25845433880656743 }, "geometry": { "type": "LineString", "coordinates": [ [ -99.250610950432986, 20.027585840711801 ], [ -99.249482061715881, 20.028564873705605 ], [ -99.248468956456904, 20.028673654773002 ], [ -99.246992717365288, 20.0291631686442 ], [ -99.245342803086487, 20.029516705491897 ], [ -99.244995452712004, 20.029870241544405 ], [ -99.243750780536701, 20.029951826674299 ], [ -99.242621891819596, 20.030386946652101 ], [ -99.241811407612403, 20.031121208882801 ], [ -99.241550894831505, 20.031447546550798 ], [ -99.240682518895312, 20.033432752763705 ], [ -99.239958872281804, 20.035010022012099 ], [ -99.239408900855494, 20.036206560535305 ], [ -99.238974712887398, 20.037838189290198 ], [ -99.239032604616497, 20.039551381244404 ], [ -99.233909186592683, 20.0407750783436 ], [ -99.232114542991098, 20.041291747589899 ], [ -99.230290953525113, 20.041754029158998 ], [ -99.229162064807909, 20.041971572956101 ], [ -99.228669985110699, 20.042270695184996 ], [ -99.227888446768105, 20.042297888086598 ], [ -99.227483204664509, 20.042189116451802 ], [ -99.2250806979076, 20.040965430368896 ], [ -99.224385997158606, 20.040965430368892 ], [ -99.215789075389907, 20.0446092675183 ] ] } },
{ "type": "Feature", "properties": { "ID_OBRA": "89_Atitalaquia", "No.": 89.0, "Municipio": "Atitalaquia", "Rubro": "Infraestructura Carretera", "Ejercicio": 2023.0, "Obra": "Pavimentación asfáltica del libramiento Atitalaquia - Tlaxcoapan, municipio de Atitalaquia", "Localidad": "Tlalminulpa", "Inversión": 7361622.04, "Habitantes.beneficiados": 21613.0, "Ejecutora": "DGIVC", "Trabajos": "Considera los trabajos de capa subbase, riego de impregnación, suministro y aplicación de riego de liga con emulsión asfáltica", "Geometria_tipo": "Línea", "extract": 0.37463814835158027 }, "geometry": { "type": "LineString", "coordinates": [ [ -99.221514481901693, 20.0606874196577 ], [ -99.221037880086811, 20.063114764216593 ], [ -99.220832372882285, 20.065188861367599 ], [ -99.220819255401111, 20.065509214522201 ], [ -99.220561278272015, 20.068203440803895 ], [ -99.220517553334901, 20.068991986082597 ], [ -99.220552533284589, 20.069312331469497 ], [ -99.220666218121195, 20.069665532035099 ], [ -99.220779902957702, 20.070445856045996 ], [ -99.221304602203404, 20.072441825057702 ], [ -99.222012946185004, 20.074634897516496 ], [ -99.222432705581582, 20.075940869913392 ], [ -99.22302736472669, 20.078150320453602 ], [ -99.222913679890098, 20.081895637588399 ] ] } },
{ "type": "Feature", "properties": { "ID_OBRA": "92_Atitalaquia", "No.": 92.0, "Municipio": "Atitalaquia", "Rubro": "Infraestructura Carretera", "Ejercicio": 2023.0, "Obra": "Pavimentación asfáltica de la carretera Refinería - Bojay, en el municipio de Atitalaquia.", "Localidad": "Unidad Habitacional Antonio Osorio de León (Bojay)", "Inversión": 13572744.96, "Habitantes.beneficiados": 6924.0, "Ejecutora": "DGIVC", "Trabajos": "Considera los trabajos de capa subbase, riego de impregnación, suministro y aplicación de riego de liga con emulsión asfáltica", "Geometria_tipo": "Línea", "extract": -0.019617591175070205 }, "geometry": { "type": "LineString", "coordinates": [ [ -99.264464497577094, 20.051631648429098 ], [ -99.263015015860702, 20.051605209204105 ], [ -99.254599578323507, 20.050587295652701 ], [ -99.249181612685007, 20.049926309292701 ], [ -99.245677525817413, 20.049423957797803 ] ] } },
{ "type": "Feature", "properties": { "ID_OBRA": "938_Pacula", "No.": 938.0, "Municipio": "Pacula", "Rubro": "Infraestructura Carretera", "Ejercicio": 2023.0, "Obra": "Pavimentación de Concreto Hidráulico en vía principal de acceso a la localidad de San Francisco.", "Localidad": "San Francisco", "Inversión": 6492769.57, "Habitantes.beneficiados": 497.0, "Ejecutora": "DGOPI", "Trabajos": "Considera los trabajos de preliminares, riego de impregnación, piso para pavimento de concreto hidráulico.", "Geometria_tipo": "Línea", "extract": 0.0064227135237893704 }, "geometry": { "type": "LineString", "coordinates": [ [ -99.358145961314094, 20.978356444623572 ], [ -99.358111199569294, 20.978013846939046 ], [ -99.358185771996517, 20.977876309036567 ], [ -99.358223504525682, 20.977738833937138 ], [ -99.358224371662061, 20.977601400660369 ], [ -99.358188335589759, 20.977463986549115 ], [ -99.35818940531783, 20.977291935759791 ], [ -99.358227193672946, 20.977154091343149 ], [ -99.358194248766281, 20.977018512728609 ], [ -99.358160543445976, 20.976916778246522 ], [ -99.358092144503445, 20.976746838417359 ], [ -99.358166146384804, 20.976607363063405 ], [ -99.35823936439968, 20.976467599506496 ], [ -99.3583124706836, 20.976327964029007 ], [ -99.358351181753108, 20.976119905744365 ], [ -99.358388235459316, 20.976015533666356 ], [ -99.358391070591466, 20.97584226148091 ], [ -99.358393911787616, 20.975668624891611 ], [ -99.358396189230945, 20.975529453078469 ], [ -99.358398470531881, 20.975390046617907 ], [ -99.358402242819309, 20.975145530651719 ], [ -99.358403971093495, 20.974970572613309 ], [ -99.358404421445641, 20.974900559615346 ], [ -99.358404925292106, 20.974760543920102 ], [ -99.358370362440354, 20.97458485450797 ], [ -99.358371109725724, 20.974374456292988 ], [ -99.358371388687772, 20.974269248935702 ], [ -99.358368921778577, 20.974130162320208 ], [ -99.358364615372636, 20.97388737475449 ], [ -99.358361548033145, 20.973714432090404 ], [ -99.358360145767847, 20.973575693746103 ], [ -99.358359568915077, 20.973471413340484 ], [ -99.358390777639343, 20.973197101180098 ], [ -99.358242032009912, 20.97309239011858 ], [ -99.358167431399693, 20.973127236808189 ], [ -99.35794364485325, 20.97323176863333 ], [ -99.35776144079189, 20.973332253595789 ], [ -99.357614855627602, 20.97339924451974 ], [ -99.357465292932119, 20.973364251385753 ], [ -99.357387442961922, 20.973228212627411 ], [ -99.357347791837682, 20.97312661954259 ], [ -99.35723323131333, 20.97299134990833 ], [ -99.357011158373609, 20.97302393986617 ], [ -99.356864243974925, 20.973124408983974 ], [ -99.35671450021546, 20.973055656212697 ], [ -99.356565430860869, 20.972950684693089 ], [ -99.356453765321461, 20.972880082611649 ], [ -99.356342209341804, 20.972738943533567 ], [ -99.356305001123033, 20.97270344370942 ], [ -99.356230478588856, 20.972562844266349 ], [ -99.356155803733216, 20.972352911378621 ], [ -99.356043767234624, 20.9721773114331 ], [ -99.356006299168044, 20.972038362280205 ], [ -99.355931551458113, 20.971898272865008 ], [ -99.355931378519429, 20.97172627217239 ], [ -99.355931240029847, 20.97158885075067 ], [ -99.355893878864748, 20.971484542219578 ], [ -99.35581919383192, 20.97131026173021 ], [ -99.355781867677791, 20.971170028659856 ], [ -99.355744609687591, 20.970919227597271 ], [ -99.355707222261444, 20.970811320087481 ], [ -99.355632336019383, 20.970669503573557 ], [ -99.355594891638859, 20.970529752096429 ], [ -99.355519925396777, 20.970387754312039 ], [ -99.355444943473529, 20.970246594937866 ], [ -99.355407648413987, 20.970039944148514 ], [ -99.355295028228937, 20.969896305992865 ], [ -99.355219910225102, 20.969789256703599 ], [ -99.35518267193541, 20.969616997522927 ], [ -99.355069861922331, 20.969473273100306 ], [ -99.355032351884205, 20.969333126084699 ], [ -99.35491881558616, 20.969149670727276 ], [ -99.354843010588425, 20.969004124066956 ], [ -99.354805211671973, 20.968862138061073 ], [ -99.354804902563913, 20.968649188487646 ], [ -99.354842628285638, 20.968439475204232 ], [ -99.35488044354932, 20.968300906280437 ], [ -99.354918223754424, 20.96816227453985 ], [ -99.354993754721775, 20.967990732987992 ], [ -99.355031439149855, 20.96788696266168 ], [ -99.355144550188299, 20.967647925863584 ], [ -99.355219789223355, 20.967441041883475 ], [ -99.355257294108, 20.967301020911524 ], [ -99.355294790851246, 20.967160729101725 ], [ -99.355294629929674, 20.9670522918641 ], [ -99.35536982959124, 20.966916293143306 ], [ -99.355407323479739, 20.966740788663333 ], [ -99.355482442266137, 20.966605517642972 ], [ -99.355557465002661, 20.966434515777813 ], [ -99.355594931076936, 20.966259338929159 ], [ -99.355669875900503, 20.966124825943986 ], [ -99.355707318467609, 20.965986413347487 ], [ -99.355669869710596, 20.965839390589768 ], [ -99.355707333092838, 20.965633590991395 ], [ -99.355669882518811, 20.965491691297881 ], [ -99.355632425858772, 20.965316718420635 ], [ -99.355557522671589, 20.965177533753508 ], [ -99.3554450865729, 20.965034463405672 ], [ -99.355332656161153, 20.964858485906174 ], [ -99.355220014126076, 20.964748125025427 ], [ -99.355107379819245, 20.964605003174167 ], [ -99.354994682978713, 20.964461796796609 ], [ -99.354882116831831, 20.964356248052741 ], [ -99.354769743788353, 20.964218031733218 ], [ -99.354657356141146, 20.964079302729317 ], [ -99.354544872186537, 20.963904320522623 ], [ -99.354431966761624, 20.963760501539433 ], [ -99.354394962266568, 20.963624941060488 ], [ -99.354356989723556, 20.963410596559935 ], [ -99.354318301289794, 20.963330253645456 ], [ -99.354316812128104, 20.96303640544869 ], [ -99.354277821596071, 20.962918763625783 ], [ -99.35431544645607, 20.962637585819511 ], [ -99.354276980066345, 20.962454191402838 ], [ -99.35419967615428, 20.962295985921497 ], [ -99.354199871926141, 20.96212161207206 ], [ -99.354161222829831, 20.96197245693655 ], [ -99.354160386985342, 20.96182427733137 ], [ -99.354158852748924, 20.961669646577615 ], [ -99.354196669915623, 20.961528842339803 ], [ -99.354158059012704, 20.961380095249481 ], [ -99.354196840859501, 20.961212921253424 ], [ -99.354119505631473, 20.961055487285023 ], [ -99.354119606943016, 20.960879813769726 ], [ -99.354156764416601, 20.960732311841372 ], [ -99.354194515239527, 20.960660917244976 ] ] } },
{ "type": "Feature", "properties": { "ID_OBRA": "942_Pisaflores", "No.": 942.0, "Municipio": "Pisaflores", "Rubro": "Vialidades Urbanas", "Ejercicio": 2023.0, "Obra": "Pavimentación de concreto hidráulico en la Calle Principal, en la localidad de La Escondida; en el municipio de Pisaflores.", "Localidad": "Escondida de San Rafael", "Inversión": 1068471.99, "Habitantes.beneficiados": 494.0, "Ejecutora": "DGCCE", "Trabajos": "Considera los trabajos de preliminares, riego de impregnación, piso para pavimento de concreto hidráulico.", "Geometria_tipo": "Línea", "extract": 0.85137668520860266 }, "geometry": { "type": "LineString", "coordinates": [ [ -99.0224877008513, 21.179549148955601 ], [ -99.022387382289594, 21.179587223505699 ], [ -99.022320878966497, 21.179612606456296 ], [ -99.022238589361905, 21.179605216503298 ], [ -99.022150661678197, 21.179585140169699 ], [ -99.0220525880802, 21.179559778830896 ], [ -99.021980444921198, 21.179560845481401 ], [ -99.021903797630301, 21.179594687639302 ], [ -99.021804618992206, 21.179720513992997 ], [ -99.021668251536994, 21.179917181246601 ], [ -99.021585977906994, 21.180020802912697 ], [ -99.021427059061807, 21.180176239838296 ], [ -99.021299694572903, 21.180274580787799 ], [ -99.021126117356417, 21.180404645116202 ], [ -99.020952537900101, 21.180520964930398 ] ] } },
{ "type": "Feature", "properties": { "ID_OBRA": "943_Pisaflores", "No.": 943.0, "Municipio": "Pisaflores", "Rubro": "Vialidades Urbanas", "Ejercicio": 2023.0, "Obra": "Pavimentación de concreto hidráulico en calle de la localidad La Gargantilla; en el municipio de Pisaflores.", "Localidad": "Gargantilla", "Inversión": 1568931.49, "Habitantes.beneficiados": 776.0, "Ejecutora": "DGCCE", "Trabajos": "Considera los trabajos de preliminares, riego de impregnación, piso para pavimento de concreto hidráulico.", "Geometria_tipo": "Línea", "extract": 0.65023056523821465 }, "geometry": { "type": "LineString", "coordinates": [ [ -98.955195256708905, 21.267999603930502 ], [ -98.955314844632994, 21.267902369110999 ], [ -98.955441212584304, 21.267762846182798 ], [ -98.9555405130411, 21.267614858054998 ], [ -98.9555766390895, 21.267504914059302 ], [ -98.955648853022694, 21.267411895482798 ], [ -98.955739110198294, 21.267329454068602 ], [ -98.955863191826396, 21.267289311285495 ], [ -98.956093290217296, 21.267270340975401 ], [ -98.956354975509001, 21.267232348116298 ], [ -98.956413625334406, 21.267236592277698 ], [ -98.956494825813095, 21.267266216132999 ], [ -98.956718107209099, 21.267416402481903 ], [ -98.956860192021793, 21.267524277949505 ], [ -98.956957174849407, 21.267583508492695 ], [ -98.957250426015193, 21.267600499066898 ], [ -98.957417349712401, 21.267623800728995 ], [ -98.957712851997798, 21.267657706994203 ], [ -98.9578075993211, 21.267647158289002 ], [ -98.957895590605801, 21.267596432516196 ], [ -98.957965540711101, 21.267526671780104 ], [ -98.958053541454603, 21.267442114071898 ], [ -98.958134772269105, 21.267366012598696 ], [ -98.958155078166897, 21.267353330696601 ], [ -98.958263368481596, 21.267313182223599 ], [ -98.958371658143193, 21.267275148171496 ], [ -98.958439369867804, 21.2671419519531 ], [ -98.958461972447694, 21.266983370700096 ] ] } },
{ "type": "Feature", "properties": { "ID_OBRA": "946_Pisaflores", "No.": 946.0, "Municipio": "Pisaflores", "Rubro": "Infraestructura Carretera", "Ejercicio": 2024.0, "Obra": "Construcción de pavimento tramo Rancho Nuevo a La Lomita, en el municipio de Pisaflores", "Localidad": "Rancho Nuevo", "Inversión": 3877614.82, "Habitantes.beneficiados": 712.0, "Ejecutora": "DGIVC", "Trabajos": "Considera los trabajos de preliminares y pavimento en la localidad de Rancho Nuevo municipio de Pisaflores.", "Geometria_tipo": "Línea", "extract": 0.71570331155989175 }, "geometry": { "type": "LineString", "coordinates": [ [ -98.914431398316168, 21.201921399834561 ], [ -98.914223394495409, 21.201784420900847 ], [ -98.913958341267119, 21.20178320167626 ], [ -98.913769576464716, 21.201884640808306 ], [ -98.913582251056923, 21.201955335792956 ], [ -98.913294510073641, 21.202328313710819 ], [ -98.91304813367141, 21.202732273066356 ], [ -98.912993607339672, 21.203014300860435 ], [ -98.912926443959179, 21.203363742237016 ], [ -98.912820232071397, 21.203590306333986 ], [ -98.912646077899879, 21.203394978744928 ], [ -98.91271861593971, 21.203142421131762 ], [ -98.91277465496195, 21.202906144122711 ], [ -98.912785075699304, 21.202729868642038 ], [ -98.912875455530013, 21.202530556658619 ], [ -98.912912520251055, 21.202256827994109 ], [ -98.912955781960534, 21.20210138814894 ], [ -98.91301435210174, 21.201918537528226 ], [ -98.913218438752025, 21.20170839716311 ], [ -98.913423156611003, 21.201453359777311 ] ] } },
{ "type": "Feature", "properties": { "ID_OBRA": "947_Pisaflores", "No.": 947.0, "Municipio": "Pisaflores", "Rubro": "Vialidades Urbanas", "Ejercicio": 2023.0, "Obra": "Pavimentación de concreto hidráulico de la Calle Principal, en la localidad de San Pedro Xochicuaco; en el municipio de Pisaflores.", "Localidad": "San Pedro Xochicuaco", "Inversión": 1099780.0, "Habitantes.beneficiados": 562.0, "Ejecutora": "DGCCE", "Trabajos": "Considera los trabajos de preliminares, riego de impregnación, piso para pavimento de concreto hidráulico.", "Geometria_tipo": "Línea", "extract": 1.1530588596344207 }, "geometry": { "type": "LineString", "coordinates": [ [ -98.992908532587307, 21.223556575038604 ], [ -98.992942365114203, 21.223444507833399 ], [ -98.99294011761441, 21.223283805560197 ], [ -98.992937874144303, 21.223038523186901 ], [ -98.992915336789295, 21.2227446063984 ], [ -98.992917602014401, 21.222533156239496 ] ] } },
{ "type": "Feature", "properties": { "ID_OBRA": "953_Progreso de Obregón", "No.": 953.0, "Municipio": "Progreso de Obregón", "Rubro": "Vialidades Urbanas", "Ejercicio": 2023.0, "Obra": "Construcción de pavimentación de calle Felipe Ángeles a Hidroeléctrica Elba: Tramo 0+000 - 1+680", "Localidad": "Progreso de Obregón", "Inversión": 7133700.27, "Habitantes.beneficiados": 17718.0, "Ejecutora": "DGIVC", "Trabajos": "Considera los trabajos de preliminares, piso para pavimento de concreto hidráulico.", "Geometria_tipo": "Línea", "extract": 0.5058277451719293 }, "geometry": { "type": "LineString", "coordinates": [ [ -99.1957129148158, 20.263023602609803 ], [ -99.195829157380018, 20.262795082079197 ], [ -99.195931831904403, 20.262469299099099 ], [ -99.195981068769001, 20.262418490568901 ], [ -99.196093147367407, 20.262443741990204 ], [ -99.196846618733503, 20.262853154995497 ], [ -99.197075322811898, 20.262954405029696 ], [ -99.197286062223711, 20.263026068777702 ], [ -99.197483297311393, 20.263051223451804 ], [ -99.197684955436998, 20.263029848884997 ], [ -99.197971678152101, 20.262936477271797 ], [ -99.198204574996694, 20.262809330395097 ], [ -99.198518069934096, 20.2626228795583 ], [ -99.198598609165103, 20.262517051904599 ], [ -99.198719253614897, 20.262229312085303 ], [ -99.198737057238603, 20.262132014379699 ], [ -99.198687654511602, 20.262051710679998 ], [ -99.198521788128303, 20.262022292374802 ], [ -99.198203549434695, 20.262001505156899 ], [ -99.197965962775598, 20.261963708476792 ], [ -99.197741768224105, 20.261883601790203 ], [ -99.197288844511405, 20.261681098071591 ], [ -99.197190185106905, 20.2616346850266 ], [ -99.197073528979814, 20.261533309199297 ], [ -99.196979287542206, 20.2614361375683 ], [ -99.196876093212694, 20.2613474348552 ], [ -99.196445671790102, 20.261216804451394 ], [ -99.196091543126499, 20.261166447384305 ], [ -99.195607478656399, 20.2611458408273 ], [ -99.195047165036399, 20.2610787937293 ], [ -99.194630217687703, 20.260969291153 ], [ -99.194284927482798, 20.260817413597302 ], [ -99.194056133705203, 20.260640029696599 ], [ -99.193952699879901, 20.2603567703745 ], [ -99.193952384661102, 20.260103003156296 ], [ -99.1941806357719, 20.259844753483602 ], [ -99.194404472794915, 20.259641491381291 ], [ -99.194601386906001, 20.259412882117598 ], [ -99.194690748352002, 20.259192851007501 ], [ -99.194739636475106, 20.258862898845997 ], [ -99.194761681326995, 20.258571041619202 ], [ -99.194694228193796, 20.258389249743598 ], [ -99.194398106006304, 20.2581273517564 ], [ -99.193626590108707, 20.257599522826098 ], [ -99.192998745228806, 20.257274546495704 ], [ -99.192544676224898, 20.257036081116802 ], [ -99.192129859974798, 20.2568271777726 ] ] } },
{ "type": "Feature", "properties": { "ID_OBRA": "957_San Agustín Metzquititlán", "No.": 957.0, "Municipio": "San Agustín Metzquititlán", "Rubro": "Vialidades Urbanas", "Ejercicio": 2022.0, "Obra": "Construcción de pavimento de concreto hidráulico en la comunidad de San Nicolás Atecoxco, municipio de San Agustín Metzquititlán", "Localidad": "Atecoxco (San Nicolás Atecoxco)", "Inversión": 997386.88, "Habitantes.beneficiados": 617.0, "Ejecutora": "DGCCE", "Trabajos": "Considera los trabajos de preliminares, riego de impregnación, piso para pavimento de concreto hidráulico.", "Geometria_tipo": "Línea", "extract": -0.66821116691609883 }, "geometry": { "type": "LineString", "coordinates": [ [ -98.592578328304796, 20.505201305846604 ], [ -98.592489657690606, 20.505207441640795 ], [ -98.592343489133498, 20.505313887731798 ], [ -98.592188328768998, 20.505425599169698 ], [ -98.5918668833407, 20.5056119892824 ], [ -98.591727536838306, 20.505684616656602 ], [ -98.590120153122498, 20.506670479644395 ], [ -98.588780367328695, 20.507458185536201 ], [ -98.587669874723403, 20.508106859577097 ] ] } },
{ "type": "Feature", "properties": { "ID_OBRA": "964_San Agustín Tlaxiaca", "No.": 964.0, "Municipio": "San Agustín Tlaxiaca", "Rubro": "Vialidades Urbanas", "Ejercicio": 2023.0, "Obra": "Construcción de empedrado Av. de Las Rosas, municipio de San Agustín Tlaxiaca", "Localidad": "Casa Grande (Barrio)", "Inversión": 523600.8, "Habitantes.beneficiados": null, "Ejecutora": "DGOPI", "Trabajos": "Considera trabajos en la rehabilitación y/o mejoramiento de las vialidades urbanas en la localidad de Casa Grande (Barrio) muncipio de San Agustín Tlaxiaca", "Geometria_tipo": "Línea", "extract": 0.35554707914623396 }, "geometry": { "type": "LineString", "coordinates": [ [ -98.887974168274397, 20.103593819734204 ], [ -98.888079237172818, 20.103803248982395 ], [ -98.888195429178808, 20.104112079562896 ], [ -98.888329519130096, 20.104437839572398 ], [ -98.888439094906801, 20.104607090750093 ], [ -98.8884838387321, 20.104649414499399 ], [ -98.888788111571699, 20.104917125354199 ], [ -98.889054390922794, 20.105094933933998 ], [ -98.889177457430804, 20.1051827743598 ], [ -98.889318418798496, 20.105291773657303 ], [ -98.889714360383294, 20.105731894394303 ], [ -98.889996218552497, 20.106045056758802 ], [ -98.890128207967706, 20.106180484473093 ], [ -98.890259052089306, 20.106353448595602 ] ] } },
{ "type": "Feature", "properties": { "ID_OBRA": "983_San Agustín Tlaxiaca", "No.": 983.0, "Municipio": "San Agustín Tlaxiaca", "Rubro": "Vialidades Urbanas", "Ejercicio": 2024.0, "Obra": "Pavimentación de concreto hidráulico en calle Teodora Cerón, Barrio Huizache, municipio de San Agustín Tlaxiaca", "Localidad": "San Agustín Tlaxiaca", "Inversión": 5894584.97, "Habitantes.beneficiados": null, "Ejecutora": "DGOPI", "Trabajos": "Considera los trabajos de preliminares, riego de impregnación, piso para pavimento de concreto hidráulico.", "Geometria_tipo": "Línea", "extract": 0.4361682411504495 }, "geometry": { "type": "LineString", "coordinates": [ [ -98.888595010111501, 20.1156131235714 ], [ -98.888105946307206, 20.117012792036196 ], [ -98.887657155558799, 20.118437861786401 ] ] } },
{ "type": "Feature", "properties": { "ID_OBRA": "1474_Zimapán", "No.": 1474.0, "Municipio": "Zimapán", "Rubro": "Vialidades Urbanas", "Ejercicio": 2023.0, "Obra": "Construcción de huellas de concreto hidráulico y empedrado en el municipio de Zimapán, en la localidad de Plutarco Elías Calles, Manzana Tlalpan, calle Granada y Durazno", "Localidad": "Plutarco Elías Calles (Santiago)", "Inversión": 1571074.86, "Habitantes.beneficiados": 912.0, "Ejecutora": "DGIVC", "Trabajos": "Considera los trabajos de construcción de huellas de concreto hidráulico y empedrado en la localidad, el cual consta de terracerías y pisos de concreto.", "Geometria_tipo": "Línea", "extract": 0.25316555448318645 }, "geometry": { "type": "LineString", "coordinates": [ [ -99.364483188835734, 20.720891921133028 ], [ -99.363543657320847, 20.722433050744264 ] ] } },
{ "type": "Feature", "properties": { "ID_OBRA": "1474_Zimapán", "No.": 1474.0, "Municipio": "Zimapán", "Rubro": "Vialidades Urbanas", "Ejercicio": 2023.0, "Obra": "Construcción de huellas de concreto hidráulico y empedrado en el municipio de Zimapán, en la localidad de Plutarco Elías Calles, Manzana Tlalpan, calle Granada y Durazno", "Localidad": "Plutarco Elías Calles (Santiago)", "Inversión": 1571074.86, "Habitantes.beneficiados": 912.0, "Ejecutora": "DGIVC", "Trabajos": "Considera los trabajos de construcción de huellas de concreto hidráulico y empedrado en la localidad, el cual consta de terracerías y pisos de concreto.", "Geometria_tipo": "Línea", "extract": 0.2389180007463956 }, "geometry": { "type": "LineString", "coordinates": [ [ -99.363584180313566, 20.719886822311185 ], [ -99.362478772940378, 20.721137029843668 ] ] } }
]
}
