{
"type": "FeatureCollection",
"name": "obras_punto_extract",
"crs": { "type": "name", "properties": { "name": "urn:ogc:def:crs:EPSG::32614" } },
"features": [
{ "type": "Feature", "properties": { "ID_OBRA": "1052_San Salvador", "No.": 1052.0, "Municipio": "San Salvador", "Rubro": "Infraestructura Carretera", "Ejercicio": 2022.0, "Obra": "Pavimentación asfáltica Donghu, Cerro Blanco, municipio de San Salvador", "Localidad": "San Salvador", "Inversión": 996360.38, "Habitantes.beneficiados": 1107.0, "Ejecutora": "DGCCE", "Trabajos": "Considera los trabajos de capa subbase, riego de impregnación, suministro y aplicación de riego de liga con emulsión asfáltica", "Geometria_tipo": "Punto", "extract": 0.0077684246590493423 }, "geometry": { "type": "Point", "coordinates": [ 484170.834568628750276, 2253672.4896405111067 ] } },
{ "type": "Feature", "properties": { "ID_OBRA": "1125_Tenango de Doria", "No.": 1125.0, "Municipio": "Tenango de Doria", "Rubro": "Infraestructura Carretera", "Ejercicio": 2025.0, "Obra": "Construcción del puente vehicular en camino rural Cerro Chiquito a San José del Valle, en el municipio de Tenango de Doria", "Localidad": "Tenango de Doria", "Inversión": 7019012.68, "Habitantes.beneficiados": null, "Ejecutora": "SIPDUS", "Trabajos": null, "Geometria_tipo": "Punto", "extract": 0.66124124983194343 }, "geometry": { "type": "Point", "coordinates": [ 586360.035344402305782, 2253841.916014245245606 ] } },
{ "type": "Feature", "properties": { "ID_OBRA": "1129_Tepeapulco", "No.": 1129.0, "Municipio": "Tepeapulco", "Rubro": "Infraestructura Carretera", "Ejercicio": 2024.0, "Obra": "Construye Tu Camino del tramo La Asunción en la localidad de Francisco Sarabia, en el municipio de Tepeapulco", "Localidad": "Francisco Sarabia (Corralillos)", "Inversión": 6100000.0, "Habitantes.beneficiados": null, "Ejecutora": "DGCCE", "Trabajos": "Considera los trabajos de construcción de huellas de concreto hidráulico y empedrado en la localidad, el cual consta de terracerías y pisos de concreto.", "Geometria_tipo": "Punto", "extract": -0.60198530505919945 }, "geometry": { "type": "Point", "coordinates": [ 560987.681215379736386, 2197008.165092082694173 ] } },
{ "type": "Feature", "properties": { "ID_OBRA": "1134_Tepeapulco", "No.": 1134.0, "Municipio": "Tepeapulco", "Rubro": "Vialidades Urbanas", "Ejercicio": 2023.0, "Obra": "Construcción de pavimento hidráulico en calle Mirto, en el municipio de Tepeapulco", "Localidad": "Fray Bernardino de Sahagún (Ciudad Sahagún)", "Inversión": 2345061.37, "Habitantes.beneficiados": null, "Ejecutora": "DGCCE", "Trabajos": "Considera los trabajos de preliminares, piso para pavimento de concreto hidráulico.", "Geometria_tipo": "Punto", "extract": 0.57296507087038673 }, "geometry": { "type": "Point", "coordinates": [ 544240.893743186723441, 2185811.956742452457547 ] } },
{ "type": "Feature", "properties": { "ID_OBRA": "1249_Tlanchinol", "No.": 1249.0, "Municipio": "Tlanchinol", "Rubro": "Infraestructura Carretera", "Ejercicio": 2024.0, "Obra": "Pavimentación hidráulica y construcción de muro de contención en la C.E. acceso a Toctitlán, municipio de Tlanchinol", "Localidad": "San Salvador", "Inversión": 2202862.1, "Habitantes.beneficiados": 538.0, "Ejecutora": null, "Trabajos": "Considera en los trabajos la construcción de muros de contención en la Localidad de San Salvador.", "Geometria_tipo": "Punto", "extract": 0.52427009528804447 }, "geometry": { "type": "Point", "coordinates": [ 541946.047058687894605, 2323493.098862745333463 ] } },
{ "type": "Feature", "properties": { "ID_OBRA": "1359_Villa de Tezontepec", "No.": 1359.0, "Municipio": "Villa de Tezontepec", "Rubro": "Vialidades Urbanas", "Ejercicio": 2024.0, "Obra": "Rehabilitación de andadores de plaza 16 de Enero y pavimentación de concreto hidráulico de la zona Centro de la cabecera municipal, Villa de Tezontepec.", "Localidad": "Tezontepec", "Inversión": 7856237.23, "Habitantes.beneficiados": 6213.0, "Ejecutora": "DGOPI", "Trabajos": "Considera los trabajos de preliminares, riego de impregnación, piso para pavimento de concreto hidráulico.", "Geometria_tipo": "Punto", "extract": 0.36631508613813779 }, "geometry": { "type": "Point", "coordinates": [ 518853.560099276422989, 2198218.388661773409694 ] } },
{ "type": "Feature", "properties": { "ID_OBRA": "1398_Yahualica", "No.": 1398.0, "Municipio": "Yahualica", "Rubro": "Vialidades Urbanas", "Ejercicio": 2022.0, "Obra": "Rehabilitación de la calle paso por Santa Teresa, municipio de Yahualica", "Localidad": "Santa Teresa", "Inversión": 8279054.01, "Habitantes.beneficiados": null, "Ejecutora": "DGIVC", "Trabajos": "Considera los trabajos de preliminares, piso para pavimento de concreto hidráulico.", "Geometria_tipo": "Punto", "extract": 0.47659668745520678 }, "geometry": { "type": "Point", "coordinates": [ 564220.469435095321387, 2309746.760172350332141 ] } },
{ "type": "Feature", "properties": { "ID_OBRA": "1399_Yahualica", "No.": 1399.0, "Municipio": "Yahualica", "Rubro": "Infraestructura Carretera", "Ejercicio": 2024.0, "Obra": "construcción de muro de contención en E.C. (Lolotla - Atlapexco) - Santa Teresa, municipio de Yahualica", "Localidad": "Santa Teresa", "Inversión": 19373020.14, "Habitantes.beneficiados": 4941.0, "Ejecutora": "DGOPI", "Trabajos": "Considera en los trabajos la construcción de muros de contención en la Localidad de Santa Teresa.", "Geometria_tipo": "Punto", "extract": 0.098462193922323721 }, "geometry": { "type": "Point", "coordinates": [ 561592.127470255247317, 2313471.381450933404267 ] } },
{ "type": "Feature", "properties": { "ID_OBRA": "1413_Zacualtipán de Ángeles", "No.": 1413.0, "Municipio": "Zacualtipán de Ángeles", "Rubro": "Infraestructura Carretera", "Ejercicio": 2024.0, "Obra": "Reconstrucción de la carretera ramal a Tlahuelompa (Segunda etapa), en el municipio de Zacualtipán", "Localidad": "Tlahuelompa (San Francisco Tlahuelompa)", "Inversión": 18942172.74, "Habitantes.beneficiados": 971.0, "Ejecutora": "DGCCE", "Trabajos": "Considera los trabajos de deshierbe de zonas laterales del camino, extracción de derrumbes (limpieza de cunetas), revestimiento, compactación, pavimento de concreto asfaltico.", "Geometria_tipo": "Punto", "extract": 0.10461436899908166 }, "geometry": { "type": "Point", "coordinates": [ 544141.104537322651595, 2283232.568538282997906 ] } },
{ "type": "Feature", "properties": { "ID_OBRA": "1416_Zacualtipán de Ángeles", "No.": 1416.0, "Municipio": "Zacualtipán de Ángeles", "Rubro": "Vialidades Urbanas", "Ejercicio": 2023.0, "Obra": "Pavimentación de calle cerrada de Los Girasoles, colonia López Mateos Segunda Sección, en el municipio de Zacualtipán de Ángeles", "Localidad": "Zacualtipán", "Inversión": 649511.41, "Habitantes.beneficiados": null, "Ejecutora": "DGCCE", "Trabajos": "Considera los trabajos de preliminares, piso para pavimento de concreto hidráulico.", "Geometria_tipo": "Punto", "extract": 0.46715663644041977 }, "geometry": { "type": "Point", "coordinates": [ 535480.450837482814677, 2284386.5747289378196 ] } },
{ "type": "Feature", "properties": { "ID_OBRA": "1421_Zacualtipán de Ángeles", "No.": 1421.0, "Municipio": "Zacualtipán de Ángeles", "Rubro": "Vialidades Urbanas", "Ejercicio": 2023.0, "Obra": "Pavimentación de calle Escuadra con Cuesta Chica, colonia La Campesina, en el municipio de Zacualtipán de Ángeles.", "Localidad": "Zacualtipán", "Inversión": 831432.37, "Habitantes.beneficiados": null, "Ejecutora": "DGCCE", "Trabajos": "Considera los trabajos de preliminares, piso para pavimento de concreto hidráulico.", "Geometria_tipo": "Punto", "extract": 0.41508621329767209 }, "geometry": { "type": "Point", "coordinates": [ 535077.754542145296, 2283988.317895198706537 ] } },
{ "type": "Feature", "properties": { "ID_OBRA": "1443_Zapotlán de Juárez", "No.": 1443.0, "Municipio": "Zapotlán de Juárez", "Rubro": "Vialidades Urbanas", "Ejercicio": 2024.0, "Obra": "Reconstrucción de pórtico y vialidad de acceso a la Cabecera Municipal de Zapotlán de Juárez.", "Localidad": "Zapotlán de Juárez", "Inversión": 25761187.15, "Habitantes.beneficiados": null, "Ejecutora": "DGOPI", "Trabajos": "Considera trabajos en la rehabilitación y/o mejoramiento de las vialidades urbanas en el muncipio de Zapotlán de Juárez", "Geometria_tipo": "Punto", "extract": 0.45943624589661303 }, "geometry": { "type": "Point", "coordinates": [ 515047.575070454739034, 2209294.603143947664648 ] } },
{ "type": "Feature", "properties": { "ID_OBRA": "1466_Zempoala", "No.": 1466.0, "Municipio": "Zempoala", "Rubro": "Vialidades Urbanas", "Ejercicio": 2023.0, "Obra": "Pavimentación hidráulica en calle Emiliano Zapata, en la cabecera municipal; en el municipio de Zempoala.", "Localidad": "Zempoala", "Inversión": 1324945.11, "Habitantes.beneficiados": 7205.0, "Ejecutora": "DGIVC", "Trabajos": "Considera los trabajos de preliminares, piso para pavimento de concreto hidráulico.", "Geometria_tipo": "Punto", "extract": -0.27621573097340285 }, "geometry": { "type": "Point", "coordinates": [ 544865.975881749531254, 2200665.534048911184072 ] } },
{ "type": "Feature", "properties": { "ID_OBRA": "1476_Zimapán", "No.": 1476.0, "Municipio": "Zimapán", "Rubro": "Vialidades Urbanas", "Ejercicio": 2024.0, "Obra": "Construcción de huellas de concreto hidráulico y empedrado, en el municipio de Zimapán, en la localidad de Plutarco Elías Calles (Santiago), Manzana Las Lindas, en distintas calles", "Localidad": "Plutarco Elías Calles (Santiago)", "Inversión": 1936855.86, "Habitantes.beneficiados": 348.0, "Ejecutora": "DGIVC", "Trabajos": "Considera los trabajos de construcción de huellas de concreto hidráulico y empedrado en la localidad, el cual consta de terracerías y pisos de concreto.", "Geometria_tipo": "Punto", "extract": 0.32261408777055767 }, "geometry": { "type": "Point", "coordinates": [ 462342.537262715690304, 2291997.610254428815097 ] } },
{ "type": "Feature", "properties": { "ID_OBRA": "345_Huehuetla", "No.": 345.0, "Municipio": "Huehuetla", "Rubro": "Infraestructura Carretera", "Ejercicio": 2024.0, "Obra": "Construcción de muros de contención en la C.E. Huehuetla - San Ambrosio, municipio de Huehuetla", "Localidad": "San Ambrosio", "Inversión": 1716294.18, "Habitantes.beneficiados": 867.0, "Ejecutora": null, "Trabajos": "Considera los trabajos de  muros de contención.", "Geometria_tipo": "Punto", "extract": 1.0152896304319876 }, "geometry": { "type": "Point", "coordinates": [ 598353.523097630823031, 2265910.882066553924233 ] } },
{ "type": "Feature", "properties": { "ID_OBRA": "408_Ixmiquilpan", "No.": 408.0, "Municipio": "Ixmiquilpan", "Rubro": "Vialidades Urbanas", "Ejercicio": 2023.0, "Obra": "Pavimentación asfáltica en calle El Bhenu en la localidad de El Alberto, municipio de Ixmiquilpan, Hidalgo.", "Localidad": "El Alberto", "Inversión": 2510837.38, "Habitantes.beneficiados": 767.0, "Ejecutora": "DGCCE", "Trabajos": "Considera los trabajos de capa subbase, riego de impregnación, suministro y aplicación de riego de liga con emulsión asfáltica", "Geometria_tipo": "Punto", "extract": 0.057785193458339643 }, "geometry": { "type": "Point", "coordinates": [ 476639.71755882591242, 2257661.091851774137467 ] } },
{ "type": "Feature", "properties": { "ID_OBRA": "464_Jacala de Ledezma", "No.": 464.0, "Municipio": "Jacala de Ledezma", "Rubro": "Vialidades Urbanas", "Ejercicio": 2023.0, "Obra": "Construcción de huellas de concreto hidráulico y empedrado en la localidad de San Nicolás", "Localidad": "San Nicolás", "Inversión": 687335.22, "Habitantes.beneficiados": 664.0, "Ejecutora": "DGCCE", "Trabajos": "Considera los trabajos de construcción de huellas de concreto hidráulico y empedrado en la localidad, el cual consta de terracerías y pisos de concreto.", "Geometria_tipo": "Punto", "extract": -0.0090604518699224403 }, "geometry": { "type": "Point", "coordinates": [ 482905.852576156670693, 2316090.394520407076925 ] } },
{ "type": "Feature", "properties": { "ID_OBRA": "494_Lolotla", "No.": 494.0, "Municipio": "Lolotla", "Rubro": "Infraestructura Carretera", "Ejercicio": 2024.0, "Obra": "Modernización el camino rural Xuchitlan - Toscalao, subtramo: Toscalao - Tetlapaya (Segunda Etapa), Lolotla.", "Localidad": "Xuchitlán", "Inversión": 9963998.85, "Habitantes.beneficiados": 873.0, "Ejecutora": null, "Trabajos": "Considera los trabajos de preliminares, obras de drenaje, terraplen.", "Geometria_tipo": "Punto", "extract": 0.3138950540371015 }, "geometry": { "type": "Point", "coordinates": [ 526792.693079957505688, 2328784.408520280383527 ] } },
{ "type": "Feature", "properties": { "ID_OBRA": "512_Metepec", "No.": 512.0, "Municipio": "Metepec", "Rubro": "Vialidades Urbanas", "Ejercicio": 2024.0, "Obra": "Construcción de pavimento hidráulico en calle Prolongación Hidalgo en la localidad de Estación de Apulco, en el municipio de Metepec", "Localidad": "Estación de Apulco", "Inversión": 3115252.45, "Habitantes.beneficiados": null, "Ejecutora": "DGOPI", "Trabajos": "Considera los trabajos de preliminares, piso para pavimento de concreto hidráulico.", "Geometria_tipo": "Punto", "extract": -0.049996112016293018 }, "geometry": { "type": "Point", "coordinates": [ 567849.765019716694951, 2243382.836203038692474 ] } },
{ "type": "Feature", "properties": { "ID_OBRA": "600_Mineral del Chico", "No.": 600.0, "Municipio": "Mineral del Chico", "Rubro": "Infraestructura Carretera", "Ejercicio": 2024.0, "Obra": "Reconstrucción de pavimento asfáltico de carretera Mineral del Chico - E.C.F. Pachuca - Huejutla", "Localidad": "Mineral del Chico", "Inversión": 69515024.26000001, "Habitantes.beneficiados": 533.0, "Ejecutora": "DGCCE", "Trabajos": "Considera los trabajos de la operación de escarificación, disgregado, construcción de base hidráulica, suministro y aplicación de riego de liga con emulsión asfáltica.", "Geometria_tipo": "Punto", "extract": -0.0080115325134357471 }, "geometry": { "type": "Point", "coordinates": [ 528867.349836329929531, 2231652.769746518693864 ] } },
{ "type": "Feature", "properties": { "ID_OBRA": "601_Mineral del Chico", "No.": 601.0, "Municipio": "Mineral del Chico", "Rubro": "Infraestructura Carretera", "Ejercicio": 2024.0, "Obra": "Reconstrucción y rehabilitación de la Carretera La Estanzuela - Tilcuautla, municipio de Mineral del Chico.", "Localidad": "Mineral del Chico", "Inversión": 22293035.97, "Habitantes.beneficiados": null, "Ejecutora": "DGCCE", "Trabajos": "Considera trabajos para la reconstrucción y/o conservación de Infraestructura Carretera en la localidad de Mineral del Chico municipio de Mineral del Chico", "Geometria_tipo": "Punto", "extract": 0.15697645509056563 }, "geometry": { "type": "Point", "coordinates": [ 526108.388086380087771, 2232172.697237708140165 ] } },
{ "type": "Feature", "properties": { "ID_OBRA": "644_Omitlán de Juárez", "No.": 644.0, "Municipio": "Omitlán de Juárez", "Rubro": "Vialidades Urbanas", "Ejercicio": 2025.0, "Obra": "Construcción de pavimentación hidráulica en la Localidad de Morelos, en el municipio de Omitlán de Juárez", "Localidad": "Morelos", "Inversión": 24104002.93, "Habitantes.beneficiados": 253.0, "Ejecutora": "DGIVC", "Trabajos": "Considera las siguientes partidas de trabajo: preliminares; excavaciones, construcción de base, mejoramiento de terreno.; pavimento de concreto", "Geometria_tipo": "Punto", "extract": 0.17126941722407893 }, "geometry": { "type": "Point", "coordinates": [ 536756.67090965830721, 2230318.346757646650076 ] } },
{ "type": "Feature", "properties": { "ID_OBRA": "101_Atlapexco", "No.": 101.0, "Municipio": "Atlapexco", "Rubro": "Infraestructura Carretera", "Ejercicio": 2024.0, "Obra": "Rehabilitación de la Carretera Atlapexco a Lolotla, Tramo: Acceso a la localidad de Itzócal, municipio de Atlapexco", "Localidad": "Itzócal", "Inversión": 8288509.13, "Habitantes.beneficiados": 1113.0, "Ejecutora": null, "Trabajos": "Considera trabajos para la reconstrucción y/o conservación de Infraestructura Carretera en la localidad de Itzócal municipio de Atlapexco", "Geometria_tipo": "Punto", "extract": 0.17252218936878572 }, "geometry": { "type": "Point", "coordinates": [ 562887.171393180266023, 2324019.684506729245186 ] } },
{ "type": "Feature", "properties": { "ID_OBRA": "1026_San Felipe Orizatlán", "No.": 1026.0, "Municipio": "San Felipe Orizatlán", "Rubro": "Infraestructura Carretera", "Ejercicio": 2024.0, "Obra": "Rehabilitación de camino de Coacuilco a Pochotitla a Ahuimol, del Km 0.000 al Km 1.310, en el municipio de San Felipe Orizatlán.", "Localidad": "Varias", "Inversión": 1728995.1, "Habitantes.beneficiados": null, "Ejecutora": "DGIyVC", "Trabajos": "Considera trabajos para la reconstrucción y/o conservación de Infraestructura Carretera en la localidad de Varias municipio de San Felipe Orizatlán", "Geometria_tipo": "Punto", "extract": 0.5584948940312886 }, "geometry": { "type": "Point", "coordinates": [ 542860.857834207941778, 2337441.525363584980369 ] } },
{ "type": "Feature", "properties": { "ID_OBRA": "1032_San Salvador", "No.": 1032.0, "Municipio": "San Salvador", "Rubro": "Infraestructura Carretera", "Ejercicio": 2022.0, "Obra": "Reconstrucción a Chichimecas - Cañada Chica, Chichimecas, municipio de San salvador", "Localidad": "Chichimecas", "Inversión": 997980.35, "Habitantes.beneficiados": 479.0, "Ejecutora": "DGCCE", "Trabajos": "Considera trabajos para la reconstrucción y/o conservación de Infraestructura Carretera en la localidad de Chichimecas municipio de San Salvador", "Geometria_tipo": "Punto", "extract": 0.16056918344514054 }, "geometry": { "type": "Point", "coordinates": [ 483188.437857947603334, 2256086.980735010933131 ] } },
{ "type": "Feature", "properties": { "ID_OBRA": "1071_Santiago de Anaya", "No.": 1071.0, "Municipio": "Santiago de Anaya", "Rubro": "Infraestructura Carretera", "Ejercicio": 2023.0, "Obra": "Pavimentación Hidráulica en acceso principal Boxaxni - Santa Mónica el Sitio (Segunda Etapa) .", "Localidad": "Varias", "Inversión": 13199291.85, "Habitantes.beneficiados": null, "Ejecutora": "DGOPI", "Trabajos": "Considera los trabajos de preliminares y pavimento hidráulico.", "Geometria_tipo": "Punto", "extract": 0.26899781374772114 }, "geometry": { "type": "Point", "coordinates": [ 505980.045587352884468, 2249575.402548738755286 ] } },
{ "type": "Feature", "properties": { "ID_OBRA": "1072_Santiago de Anaya", "No.": 1072.0, "Municipio": "Santiago de Anaya", "Rubro": "Infraestructura Carretera", "Ejercicio": 2024.0, "Obra": "Modernización y ampliación del C.R. Pozuelos - El Palmar; tramo del km 0+000 al 12+209, subtramo: del km 6+770 al km 12+209", "Localidad": "Varias", "Inversión": 38693637.89, "Habitantes.beneficiados": null, "Ejecutora": "DGCCE", "Trabajos": "Considera los trabajos de modernización del camino rural en el municipio de Santiago de Anaya.", "Geometria_tipo": "Punto", "extract": -0.54054736181093299 }, "geometry": { "type": "Point", "coordinates": [ 497090.250719145289622, 2258458.832635675091296 ] } },
{ "type": "Feature", "properties": { "ID_OBRA": "1082_Singuilucan", "No.": 1082.0, "Municipio": "Singuilucan", "Rubro": "Infraestructura Carretera", "Ejercicio": 2024.0, "Obra": "Pavimentación asfáltica de carretera Singuilucan - Francisco I Madero, tramo: La Conchita - La Gloria, en el municipio de Singuilucan", "Localidad": "Varias", "Inversión": 10998958.47, "Habitantes.beneficiados": null, "Ejecutora": "DGIVC", "Trabajos": "Considera los trabajos de capa subbase, riego de impregnación, suministro y aplicación de riego de liga con emulsión asfáltica", "Geometria_tipo": "Punto", "extract": -0.094162341500481181 }, "geometry": { "type": "Point", "coordinates": [ 552084.825287706451491, 2204105.328444375656545 ] } },
{ "type": "Feature", "properties": { "ID_OBRA": "1109_Tecozautla", "No.": 1109.0, "Municipio": "Tecozautla", "Rubro": "Infraestructura Carretera", "Ejercicio": 2023.0, "Obra": "Reconstrucción del camino Gandhó - Rancho Viejo - El Geiser - La Salitrera - Uxdejhe (Estatal 101) del Km 0+000 Al Km 4+000, en el municipio Tecozautla.", "Localidad": "Varias", "Inversión": 19283628.09, "Habitantes.beneficiados": null, "Ejecutora": "DGOPI", "Trabajos": "Considera trabajos para la reconstrucción y/o conservación de Infraestructura Carretera en la localidad de Varias municipio de Tecozautla", "Geometria_tipo": "Punto", "extract": -0.2533554086500836 }, "geometry": { "type": "Point", "coordinates": [ 428719.253268732514698, 2274979.313799379393458 ] } },
{ "type": "Feature", "properties": { "ID_OBRA": "1113_Tenango de Doria", "No.": 1113.0, "Municipio": "Tenango de Doria", "Rubro": "Infraestructura Carretera", "Ejercicio": 2023.0, "Obra": "Reconstrucción de la C.E. Tenango de Doria al Desdavi.", "Localidad": "El Desdavi", "Inversión": 36490785.98, "Habitantes.beneficiados": 2785.0, "Ejecutora": "DGCCE", "Trabajos": "Considera trabajos para la reconstrucción y/o conservación de Infraestructura Carretera en la localidad de El Desdavi municipio de Tenango de Doria", "Geometria_tipo": "Punto", "extract": 0.70849387847479839 }, "geometry": { "type": "Point", "coordinates": [ 579568.909559641731903, 2249767.031787842512131 ] } },
{ "type": "Feature", "properties": { "ID_OBRA": "1126_Tenango de Doria", "No.": 1126.0, "Municipio": "Tenango de Doria", "Rubro": "Infraestructura Carretera", "Ejercicio": 2022.0, "Obra": "Reconstrucción carretera estatal Tenango de Doria - Huehuetla, subtramo: Santa María Temascalapa - Huehuetla tres tramos, municipios de Tenango de Doria y Huehuetla", "Localidad": "Varias", "Inversión": 45404597.14, "Habitantes.beneficiados": 17202.0, "Ejecutora": "DGCCE", "Trabajos": "Considera trabajos para la reconstrucción y/o conservación de Infraestructura Carretera en la localidad de Varias municipio de Tenango de Doria", "Geometria_tipo": "Punto", "extract": 0.57810804040991093 }, "geometry": { "type": "Point", "coordinates": [ 584727.188035884173587, 2254653.295121253002435 ] } },
{ "type": "Feature", "properties": { "ID_OBRA": "1127_Tenango de Doria", "No.": 1127.0, "Municipio": "Tenango de Doria", "Rubro": "Infraestructura Carretera", "Ejercicio": 2024.0, "Obra": "Pavimentación de carpeta asfáltica C.M. San Nicolás - San Pablo El Grande, municipio de Tenango de Doria", "Localidad": "Varias", "Inversión": 8795315.48, "Habitantes.beneficiados": null, "Ejecutora": "DGCCE", "Trabajos": "Considera los trabajos de la operación de escarificación, disgregado,  suministro y aplicación de riego de liga con emulsión asfáltica.", "Geometria_tipo": "Punto", "extract": 0.53312490780834476 }, "geometry": { "type": "Point", "coordinates": [ 584499.63910837599542, 2249683.021298037376255 ] } },
{ "type": "Feature", "properties": { "ID_OBRA": "1164_Tepehuacán de Guerrero", "No.": 1164.0, "Municipio": "Tepehuacán de Guerrero", "Rubro": "Infraestructura Carretera", "Ejercicio": 2024.0, "Obra": "Rehabilitación de camino de Zacualtipanito a Petlapixca, en el municipio de Tepehuacan de Guerrero.", "Localidad": "Varias", "Inversión": 2806876.46, "Habitantes.beneficiados": null, "Ejecutora": "DGOPI", "Trabajos": "Considera los trabajos de preliminares, revestimiento de camino en el municipio de Tepehuacán de Guerrero", "Geometria_tipo": "Punto", "extract": 0.63088999637223797 }, "geometry": { "type": "Point", "coordinates": [ 521811.404277114896104, 2339751.533217270392925 ] } },
{ "type": "Feature", "properties": { "ID_OBRA": "1165_Tepehuacán de Guerrero", "No.": 1165.0, "Municipio": "Tepehuacán de Guerrero", "Rubro": "Infraestructura Carretera", "Ejercicio": 2024.0, "Obra": "Reconstrucción de la C.E. Casetas Otongo, municipio de Tlanchinol.", "Localidad": "Varias", "Inversión": 7482072.45, "Habitantes.beneficiados": null, "Ejecutora": "DGOPI", "Trabajos": "Considera trabajos para la reconstrucción y/o conservación de Infraestructura Carretera en la localidad de Varias municipio de Tepehuacán de Guerrero", "Geometria_tipo": "Punto", "extract": 0.13489713240095255 }, "geometry": { "type": "Point", "coordinates": [ 525469.278794068028219, 2318533.310997000895441 ] } },
{ "type": "Feature", "properties": { "ID_OBRA": "1199_Tezontepec de Aldama", "No.": 1199.0, "Municipio": "Tezontepec de Aldama", "Rubro": "Vialidades Urbanas", "Ejercicio": 2023.0, "Obra": "Pavimentación hidráulica en calle Jazmines, en la localidad de Tenango; en el municipio de Tezontepec de Aldama.", "Localidad": "Tenango", "Inversión": 1889203.13, "Habitantes.beneficiados": 1548.0, "Ejecutora": "DGIVC", "Trabajos": "Considera los trabajos de preliminares, piso para pavimento de concreto hidráulico.", "Geometria_tipo": "Punto", "extract": 0.1559948332435096 }, "geometry": { "type": "Point", "coordinates": [ 469896.654387840535492, 2236793.237343853805214 ] } },
{ "type": "Feature", "properties": { "ID_OBRA": "1205_Tianguistengo", "No.": 1205.0, "Municipio": "Tianguistengo", "Rubro": "Infraestructura Carretera", "Ejercicio": 2024.0, "Obra": "Rehabilitación de la carretera Tianguistengo a Pemuxco, municipio de Tianguistengo", "Localidad": "Varias", "Inversión": 35887142.35, "Habitantes.beneficiados": null, "Ejecutora": null, "Trabajos": "Considera trabajos para la reconstrucción y/o conservación de Infraestructura Carretera en la localidad de Varias municipio de Tianguistengo", "Geometria_tipo": "Punto", "extract": 0.22388673413238974 }, "geometry": { "type": "Point", "coordinates": [ 541218.247990232077427, 2292720.728436206933111 ] } },
{ "type": "Feature", "properties": { "ID_OBRA": "1222_Tlahuiltepa", "No.": 1222.0, "Municipio": "Tlahuiltepa", "Rubro": "Infraestructura Carretera", "Ejercicio": 2024.0, "Obra": "Construye tu camino del tramo Las Manzanas - El Roble, en el municipio de Tlahuiltepa.", "Localidad": "Las Manzanas, El Roble", "Inversión": 8900000.0, "Habitantes.beneficiados": null, "Ejecutora": "DGCCE", "Trabajos": "Considera los trabajos de construcción de huellas de concreto hidráulico y empedrado en la localidad, el cual consta de terracerías y pisos de concreto.", "Geometria_tipo": "Punto", "extract": -0.0056444540352274981 }, "geometry": { "type": "Point", "coordinates": [ 493566.988494423392694, 2295770.937990650068969 ] } },
{ "type": "Feature", "properties": { "ID_OBRA": "1222_Tlahuiltepa", "No.": 1222.0, "Municipio": "Tlahuiltepa", "Rubro": "Infraestructura Carretera", "Ejercicio": 2024.0, "Obra": "Construye tu camino del tramo Las Manzanas - El Roble, en el municipio de Tlahuiltepa.", "Localidad": "Las Manzanas, El Roble", "Inversión": 8900000.0, "Habitantes.beneficiados": null, "Ejecutora": "DGCCE", "Trabajos": "Considera los trabajos de construcción de huellas de concreto hidráulico y empedrado en la localidad, el cual consta de terracerías y pisos de concreto.", "Geometria_tipo": "Punto", "extract": 0.21121495869342483 }, "geometry": { "type": "Point", "coordinates": [ 492994.38418549252674, 2297025.787202486768365 ] } },
{ "type": "Feature", "properties": { "ID_OBRA": "1235_Tlanalapa", "No.": 1235.0, "Municipio": "Tlanalapa", "Rubro": "Vialidades Urbanas", "Ejercicio": 2023.0, "Obra": "Reconstrucción de calle asfáltica Tlanalapa - Chinconcuac; en el municipio de Tlanalapa", "Localidad": "Varias", "Inversión": 7457271.85, "Habitantes.beneficiados": null, "Ejecutora": "DGOPI", "Trabajos": "Se realizan los siguientes trabajos: trazo y nivelación de plazas, suministro y aplicación de carpeta asfáltica compactado.", "Geometria_tipo": "Punto", "extract": 0.096662504097462437 }, "geometry": { "type": "Point", "coordinates": [ 540518.161256041843444, 2191858.517183510586619 ] } },
{ "type": "Feature", "properties": { "ID_OBRA": "1236_Tlanchinol", "No.": 1236.0, "Municipio": "Tlanchinol", "Rubro": "Infraestructura Carretera", "Ejercicio": 2023.0, "Obra": "Rehabilitación del acceso a Acahuasco, del km 0+000 al km 6+000; en el municipio de Tlanchinol.", "Localidad": "Acahuasco", "Inversión": 5128499.07, "Habitantes.beneficiados": 1358.0, "Ejecutora": "DGCCE", "Trabajos": "Se consideran trabajos de revestimiento, cunetas y limpieza de cunetas.", "Geometria_tipo": "Punto", "extract": 0.41247450491653437 }, "geometry": { "type": "Point", "coordinates": [ 541970.861940861446783, 2317977.644638604484499 ] } },
{ "type": "Feature", "properties": { "ID_OBRA": "1237_Tlanchinol", "No.": 1237.0, "Municipio": "Tlanchinol", "Rubro": "Infraestructura Carretera", "Ejercicio": 2023.0, "Obra": "Rehabilitación del tramo E.C. (Casetas - Otongo) - Amoxco, del Km 0+000 al Km 14+500.", "Localidad": "Amoxco", "Inversión": 11318206.64, "Habitantes.beneficiados": 345.0, "Ejecutora": "DGIVC", "Trabajos": "Se consideran trabajos de revestimiento, cunetas y limpieza de cunetas.", "Geometria_tipo": "Punto", "extract": 0.21683575914515288 }, "geometry": { "type": "Point", "coordinates": [ 529475.926180530921556, 2327913.697730282321572 ] } },
{ "type": "Feature", "properties": { "ID_OBRA": "1240_Tlanchinol", "No.": 1240.0, "Municipio": "Tlanchinol", "Rubro": "Infraestructura Carretera", "Ejercicio": 2024.0, "Obra": "Rehabilitación de camino E.C. de Tlanchinol a Hueyapa, a Cuatlimax, del Km 0.000 al Km 10.000, en el municipio de Tlanchinol.", "Localidad": "Cuatlimax", "Inversión": 7849636.51, "Habitantes.beneficiados": 2143.0, "Ejecutora": "DGCCE", "Trabajos": "Considera los trabajos de preliminares, revestimiento de camino en la localidad de Cuatlimax municipio de Tlanchinol", "Geometria_tipo": "Punto", "extract": 0.35009939248995592 }, "geometry": { "type": "Point", "coordinates": [ 535150.595525412703864, 2332847.302873752545565 ] } },
{ "type": "Feature", "properties": { "ID_OBRA": "1245_Tlanchinol", "No.": 1245.0, "Municipio": "Tlanchinol", "Rubro": "Infraestructura Carretera", "Ejercicio": 2023.0, "Obra": "Rehabilitación del tramo E.C. (Orizatlán - San José) - Rancho Nuevo, del km 0+000 al km 2+000; en el municipio de Tlanchinol.", "Localidad": "Rancho Nuevo", "Inversión": 1568807.37, "Habitantes.beneficiados": 111.0, "Ejecutora": "DGIVC", "Trabajos": "Se consideran trabajos de revestimiento, cunetas y limpieza de cunetas.", "Geometria_tipo": "Punto", "extract": 0.33757980945109939 }, "geometry": { "type": "Point", "coordinates": [ 542624.231353914132342, 2330234.038108112756163 ] } },
{ "type": "Feature", "properties": { "ID_OBRA": "1250_Tlanchinol", "No.": 1250.0, "Municipio": "Tlanchinol", "Rubro": "Infraestructura Carretera", "Ejercicio": 2024.0, "Obra": "Rehabilitación de la carretera de Temango a Santa Lucía a Pahuayo, municipio de Tlanchinol", "Localidad": "Santa Lucía", "Inversión": 9459810.54, "Habitantes.beneficiados": 687.0, "Ejecutora": null, "Trabajos": "Considera trabajos para la reconstrucción y/o conservación de Infraestructura Carretera en la localidad de Santa Lucía municipio de Tlanchinol", "Geometria_tipo": "Punto", "extract": 0.71748404488846673 }, "geometry": { "type": "Point", "coordinates": [ 530486.97626240469981, 2340051.594054883811623 ] } },
{ "type": "Feature", "properties": { "ID_OBRA": "1253_Tlanchinol", "No.": 1253.0, "Municipio": "Tlanchinol", "Rubro": "Infraestructura Carretera", "Ejercicio": 2024.0, "Obra": "Rehabilitación del camino a Tierra Colorada, municipio de Tlanchinol", "Localidad": "Tierra Colorada", "Inversión": 9610870.37, "Habitantes.beneficiados": 345.0, "Ejecutora": null, "Trabajos": "Considera trabajos para la reconstrucción y/o conservación de Infraestructura Carretera en la localidad de Tierra Colorada municipio de Tlanchinol", "Geometria_tipo": "Punto", "extract": 0.67097827676897892 }, "geometry": { "type": "Point", "coordinates": [ 540887.179158909595571, 2322259.128468735609204 ] } },
{ "type": "Feature", "properties": { "ID_OBRA": "1260_Tlanchinol", "No.": 1260.0, "Municipio": "Tlanchinol", "Rubro": "Infraestructura Carretera", "Ejercicio": 2024.0, "Obra": "Rehabilitación de camino E.C. de Tlanchinol a Apantlazol, tramo Chichatla a Xochititla, del Km 0.000 al Km 10.000, en el municipio de Tlanchinol.", "Localidad": "Varias", "Inversión": 7854223.17, "Habitantes.beneficiados": null, "Ejecutora": "DGCCE", "Trabajos": "Considera los trabajos de preliminares, revestimiento de camino en el municipio de Tlanchinol", "Geometria_tipo": "Punto", "extract": 0.26681128557177936 }, "geometry": { "type": "Point", "coordinates": [ 539469.120424437569454, 2320162.397946059238166 ] } },
{ "type": "Feature", "properties": { "ID_OBRA": "1261_Tlanchinol", "No.": 1261.0, "Municipio": "Tlanchinol", "Rubro": "Infraestructura Carretera", "Ejercicio": 2024.0, "Obra": "Reconstrucción de la C.E. Tlanchinol a Hueyapa a Temango, en el municipio de Tlanchinol", "Localidad": "Varias", "Inversión": 10684193.4, "Habitantes.beneficiados": null, "Ejecutora": "DGCCE", "Trabajos": "Considera trabajos para la reconstrucción y/o conservación de Infraestructura Carretera en la localidad de Varias municipio de Tlanchinol", "Geometria_tipo": "Punto", "extract": 0.059796847312140196 }, "geometry": { "type": "Point", "coordinates": [ 532498.444567555910908, 2332107.17083549592644 ] } },
{ "type": "Feature", "properties": { "ID_OBRA": "1280_Tula de Allende", "No.": 1280.0, "Municipio": "Tula de Allende", "Rubro": "Infraestructura Carretera", "Ejercicio": 2023.0, "Obra": "Reconstrucción de la C.E. Tula de Allende - Zaragoza; en el municipio de Tula de Allende", "Localidad": "Varias", "Inversión": 29874193.4, "Habitantes.beneficiados": null, "Ejecutora": "DGCCE", "Trabajos": "Considera trabajos para la reconstrucción y/o conservación de Infraestructura Carretera en la localidad de Varias municipio de Tula de Allende", "Geometria_tipo": "Punto", "extract": 0.50114057301017079 }, "geometry": { "type": "Point", "coordinates": [ 466158.30116007552715, 2213328.647683362476528 ] } },
{ "type": "Feature", "properties": { "ID_OBRA": "1281_Tula de Allende", "No.": 1281.0, "Municipio": "Tula de Allende", "Rubro": "Vialidades Urbanas", "Ejercicio": 2023.0, "Obra": "Reconstrucción de acceso a las col. de Satelite, Violetas, Galaxia I y Galaxia II, en el municipio de Tula de Allende.", "Localidad": "Varias", "Inversión": 13416901.14, "Habitantes.beneficiados": null, "Ejecutora": "DGCCE", "Trabajos": "Considera trabajos en la rehabilitación y/o mejoramiento de las vialidades urbanas en el muncipio de Tula de Allende", "Geometria_tipo": "Punto", "extract": 0.6222160636019537 }, "geometry": { "type": "Point", "coordinates": [ 463912.440159355581272, 2214225.213551159948111 ] } },
{ "type": "Feature", "properties": { "ID_OBRA": "130_Calnali", "No.": 130.0, "Municipio": "Calnali", "Rubro": "Infraestructura Carretera", "Ejercicio": 2024.0, "Obra": "Rehabilitación del camino Pezmatlán a Tula, en la localidad de Tula, municipio de Calnali", "Localidad": "Tula", "Inversión": 4535517.84, "Habitantes.beneficiados": 337.0, "Ejecutora": null, "Trabajos": "Considera los trabajos de preliminares, revestimiento de camino en la localidad de Tula municipio de Calnali", "Geometria_tipo": "Punto", "extract": 0.46957949188280329 }, "geometry": { "type": "Point", "coordinates": [ 547731.034612415125594, 2308557.018286009784788 ] } },
{ "type": "Feature", "properties": { "ID_OBRA": "1363_Xochiatipan", "No.": 1363.0, "Municipio": "Xochiatipan", "Rubro": "Infraestructura Carretera", "Ejercicio": 2024.0, "Obra": "Rehabilitación de la carretera Nuevo Acatepec a Atlalco, municipio de Xochiatipan", "Localidad": "Nuevo Acatepec (Mezcalapa)", "Inversión": 14525475.0, "Habitantes.beneficiados": 180.0, "Ejecutora": null, "Trabajos": "Considera trabajos para la reconstrucción y/o conservación de Infraestructura Carretera en la localidad de Nuevo Acatepec (Mezcalapa) municipio de Xochiatipan", "Geometria_tipo": "Punto", "extract": 0.0025012519690521661 }, "geometry": { "type": "Point", "coordinates": [ 573491.045679175527766, 2314308.361849598586559 ] } },
{ "type": "Feature", "properties": { "ID_OBRA": "1369_Xochiatipan", "No.": 1369.0, "Municipio": "Xochiatipan", "Rubro": "Infraestructura Carretera", "Ejercicio": 2024.0, "Obra": "Rehabilitación del Camino a Pachiquitla a entronque ramal a Xochiatipan, municipio de Xochiatipan.", "Localidad": "Pachiquitla", "Inversión": 8619310.01, "Habitantes.beneficiados": 1156.0, "Ejecutora": null, "Trabajos": "Considera los trabajos de preliminares, revestimiento de camino en la localidad de Pachiquitla municipio de Xochiatipan", "Geometria_tipo": "Punto", "extract": 0.2834699061235707 }, "geometry": { "type": "Point", "coordinates": [ 569187.241792346118018, 2305230.854885709006339 ] } },
{ "type": "Feature", "properties": { "ID_OBRA": "1390_Yahualica", "No.": 1390.0, "Municipio": "Yahualica", "Rubro": "Infraestructura Carretera", "Ejercicio": 2023.0, "Obra": "Rehabilitación de C.R. Crisolco - Tecacalax, en el municipio de Yahualica.", "Localidad": "Crisolco", "Inversión": 9676920.7, "Habitantes.beneficiados": 21986.0, "Ejecutora": "DGCCE", "Trabajos": "Se consideran trabajos de revestimiento, cunetas y limpieza de cunetas.", "Geometria_tipo": "Punto", "extract": 0.62018318769979774 }, "geometry": { "type": "Point", "coordinates": [ 568700.529217371949926, 2308294.13612414477393 ] } },
{ "type": "Feature", "properties": { "ID_OBRA": "1395_Yahualica", "No.": 1395.0, "Municipio": "Yahualica", "Rubro": "Infraestructura Carretera", "Ejercicio": 2023.0, "Obra": "Modernización y ampliación del camino Mecatlán - Mesa Larga, tramo: del Km 0+000 al Km 1+500; en el municipio de Yahualica.", "Localidad": "Mesa Larga", "Inversión": 18106860.44, "Habitantes.beneficiados": 2469.0, "Ejecutora": "DGCCE", "Trabajos": "Considera los trabajos  de modernización y ampliación del camino en la localidad de Mesa Larga municipio de Yahualica.", "Geometria_tipo": "Punto", "extract": 0.18655409814488422 }, "geometry": { "type": "Point", "coordinates": [ 560953.419473410816863, 2315915.443416378926486 ] } },
{ "type": "Feature", "properties": { "ID_OBRA": "140_Cardonal", "No.": 140.0, "Municipio": "Cardonal", "Rubro": "Infraestructura Carretera", "Ejercicio": 2024.0, "Obra": "Construye Tu Camino del Acceso a El Molino, en el municipio de Cardonal", "Localidad": "El Sauz", "Inversión": 5500000.0, "Habitantes.beneficiados": 500.0, "Ejecutora": "DGCCE", "Trabajos": "Considera los trabajos de construcción de huellas de concreto hidráulico y empedrado en la localidad, el cual consta de terracerías y pisos de concreto.", "Geometria_tipo": "Punto", "extract": 0.1732335330771439 }, "geometry": { "type": "Point", "coordinates": [ 530503.87621859437786, 2279492.019276194274426 ] } },
{ "type": "Feature", "properties": { "ID_OBRA": "1401_Yahualica", "No.": 1401.0, "Municipio": "Yahualica", "Rubro": "Infraestructura Carretera", "Ejercicio": 2023.0, "Obra": "Rehabilitación del tramo Tres Huastecas - Tamalcuatitla, del km 0+000 al km 3+000; en el municipio de Yahualica.", "Localidad": "Tamalcuatitla", "Inversión": 2355140.1, "Habitantes.beneficiados": 853.0, "Ejecutora": "DGIVC", "Trabajos": "Se consideran trabajos de revestimiento, cunetas y limpieza de cunetas.", "Geometria_tipo": "Punto", "extract": 0.4976712650460059 }, "geometry": { "type": "Point", "coordinates": [ 567092.034348463639617, 2314030.131333618890494 ] } },
{ "type": "Feature", "properties": { "ID_OBRA": "1402_Yahualica", "No.": 1402.0, "Municipio": "Yahualica", "Rubro": "Infraestructura Carretera", "Ejercicio": 2024.0, "Obra": "Rehabilitación de camino Xóchitl a Tenamaxtepec, del Km 0.000 al Km 3.780, en el municipio de Yahualica.", "Localidad": "Tenamaxtepec", "Inversión": 9716796.82, "Habitantes.beneficiados": 856.0, "Ejecutora": "DGIyVC", "Trabajos": "Considera los trabajos de preliminares, revestimiento de camino en la localidad de Tenamaxtepec municipio de Yahualica", "Geometria_tipo": "Punto", "extract": 0.39729286873886804 }, "geometry": { "type": "Point", "coordinates": [ 566343.908731110394001, 2309362.054133308120072 ] } },
{ "type": "Feature", "properties": { "ID_OBRA": "1428_Zapotlán de Juárez", "No.": 1428.0, "Municipio": "Zapotlán de Juárez", "Rubro": "Vialidades Urbanas", "Ejercicio": 2023.0, "Obra": "Construcción de pavimento hidráulico en calle Calvario en tramo 1 (entre calle Corregidora y parte alta de Calvario), tramo 2 (entre calle Matamoros y calle Ciprés) en la localidad de Acayuca; en el municipio de Zapotlán de Juárez", "Localidad": "Acayuca", "Inversión": 1932833.09, "Habitantes.beneficiados": 11018.0, "Ejecutora": "DGOPI", "Trabajos": "Considera los trabajos de preliminares, piso para pavimento de concreto hidráulico.", "Geometria_tipo": "Punto", "extract": 0.46181673621840991 }, "geometry": { "type": "Point", "coordinates": [ 514157.999999992200173, 2209402.999934740364552 ] } },
{ "type": "Feature", "properties": { "ID_OBRA": "1429_Zapotlán de Juárez", "No.": 1429.0, "Municipio": "Zapotlán de Juárez", "Rubro": "Vialidades Urbanas", "Ejercicio": 2023.0, "Obra": "Pavimentación integral en calle Matamoros sur entre calle Melchor Ocampo y Av. Matamoros", "Localidad": "Acayuca", "Inversión": 2451699.65, "Habitantes.beneficiados": null, "Ejecutora": "DGCCE", "Trabajos": "Considera los trabajos de preliminares, piso para pavimento de concreto hidráulico.", "Geometria_tipo": "Punto", "extract": 0.60647318137549289 }, "geometry": { "type": "Point", "coordinates": [ 515566.99999999080319, 2213671.999935226980597 ] } },
{ "type": "Feature", "properties": { "ID_OBRA": "1445_Zempoala", "No.": 1445.0, "Municipio": "Zempoala", "Rubro": "Vialidades Urbanas", "Ejercicio": 2023.0, "Obra": "Pavimentación hidráulica en calle 01 de Junio, en la localidad de El Mirador; en el municipio de Zempoala.", "Localidad": "El Mirador", "Inversión": 4728025.13, "Habitantes.beneficiados": 2385.0, "Ejecutora": "DGIVC", "Trabajos": "Considera los trabajos de preliminares, piso para pavimento de concreto hidráulico.", "Geometria_tipo": "Punto", "extract": 0.62037604607293395 }, "geometry": { "type": "Point", "coordinates": [ 519381.893168240145314, 2214743.517750474624336 ] } },
{ "type": "Feature", "properties": { "ID_OBRA": "145_Cardonal", "No.": 145.0, "Municipio": "Cardonal", "Rubro": "Infraestructura Carretera", "Ejercicio": 2024.0, "Obra": "Construye Tu Camino del tramo La Mesa-La Gloria segunda etapa, en el municipio de Cardonal", "Localidad": "La Mesa, La Laguna, La Gloria", "Inversión": 6400000.0, "Habitantes.beneficiados": null, "Ejecutora": "DGCCE", "Trabajos": "Considera los trabajos de construcción de huellas de concreto hidráulico y empedrado en la localidad, el cual consta de terracerías y pisos de concreto.", "Geometria_tipo": "Punto", "extract": -0.42601376311315786 }, "geometry": { "type": "Point", "coordinates": [ 498297.645582078548614, 2282789.649890930391848 ] } },
{ "type": "Feature", "properties": { "ID_OBRA": "145_Cardonal", "No.": 145.0, "Municipio": "Cardonal", "Rubro": "Infraestructura Carretera", "Ejercicio": 2024.0, "Obra": "Construye Tu Camino del tramo La Mesa-La Gloria segunda etapa, en el municipio de Cardonal", "Localidad": "La Mesa, La Laguna, La Gloria", "Inversión": 6400000.0, "Habitantes.beneficiados": null, "Ejecutora": "DGCCE", "Trabajos": "Considera los trabajos de construcción de huellas de concreto hidráulico y empedrado en la localidad, el cual consta de terracerías y pisos de concreto.", "Geometria_tipo": "Punto", "extract": -0.44043222253914022 }, "geometry": { "type": "Point", "coordinates": [ 498091.256027481053025, 2283119.940800111275166 ] } },
{ "type": "Feature", "properties": { "ID_OBRA": "145_Cardonal", "No.": 145.0, "Municipio": "Cardonal", "Rubro": "Infraestructura Carretera", "Ejercicio": 2024.0, "Obra": "Construye Tu Camino del tramo La Mesa-La Gloria segunda etapa, en el municipio de Cardonal", "Localidad": "La Mesa, La Laguna, La Gloria", "Inversión": 6400000.0, "Habitantes.beneficiados": null, "Ejecutora": "DGCCE", "Trabajos": "Considera los trabajos de construcción de huellas de concreto hidráulico y empedrado en la localidad, el cual consta de terracerías y pisos de concreto.", "Geometria_tipo": "Punto", "extract": -0.43101273906902937 }, "geometry": { "type": "Point", "coordinates": [ 497870.211906804412138, 2283454.882653952110559 ] } },
{ "type": "Feature", "properties": { "ID_OBRA": "145_Cardonal", "No.": 145.0, "Municipio": "Cardonal", "Rubro": "Infraestructura Carretera", "Ejercicio": 2024.0, "Obra": "Construye Tu Camino del tramo La Mesa-La Gloria segunda etapa, en el municipio de Cardonal", "Localidad": "La Mesa, La Laguna, La Gloria", "Inversión": 6400000.0, "Habitantes.beneficiados": null, "Ejecutora": "DGCCE", "Trabajos": "Considera los trabajos de construcción de huellas de concreto hidráulico y empedrado en la localidad, el cual consta de terracerías y pisos de concreto.", "Geometria_tipo": "Punto", "extract": -0.37491238570005958 }, "geometry": { "type": "Point", "coordinates": [ 496956.242545383342076, 2284356.028046631254256 ] } },
{ "type": "Feature", "properties": { "ID_OBRA": "145_Cardonal", "No.": 145.0, "Municipio": "Cardonal", "Rubro": "Infraestructura Carretera", "Ejercicio": 2024.0, "Obra": "Construye Tu Camino del tramo La Mesa-La Gloria segunda etapa, en el municipio de Cardonal", "Localidad": "La Mesa, La Laguna, La Gloria", "Inversión": 6400000.0, "Habitantes.beneficiados": null, "Ejecutora": "DGCCE", "Trabajos": "Considera los trabajos de construcción de huellas de concreto hidráulico y empedrado en la localidad, el cual consta de terracerías y pisos de concreto.", "Geometria_tipo": "Punto", "extract": -0.37491238570005958 }, "geometry": { "type": "Point", "coordinates": [ 496956.242545383342076, 2284356.028046631254256 ] } },
{ "type": "Feature", "properties": { "ID_OBRA": "145_Cardonal", "No.": 145.0, "Municipio": "Cardonal", "Rubro": "Infraestructura Carretera", "Ejercicio": 2024.0, "Obra": "Construye Tu Camino del tramo La Mesa-La Gloria segunda etapa, en el municipio de Cardonal", "Localidad": "La Mesa, La Laguna, La Gloria", "Inversión": 6400000.0, "Habitantes.beneficiados": null, "Ejecutora": "DGCCE", "Trabajos": "Considera los trabajos de construcción de huellas de concreto hidráulico y empedrado en la localidad, el cual consta de terracerías y pisos de concreto.", "Geometria_tipo": "Punto", "extract": -0.37491238570005958 }, "geometry": { "type": "Point", "coordinates": [ 496956.242545383342076, 2284356.028046631254256 ] } },
{ "type": "Feature", "properties": { "ID_OBRA": "1450_Zempoala", "No.": 1450.0, "Municipio": "Zempoala", "Rubro": "Vialidades Urbanas", "Ejercicio": 2023.0, "Obra": "Construcción de pavimento hidráulico en calle Venustiano Carranza, en el municipio de Zempoala.", "Localidad": "Santa María Tecajete", "Inversión": 3625668.28, "Habitantes.beneficiados": 949.0, "Ejecutora": "DGIVC", "Trabajos": "Considera los trabajos de preliminares, piso para pavimento de concreto hidráulico.", "Geometria_tipo": "Punto", "extract": -0.17394905623560847 }, "geometry": { "type": "Point", "coordinates": [ 542539.201512455474585, 2204476.398030367214233 ] } },
{ "type": "Feature", "properties": { "ID_OBRA": "1458_Zempoala", "No.": 1458.0, "Municipio": "Zempoala", "Rubro": "Vialidades Urbanas", "Ejercicio": 2024.0, "Obra": "Pavimentación en calle Primero de Mayo, Fraccionamientos, en el municipio de Zempoala", "Localidad": "Varias", "Inversión": 14727843.51, "Habitantes.beneficiados": null, "Ejecutora": "DGCCE", "Trabajos": "Considera los trabajos de preliminares, piso para pavimento de concreto hidráulico.", "Geometria_tipo": "Punto", "extract": 0.56460498603470077 }, "geometry": { "type": "Point", "coordinates": [ 520772.734481026185676, 2213966.584687721915543 ] } },
{ "type": "Feature", "properties": { "ID_OBRA": "1459_Zempoala", "No.": 1459.0, "Municipio": "Zempoala", "Rubro": "Vialidades Urbanas", "Ejercicio": 2024.0, "Obra": "Pavimentación de la calle Alcatraz, colonia Estación Tepa, en el municipio de Zempoala", "Localidad": "Varias", "Inversión": 2106826.06, "Habitantes.beneficiados": null, "Ejecutora": "DGOPI", "Trabajos": "Considera los trabajos de preliminares, piso para pavimento de concreto hidráulico.", "Geometria_tipo": "Punto", "extract": 0.29943072975643614 }, "geometry": { "type": "Point", "coordinates": [ 532539.958762862253934, 2201754.088327802252024 ] } },
{ "type": "Feature", "properties": { "ID_OBRA": "1460_Zempoala", "No.": 1460.0, "Municipio": "Zempoala", "Rubro": "Vialidades Urbanas", "Ejercicio": 2023.0, "Obra": "Construcción de pavimentación en calle Benito Juárez, en la localidad de Venustiano Carranza, en el municipio de Zempoala.", "Localidad": "Venustiano Carranza", "Inversión": 5477490.43, "Habitantes.beneficiados": 436.0, "Ejecutora": "DGCCE", "Trabajos": "Considera los trabajos de preliminares, piso para pavimento de concreto hidráulico.", "Geometria_tipo": "Punto", "extract": 0.20611963152250207 }, "geometry": { "type": "Point", "coordinates": [ 534844.874137598788366, 2196995.37160290312022 ] } },
{ "type": "Feature", "properties": { "ID_OBRA": "159_Cardonal", "No.": 159.0, "Municipio": "Cardonal", "Rubro": "Infraestructura Carretera", "Ejercicio": 2024.0, "Obra": "Construcción de piso de concreto hidráulico en acceso a Tolantongo, en el municipio de Cardonal", "Localidad": "Tolantongo", "Inversión": 11185208.89, "Habitantes.beneficiados": 755.0, "Ejecutora": "DGCCE", "Trabajos": "Considera los trabajos de preliminares, riego de impregnación, piso para pavimento de concreto hidráulico.", "Geometria_tipo": "Punto", "extract": -0.49071518109817697 }, "geometry": { "type": "Point", "coordinates": [ 500357.803762959490996, 2283083.120918402448297 ] } },
{ "type": "Feature", "properties": { "ID_OBRA": "159_Cardonal", "No.": 159.0, "Municipio": "Cardonal", "Rubro": "Infraestructura Carretera", "Ejercicio": 2024.0, "Obra": "Construcción de piso de concreto hidráulico en acceso a Tolantongo, en el municipio de Cardonal", "Localidad": "Tolantongo", "Inversión": 11185208.89, "Habitantes.beneficiados": 755.0, "Ejecutora": "DGCCE", "Trabajos": "Considera los trabajos de preliminares, riego de impregnación, piso para pavimento de concreto hidráulico.", "Geometria_tipo": "Punto", "extract": -0.52429646421486686 }, "geometry": { "type": "Point", "coordinates": [ 500544.654863232863136, 2283213.411915854085237 ] } },
{ "type": "Feature", "properties": { "ID_OBRA": "258_Eloxochitlán", "No.": 258.0, "Municipio": "Eloxochitlán", "Rubro": "Infraestructura Carretera", "Ejercicio": 2024.0, "Obra": "Rehabilitación De C.R. San Pedro Gilo - Almolón - San Juan Amajac - Camarones - Cieneguilla, municipio de Eloxochitlán", "Localidad": "Varias", "Inversión": 20860000.0, "Habitantes.beneficiados": null, "Ejecutora": "DGCCE", "Trabajos": "Considera los trabajos de preliminares, revestimiento de camino en el municipio de Eloxochitlán", "Geometria_tipo": "Punto", "extract": 0.32119652399378318 }, "geometry": { "type": "Point", "coordinates": [ 507636.349827159196138, 2292353.775167882908136 ] } },
{ "type": "Feature", "properties": { "ID_OBRA": "276_Actopan", "No.": 276.0, "Municipio": "Actopan", "Rubro": "Infraestructura Carretera", "Ejercicio": 2024.0, "Obra": "Actualización de Estudio y Proyecto de la Carretera Eje Transversal Actopan - Atotonilco el Grande", "Localidad": "Varias", "Inversión": 3296667.68, "Habitantes.beneficiados": null, "Ejecutora": "DGEP", "Trabajos": "Considera los trabajos de estudios, proyecto conceptual y proyecto ejecutivo.", "Geometria_tipo": "Punto", "extract": -0.074860312476193278 }, "geometry": { "type": "Point", "coordinates": [ 517034.003654922882561, 2244794.967740531079471 ] } },
{ "type": "Feature", "properties": { "ID_OBRA": "314_Huautla", "No.": 314.0, "Municipio": "Huautla", "Rubro": "Infraestructura Carretera", "Ejercicio": 2024.0, "Obra": "Rehabilitación del camino Aquetzpalco a La Mesa, municipio de Huautla", "Localidad": "La Mesa", "Inversión": 10121668.5, "Habitantes.beneficiados": 304.0, "Ejecutora": null, "Trabajos": "Considera trabajos para la reconstrucción y/o conservación de Infraestructura Carretera en la localidad de La Mesa municipio de Huautla", "Geometria_tipo": "Punto", "extract": -0.095835955938500542 }, "geometry": { "type": "Point", "coordinates": [ 583858.572319131228141, 2324411.774449102580547 ] } },
{ "type": "Feature", "properties": { "ID_OBRA": "323_Huautla", "No.": 323.0, "Municipio": "Huautla", "Rubro": "Infraestructura Carretera", "Ejercicio": 2024.0, "Obra": "Rehabilitación de camino el Ixtle a El Lindero a Coatempa, del km 0.000 al km 12.000, en el municipio de Huautla.", "Localidad": "Varias", "Inversión": 8451903.32, "Habitantes.beneficiados": null, "Ejecutora": "DGCCE", "Trabajos": "Considera los trabajos de preliminares, revestimiento de camino en el municipio de Huautla", "Geometria_tipo": "Punto", "extract": -0.10218206645451229 }, "geometry": { "type": "Point", "coordinates": [ 586776.770738322753459, 2328544.810628774110228 ] } },
{ "type": "Feature", "properties": { "ID_OBRA": "324_Huazalingo", "No.": 324.0, "Municipio": "Huazalingo", "Rubro": "Infraestructura Carretera", "Ejercicio": 2024.0, "Obra": "Rehabilitación de la Pavimentación de concreto hidráulico del acceso a la localidad de Ixtlahuac, municipio de Huazalingo.", "Localidad": "Ixtlahuac", "Inversión": 13459082.31, "Habitantes.beneficiados": 349.0, "Ejecutora": null, "Trabajos": "Considera los trabajos de preliminares, riego de impregnación, piso para pavimento de concreto hidráulico.", "Geometria_tipo": "Punto", "extract": 0.41133447330550232 }, "geometry": { "type": "Point", "coordinates": [ 552847.804270878783427, 2317575.507253104355186 ] } },
{ "type": "Feature", "properties": { "ID_OBRA": "350_Huejutla de Reyes", "No.": 350.0, "Municipio": "Huejutla de Reyes", "Rubro": "Infraestructura Carretera", "Ejercicio": 2024.0, "Obra": "Rehabilitación de puente vado Achichípil, en la localidad de Achichípil, municipio de Huejutla de Reyes", "Localidad": "Achichípil", "Inversión": 14335853.28, "Habitantes.beneficiados": 196.0, "Ejecutora": null, "Trabajos": "Considera trabajos para la reconstrucción y/o conservación de Infraestructura Carretera en la localidad de Achichípil municipio de Huejutla de Reyes", "Geometria_tipo": "Punto", "extract": 0.079817297614215993 }, "geometry": { "type": "Point", "coordinates": [ 551074.139572619809769, 2345519.583386102691293 ] } },
{ "type": "Feature", "properties": { "ID_OBRA": "354_Huejutla de Reyes", "No.": 354.0, "Municipio": "Huejutla de Reyes", "Rubro": "Infraestructura Carretera", "Ejercicio": 2024.0, "Obra": "Construye Tu Camino del tramo Santa Clara a Axcaco, en el municipio de Huejutla de Reyes", "Localidad": "Axcaco, La Mesa de Axcaco", "Inversión": 3722586.38, "Habitantes.beneficiados": null, "Ejecutora": "DGCCE", "Trabajos": "Considera los trabajos de construcción de huellas de concreto hidráulico y empedrado en la localidad, el cual consta de terracerías y pisos de concreto.", "Geometria_tipo": "Punto", "extract": 0.38349154726474344 }, "geometry": { "type": "Point", "coordinates": [ 547820.051912842551246, 2330236.644617285113782 ] } },
{ "type": "Feature", "properties": { "ID_OBRA": "354_Huejutla de Reyes", "No.": 354.0, "Municipio": "Huejutla de Reyes", "Rubro": "Infraestructura Carretera", "Ejercicio": 2024.0, "Obra": "Construye Tu Camino del tramo Santa Clara a Axcaco, en el municipio de Huejutla de Reyes", "Localidad": "Axcaco, La Mesa de Axcaco", "Inversión": 3722586.38, "Habitantes.beneficiados": null, "Ejecutora": "DGCCE", "Trabajos": "Considera los trabajos de construcción de huellas de concreto hidráulico y empedrado en la localidad, el cual consta de terracerías y pisos de concreto.", "Geometria_tipo": "Punto", "extract": 0.40112561661766305 }, "geometry": { "type": "Point", "coordinates": [ 547572.617827513371594, 2330015.351960162166506 ] } },
{ "type": "Feature", "properties": { "ID_OBRA": "356_Huejutla de Reyes", "No.": 356.0, "Municipio": "Huejutla de Reyes", "Rubro": "Infraestructura Carretera", "Ejercicio": 2024.0, "Obra": "Rehabilitación de puente vehicular en la carretera Cececapa a La Corrala, en la localidad de Cececapa, municipio de Huejutla de Reyes", "Localidad": "Cececapa", "Inversión": 13114679.28, "Habitantes.beneficiados": 913.0, "Ejecutora": null, "Trabajos": "Considera trabajos para la reconstrucción y/o conservación de Infraestructura Carretera en la localidad de Cececapa municipio de Huejutla de Reyes", "Geometria_tipo": "Punto", "extract": 0.25778222100288717 }, "geometry": { "type": "Point", "coordinates": [ 552977.101723079569638, 2341777.478806802537292 ] } },
{ "type": "Feature", "properties": { "ID_OBRA": "379_Huejutla de Reyes", "No.": 379.0, "Municipio": "Huejutla de Reyes", "Rubro": "Infraestructura Carretera", "Ejercicio": 2024.0, "Obra": "Rehabilitación de la carretera Huejutla a Santa Cruz, municipio de Huejutla de Reyes", "Localidad": "Santa Cruz", "Inversión": 32569520.47, "Habitantes.beneficiados": 1573.0, "Ejecutora": null, "Trabajos": "Considera trabajos para la reconstrucción y/o conservación de Infraestructura Carretera en la localidad de Santa Cruz municipio de Huejutla de Reyes", "Geometria_tipo": "Punto", "extract": 0.13478393567608191 }, "geometry": { "type": "Point", "coordinates": [ 552395.058696894906461, 2344227.307317168917507 ] } },
{ "type": "Feature", "properties": { "ID_OBRA": "386_Huejutla de Reyes", "No.": 386.0, "Municipio": "Huejutla de Reyes", "Rubro": "Infraestructura Carretera", "Ejercicio": 2024.0, "Obra": "Reconstrucción de la C.E. Libramiento Sur Huejutla - (E.C. Pachuca - Tempoal), municipio de Huejutla de Reyes", "Localidad": "Xiloco", "Inversión": 7747264.0, "Habitantes.beneficiados": 235.0, "Ejecutora": null, "Trabajos": "Considera trabajos para la reconstrucción y/o conservación de Infraestructura Carretera en la localidad de Xiloco municipio de Huejutla de Reyes", "Geometria_tipo": "Punto", "extract": 0.35927696855157198 }, "geometry": { "type": "Point", "coordinates": [ 554498.914594558649696, 2335472.11472897278145 ] } },
{ "type": "Feature", "properties": { "ID_OBRA": "433_Ixmiquilpan", "No.": 433.0, "Municipio": "Ixmiquilpan", "Rubro": "Vialidades Urbanas", "Ejercicio": 2023.0, "Obra": "Pavimentación asfáltica de la calle 15 de Septiembre, en la localidad de Remedios, Ixmiquilpan.", "Localidad": "Los Remedios", "Inversión": 2131291.33, "Habitantes.beneficiados": 798.0, "Ejecutora": "DGIVC", "Trabajos": "Considera los trabajos de capa subbase, riego de impregnación, suministro y aplicación de riego de liga con emulsión asfáltica", "Geometria_tipo": "Punto", "extract": -0.15454909236041015 }, "geometry": { "type": "Point", "coordinates": [ 478852.783963343710639, 2270897.05931788822636 ] } },
{ "type": "Feature", "properties": { "ID_OBRA": "453_Ixmiquilpan", "No.": 453.0, "Municipio": "Ixmiquilpan", "Rubro": "Infraestructura Carretera", "Ejercicio": 2023.0, "Obra": "Rehabilitación de la carretera paso por Ixmiquilpan.", "Localidad": "Varias", "Inversión": 27009792.9, "Habitantes.beneficiados": null, "Ejecutora": "DGOPI", "Trabajos": "Considera trabajos para la reconstrucción y/o conservación de Infraestructura Carretera en la localidad de Varias municipio de Ixmiquilpan", "Geometria_tipo": "Punto", "extract": -0.15604118410496653 }, "geometry": { "type": "Point", "coordinates": [ 479013.810572502203286, 2270419.485800675116479 ] } },
{ "type": "Feature", "properties": { "ID_OBRA": "454_Ixmiquilpan", "No.": 454.0, "Municipio": "Ixmiquilpan", "Rubro": "Vialidades Urbanas", "Ejercicio": 2024.0, "Obra": "Construcción de pavimentación de concreto hidráulico de Calle Gladiolas, Col. Loma de Oro, en el municipio de Ixmiquilpan.", "Localidad": "Varias", "Inversión": 1584150.4, "Habitantes.beneficiados": null, "Ejecutora": "DGCCE", "Trabajos": "Considera los trabajos de preliminares, riego de impregnación, piso para pavimento de concreto hidráulico.", "Geometria_tipo": "Punto", "extract": -0.046854762924686127 }, "geometry": { "type": "Point", "coordinates": [ 475002.779422845575027, 2264572.479035926517099 ] } },
{ "type": "Feature", "properties": { "ID_OBRA": "455_Jacala de Ledezma", "No.": 455.0, "Municipio": "Jacala de Ledezma", "Rubro": "Vialidades Urbanas", "Ejercicio": 2023.0, "Obra": "Construcción de huellas de concreto hidráulico y empedrado en la localidad de Agua Fría Chica", "Localidad": "Agua Fría Chica", "Inversión": 713359.03, "Habitantes.beneficiados": 302.0, "Ejecutora": "DGCCE", "Trabajos": "Considera los trabajos de construcción de huellas de concreto hidráulico y empedrado en la localidad, el cual consta de terracerías y pisos de concreto.", "Geometria_tipo": "Punto", "extract": 0.15634021165416012 }, "geometry": { "type": "Point", "coordinates": [ 479057.940991608076729, 2317979.619023416657001 ] } },
{ "type": "Feature", "properties": { "ID_OBRA": "459_Jacala de Ledezma", "No.": 459.0, "Municipio": "Jacala de Ledezma", "Rubro": "Vialidades Urbanas", "Ejercicio": 2024.0, "Obra": "Construcción de pavimentación hidráulica de calle Sin Nombre en Laguna Seca, municipio de Jacala de Ledezma", "Localidad": "Laguna Seca", "Inversión": 8275948.72, "Habitantes.beneficiados": 254.0, "Ejecutora": "DGCCE", "Trabajos": "Considera los trabajos de preliminares, piso para pavimento de concreto hidráulico.", "Geometria_tipo": "Punto", "extract": 1.1149770010196809 }, "geometry": { "type": "Point", "coordinates": [ 481712.817239784810226, 2330458.632370688486844 ] } },
{ "type": "Feature", "properties": { "ID_OBRA": "48_Agua Blanca de Iturbide", "No.": 48.0, "Municipio": "Agua Blanca de Iturbide", "Rubro": "Infraestructura Carretera", "Ejercicio": 2023.0, "Obra": "Reconstrucción de la C.E. Agua Blanca-Zacualpa; en el municipio de Agua Blanca", "Localidad": "Varias", "Inversión": 15618248.25, "Habitantes.beneficiados": null, "Ejecutora": "DGIVC", "Trabajos": "Considera trabajos para la reconstrucción y/o conservación de Infraestructura Carretera en la localidad de Varias municipio de Agua Blanca de Iturbide", "Geometria_tipo": "Punto", "extract": -0.024556356256874162 }, "geometry": { "type": "Point", "coordinates": [ 561897.061576590524055, 2252057.022583342157304 ] } },
{ "type": "Feature", "properties": { "ID_OBRA": "505_Lolotla", "No.": 505.0, "Municipio": "Lolotla", "Rubro": "Infraestructura Carretera", "Ejercicio": 2024.0, "Obra": "Rehabilitación de camino Cuatitlanapa a La Unión, del km 0.000 al km 6.000, en el municipio de Lolotla.", "Localidad": "Varias", "Inversión": 4705390.24, "Habitantes.beneficiados": null, "Ejecutora": "DGOPI", "Trabajos": "Considera trabajos para la reconstrucción y/o conservación de Infraestructura Carretera en la localidad de Varias municipio de Lolotla", "Geometria_tipo": "Punto", "extract": 0.13246419485412225 }, "geometry": { "type": "Point", "coordinates": [ 526332.975550455972552, 2331686.059137586504221 ] } },
{ "type": "Feature", "properties": { "ID_OBRA": "506_Lolotla", "No.": 506.0, "Municipio": "Lolotla", "Rubro": "Infraestructura Carretera", "Ejercicio": 2024.0, "Obra": "Rehabilitación de camino Xuchitlan a Cuatitlanapa, en el municipio de Lolotla.", "Localidad": "Varias", "Inversión": 3150684.36, "Habitantes.beneficiados": null, "Ejecutora": "DGOPI", "Trabajos": "Considera los trabajos de preliminares, revestimiento de camino enel municipio de Lolotla", "Geometria_tipo": "Punto", "extract": 0.25923927017282566 }, "geometry": { "type": "Point", "coordinates": [ 526532.269603783148341, 2329633.137887547723949 ] } },
{ "type": "Feature", "properties": { "ID_OBRA": "519_Metztitlán", "No.": 519.0, "Municipio": "Metztitlán", "Rubro": "Vialidades Urbanas", "Ejercicio": 2023.0, "Obra": "Construcción de banquetas y guarniciones en camino Acalome- Pilas y Granadas en el municipio de Metztitlan.", "Localidad": "Pilas y Granadas", "Inversión": 856256.8, "Habitantes.beneficiados": 103.0, "Ejecutora": "DGCCE", "Trabajos": "Considera trabajos en la rehabilitación y/o mejoramiento de las vialidades urbanas en la localidad de Pilas y Granadas muncipio de Metztitlán", "Geometria_tipo": "Punto", "extract": -0.6448945306800784 }, "geometry": { "type": "Point", "coordinates": [ 533179.247469677240588, 2263488.253628327511251 ] } },
{ "type": "Feature", "properties": { "ID_OBRA": "524_Metztitlán", "No.": 524.0, "Municipio": "Metztitlán", "Rubro": "Vialidades Urbanas", "Ejercicio": 2023.0, "Obra": "Construcción de Pavimentación Hidráulica en Calle Temazola, en el municipio de Metztitlán.", "Localidad": "Varias", "Inversión": 2985794.92, "Habitantes.beneficiados": null, "Ejecutora": "DGOPI", "Trabajos": "Considera los trabajos de preliminares, piso para pavimento de concreto hidráulico.", "Geometria_tipo": "Punto", "extract": 0.28371443502644744 }, "geometry": { "type": "Point", "coordinates": [ 524842.154324022005312, 2274363.78780165547505 ] } },
{ "type": "Feature", "properties": { "ID_OBRA": "586_Mineral de la Reforma", "No.": 586.0, "Municipio": "Mineral de la Reforma", "Rubro": "Infraestructura Carretera", "Ejercicio": 2023.0, "Obra": "Reconstrucción de pavimento en el boulevard Nuevo Hidalgo, tramo Distribuidor Colonias - Distribuidor Vial Municipios Unidos - puente El Venado (cuerpo izquierdo).", "Localidad": "Varias", "Inversión": 33843078.56, "Habitantes.beneficiados": null, "Ejecutora": "DGCCE", "Trabajos": "Considera los trabajos de pavimento de concreto hidráulico premezclado, adquisición de mezcla asfáltica en caliente.", "Geometria_tipo": "Punto", "extract": 0.59022934829881391 }, "geometry": { "type": "Point", "coordinates": [ 523118.981455012399238, 2217805.020626973826438 ] } },
{ "type": "Feature", "properties": { "ID_OBRA": "587_Mineral de la Reforma", "No.": 587.0, "Municipio": "Mineral de la Reforma", "Rubro": "Infraestructura Carretera", "Ejercicio": 2024.0, "Obra": "Reconstrucción de Pavimento en el Boulevard Nuevo Hidalgo tramo Distribuidor Colonias - Distribuidor Vial Municipios Unidos - Puente El Venado (Cuerpo Derecho), en el municipio de Mineral de la Reforma.", "Localidad": "Varias", "Inversión": 67432687.35, "Habitantes.beneficiados": null, "Ejecutora": "DGCCE", "Trabajos": "Se realizará la construcción contemplando las siguientes partidas: preliminares, terracerías, estabilización de subbase, base hidráulica, riego de impregnación, pavimento de concreto hidráulico, señalamiento y obras complementarias.", "Geometria_tipo": "Punto", "extract": 0.5835142923126837 }, "geometry": { "type": "Point", "coordinates": [ 523219.987332621356472, 2217889.036050551570952 ] } },
{ "type": "Feature", "properties": { "ID_OBRA": "609_Mineral del Monte", "No.": 609.0, "Municipio": "Mineral del Monte", "Rubro": "Vialidades Urbanas", "Ejercicio": 2023.0, "Obra": "Pavimentación de concreto hidráulico San Pedro Huilxoltitla hacia Llano Grande, municipio Mineral del Monte", "Localidad": "San Pedro Huixotitla", "Inversión": 4485809.53, "Habitantes.beneficiados": 2.81, "Ejecutora": "DGCCE", "Trabajos": "Considera los trabajos de preliminares, riego de impregnación, piso para pavimento de concreto hidráulico.", "Geometria_tipo": "Punto", "extract": 0.34050816560290215 }, "geometry": { "type": "Point", "coordinates": [ 535952.976334556937218, 2227205.700850167777389 ] } },
{ "type": "Feature", "properties": { "ID_OBRA": "611_Mixquiahuala de Juárez", "No.": 611.0, "Municipio": "Mixquiahuala de Juárez", "Rubro": "Vialidades Urbanas", "Ejercicio": 2024.0, "Obra": "Pavimentación Calle 2 de Enero, en la localidad La Reforma, municipio de Mixquiahuala.", "Localidad": "La Arboleda", "Inversión": 985979.58, "Habitantes.beneficiados": 1.0, "Ejecutora": "DGIVC", "Trabajos": "Considera los trabajos de preliminares, piso para pavimento de concreto hidráulico.", "Geometria_tipo": "Punto", "extract": 0.44102692763189122 }, "geometry": { "type": "Point", "coordinates": [ 482053.499903993855696, 2236765.56044046767056 ] } },
{ "type": "Feature", "properties": { "ID_OBRA": "632_Nicolás Flores", "No.": 632.0, "Municipio": "Nicolás Flores", "Rubro": "Infraestructura Carretera", "Ejercicio": 2024.0, "Obra": "Construcción de cunetas en vialidad de acceso a Nicolás Flores, en el municipio de Nicolás Flores", "Localidad": "Varias", "Inversión": 189640.73, "Habitantes.beneficiados": null, "Ejecutora": "DGOPI", "Trabajos": "Considera trabajos para la reconstrucción y/o conservación de Infraestructura Carretera en la localidad de Varias municipio de Nicolás Flores", "Geometria_tipo": "Punto", "extract": 0.2077041100293037 }, "geometry": { "type": "Point", "coordinates": [ 484305.991127246699762, 2296321.970873206388205 ] } },
{ "type": "Feature", "properties": { "ID_OBRA": "633_Nicolás Flores", "No.": 633.0, "Municipio": "Nicolás Flores", "Rubro": "Infraestructura Carretera", "Ejercicio": 2024.0, "Obra": "Rehabilitación de acceso a Nicolás Flores vía Bocua - Cerro de la Cruz, municipio de Nicolás Flores", "Localidad": "Varias", "Inversión": 2487969.15, "Habitantes.beneficiados": null, "Ejecutora": null, "Trabajos": "Considera los trabajos de revestimiento del camino a Nicolás Flores.", "Geometria_tipo": "Punto", "extract": 0.00043309201930763486 }, "geometry": { "type": "Point", "coordinates": [ 483247.024444364127703, 2295320.98514595348388 ] } },
{ "type": "Feature", "properties": { "ID_OBRA": "639_Nopala de Villagrán", "No.": 639.0, "Municipio": "Nopala de Villagrán", "Rubro": "Vialidades Urbanas", "Ejercicio": 2023.0, "Obra": "Construcción de empedrado ahogado de camino San Isidro a colonia Guadalupe El Astillero; en el municipio de Nopala de Villagrán", "Localidad": "San Isidro", "Inversión": 6791259.12, "Habitantes.beneficiados": 9.0, "Ejecutora": "DGIVC", "Trabajos": "Considera trabajos en la rehabilitación y/o mejoramiento de las vialidades urbanas en la localidad de San Isidro muncipio de Nopala de Villagrán", "Geometria_tipo": "Punto", "extract": -0.38015683559197455 }, "geometry": { "type": "Point", "coordinates": [ 432527.868762679980136, 2239987.421096047852188 ] } },
{ "type": "Feature", "properties": { "ID_OBRA": "642_Omitlán de Juárez", "No.": 642.0, "Municipio": "Omitlán de Juárez", "Rubro": "Vialidades Urbanas", "Ejercicio": 2023.0, "Obra": "Pavimentación de concreto hidráulico en la localidad del Comanche, municipio de Omitlán de Juárez", "Localidad": "El Comanche", "Inversión": 967882.91, "Habitantes.beneficiados": 287.0, "Ejecutora": "DGCCE", "Trabajos": "Considera los trabajos de preliminares, riego de impregnación, piso para pavimento de concreto hidráulico.", "Geometria_tipo": "Punto", "extract": -0.10750513719408311 }, "geometry": { "type": "Point", "coordinates": [ 538414.332982748281211, 2234123.744172989856452 ] } },
{ "type": "Feature", "properties": { "ID_OBRA": "649_Omitlán de Juárez", "No.": 649.0, "Municipio": "Omitlán de Juárez", "Rubro": "Vialidades Urbanas", "Ejercicio": 2023.0, "Obra": "Pavimentación de Concreto Hidráulico tramo La Iglesia, en la localidad de Puentecillas; municipio de Omitlán de Juárez", "Localidad": "Puentecillas", "Inversión": 1922864.21, "Habitantes.beneficiados": 452.0, "Ejecutora": "DGCCE", "Trabajos": "Considera los trabajos de preliminares, riego de impregnación, piso para pavimento de concreto hidráulico.", "Geometria_tipo": "Punto", "extract": 0.092833803303866591 }, "geometry": { "type": "Point", "coordinates": [ 537723.248393289744854, 2228120.666790618561208 ] } },
{ "type": "Feature", "properties": { "ID_OBRA": "651_Omitlán de Juárez", "No.": 651.0, "Municipio": "Omitlán de Juárez", "Rubro": "Vialidades Urbanas", "Ejercicio": 2023.0, "Obra": "Pavimentación de concreto hidráulico tramo Velasco el Mirador; municipio de Omitlán de Juárez", "Localidad": "Velasco", "Inversión": 970125.11, "Habitantes.beneficiados": 553.0, "Ejecutora": "DGCCE", "Trabajos": "Considera los trabajos de preliminares, riego de impregnación, piso para pavimento de concreto hidráulico.", "Geometria_tipo": "Punto", "extract": 0.12654748865400989 }, "geometry": { "type": "Point", "coordinates": [ 537445.623203632654622, 2231524.628161761909723 ] } },
{ "type": "Feature", "properties": { "ID_OBRA": "652_Pachuca de Soto", "No.": 652.0, "Municipio": "Pachuca de Soto", "Rubro": "Vialidades Urbanas", "Ejercicio": 2023.0, "Obra": "Pavimentación de Calzada Veracruz a San Bartolo, en la localidad de San Bartolo; en el municipio de Pachuca de Soto.", "Localidad": "Ejido San Bartolo", "Inversión": 5809578.14, "Habitantes.beneficiados": 9.0, "Ejecutora": "DGOPI", "Trabajos": "Considera trabajos en la rehabilitación y/o mejoramiento de las vialidades urbanas en la localidad de Ejido San Bartolo muncipio de Pachuca de Soto", "Geometria_tipo": "Punto", "extract": 0.58083440133368047 }, "geometry": { "type": "Point", "coordinates": [ 525483.062115510925651, 2226717.196560596581548 ] } },
{ "type": "Feature", "properties": { "ID_OBRA": "829_Pachuca de Soto", "No.": 829.0, "Municipio": "Pachuca de Soto", "Rubro": "Infraestructura Carretera", "Ejercicio": 2024.0, "Obra": "Estudio y proyecto para la solución del conflicto vial en el Distribuidor Colonias, en el municipio de Pachuca de Soto", "Localidad": "Pachuca de Soto", "Inversión": 4840110.0, "Habitantes.beneficiados": null, "Ejecutora": "DGEyP", "Trabajos": "Considera los trabajos de estudios viales, proyecto conceptual y proyecto ejecutivo.", "Geometria_tipo": "Punto", "extract": 0.6418959604914598 }, "geometry": { "type": "Point", "coordinates": [ 522359.807272851408925, 2217777.812981587834656 ] } },
{ "type": "Feature", "properties": { "ID_OBRA": "830_Pachuca de Soto", "No.": 830.0, "Municipio": "Pachuca de Soto", "Rubro": "Infraestructura Carretera", "Ejercicio": 2024.0, "Obra": "Estudio y proyecto para la solución del conflicto vial en el Distribuidor Miguel Hidalgo, en el municipio de Pachuca de Soto", "Localidad": "Pachuca de Soto", "Inversión": 6293150.5, "Habitantes.beneficiados": null, "Ejecutora": "DGEyP", "Trabajos": "Considera los trabajos de estudios viales, proyecto conceptual y proyecto ejecutivo.", "Geometria_tipo": "Punto", "extract": 0.55017451414926855 }, "geometry": { "type": "Point", "coordinates": [ 524747.156345882220194, 2222631.286968722939491 ] } },
{ "type": "Feature", "properties": { "ID_OBRA": "831_Pachuca de Soto", "No.": 831.0, "Municipio": "Pachuca de Soto", "Rubro": "Infraestructura Carretera", "Ejercicio": 2024.0, "Obra": "Estudio y proyecto para el Distribuidor vial Centenario de la Revolución, en el municipio de Pachuca de Soto", "Localidad": "Pachuca de Soto", "Inversión": 4840675.0, "Habitantes.beneficiados": null, "Ejecutora": "DGEyP", "Trabajos": "Considera los trabajos de estudios viales, proyecto conceptual y proyecto ejecutivo.", "Geometria_tipo": "Punto", "extract": 0.41127067020661612 }, "geometry": { "type": "Point", "coordinates": [ 526185.804052344174124, 2221426.455258089583367 ] } },
{ "type": "Feature", "properties": { "ID_OBRA": "832_Pachuca de Soto", "No.": 832.0, "Municipio": "Pachuca de Soto", "Rubro": "Infraestructura Carretera", "Ejercicio": 2024.0, "Obra": "Estudio y proyecto para mitigar los riesgos viales en el entorno hospitalario Oriente de Pachuca de Soto", "Localidad": "Pachuca de Soto", "Inversión": 4212988.05, "Habitantes.beneficiados": null, "Ejecutora": "DGEP", "Trabajos": "Considera los trabajos de estudios, proyecto conceptual y proyecto ejecutivo.", "Geometria_tipo": "Punto", "extract": 0.7585369761427837 }, "geometry": { "type": "Point", "coordinates": [ 528978.211303211865015, 2224110.449527730233967 ] } },
{ "type": "Feature", "properties": { "ID_OBRA": "841_Pachuca de Soto", "No.": 841.0, "Municipio": "Pachuca de Soto", "Rubro": "Vialidades Urbanas", "Ejercicio": 2024.0, "Obra": "Pavimentación de concreto hidráulico en Calle Prolongación Rojo Gómez en la Colonia La Loma, en el municipio de Pachuca de Soto", "Localidad": "Pachuca de Soto", "Inversión": 16370545.15, "Habitantes.beneficiados": null, "Ejecutora": "DGIVC", "Trabajos": "Considera los trabajos de preliminares, riego de impregnación, piso para pavimento de concreto hidráulico.", "Geometria_tipo": "Punto", "extract": 0.42688560973924211 }, "geometry": { "type": "Point", "coordinates": [ 520818.422097678470891, 2225647.13764251768589 ] } },
{ "type": "Feature", "properties": { "ID_OBRA": "858_Pachuca de Soto", "No.": 858.0, "Municipio": "Pachuca de Soto", "Rubro": "Vialidades Urbanas", "Ejercicio": 2024.0, "Obra": "Rehabilitación asfáltica del Boulevard Panorámico, en el municipio de Pachuca de Soto", "Localidad": "Pachuca de Soto", "Inversión": 23020998.95, "Habitantes.beneficiados": null, "Ejecutora": "DGCCE", "Trabajos": "Se realizan los siguientes trabajos: trazo y nivelación de plazas, suministro y aplicación de carpeta asfáltica compactado,  en el municipio de Pachuca de Soto", "Geometria_tipo": "Punto", "extract": 0.61304846355032672 }, "geometry": { "type": "Point", "coordinates": [ 526670.48661078105215, 2222487.291976266540587 ] } },
{ "type": "Feature", "properties": { "ID_OBRA": "860_Pachuca de Soto", "No.": 860.0, "Municipio": "Pachuca de Soto", "Rubro": "Vialidades Urbanas", "Ejercicio": 2024.0, "Obra": "Pavimentación asfáltica de Av. de la Plata y Av. de Las Torres, en la Colonia El Palmar, municipio de Pachuca de Soto", "Localidad": "Pachuca de Soto", "Inversión": 2826136.34, "Habitantes.beneficiados": null, "Ejecutora": "DGCCE", "Trabajos": "Considera los trabajos de capa subbase, riego de impregnación, suministro y aplicación de riego de liga con emulsión asfáltica", "Geometria_tipo": "Punto", "extract": 0.49012000101056874 }, "geometry": { "type": "Point", "coordinates": [ 522638.996200061636046, 2224449.478586213197559 ] } },
{ "type": "Feature", "properties": { "ID_OBRA": "869_Pachuca de Soto", "No.": 869.0, "Municipio": "Pachuca de Soto", "Rubro": "Vialidades Urbanas", "Ejercicio": 2024.0, "Obra": "Rehabilitación de calles de acceso Valle de San Javier entronque Río de las Avenidas, Pachuca de Soto", "Localidad": "Pachuca de Soto", "Inversión": 7831703.58, "Habitantes.beneficiados": null, "Ejecutora": "DGIVC", "Trabajos": "Considera los trabajos de preliminares, piso para pavimento.", "Geometria_tipo": "Punto", "extract": 0.49670112498597696 }, "geometry": { "type": "Point", "coordinates": [ 526247.247561648022383, 2221979.545033814851195 ] } },
{ "type": "Feature", "properties": { "ID_OBRA": "873_Pachuca de Soto", "No.": 873.0, "Municipio": "Pachuca de Soto", "Rubro": "Vialidades Urbanas", "Ejercicio": 2024.0, "Obra": "Reconstrucción de pavimento de concreto hidráulico en calle San Martín de Porres, Pachuca de Soto", "Localidad": "Pachuca de Soto", "Inversión": 3509851.8, "Habitantes.beneficiados": null, "Ejecutora": "DGIVC", "Trabajos": "Considera los trabajos de preliminares, riego de impregnación, piso para pavimento de concreto hidráulico.", "Geometria_tipo": "Punto", "extract": 0.69020207155154045 }, "geometry": { "type": "Point", "coordinates": [ 529513.999999983934686, 2223915.999936397187412 ] } },
{ "type": "Feature", "properties": { "ID_OBRA": "874_Pachuca de Soto", "No.": 874.0, "Municipio": "Pachuca de Soto", "Rubro": "Vialidades Urbanas", "Ejercicio": 2024.0, "Obra": "Reconstrucción en calle Nicolás Flores, colonia centro, Pachuca de Soto", "Localidad": "Pachuca de Soto", "Inversión": 923928.4, "Habitantes.beneficiados": null, "Ejecutora": "DGIVC", "Trabajos": "Considera los trabajos de preliminares, piso para pavimento.", "Geometria_tipo": "Punto", "extract": 0.69911781428996111 }, "geometry": { "type": "Point", "coordinates": [ 527699.999999983236194, 2225532.999936582054943 ] } },
{ "type": "Feature", "properties": { "ID_OBRA": "875_Pachuca de Soto", "No.": 875.0, "Municipio": "Pachuca de Soto", "Rubro": "Vialidades Urbanas", "Ejercicio": 2024.0, "Obra": "Reconstrucción de pavimento asfáltico en calle Campo de Tiro, municipio de Pachuca de Soto", "Localidad": "Pachuca de Soto", "Inversión": 6555667.43, "Habitantes.beneficiados": null, "Ejecutora": "DGIVC", "Trabajos": "Considera los trabajos de la operación de escarificación, disgregado, construcción de base hidráulica, suministro y aplicación de riego de liga con emulsión asfáltica.", "Geometria_tipo": "Punto", "extract": 0.62370837081980512 }, "geometry": { "type": "Point", "coordinates": [ 526785.999999984400347, 2222516.999936236999929 ] } },
{ "type": "Feature", "properties": { "ID_OBRA": "898_Pachuca de Soto", "No.": 898.0, "Municipio": "Pachuca de Soto", "Rubro": "Vialidades Urbanas", "Ejercicio": 2025.0, "Obra": "Reconstrucción de pavimento asfáltico calle Parque Hidalgo, municipio de Pachuca de Soto", "Localidad": "Pachuca de Soto", "Inversión": 282029.35, "Habitantes.beneficiados": null, "Ejecutora": "DGCCE", "Trabajos": "Se realizará la obra contemplando las siguientes partidas: preliminares, carpeta asfáltica, señalamiento horizontal.", "Geometria_tipo": "Punto", "extract": 0.68628880771607148 }, "geometry": { "type": "Point", "coordinates": [ 527965.999999983236194, 2224655.999936481472105 ] } },
{ "type": "Feature", "properties": { "ID_OBRA": "913_Pachuca de Soto", "No.": 913.0, "Municipio": "Pachuca de Soto", "Rubro": "Vialidades Urbanas", "Ejercicio": 2023.0, "Obra": "Reconstrucción de pavimentación calle 18 de Julio, San Pedro Nopancalco, Pachuca de Soto; en el municipio de Pachuca de Soto", "Localidad": "San Pedro (El Cigarro)", "Inversión": 4840263.41, "Habitantes.beneficiados": 297848.0, "Ejecutora": "DGCCE", "Trabajos": "Considera los trabajos de la operación de escarificación, disgregado, construcción de base hidráulica, suministro y aplicación de riego de liga con emulsión asfáltica.", "Geometria_tipo": "Punto", "extract": 0.6676848803413703 }, "geometry": { "type": "Point", "coordinates": [ 529503.811634793994017, 2226808.055529280100018 ] } },
{ "type": "Feature", "properties": { "ID_OBRA": "914_Pachuca de Soto", "No.": 914.0, "Municipio": "Pachuca de Soto", "Rubro": "Vialidades Urbanas", "Ejercicio": 2024.0, "Obra": "Rehabilitación de Calle Flor de Alhelí en la localidad de Santa Gertrudis, en el municipio de Pachuca de Soto", "Localidad": "Santa Gertrudis", "Inversión": 10262895.56, "Habitantes.beneficiados": 776.0, "Ejecutora": "DGOPI", "Trabajos": "Considera los trabajos de preliminares, piso para pavimento.", "Geometria_tipo": "Punto", "extract": 0.39735795606923285 }, "geometry": { "type": "Point", "coordinates": [ 520213.40592159924563, 2220959.127359682694077 ] } },
{ "type": "Feature", "properties": { "ID_OBRA": "919_Pachuca de Soto", "No.": 919.0, "Municipio": "Pachuca de Soto", "Rubro": "Vialidades Urbanas", "Ejercicio": 2023.0, "Obra": "Reconstrucción de pavimento en calle Francisco Villa, colonia Felipe Ángeles, Pachuca, Hgo.", "Localidad": "Varias", "Inversión": 1972801.0, "Habitantes.beneficiados": null, "Ejecutora": "DGCCE", "Trabajos": "Considera los trabajos de demolición por medios mecánicos de concreto simple, barrido de la superficie por tratar, piso para pavimento de concreto hidráulico.", "Geometria_tipo": "Punto", "extract": 0.65145333968581909 }, "geometry": { "type": "Point", "coordinates": [ 528637.044239500886761, 2223293.966376694384962 ] } },
{ "type": "Feature", "properties": { "ID_OBRA": "920_Pachuca de Soto", "No.": 920.0, "Municipio": "Pachuca de Soto", "Rubro": "Vialidades Urbanas", "Ejercicio": 2023.0, "Obra": "Construcción de pavimentación en calle Topacio, colonia Punta Kristal, Pachuca, Hgo.", "Localidad": "Varias", "Inversión": 1007674.91, "Habitantes.beneficiados": null, "Ejecutora": "DGCCE", "Trabajos": "Considera los trabajos de preliminares, piso para pavimento de concreto hidráulico.", "Geometria_tipo": "Punto", "extract": 0.49289228389379064 }, "geometry": { "type": "Point", "coordinates": [ 523120.127814007282723, 2225534.761747223325074 ] } },
{ "type": "Feature", "properties": { "ID_OBRA": "921_Pachuca de Soto", "No.": 921.0, "Municipio": "Pachuca de Soto", "Rubro": "Vialidades Urbanas", "Ejercicio": 2024.0, "Obra": "Construcción de pavimentación concreto hidráulico en calle Ejido 10, Matilde, municipio de Pachuca de Soto", "Localidad": "Varias", "Inversión": 6437578.42, "Habitantes.beneficiados": null, "Ejecutora": "DGCCE", "Trabajos": "Considera los trabajos de preliminares, riego de impregnación, piso para pavimento de concreto hidráulico.", "Geometria_tipo": "Punto", "extract": 0.67864658486231222 }, "geometry": { "type": "Point", "coordinates": [ 520541.958384376426693, 2215529.039672006387264 ] } },
{ "type": "Feature", "properties": { "ID_OBRA": "922_Pachuca de Soto", "No.": 922.0, "Municipio": "Pachuca de Soto", "Rubro": "Vialidades Urbanas", "Ejercicio": 2024.0, "Obra": "Reconstrucción asfáltica de Circuito Calle 14 y Calle 15, en la Col. Piracantos, Tercera Sección, en el municipio de Pachuca de Soto", "Localidad": "Varias", "Inversión": 2898856.44, "Habitantes.beneficiados": null, "Ejecutora": "DGCCE", "Trabajos": "Se realizan los siguientes trabajos: trazo y nivelación de plazas, suministro y aplicación de carpeta asfáltica compactado.", "Geometria_tipo": "Punto", "extract": 0.5250711699292534 }, "geometry": { "type": "Point", "coordinates": [ 523227.036620732455049, 2225155.996013290248811 ] } },
{ "type": "Feature", "properties": { "ID_OBRA": "923_Pachuca de Soto", "No.": 923.0, "Municipio": "Pachuca de Soto", "Rubro": "Vialidades Urbanas", "Ejercicio": 2024.0, "Obra": "Construcción de pavimentación concreto hidráulico en Calle Colonias, Venecia en el municipio de Pachuca de Soto", "Localidad": "Varias", "Inversión": 2993278.36, "Habitantes.beneficiados": null, "Ejecutora": "DGCCE", "Trabajos": "Considera los trabajos de preliminares, riego de impregnación, piso para pavimento de concreto hidráulico.", "Geometria_tipo": "Punto", "extract": 0.40546807728625767 }, "geometry": { "type": "Point", "coordinates": [ 523591.986150679527782, 2226656.959630820900202 ] } },
{ "type": "Feature", "properties": { "ID_OBRA": "924_Pachuca de Soto", "No.": 924.0, "Municipio": "Pachuca de Soto", "Rubro": "Vialidades Urbanas", "Ejercicio": 2024.0, "Obra": "Rehabilitación asfáltica Cto. México, en el Fraccionamiento Geovillas, municipio de Pachuca de Soto", "Localidad": "Varias", "Inversión": 2378611.61, "Habitantes.beneficiados": null, "Ejecutora": "DGCCE", "Trabajos": "Se realizan los siguientes trabajos: trazo y nivelación de plazas, suministro y aplicación de carpeta asfáltica compactado,  en el municipio de Pachuca de Soto", "Geometria_tipo": "Punto", "extract": 0.57944065606697459 }, "geometry": { "type": "Point", "coordinates": [ 523171.965055290260352, 2218066.030796046834439 ] } },
{ "type": "Feature", "properties": { "ID_OBRA": "927_Pachuca de Soto", "No.": 927.0, "Municipio": "Pachuca de Soto", "Rubro": "Infraestructura Carretera", "Ejercicio": 2025.0, "Obra": "Reconstrucción del Boulevard Las Torres Cuerpo Izquierdo a base de concreto hidraulico, tramo del km 0+000 al km 6+490.", "Localidad": "Varias", "Inversión": 289591643.94, "Habitantes.beneficiados": null, "Ejecutora": "SIP", "Trabajos": "Considera trabajos para la reconstrucción y/o conservación de Infraestructura Carretera en la localidad de Varias municipio de Pachuca de Soto", "Geometria_tipo": "Punto", "extract": 0.57663072231303925 }, "geometry": { "type": "Point", "coordinates": [ 521685.970147088402882, 2215873.027911285404116 ] } },
{ "type": "Feature", "properties": { "ID_OBRA": "928_Mineral de la Reforma", "No.": 928.0, "Municipio": "Mineral de la Reforma", "Rubro": "Infraestructura Carretera", "Ejercicio": 2024.0, "Obra": "Estudios de impacto ambiental, análisis costo beneficio y diseño de pavimento y geotecnia para la reconstrucción  del boulevard Las Torres, en los municipios de Pachuca de Soto y Mineral de la Reforma.", "Localidad": "Varias", "Inversión": 747051.60504235304, "Habitantes.beneficiados": null, "Ejecutora": "DGEP", "Trabajos": "Considera los estudios y proyecto ejecutivo.", "Geometria_tipo": "Punto", "extract": 0.41489236760595105 }, "geometry": { "type": "Point", "coordinates": [ 523687.030408475897275, 2215464.95984400017187 ] } },
{ "type": "Feature", "properties": { "ID_OBRA": "928_Pachuca de Soto", "No.": 928.0, "Municipio": "Pachuca de Soto", "Rubro": "Infraestructura Carretera", "Ejercicio": 2024.0, "Obra": "Estudios de impacto ambiental, análisis costo beneficio y diseño de pavimento y geotecnia para la reconstrucción  del boulevard Las Torres, en los municipios de Pachuca de Soto y Mineral de la Reforma.", "Localidad": "Varias", "Inversión": 1158188.0949576499, "Habitantes.beneficiados": null, "Ejecutora": "DGEP", "Trabajos": "Considera los estudios y proyecto ejecutivo.", "Geometria_tipo": "Punto", "extract": 0.57663072231303925 }, "geometry": { "type": "Point", "coordinates": [ 521684.066292915260419, 2215869.21360378805548 ] } },
{ "type": "Feature", "properties": { "ID_OBRA": "929_Mineral de la Reforma", "No.": 929.0, "Municipio": "Mineral de la Reforma", "Rubro": "Infraestructura Carretera", "Ejercicio": 2024.0, "Obra": "Estudios de impacto ambiental y análisis costo beneficio para la continuación de la construcción de la vialidad y el encauzamiento del río de las avenidas, municipio de Mineral de la Reforma", "Localidad": "Varias", "Inversión": 1130154.9883225199, "Habitantes.beneficiados": null, "Ejecutora": "DGEP", "Trabajos": "Considera los estudios y proyecto ejecutivo.", "Geometria_tipo": "Punto", "extract": 0.25834711434444962 }, "geometry": { "type": "Point", "coordinates": [ 525739.006305248127319, 2216768.02191658038646 ] } },
{ "type": "Feature", "properties": { "ID_OBRA": "929_Pachuca de Soto", "No.": 929.0, "Municipio": "Pachuca de Soto", "Rubro": "Infraestructura Carretera", "Ejercicio": 2024.0, "Obra": "Estudios de impacto ambiental y análisis costo beneficio para la continuación de la construcción de la vialidad y el encauzamiento del río de las avenidas, municipio de Mineral de la Reforma", "Localidad": "Varias", "Inversión": 1752130.70167748, "Habitantes.beneficiados": null, "Ejecutora": "DGEP", "Trabajos": "Considera los estudios y proyecto ejecutivo.", "Geometria_tipo": "Punto", "extract": 0.2681848861594831 }, "geometry": { "type": "Point", "coordinates": [ 525760.930143193807453, 2216961.731106198392808 ] } },
{ "type": "Feature", "properties": { "ID_OBRA": "939_Pacula", "No.": 939.0, "Municipio": "Pacula", "Rubro": "Infraestructura Carretera", "Ejercicio": 2024.0, "Obra": "Rehabilitación de pavimento en carretera principal de Pacula a la Estancia en tramos de las comunidades del Puerto Jilialpan a la Mohonera, municipio de Pacula.", "Localidad": "Varias", "Inversión": 7105879.16, "Habitantes.beneficiados": null, "Ejecutora": "DGIVC", "Trabajos": "Considera trabajos para la reconstrucción y/o conservación de Infraestructura Carretera en la localidad de Varias municipio de Pacula", "Geometria_tipo": "Punto", "extract": -0.058817510869585143 }, "geometry": { "type": "Point", "coordinates": [ 464992.028156626736745, 2318716.975613127462566 ] } },
{ "type": "Feature", "properties": { "ID_OBRA": "948_Pisaflores", "No.": 948.0, "Municipio": "Pisaflores", "Rubro": "Infraestructura Carretera", "Ejercicio": 2023.0, "Obra": "Construcción de muros de contención en el camino rural Pisaflores - El Nogal - La Minita, municipio de Pisaflores", "Localidad": "Varias", "Inversión": 516977.42, "Habitantes.beneficiados": null, "Ejecutora": "DGOPI", "Trabajos": "Considera en los trabajos la construcción de muros de contención en camino rural Pisaflores.", "Geometria_tipo": "Punto", "extract": 0.89437936444651056 }, "geometry": { "type": "Point", "coordinates": [ 494940.001686205912847, 2346848.020415878854692 ] } },
{ "type": "Feature", "properties": { "ID_OBRA": "951_Pisaflores", "No.": 951.0, "Municipio": "Pisaflores", "Rubro": "Infraestructura Carretera", "Ejercicio": 2024.0, "Obra": "Construcción de pavimento tramo Tripuente a Chalahuite, en el municipio de Pisaflores.", "Localidad": "Varias", "Inversión": 3928301.05, "Habitantes.beneficiados": null, "Ejecutora": "DGIVC", "Trabajos": "Considera los trabajos de preliminares y pavimento en el municipio de Pisaflores.", "Geometria_tipo": "Punto", "extract": 0.64621834632571629 }, "geometry": { "type": "Point", "coordinates": [ 505210.960038104152773, 2349227.044706511776894 ] } },
{ "type": "Feature", "properties": { "ID_OBRA": "952_Progreso de Obregón", "No.": 952.0, "Municipio": "Progreso de Obregón", "Rubro": "Vialidades Urbanas", "Ejercicio": 2024.0, "Obra": "Pavimentación del acceso a la Col. La Peña, en la comunidad de El Jardin, municipio de Progreso de Obregón", "Localidad": "El Jardín (Colonia)", "Inversión": 9025731.51, "Habitantes.beneficiados": 229.0, "Ejecutora": "DGCCE", "Trabajos": "Considera trabajos en la rehabilitación y/o mejoramiento de las vialidades urbanas en la localidad de El Jardín (Colonia) muncipio de Progreso de Obregón", "Geometria_tipo": "Punto", "extract": 0.13012004657602416 }, "geometry": { "type": "Point", "coordinates": [ 477971.324695362593047, 2250000.806867842096835 ] } },
{ "type": "Feature", "properties": { "ID_OBRA": "962_San Agustín Metzquititlán", "No.": 962.0, "Municipio": "San Agustín Metzquititlán", "Rubro": "Infraestructura Carretera", "Ejercicio": 2025.0, "Obra": "Pavimentación asfáltica del camino El Carrizo - La Peña - Veladero - Agua Bendita, en el municipio de San Agustín Metzquititlán", "Localidad": "San Agustín Meztquititlán", "Inversión": 13342438.04, "Habitantes.beneficiados": null, "Ejecutora": "SIPDUS", "Trabajos": null, "Geometria_tipo": "Punto", "extract": -0.97923585805706637 }, "geometry": { "type": "Point", "coordinates": [ 537513.04672449757345, 2259670.993001668713987 ] } },
{ "type": "Feature", "properties": { "ID_OBRA": "999_San Agustín Tlaxiaca", "No.": 999.0, "Municipio": "San Agustín Tlaxiaca", "Rubro": "Vialidades Urbanas", "Ejercicio": 2025.0, "Obra": "Reconstrucción de pavimentación asfáltica de Av. Principal de acceso a la comunidad de Tornacuxtla, en el municipio de San Agustín Tlaxiaca", "Localidad": "Tornacuxtla", "Inversión": 27413944.24, "Habitantes.beneficiados": null, "Ejecutora": "DGIVC", "Trabajos": null, "Geometria_tipo": "Punto", "extract": 0.19016844786129206 }, "geometry": { "type": "Point", "coordinates": [ 513334.017241972673219, 2228070.956242240034044 ] } },
{ "type": "Feature", "properties": { "ID_OBRA": "1_Acatlán", "No.": 1.0, "Municipio": "Acatlán", "Rubro": "Vialidades Urbanas", "Ejercicio": 2023.0, "Obra": "Construcción de pavimento hidráulico en Las Palmas; en el municipio de Acatlán.", "Localidad": "Acatlán", "Inversión": 1296728.82, "Habitantes.beneficiados": 439.0, "Ejecutora": "DGOPI", "Trabajos": "Considera los trabajos de preliminares, piso para pavimento de concreto hidráulico.", "Geometria_tipo": "Punto", "extract": 0.40826401009154356 }, "geometry": { "type": "Point", "coordinates": [ 563087.380588041618466, 2226583.751603059936315 ] } },
{ "type": "Feature", "properties": { "ID_OBRA": "10_Acaxochitlán", "No.": 10.0, "Municipio": "Acaxochitlán", "Rubro": "Vialidades Urbanas", "Ejercicio": 2023.0, "Obra": "Pavimentación de concreto hidráulico en calle principal en la localidad de Coyametepec, en el municipio de Acaxochitlán.", "Localidad": "Coyametepec", "Inversión": 5617050.59, "Habitantes.beneficiados": 784.0, "Ejecutora": "DGIVC", "Trabajos": "Considera los trabajos de preliminares, riego de impregnación, piso para pavimento de concreto hidráulico.", "Geometria_tipo": "Punto", "extract": 0.65788639930291626 }, "geometry": { "type": "Point", "coordinates": [ 583821.875750743201934, 2224383.057906851172447 ] } },
{ "type": "Feature", "properties": { "ID_OBRA": "1004_San Bartolo Tutotepec", "No.": 1004.0, "Municipio": "San Bartolo Tutotepec", "Rubro": "Infraestructura Carretera", "Ejercicio": 2025.0, "Obra": "Obra complementaria para la construcción de puente en camino de acceso principal a la localidad El Piñal, San Bartolo Tutotepec", "Localidad": "El Piñal", "Inversión": 11000000.0, "Habitantes.beneficiados": null, "Ejecutora": "SIPDUS", "Trabajos": null, "Geometria_tipo": "Punto", "extract": 0.26572116008642432 }, "geometry": { "type": "Point", "coordinates": [ 585666.409176014480181, 2269111.277334772516042 ] } },
{ "type": "Feature", "properties": { "ID_OBRA": "1037_San Salvador", "No.": 1037.0, "Municipio": "San Salvador", "Rubro": "Vialidades Urbanas", "Ejercicio": 2022.0, "Obra": "Construcción de pavimentación asfáltica de calle La Capilla, El Mothe, municipio de San Salvador", "Localidad": "El Mothe", "Inversión": 995809.46, "Habitantes.beneficiados": 483.0, "Ejecutora": "DGCCE", "Trabajos": "Considera los trabajos de capa subbase, riego de impregnación, suministro y aplicación de riego de liga con emulsión asfáltica", "Geometria_tipo": "Punto", "extract": 0.20045649303238777 }, "geometry": { "type": "Point", "coordinates": [ 484312.000000009895302, 2256123.999940109904855 ] } },
{ "type": "Feature", "properties": { "ID_OBRA": "105_Atlapexco", "No.": 105.0, "Municipio": "Atlapexco", "Rubro": "Infraestructura Carretera", "Ejercicio": 2023.0, "Obra": "Construcción de muros de contención en la comunidad de Tecolotitla; en el municipio de Atlapexco", "Localidad": "Tecolotitla", "Inversión": 15735167.26, "Habitantes.beneficiados": 969.0, "Ejecutora": "DGCCE", "Trabajos": "Considera en los trabajos la construcción de muros de contención en la Localidad de Tecolotitla.", "Geometria_tipo": "Punto", "extract": 0.27621660659121677 }, "geometry": { "type": "Point", "coordinates": [ 565862.381220497307368, 2323440.868089498952031 ] } },
{ "type": "Feature", "properties": { "ID_OBRA": "108_Atotonilco de Tula", "No.": 108.0, "Municipio": "Atotonilco de Tula", "Rubro": "Infraestructura Carretera", "Ejercicio": 2024.0, "Obra": "Reconstrucción de C.E. Atotonilco de Tula - El Cardonal, municipio de Atotonilco de Tula", "Localidad": "Atotonilco de Tula", "Inversión": 7984064.96, "Habitantes.beneficiados": 8822.0, "Ejecutora": "DGOPI", "Trabajos": "Considera trabajos para la reconstrucción y/o conservación de Infraestructura Carretera en la localidad de Atotonilco de Tula municipio de Atotonilco de Tula", "Geometria_tipo": "Punto", "extract": 0.15827407544181915 }, "geometry": { "type": "Point", "coordinates": [ 478487.1078185364604, 2215154.46091566234827 ] } },
{ "type": "Feature", "properties": { "ID_OBRA": "1116_Tenango de Doria", "No.": 1116.0, "Municipio": "Tenango de Doria", "Rubro": "Infraestructura Carretera", "Ejercicio": 2023.0, "Obra": "Pavimentación del tramo carretero San Pablo El Grande, entronque a San Nicolás", "Localidad": "San Nicolás", "Inversión": 5805881.39, "Habitantes.beneficiados": 793.0, "Ejecutora": "DGCCE", "Trabajos": "considera los trabajos de terracerías, estabilización, riego de impregnación, carpeta de concreto asfáltico, cunetas, señalamiento horizontal", "Geometria_tipo": "Punto", "extract": 0.72466566907234997 }, "geometry": { "type": "Point", "coordinates": [ 587179.618800988071598, 2251555.340316263958812 ] } },
{ "type": "Feature", "properties": { "ID_OBRA": "1136_Tepeapulco", "No.": 1136.0, "Municipio": "Tepeapulco", "Rubro": "Vialidades Urbanas", "Ejercicio": 2023.0, "Obra": "Pavimentación asfáltica del Corredor Industrial.", "Localidad": "Fray Bernardino de Sahagún (Ciudad Sahagún)", "Inversión": 7024993.96, "Habitantes.beneficiados": null, "Ejecutora": "DGCCE", "Trabajos": "Considera los trabajos de capa subbase, riego de impregnación, suministro y aplicación de riego de liga con emulsión asfáltica", "Geometria_tipo": "Punto", "extract": 0.47752386318386469 }, "geometry": { "type": "Point", "coordinates": [ 542553.999999972060323, 2184784.999931959435344 ] } },
{ "type": "Feature", "properties": { "ID_OBRA": "115_Atotonilco el Grande", "No.": 115.0, "Municipio": "Atotonilco el Grande", "Rubro": "Vialidades Urbanas", "Ejercicio": 2023.0, "Obra": "Construcción de pavimento hidráulico en calle Los Fresnos; en el municipio de Atotonilco el Grande.", "Localidad": "La Puebla", "Inversión": 1846466.22, "Habitantes.beneficiados": 1195.0, "Ejecutora": "DGCCE", "Trabajos": "Considera los trabajos de preliminares, piso para pavimento de concreto hidráulico.", "Geometria_tipo": "Punto", "extract": 0.20917888152982012 }, "geometry": { "type": "Point", "coordinates": [ 535179.860961872851476, 2241744.136261623352766 ] } },
{ "type": "Feature", "properties": { "ID_OBRA": "1168_Tepehuacán de Guerrero", "No.": 1168.0, "Municipio": "Tepehuacán de Guerrero", "Rubro": "Infraestructura Carretera", "Ejercicio": 2024.0, "Obra": "Construcción de pavimentación hidráulica acceso a Zacualtipanito, en el municipio de Tepehuacán de Guerrero", "Localidad": "Zacualtipanito", "Inversión": 5736174.53, "Habitantes.beneficiados": 1640.0, "Ejecutora": "DGOPI", "Trabajos": "Considera los trabajos de preliminares y pavimento hidráulico.", "Geometria_tipo": "Punto", "extract": 0.80404933968990899 }, "geometry": { "type": "Point", "coordinates": [ 520604.854828255891334, 2338971.48522781720385 ] } },
{ "type": "Feature", "properties": { "ID_OBRA": "117_Atotonilco el Grande", "No.": 117.0, "Municipio": "Atotonilco el Grande", "Rubro": "Infraestructura Carretera", "Ejercicio": 2024.0, "Obra": "Construye Tu Camino del tramo Camino de la Región de Comunidades Unidas, en el Municipio de Atotonilco el Grande", "Localidad": "Paraje de Los Sauces", "Inversión": 6200000.0, "Habitantes.beneficiados": 1350.0, "Ejecutora": "DGCCE", "Trabajos": "Considera los trabajos de construcción de huellas de concreto hidráulico y empedrado en la localidad, el cual consta de terracerías y pisos de concreto.", "Geometria_tipo": "Punto", "extract": -0.24598629336783212 }, "geometry": { "type": "Point", "coordinates": [ 543010.424285021726973, 2252258.504789435770363 ] } },
{ "type": "Feature", "properties": { "ID_OBRA": "1172_Tepeji del Río de Ocampo", "No.": 1172.0, "Municipio": "Tepeji del Río de Ocampo", "Rubro": "Infraestructura Carretera", "Ejercicio": 2023.0, "Obra": "Pavimentación de acceso al COBAEH de San Ildefonso, en el municipio de Tepeji del Río.", "Localidad": "San Ildefonso", "Inversión": 23784128.13, "Habitantes.beneficiados": 4231.0, "Ejecutora": "DGCCE", "Trabajos": "Se consideran trabajos de revestimiento, cunetas y limpieza de cunetas.", "Geometria_tipo": "Punto", "extract": 0.57213971439273825 }, "geometry": { "type": "Point", "coordinates": [ 461470.256417434196919, 2210923.292828953824937 ] } },
{ "type": "Feature", "properties": { "ID_OBRA": "118_Atotonilco el Grande", "No.": 118.0, "Municipio": "Atotonilco el Grande", "Rubro": "Vialidades Urbanas", "Ejercicio": 2024.0, "Obra": "Construcción de pavimento hidráulico en calle La Piaña, Santa María Amajac; en el municipio de Atotonilco el  Grande.", "Localidad": "Santa María Amajac", "Inversión": 2475805.88, "Habitantes.beneficiados": 1510.0, "Ejecutora": "DGCCE", "Trabajos": "Considera los trabajos de preliminares, piso para pavimento de concreto hidráulico.", "Geometria_tipo": "Punto", "extract": -0.050968411909210053 }, "geometry": { "type": "Point", "coordinates": [ 527044.952568458626047, 2247337.350601168815047 ] } },
{ "type": "Feature", "properties": { "ID_OBRA": "1189_Tezontepec de Aldama", "No.": 1189.0, "Municipio": "Tezontepec de Aldama", "Rubro": "Infraestructura Carretera", "Ejercicio": 2023.0, "Obra": "Construye Tu Camino en la localidad de Santa María Nativitas Atengo, en el municipio de Tezontepec de Aldama.", "Localidad": "Atengo", "Inversión": 3756847.1, "Habitantes.beneficiados": 300.0, "Ejecutora": "DGCCE", "Trabajos": "Considera los trabajos de construcción de huellas de concreto hidráulico y empedrado en la localidad, el cual consta de terracerías y pisos de concreto.", "Geometria_tipo": "Punto", "extract": 0.4266829926098375 }, "geometry": { "type": "Point", "coordinates": [ 466101.007350929430686, 2230521.469390724785626 ] } },
{ "type": "Feature", "properties": { "ID_OBRA": "1193_Tezontepec de Aldama", "No.": 1193.0, "Municipio": "Tezontepec de Aldama", "Rubro": "Vialidades Urbanas", "Ejercicio": 2023.0, "Obra": "Pavimentación de concreto hidráulico y construcción de línea de alcantarillado sanitario, en calle de Acceso al Banco Bienestar, en el municipio de Tezontepec de Aldama", "Localidad": "Presas", "Inversión": 2326969.29, "Habitantes.beneficiados": 7798.0, "Ejecutora": "DGIVC", "Trabajos": "Considera los trabajos de preliminares, riego de impregnación, piso para pavimento de concreto hidráulico.", "Geometria_tipo": "Punto", "extract": 0.46575068959307553 }, "geometry": { "type": "Point", "coordinates": [ 471613.419114429387264, 2232805.715744385961443 ] } },
{ "type": "Feature", "properties": { "ID_OBRA": "12_Acaxochitlán", "No.": 12.0, "Municipio": "Acaxochitlán", "Rubro": "Vialidades Urbanas", "Ejercicio": 2022.0, "Obra": "Pavimentación con concreto hidráulico en calle de acceso principal a la comunidad de Paredones, municipio de Acaxochitlán", "Localidad": "Paredones Huitzilingo", "Inversión": 4759706.47, "Habitantes.beneficiados": 5113.0, "Ejecutora": "DGIVC", "Trabajos": "Considera los trabajos de preliminares, riego de impregnación, piso para pavimento de concreto hidráulico.", "Geometria_tipo": "Punto", "extract": 0.53149942710045284 }, "geometry": { "type": "Point", "coordinates": [ 588304.966883573913947, 2227056.322408744134009 ] } },
{ "type": "Feature", "properties": { "ID_OBRA": "120_Calnali", "No.": 120.0, "Municipio": "Calnali", "Rubro": "Infraestructura Carretera", "Ejercicio": 2024.0, "Obra": "Construcción de muro de contención de la C.E. Ixtlahuaco - Calnali, Ahuacatlán, municipio de Calnali", "Localidad": "Ahuacatlán", "Inversión": 2364543.41, "Habitantes.beneficiados": 821.0, "Ejecutora": "DGOPI", "Trabajos": "Considera en los trabajos la construcción de muros de contención en la Localidad de Ahuacatlán.", "Geometria_tipo": "Punto", "extract": 0.21154038313416376 }, "geometry": { "type": "Point", "coordinates": [ 537000.091954353265464, 2309283.045882988255471 ] } },
{ "type": "Feature", "properties": { "ID_OBRA": "1203_Tianguistengo", "No.": 1203.0, "Municipio": "Tianguistengo", "Rubro": "Infraestructura Carretera", "Ejercicio": 2025.0, "Obra": "Modernización del camino tramo Tianguistengo - Chinameca, en el municipio de Tianguistengo", "Localidad": "Tianguistengo", "Inversión": 16962781.71, "Habitantes.beneficiados": null, "Ejecutora": "SIPDUS", "Trabajos": null, "Geometria_tipo": "Punto", "extract": 0.26184131979534109 }, "geometry": { "type": "Point", "coordinates": [ 536319.685839891550131, 2294790.034878419712186 ] } },
{ "type": "Feature", "properties": { "ID_OBRA": "1207_Tizayuca", "No.": 1207.0, "Municipio": "Tizayuca", "Rubro": "Vialidades Urbanas", "Ejercicio": 2024.0, "Obra": "Construcción de calle en la localidad de Tepojaco, en el municipio de Tizayuca", "Localidad": "Tepojaco", "Inversión": 3191190.19, "Habitantes.beneficiados": 8361.0, "Ejecutora": "DGOPI", "Trabajos": "Considera los trabajos de preliminares, piso para pavimento de concreto hidráulico.", "Geometria_tipo": "Punto", "extract": 0.40832467920376825 }, "geometry": { "type": "Point", "coordinates": [ 507640.764979686588049, 2194410.363111067097634 ] } },
{ "type": "Feature", "properties": { "ID_OBRA": "121_Calnali", "No.": 121.0, "Municipio": "Calnali", "Rubro": "Infraestructura Carretera", "Ejercicio": 2024.0, "Obra": "Reconstrucción de la C.E. Calnali a Papatlatla, Paso por Calnali, en el municipio de Calnali", "Localidad": "Calnali", "Inversión": 3587098.19, "Habitantes.beneficiados": 4235.0, "Ejecutora": "DGIVC", "Trabajos": "Considera trabajos para la reconstrucción y/o conservación de Infraestructura Carretera en la localidad de Calnali municipio de Calnali", "Geometria_tipo": "Punto", "extract": 0.42944798806668943 }, "geometry": { "type": "Point", "coordinates": [ 542986.174874926335178, 2310396.828393517062068 ] } },
{ "type": "Feature", "properties": { "ID_OBRA": "1223_Tlahuiltepa", "No.": 1223.0, "Municipio": "Tlahuiltepa", "Rubro": "Vialidades Urbanas", "Ejercicio": 2022.0, "Obra": "Construcción de pavimentación hidráulica acceso principal en la localidad de San Andrés Miraflores, municipio de Tlahuiltepa", "Localidad": "San Andrés Miraflores", "Inversión": 991756.8, "Habitantes.beneficiados": 306.0, "Ejecutora": "DGCCE", "Trabajos": "Considera los trabajos de preliminares, riego de impregnación, piso para pavimento de concreto Hidráulico, en la localidad de San Andrés Miraflores municipio de  Tlahuiltepa", "Geometria_tipo": "Punto", "extract": 0.46369648924558265 }, "geometry": { "type": "Point", "coordinates": [ 499900.471220580453519, 2300277.804654276464134 ] } },
{ "type": "Feature", "properties": { "ID_OBRA": "1232_Tlanalapa", "No.": 1232.0, "Municipio": "Tlanalapa", "Rubro": "Vialidades Urbanas", "Ejercicio": 2023.0, "Obra": "Pavimentación asfáltica de calle Insurgentes Oriente - Niños Héroes Sur, municipio de Tlanalapa", "Localidad": "Tlanalapa", "Inversión": 3562166.35, "Habitantes.beneficiados": 8062.0, "Ejecutora": "DGOPI", "Trabajos": "Considera los trabajos de capa subbase, riego de impregnación, suministro y aplicación de riego de liga con emulsión asfáltica", "Geometria_tipo": "Punto", "extract": 0.27636965635299499 }, "geometry": { "type": "Point", "coordinates": [ 541580.756381698418409, 2190759.398190264124423 ] } },
{ "type": "Feature", "properties": { "ID_OBRA": "124_Calnali", "No.": 124.0, "Municipio": "Calnali", "Rubro": "Infraestructura Carretera", "Ejercicio": 2024.0, "Obra": "Construcción de muro de contención y obra de drenaje en la C.E. Huazalingo - Calnali (Calnali - San Andrés - Santa Lucia), San Andrés, municipio de Calnali", "Localidad": "San Andrés (San Andrés Chichayotla)", "Inversión": 3149889.61, "Habitantes.beneficiados": 1355.0, "Ejecutora": "DGCCE", "Trabajos": "Considera en los trabajos la construcción de muros de contención en la Localidad de San Andrés (San Andrés Chichayotla).", "Geometria_tipo": "Punto", "extract": 0.029171495839302539 }, "geometry": { "type": "Point", "coordinates": [ 544888.19718342309352, 2314026.816881351172924 ] } },
{ "type": "Feature", "properties": { "ID_OBRA": "1242_Tlanchinol", "No.": 1242.0, "Municipio": "Tlanchinol", "Rubro": "Infraestructura Carretera", "Ejercicio": 2023.0, "Obra": "Ampliación de camino rural en Tlanchinol, localidad Jalpa.", "Localidad": "Jalpa", "Inversión": 2821969.05, "Habitantes.beneficiados": 1156.0, "Ejecutora": "DGCCE", "Trabajos": "Consiste en el mejoramiento de camino rural de sacacosechas, de excavaciones en corte.", "Geometria_tipo": "Punto", "extract": 0.54844163460447171 }, "geometry": { "type": "Point", "coordinates": [ 529781.999999980209395, 2334402.999949345830828 ] } },
{ "type": "Feature", "properties": { "ID_OBRA": "1243_Tlanchinol", "No.": 1243.0, "Municipio": "Tlanchinol", "Rubro": "Infraestructura Carretera", "Ejercicio": 2023.0, "Obra": "Rehabilitación del tramo E.C. (Xuchitlan) - Jalpa, del Km 0+000 al Km 6+000; en el municipio de Tlanchinol.", "Localidad": "Jalpa", "Inversión": 5254434.39, "Habitantes.beneficiados": null, "Ejecutora": "DGIVC", "Trabajos": "Se consideran trabajos de revestimiento, cunetas y limpieza de cunetas.", "Geometria_tipo": "Punto", "extract": 0.27195669598386735 }, "geometry": { "type": "Point", "coordinates": [ 526652.999999982188456, 2329437.999948752112687 ] } },
{ "type": "Feature", "properties": { "ID_OBRA": "1252_Tlanchinol", "No.": 1252.0, "Municipio": "Tlanchinol", "Rubro": "Infraestructura Carretera", "Ejercicio": 2024.0, "Obra": "Rehabilitación de la C.E.(E.C. Pachuca-Tempoal) - Santa María, municipio de Tlanchinol", "Localidad": "Santa María Catzotipan (Santa María Tepetzintla)", "Inversión": 6918273.11, "Habitantes.beneficiados": 2552.0, "Ejecutora": "DGIVC", "Trabajos": "Considera trabajos para la reconstrucción y/o conservación de Infraestructura Carretera en la localidad de Santa María Catzotipan (Santa María Tepetzintla) municipio de Tlanchinol", "Geometria_tipo": "Punto", "extract": 0.40820326570496701 }, "geometry": { "type": "Point", "coordinates": [ 543141.999999973457307, 2327546.999948528129607 ] } },
{ "type": "Feature", "properties": { "ID_OBRA": "1301_Tulancingo de Bravo", "No.": 1301.0, "Municipio": "Tulancingo de Bravo", "Rubro": "Infraestructura Carretera", "Ejercicio": 2024.0, "Obra": "Reubicación de línea media tensión crucero Tulancingo - Jaltepec y obras adicionales, en el municipio de Tulancingo de Bravo.", "Localidad": "Tulancingo", "Inversión": 24405887.4, "Habitantes.beneficiados": null, "Ejecutora": "DGIVC", "Trabajos": "Considera los trabajos de base hidráulica, terracerías, obra electromecánica, piso de concreto hidráulico.", "Geometria_tipo": "Punto", "extract": 0.45311086594325711 }, "geometry": { "type": "Point", "coordinates": [ 564865.999999964493327, 2221373.999936104286462 ] } },
{ "type": "Feature", "properties": { "ID_OBRA": "132_Cardonal", "No.": 132.0, "Municipio": "Cardonal", "Rubro": "Infraestructura Carretera", "Ejercicio": 2025.0, "Obra": "Rehabilitación de la carretera Cardonal - Cerro Colorado, municipio de Cardonal", "Localidad": "Cardonal", "Inversión": 13410378.14, "Habitantes.beneficiados": null, "Ejecutora": "SIPDUS", "Trabajos": null, "Geometria_tipo": "Punto", "extract": -0.31199815195639174 }, "geometry": { "type": "Point", "coordinates": [ 486808.902896639017854, 2280062.681997885927558 ] } },
{ "type": "Feature", "properties": { "ID_OBRA": "135_Cardonal", "No.": 135.0, "Municipio": "Cardonal", "Rubro": "Infraestructura Carretera", "Ejercicio": 2023.0, "Obra": "Construcción de Pavimentación Hidráulica con roderas, en la localidad de Cuesta Blanca municipio de Cardonal.", "Localidad": "Cuesta Blanca", "Inversión": 3032096.67, "Habitantes.beneficiados": 270.0, "Ejecutora": "DGOPI", "Trabajos": "Considera los trabajos de preliminares y pavimento hidráulico.", "Geometria_tipo": "Punto", "extract": -0.31030978263372166 }, "geometry": { "type": "Point", "coordinates": [ 500848.33061473746784, 2264494.960355800576508 ] } },
{ "type": "Feature", "properties": { "ID_OBRA": "1354_Villa de Tezontepec", "No.": 1354.0, "Municipio": "Villa de Tezontepec", "Rubro": "Infraestructura Carretera", "Ejercicio": 2024.0, "Obra": "Estudios de prefactibilidad para la construcción de las Obras de Protección margen izquierda del Río de las Avenidas, tramo ubicado dentro del Parque Industrial PLATAH.", "Localidad": "Platah (Parque Industrial)", "Inversión": 1265852.4, "Habitantes.beneficiados": 4978.0, "Ejecutora": "DGEP", "Trabajos": "Considera los estudios y proyecto ejecutivo.", "Geometria_tipo": "Punto", "extract": 0.093034746971229321 }, "geometry": { "type": "Point", "coordinates": [ 516704.999999989347998, 2201521.999933846760541 ] } },
{ "type": "Feature", "properties": { "ID_OBRA": "136_Cardonal", "No.": 136.0, "Municipio": "Cardonal", "Rubro": "Vialidades Urbanas", "Ejercicio": 2022.0, "Obra": "Construcción de pavimento de concreto hidráulico en el municipio de Cardonal en la localidad del Bingu, en diferentes calles", "Localidad": "El Bingu", "Inversión": 1307947.47, "Habitantes.beneficiados": 1065.0, "Ejecutora": "DGIVC", "Trabajos": "Considera los trabajos de preliminares, riego de impregnación, piso para pavimento de concreto hidráulico.", "Geometria_tipo": "Punto", "extract": -0.44002482616526528 }, "geometry": { "type": "Point", "coordinates": [ 485181.931899713061284, 2276455.94600208895281 ] } },
{ "type": "Feature", "properties": { "ID_OBRA": "1362_Xochiatipan", "No.": 1362.0, "Municipio": "Xochiatipan", "Rubro": "Infraestructura Carretera", "Ejercicio": 2023.0, "Obra": "Rehabilitación del acceso a Chiapa, del Km 0+000 al Km 2+000; en el municipio de Xochiatipan.", "Localidad": "Chiapa", "Inversión": 1599695.24, "Habitantes.beneficiados": 523.0, "Ejecutora": "DGCCE", "Trabajos": "Se consideran trabajos de revestimiento, cunetas y limpieza de cunetas.", "Geometria_tipo": "Punto", "extract": 0.41701561196366743 }, "geometry": { "type": "Point", "coordinates": [ 571837.999999959603883, 2309214.999946346040815 ] } },
{ "type": "Feature", "properties": { "ID_OBRA": "1364_Xochiatipan", "No.": 1364.0, "Municipio": "Xochiatipan", "Rubro": "Infraestructura Carretera", "Ejercicio": 2023.0, "Obra": "Modernización del camino Ohuatipa - Texoloc, tramo: del Km. 4+760 al KM. 5+760; en el municipio de Xochiatipan", "Localidad": "Ohuatipa", "Inversión": 9123736.96, "Habitantes.beneficiados": 2130.0, "Ejecutora": "DGCCE", "Trabajos": "Considera los trabajos de modernización del camino en la localidad de Ohuatipa municipio de Xochiatipan.", "Geometria_tipo": "Punto", "extract": 0.11432748232799625 }, "geometry": { "type": "Point", "coordinates": [ 576113.999999960884452, 2311373.999946602620184 ] } },
{ "type": "Feature", "properties": { "ID_OBRA": "1365_Xochiatipan", "No.": 1365.0, "Municipio": "Xochiatipan", "Rubro": "Infraestructura Carretera", "Ejercicio": 2024.0, "Obra": "Construcción de muro de contensión C.E. Ohuatipa - Iztazoquico, municipio de Xochiatipan", "Localidad": "Ohuatipa", "Inversión": 2932224.27, "Habitantes.beneficiados": 2305.0, "Ejecutora": "DGCCE", "Trabajos": "Considera en los trabajos la construcción de muros de contención en la Localidad de Ohuatipa.", "Geometria_tipo": "Punto", "extract": 0.15187595840890111 }, "geometry": { "type": "Point", "coordinates": [ 576451.999999959021807, 2312092.9999466878362 ] } },
{ "type": "Feature", "properties": { "ID_OBRA": "1366_Xochiatipan", "No.": 1366.0, "Municipio": "Xochiatipan", "Rubro": "Infraestructura Carretera", "Ejercicio": 2024.0, "Obra": "Modernización del Camino Ohuatipa - Texoloc, tramo: 5+760 Km al 6+635.00 Km, en el municipio de Xochiatipan.", "Localidad": "Ohuatipa", "Inversión": 11803997.53, "Habitantes.beneficiados": null, "Ejecutora": "DGIVC", "Trabajos": "Considera los trabajos de modernización del camino en la localidad de Ohuatipa municipio de Xochiatipan.", "Geometria_tipo": "Punto", "extract": 0.16609815197874256 }, "geometry": { "type": "Point", "coordinates": [ 576282.999999959254637, 2310984.999946556054056 ] } },
{ "type": "Feature", "properties": { "ID_OBRA": "1367_Xochiatipan", "No.": 1367.0, "Municipio": "Xochiatipan", "Rubro": "Infraestructura Carretera", "Ejercicio": 2024.0, "Obra": "Estudio y proyecto para la construcción del puente vehicular en la localidad de Ohuatipa, en el municipio de Xochiatipán.", "Localidad": "Ohuatipa", "Inversión": 3990964.13, "Habitantes.beneficiados": null, "Ejecutora": "DGEP", "Trabajos": "Considera los trabajos de estudios viales, proyecto conceptual y proyecto ejecutivo.", "Geometria_tipo": "Punto", "extract": 0.16042940372512871 }, "geometry": { "type": "Point", "coordinates": [ 576708.999999960418791, 2310455.999946494586766 ] } },
{ "type": "Feature", "properties": { "ID_OBRA": "1371_Xochiatipan", "No.": 1371.0, "Municipio": "Xochiatipan", "Rubro": "Infraestructura Carretera", "Ejercicio": 2024.0, "Obra": "Reconstrucción de puente vehicular acceso a Tenexhueyac, municipio de Xochiatipan", "Localidad": "Tenexhueyac", "Inversión": 6261452.58, "Habitantes.beneficiados": 433.0, "Ejecutora": "DGCCE", "Trabajos": "Considera trabajos para la reconstrucción y/o conservación de Infraestructura Carretera en la localidad de Tenexhueyac municipio de Xochiatipan", "Geometria_tipo": "Punto", "extract": 0.17532632541518048 }, "geometry": { "type": "Point", "coordinates": [ 575332.999999959487468, 2308454.999946256168187 ] } },
{ "type": "Feature", "properties": { "ID_OBRA": "1375_Xochiatipan", "No.": 1375.0, "Municipio": "Xochiatipan", "Rubro": "Infraestructura Carretera", "Ejercicio": 2023.0, "Obra": "Reconstrucción de acceso principal al municipio de Xochiatipan.", "Localidad": "Xochiatipan", "Inversión": 9672101.56, "Habitantes.beneficiados": 1593.0, "Ejecutora": "DGCCE", "Trabajos": "Considera trabajos para la reconstrucción y/o conservación de Infraestructura Carretera en la localidad de Xochiatipan municipio de Xochiatipan", "Geometria_tipo": "Punto", "extract": 0.36678659408810788 }, "geometry": { "type": "Point", "coordinates": [ 574535.999999960535206, 2303985.999945727176964 ] } },
{ "type": "Feature", "properties": { "ID_OBRA": "1389_Yahualica", "No.": 1389.0, "Municipio": "Yahualica", "Rubro": "Infraestructura Carretera", "Ejercicio": 2023.0, "Obra": "Rehabilitación del tramo de acceso a Chompeletla, del Km 0+000 al Km 2+000", "Localidad": "Chompeletla", "Inversión": 1571102.55, "Habitantes.beneficiados": 286.0, "Ejecutora": "DGIVC", "Trabajos": "Se consideran trabajos de revestimiento, cunetas y limpieza de cunetas.", "Geometria_tipo": "Punto", "extract": 0.44118896945960534 }, "geometry": { "type": "Point", "coordinates": [ 565467.999999960535206, 2310531.999946502503008 ] } },
{ "type": "Feature", "properties": { "ID_OBRA": "1391_Yahualica", "No.": 1391.0, "Municipio": "Yahualica", "Rubro": "Infraestructura Carretera", "Ejercicio": 2024.0, "Obra": "Construcción de muro de contención en la localidad El Arenal, en el municipio de Yahualica.", "Localidad": "El Arenal", "Inversión": 17645022.9, "Habitantes.beneficiados": 596.0, "Ejecutora": "DGCCE", "Trabajos": "Considera en los trabajos la construcción de muros de contención en la Localidad de El Arenal.", "Geometria_tipo": "Punto", "extract": 0.42843949974827761 }, "geometry": { "type": "Point", "coordinates": [ 563760.999999961466528, 2312240.99994670599699 ] } },
{ "type": "Feature", "properties": { "ID_OBRA": "1406_Zacualtipán de Ángeles", "No.": 1406.0, "Municipio": "Zacualtipán de Ángeles", "Rubro": "Infraestructura Carretera", "Ejercicio": 2024.0, "Obra": "Construcción de pavimento hidráulico en caminos municipales de Atopixco, en el municipio de Zacualtipán de Ángeles", "Localidad": "Atopixco", "Inversión": 4840020.4, "Habitantes.beneficiados": 1237.0, "Ejecutora": "DGIVC", "Trabajos": "Considera los trabajos de preliminares, piso para pavimento de concreto hidráulico.", "Geometria_tipo": "Punto", "extract": -0.20610944031384387 }, "geometry": { "type": "Point", "coordinates": [ 540794.999999976018444, 2278103.999942678958178 ] } },
{ "type": "Feature", "properties": { "ID_OBRA": "1410_Zacualtipán de Ángeles", "No.": 1410.0, "Municipio": "Zacualtipán de Ángeles", "Rubro": "Infraestructura Carretera", "Ejercicio": 2024.0, "Obra": "Pavimentación hidráulica del C.R. Matatlán - Tzincoatlán, en el municipio de Zacualtipán de Ángeles", "Localidad": "Matatlán", "Inversión": 1469789.6, "Habitantes.beneficiados": 688.0, "Ejecutora": "DGOPI", "Trabajos": "Considera los trabajos de preliminares y pavimento hidráulico.", "Geometria_tipo": "Punto", "extract": 0.079010135293280728 }, "geometry": { "type": "Point", "coordinates": [ 545661.999999974155799, 2281490.999943074770272 ] } },
{ "type": "Feature", "properties": { "ID_OBRA": "1411_Zacualtipán de Ángeles", "No.": 1411.0, "Municipio": "Zacualtipán de Ángeles", "Rubro": "Infraestructura Carretera", "Ejercicio": 2024.0, "Obra": "Pavimentación del C.R. Acceso a Tizapan, en el municipio de Zacualtipán de Ángeles", "Localidad": "Tizapan", "Inversión": 14522918.28, "Habitantes.beneficiados": 860.0, "Ejecutora": "DGCCE", "Trabajos": "Considera los trabajos de cortes y terraplenes, material de subrasante y terraplén, base hidráulica, riego de impregnación, concreto hidráulico, drenes, cunetas, obras de drenaje, señalamiento horizontal", "Geometria_tipo": "Punto", "extract": -0.098164917897370169 }, "geometry": { "type": "Point", "coordinates": [ 540875.999999973108061, 2281325.99994305614382 ] } },
{ "type": "Feature", "properties": { "ID_OBRA": "1412_Zacualtipán de Ángeles", "No.": 1412.0, "Municipio": "Zacualtipán de Ángeles", "Rubro": "Infraestructura Carretera", "Ejercicio": 2023.0, "Obra": "Reconstrucción de la carretera ramal a Tlahuelompa, en el municipio de Zacualtipán.", "Localidad": "Tlahuelompa (San Francisco Tlahuelompa)", "Inversión": 25628511.13, "Habitantes.beneficiados": 3025.0, "Ejecutora": "DGCCE", "Trabajos": "Considera trabajos para la reconstrucción y/o conservación de Infraestructura Carretera en la localidad de Tlahuelompa (San Francisco Tlahuelompa) municipio de Zacualtipán de Ángeles", "Geometria_tipo": "Punto", "extract": 0.0022774177477779198 }, "geometry": { "type": "Point", "coordinates": [ 544039.999999974039383, 2282192.999943158589303 ] } },
{ "type": "Feature", "properties": { "ID_OBRA": "1414_Zacualtipán de Ángeles", "No.": 1414.0, "Municipio": "Zacualtipán de Ángeles", "Rubro": "Infraestructura Carretera", "Ejercicio": 2024.0, "Obra": "Pavimentación hidráulica del C.R. Tzincoatlán - E.C. (Santo Domingo - Tlahuelompa), en el municipio de Zacualtipán de Ángeles", "Localidad": "Tzincoatlán", "Inversión": 1460445.0, "Habitantes.beneficiados": 1831.0, "Ejecutora": "DGOPI", "Trabajos": "Considera los trabajos de preliminares y pavimento hidráulico.", "Geometria_tipo": "Punto", "extract": 0.0054361370591469891 }, "geometry": { "type": "Point", "coordinates": [ 543684.999999975436367, 2282153.999943153467029 ] } },
{ "type": "Feature", "properties": { "ID_OBRA": "1424_Zacualtipán de Ángeles", "No.": 1424.0, "Municipio": "Zacualtipán de Ángeles", "Rubro": "Infraestructura Carretera", "Ejercicio": 2024.0, "Obra": "Construye Tu Camino del tramo Barrio de Lagunillas a la Cabecera Municipal, en el municipio de Zacualtipán de Ángeles.", "Localidad": "Zacualtipán", "Inversión": 7800000.0, "Habitantes.beneficiados": null, "Ejecutora": "DGCCE", "Trabajos": "Considera los trabajos de construcción de huellas de concreto hidráulico y empedrado en la localidad, el cual consta de terracerías y pisos de concreto.", "Geometria_tipo": "Punto", "extract": -0.11907747332318187 }, "geometry": { "type": "Point", "coordinates": [ 534701.999999978812411, 2277766.999942639842629 ] } },
{ "type": "Feature", "properties": { "ID_OBRA": "146_Cardonal", "No.": 146.0, "Municipio": "Cardonal", "Rubro": "Infraestructura Carretera", "Ejercicio": 2023.0, "Obra": "Pavimentación asfáltica del circuito Los Reyes, municipio de Cardonal", "Localidad": "Los Reyes", "Inversión": 3332034.78, "Habitantes.beneficiados": null, "Ejecutora": "DGOPI", "Trabajos": "Considera los trabajos de capa subbase, riego de impregnación, suministro y aplicación de riego de liga con emulsión asfáltica", "Geometria_tipo": "Punto", "extract": -0.11978375497091853 }, "geometry": { "type": "Point", "coordinates": [ 487688.30922107299557, 2279260.024576215073466 ] } },
{ "type": "Feature", "properties": { "ID_OBRA": "1468_Zimapán", "No.": 1468.0, "Municipio": "Zimapán", "Rubro": "Infraestructura Carretera", "Ejercicio": 2024.0, "Obra": "Construcción de pavimentación hidráulica del camino a la mina El Carrizal, en la localidad de El Barrón, municipio de Zimapán", "Localidad": "Barrón", "Inversión": 25468441.92, "Habitantes.beneficiados": 142.0, "Ejecutora": "DGCCE", "Trabajos": "Considera los trabajos de preliminares y pavimento hidráulico.", "Geometria_tipo": "Punto", "extract": 0.54110392386586004 }, "geometry": { "type": "Point", "coordinates": [ 457289.000000026542693, 2296349.999944826122373 ] } },
{ "type": "Feature", "properties": { "ID_OBRA": "147_Cardonal", "No.": 147.0, "Municipio": "Cardonal", "Rubro": "Vialidades Urbanas", "Ejercicio": 2023.0, "Obra": "Pavimentación asfáltica del Circuito Los Reyes, municipio de Cardonal (segunda etapa)", "Localidad": "Los Reyes", "Inversión": 4498496.09, "Habitantes.beneficiados": 339.0, "Ejecutora": "DGOPI", "Trabajos": "Considera los trabajos de capa subbase, riego de impregnación, suministro y aplicación de riego de liga con emulsión asfáltica", "Geometria_tipo": "Punto", "extract": -0.36701195697622324 }, "geometry": { "type": "Point", "coordinates": [ 486783.612444221682381, 2272282.585857719182968 ] } },
{ "type": "Feature", "properties": { "ID_OBRA": "150_Cardonal", "No.": 150.0, "Municipio": "Cardonal", "Rubro": "Vialidades Urbanas", "Ejercicio": 2024.0, "Obra": "Construcción de Pavimentación de Concreto Hidráulico en la localidad de San Antonio Sabanillas, municipio de Cardonal", "Localidad": "San Antonio Sabanillas", "Inversión": 1273173.05, "Habitantes.beneficiados": 532.0, "Ejecutora": "DGCCE", "Trabajos": "Considera los trabajos de preliminares, riego de impregnación, piso para pavimento de concreto hidráulico.", "Geometria_tipo": "Punto", "extract": -0.34442595378608637 }, "geometry": { "type": "Point", "coordinates": [ 486124.385017332970165, 2275721.922629518434405 ] } },
{ "type": "Feature", "properties": { "ID_OBRA": "16_Acaxochitlán", "No.": 16.0, "Municipio": "Acaxochitlán", "Rubro": "Vialidades Urbanas", "Ejercicio": 2023.0, "Obra": "Pavimentación de Concreto Hidráulico en la Calle Principal del Centro, en la Localidad Santa Ana Tzacuala, en el Municipio de Acaxochitlan.", "Localidad": "Santa Ana Tzacuala", "Inversión": 3138550.2, "Habitantes.beneficiados": 4050.0, "Ejecutora": "DGCCE", "Trabajos": "Considera los trabajos de preliminares, riego de impregnación, piso para pavimento de concreto hidráulico.", "Geometria_tipo": "Punto", "extract": 0.73581896705216765 }, "geometry": { "type": "Point", "coordinates": [ 582888.578806735575199, 2233196.689510385971516 ] } },
{ "type": "Feature", "properties": { "ID_OBRA": "161_Chapantongo", "No.": 161.0, "Municipio": "Chapantongo", "Rubro": "Vialidades Urbanas", "Ejercicio": 2023.0, "Obra": "Construcción de concreto hidráulico en acceso a cabecera municipal de Chapantongo", "Localidad": "Chapantongo", "Inversión": 2631574.33, "Habitantes.beneficiados": 2006.0, "Ejecutora": "DGIVC", "Trabajos": "Considera los trabajos de preliminares, riego de impregnación, piso para pavimento de concreto hidráulico.", "Geometria_tipo": "Punto", "extract": -0.21665750703143591 }, "geometry": { "type": "Point", "coordinates": [ 456916.411255507497117, 2243163.395528624765575 ] } },
{ "type": "Feature", "properties": { "ID_OBRA": "165_Chapantongo", "No.": 165.0, "Municipio": "Chapantongo", "Rubro": "Vialidades Urbanas", "Ejercicio": 2023.0, "Obra": "Construcción de pavimentación asfáltica en Chapantongo localidad Puerto Vallarta calle principal.", "Localidad": "Puerto Vallarta", "Inversión": 2937104.4, "Habitantes.beneficiados": 302.0, "Ejecutora": "DGIVC", "Trabajos": "Considera los trabajos de capa subbase, riego de impregnación, suministro y aplicación de riego de liga con emulsión asfáltica", "Geometria_tipo": "Punto", "extract": -0.288583135259879 }, "geometry": { "type": "Point", "coordinates": [ 457948.278720734117087, 2244086.639072525780648 ] } },
{ "type": "Feature", "properties": { "ID_OBRA": "168_Chapulhuacán", "No.": 168.0, "Municipio": "Chapulhuacán", "Rubro": "Infraestructura Carretera", "Ejercicio": 2023.0, "Obra": "Construcción de pavimento hidráulico en la comunidad de Cahuazas, Chapulhuacán.", "Localidad": "Cahuazas (Hacienda de Cahuazas)", "Inversión": 6548100.12, "Habitantes.beneficiados": 793.0, "Ejecutora": "DGCCE", "Trabajos": "Considera los trabajos de preliminares, piso para pavimento de concreto hidráulico.", "Geometria_tipo": "Punto", "extract": 0.98015726578457962 }, "geometry": { "type": "Point", "coordinates": [ 515101.171939060324803, 2337755.328774741385132 ] } },
{ "type": "Feature", "properties": { "ID_OBRA": "174_Chapulhuacán", "No.": 174.0, "Municipio": "Chapulhuacán", "Rubro": "Infraestructura Carretera", "Ejercicio": 2024.0, "Obra": "Construye tu Camino del tramo Palo Verde a entronque San Rafael, en el municipio de Chapuluacan.", "Localidad": "Palo Verde", "Inversión": 7500000.0, "Habitantes.beneficiados": 322.0, "Ejecutora": "DGCCE", "Trabajos": "Considera los trabajos de construcción de huellas de concreto hidráulico y empedrado en la localidad, el cual consta de terracerías y pisos de concreto.", "Geometria_tipo": "Punto", "extract": 0.63977354272160181 }, "geometry": { "type": "Point", "coordinates": [ 505809.26057193352608, 2331431.75039548240602 ] } },
{ "type": "Feature", "properties": { "ID_OBRA": "177_Chilcuautla", "No.": 177.0, "Municipio": "Chilcuautla", "Rubro": "Vialidades Urbanas", "Ejercicio": 2023.0, "Obra": "Construcción de Pavimentación Asfáltica en la localidad de Benito Juárez, municipio de Chilcuautla.", "Localidad": "Benito Juárez (La Rinconada) (Colonia)", "Inversión": 3385163.74, "Habitantes.beneficiados": 513.0, "Ejecutora": "DGIVC", "Trabajos": "Considera los trabajos de capa subbase, riego de impregnación, suministro y aplicación de riego de liga con emulsión asfáltica", "Geometria_tipo": "Punto", "extract": 0.12370477405400782 }, "geometry": { "type": "Point", "coordinates": [ 480760.499535663286224, 2251670.958109905943274 ] } },
{ "type": "Feature", "properties": { "ID_OBRA": "178_Chilcuautla", "No.": 178.0, "Municipio": "Chilcuautla", "Rubro": "Vialidades Urbanas", "Ejercicio": 2023.0, "Obra": "Construcción de pavimentación asfáltica de varias calles de la cabecera municipal, municipio de Chilcuautla", "Localidad": "Chilcuautla", "Inversión": 3946275.51, "Habitantes.beneficiados": 1262.0, "Ejecutora": "DGIVC", "Trabajos": "Considera los trabajos de capa subbase, riego de impregnación, suministro y aplicación de riego de liga con emulsión asfáltica", "Geometria_tipo": "Punto", "extract": 0.36488343426539266 }, "geometry": { "type": "Point", "coordinates": [ 475928.60639995301608, 2247899.377753400243819 ] } },
{ "type": "Feature", "properties": { "ID_OBRA": "180_Chilcuautla", "No.": 180.0, "Municipio": "Chilcuautla", "Rubro": "Vialidades Urbanas", "Ejercicio": 2025.0, "Obra": "Construcción de pavimentación asfáltica en la localidad de Tunititlán, municipio de Chilcuautla", "Localidad": "Chilcuautla", "Inversión": 12755031.69, "Habitantes.beneficiados": null, "Ejecutora": "SIPDUS", "Trabajos": null, "Geometria_tipo": "Punto", "extract": 0.44316214930445957 }, "geometry": { "type": "Point", "coordinates": [ 474420.529982005653437, 2239240.068457430694252 ] } },
{ "type": "Feature", "properties": { "ID_OBRA": "182_Chilcuautla", "No.": 182.0, "Municipio": "Chilcuautla", "Rubro": "Infraestructura Carretera", "Ejercicio": 2023.0, "Obra": "Construcción de pavimentación asfáltica en camino rural al pozo de agua potable en la comunidad de El Bethí; en el municipio del Chilcuautla", "Localidad": "El Bethí", "Inversión": 3204180.06, "Habitantes.beneficiados": 887.0, "Ejecutora": "DGIVC", "Trabajos": "Considera los trabajos de capa subbase, riego de impregnación, suministro y aplicación de riego de liga con emulsión asfáltica", "Geometria_tipo": "Punto", "extract": 0.031367871218491314 }, "geometry": { "type": "Point", "coordinates": [ 476645.415988675842527, 2255319.710954091977328 ] } },
{ "type": "Feature", "properties": { "ID_OBRA": "196_Chilcuautla", "No.": 196.0, "Municipio": "Chilcuautla", "Rubro": "Infraestructura Carretera", "Ejercicio": 2023.0, "Obra": "Construcción de Pavimentación Asfáltica en Camino Rural a Buena Vista en la localidad de Santa Ana  Batha.", "Localidad": "Santa Ana Batha", "Inversión": 3499300.0, "Habitantes.beneficiados": 279.0, "Ejecutora": "DGIVC", "Trabajos": "Considera los trabajos de capa subbase, riego de impregnación, suministro y aplicación de riego de liga con emulsión asfáltica", "Geometria_tipo": "Punto", "extract": 0.1498795700663195 }, "geometry": { "type": "Point", "coordinates": [ 480462.85104144923389, 2252548.926668462809175 ] } },
{ "type": "Feature", "properties": { "ID_OBRA": "197_Chilcuautla", "No.": 197.0, "Municipio": "Chilcuautla", "Rubro": "Infraestructura Carretera", "Ejercicio": 2022.0, "Obra": "Re-encarpetamiento Cocineras - Mejay E.C. Progreso - El Tephé", "Localidad": "Santa Ana Batha", "Inversión": 996904.79, "Habitantes.beneficiados": null, "Ejecutora": "DGIVC", "Trabajos": "Considera trabajos para la reconstrucción y/o conservación de Infraestructura Carretera en la localidad de Santa Ana Batha municipio de Chilcuautla", "Geometria_tipo": "Punto", "extract": 0.094454521401147143 }, "geometry": { "type": "Point", "coordinates": [ 479065.779701155726798, 2253524.26523694768548 ] } },
{ "type": "Feature", "properties": { "ID_OBRA": "199_Chilcuautla", "No.": 199.0, "Municipio": "Chilcuautla", "Rubro": "Infraestructura Carretera", "Ejercicio": 2025.0, "Obra": "Pavimentación asfáltica en camino rural 2 de noviembre y Francisco Villa en la comunidad de Texcatepec, municipio de Chilcuautla", "Localidad": "Texcatepec", "Inversión": 9332971.74, "Habitantes.beneficiados": null, "Ejecutora": "SIPDUS", "Trabajos": null, "Geometria_tipo": "Punto", "extract": 0.33519153047480299 }, "geometry": { "type": "Point", "coordinates": [ 475653.209446731838398, 2247782.096795213408768 ] } },
{ "type": "Feature", "properties": { "ID_OBRA": "2_Acatlán", "No.": 2.0, "Municipio": "Acatlán", "Rubro": "Vialidades Urbanas", "Ejercicio": 2023.0, "Obra": "Construcción de pavimento hidráulico en San Bartolo (El Llano): en el municipio de Acatlán", "Localidad": "Acatlán", "Inversión": 1651326.68, "Habitantes.beneficiados": null, "Ejecutora": "DGOPI", "Trabajos": "Considera los trabajos de preliminares, piso para pavimento de concreto hidráulico.", "Geometria_tipo": "Punto", "extract": -0.30703405934397321 }, "geometry": { "type": "Point", "coordinates": [ 556606.972878932137974, 2239293.051443474832922 ] } },
{ "type": "Feature", "properties": { "ID_OBRA": "203_Chilcuautla", "No.": 203.0, "Municipio": "Chilcuautla", "Rubro": "Vialidades Urbanas", "Ejercicio": 2024.0, "Obra": "Construcción de pavimentación asfáltica en Circuito Sur, en la localidad de Xothí, en el municipio de Chilcuautla.", "Localidad": "Xothi", "Inversión": 4116750.11, "Habitantes.beneficiados": 848.0, "Ejecutora": "DGIVC", "Trabajos": "Considera los trabajos de capa subbase, riego de impregnación, suministro y aplicación de riego de liga con emulsión asfáltica", "Geometria_tipo": "Punto", "extract": 0.099487286581824347 }, "geometry": { "type": "Point", "coordinates": [ 482042.166172808560077, 2256118.534436585381627 ] } },
{ "type": "Feature", "properties": { "ID_OBRA": "235_El Arenal", "No.": 235.0, "Municipio": "El Arenal", "Rubro": "Vialidades Urbanas", "Ejercicio": 2023.0, "Obra": "Construcción de pavimentación asfáltica en el Arenal, localidad Centro Cabecera, Barrio La Capilla, calle Sin Nombre.", "Localidad": "El Arenal", "Inversión": 846200.22, "Habitantes.beneficiados": 3578.0, "Ejecutora": "DGIVC", "Trabajos": "Considera los trabajos de capa subbase, riego de impregnación, suministro y aplicación de riego de liga con emulsión asfáltica", "Geometria_tipo": "Punto", "extract": 0.31344678332307235 }, "geometry": { "type": "Point", "coordinates": [ 509871.427527514693793, 2236614.638886280823499 ] } },
{ "type": "Feature", "properties": { "ID_OBRA": "238_El Arenal", "No.": 238.0, "Municipio": "El Arenal", "Rubro": "Vialidades Urbanas", "Ejercicio": 2023.0, "Obra": "Construcción de pavimentación asfáltica a el panteón, El Meje, municipio de El Arenal", "Localidad": "El Meje", "Inversión": 523519.6, "Habitantes.beneficiados": 1024.0, "Ejecutora": "DGIVC", "Trabajos": "Considera los trabajos de capa subbase, riego de impregnación, suministro y aplicación de riego de liga con emulsión asfáltica", "Geometria_tipo": "Punto", "extract": 0.30387584390531314 }, "geometry": { "type": "Point", "coordinates": [ 508484.34356917621335, 2240297.291746442206204 ] } },
{ "type": "Feature", "properties": { "ID_OBRA": "244_El Arenal", "No.": 244.0, "Municipio": "El Arenal", "Rubro": "Vialidades Urbanas", "Ejercicio": 2023.0, "Obra": "Construcción de pavimentación hidráulica en Ojo de Agua Santa Rosa, Manzana 1, municipio de El Arenal.", "Localidad": "Ojo de Agua Santa Rosa", "Inversión": 1045191.02, "Habitantes.beneficiados": 730.0, "Ejecutora": "DGIVC", "Trabajos": "Considera los trabajos de preliminares, riego de impregnación, piso para pavimento de concreto Hidráulico, en la localidad de Ojo de Agua Santa Rosa municipio de  El Arenal", "Geometria_tipo": "Punto", "extract": 0.11022837654116943 }, "geometry": { "type": "Point", "coordinates": [ 516805.236633417604025, 2230037.59927667863667 ] } },
{ "type": "Feature", "properties": { "ID_OBRA": "254_Eloxochitlán", "No.": 254.0, "Municipio": "Eloxochitlán", "Rubro": "Infraestructura Carretera", "Ejercicio": 2024.0, "Obra": "Construye Tu Camino del tramo al Barrio El Calvario, en el municipio de Eloxochitlan", "Localidad": "Eloxochitlán", "Inversión": 12500000.0, "Habitantes.beneficiados": null, "Ejecutora": "DGCCE", "Trabajos": "Considera los trabajos de construcción de huellas de concreto hidráulico y empedrado en la localidad, el cual consta de terracerías y pisos de concreto.", "Geometria_tipo": "Punto", "extract": 0.57271358841050479 }, "geometry": { "type": "Point", "coordinates": [ 519538.866565485601313, 2294791.431250014808029 ] } },
{ "type": "Feature", "properties": { "ID_OBRA": "255_Eloxochitlán", "No.": 255.0, "Municipio": "Eloxochitlán", "Rubro": "Infraestructura Carretera", "Ejercicio": 2024.0, "Obra": "Construye Tu Camino del tramo Primer puente rumbo al Barrio Pueblo Nuevo, en la localidad de Hualula, en el municipio de Eloxochitlán", "Localidad": "Hualula (San Juan Hualula)", "Inversión": 1786516.55, "Habitantes.beneficiados": 975.0, "Ejecutora": "DGCCE", "Trabajos": "Considera los trabajos de construcción de huellas de concreto hidráulico y empedrado en la localidad, el cual consta de terracerías y pisos de concreto.", "Geometria_tipo": "Punto", "extract": 0.37253750669348895 }, "geometry": { "type": "Point", "coordinates": [ 516907.972169658693019, 2289826.306286766193807 ] } },
{ "type": "Feature", "properties": { "ID_OBRA": "256_Eloxochitlán", "No.": 256.0, "Municipio": "Eloxochitlán", "Rubro": "Infraestructura Carretera", "Ejercicio": 2024.0, "Obra": "Construye Tu Camino del tramo Otatla-Gilo, en el municipio de Eloxochitlán", "Localidad": "Otatla", "Inversión": 9200000.0, "Habitantes.beneficiados": 224.0, "Ejecutora": "DGCCE", "Trabajos": "Considera los trabajos de construcción de huellas de concreto hidráulico y empedrado en la localidad, el cual consta de terracerías y pisos de concreto.", "Geometria_tipo": "Punto", "extract": 0.33603402879236888 }, "geometry": { "type": "Point", "coordinates": [ 507624.238826537330169, 2292019.588955450803041 ] } },
{ "type": "Feature", "properties": { "ID_OBRA": "257_Eloxochitlán", "No.": 257.0, "Municipio": "Eloxochitlán", "Rubro": "Vialidades Urbanas", "Ejercicio": 2023.0, "Obra": "Construcción de pavimentación hidráulica en Barrio Centro, localidad de Gilo", "Localidad": "San Pedro Gilo (Gilo)", "Inversión": 1150676.0, "Habitantes.beneficiados": 194.0, "Ejecutora": "DGCCE", "Trabajos": "Considera los trabajos de preliminares, riego de impregnación, piso para pavimento de concreto Hidráulico, en la localidad de San Pedro Gilo (Gilo) municipio de  Eloxochitlán", "Geometria_tipo": "Punto", "extract": 0.14931542102179801 }, "geometry": { "type": "Point", "coordinates": [ 510107.848384759970941, 2294372.4930733111687 ] } },
{ "type": "Feature", "properties": { "ID_OBRA": "260_Emiliano Zapata", "No.": 260.0, "Municipio": "Emiliano Zapata", "Rubro": "Infraestructura Carretera", "Ejercicio": 2023.0, "Obra": "Reconstrucción de la C.E. Apan - Emiliano Zapata; en el municipio de Emiliano Zapata", "Localidad": "Emiliano Zapata", "Inversión": 60820004.2, "Habitantes.beneficiados": null, "Ejecutora": "DGIVC", "Trabajos": "Considera trabajos para la reconstrucción y/o conservación de Infraestructura Carretera en la localidad de Emiliano Zapata municipio de Emiliano Zapata", "Geometria_tipo": "Punto", "extract": 0.10566883452888007 }, "geometry": { "type": "Point", "coordinates": [ 548763.151813549455255, 2171611.101661493536085 ] } },
{ "type": "Feature", "properties": { "ID_OBRA": "263_Emiliano Zapata", "No.": 263.0, "Municipio": "Emiliano Zapata", "Rubro": "Infraestructura Carretera", "Ejercicio": 2025.0, "Obra": "Reconstrucción del acceso principal a la cabecera (Cuerpo derecho) entronque con carretera Apan - Calpulalpan, en el municipio de Emiliano Zapata", "Localidad": "Emiliano Zapata", "Inversión": 20680896.27, "Habitantes.beneficiados": null, "Ejecutora": "SIPDUS", "Trabajos": null, "Geometria_tipo": "Punto", "extract": 0.29643922836074577 }, "geometry": { "type": "Point", "coordinates": [ 548003.379382047336549, 2172517.523605075199157 ] } },
{ "type": "Feature", "properties": { "ID_OBRA": "27_Actopan", "No.": 27.0, "Municipio": "Actopan", "Rubro": "Vialidades Urbanas", "Ejercicio": 2023.0, "Obra": "Rehabilitación del pavimento asfáltico de calle, en la localidad de Pozo Grande en el municipio de Actopan", "Localidad": "Actopan", "Inversión": 2911884.2, "Habitantes.beneficiados": null, "Ejecutora": "DGOPI", "Trabajos": "Se realizan los siguientes trabajos: trazo y nivelación de plazas, suministro y aplicación de carpeta asfáltica compactado.", "Geometria_tipo": "Punto", "extract": 0.37557100840387903 }, "geometry": { "type": "Point", "coordinates": [ 503984.886927162937354, 2241334.019599005114287 ] } },
{ "type": "Feature", "properties": { "ID_OBRA": "283_Francisco I. Madero", "No.": 283.0, "Municipio": "Francisco I. Madero", "Rubro": "Vialidades Urbanas", "Ejercicio": 2023.0, "Obra": "Construcción de pavimentación asfáltica en calle Almada, barrio El Barroso en la localidad de colonia El Rosario.", "Localidad": "El Rosario (Colonia)", "Inversión": 1770356.56, "Habitantes.beneficiados": 1100.0, "Ejecutora": "DGIVC", "Trabajos": "Considera los trabajos de capa subbase, riego de impregnación, suministro y aplicación de riego de liga con emulsión asfáltica", "Geometria_tipo": "Punto", "extract": 0.09130613992284084 }, "geometry": { "type": "Point", "coordinates": [ 495812.815374915255234, 2239664.938800985459238 ] } },
{ "type": "Feature", "properties": { "ID_OBRA": "291_Francisco I. Madero", "No.": 291.0, "Municipio": "Francisco I. Madero", "Rubro": "Infraestructura Carretera", "Ejercicio": 2023.0, "Obra": "Rehabilitación de acceso principal Tepatepec - San Juan Tepa; municipio de Francisco I. Madero", "Localidad": "San Juan Tepa", "Inversión": 18536227.01, "Habitantes.beneficiados": 11149.0, "Ejecutora": "DGIVC", "Trabajos": "Considera trabajos para la reconstrucción y/o conservación de Infraestructura Carretera en la localidad de San Juan Tepa municipio de Francisco I. Madero", "Geometria_tipo": "Punto", "extract": 0.31267175009322223 }, "geometry": { "type": "Point", "coordinates": [ 492215.259449793433305, 2235729.51067086448893 ] } },
{ "type": "Feature", "properties": { "ID_OBRA": "298_Huasca de Ocampo", "No.": 298.0, "Municipio": "Huasca de Ocampo", "Rubro": "Infraestructura Carretera", "Ejercicio": 2024.0, "Obra": "Reconstrucción de la C.E. Huasca de Ocampo - Tulancingo", "Localidad": "Huasca de Ocampo", "Inversión": 29013982.09, "Habitantes.beneficiados": null, "Ejecutora": "DGCCE", "Trabajos": "Considera trabajos para la reconstrucción y/o conservación de Infraestructura Carretera en la localidad de Huasca de Ocampo municipio de Huasca de Ocampo", "Geometria_tipo": "Punto", "extract": -0.13882859024784089 }, "geometry": { "type": "Point", "coordinates": [ 550548.999999969732016, 2234472.999937609303743 ] } },
{ "type": "Feature", "properties": { "ID_OBRA": "299_Huasca de Ocampo", "No.": 299.0, "Municipio": "Huasca de Ocampo", "Rubro": "Vialidades Urbanas", "Ejercicio": 2024.0, "Obra": "Reconstrucción de empedrados de calles principales del centro de Huasca y construcción de pasos peatonales", "Localidad": "Huasca de Ocampo", "Inversión": 1046160.69, "Habitantes.beneficiados": 417.0, "Ejecutora": "DGCCE", "Trabajos": "Considera los trabajos de preliminares, piso para pavimento de concreto hidráulico.", "Geometria_tipo": "Punto", "extract": 0.45706185221786 }, "geometry": { "type": "Point", "coordinates": [ 544290.754552011727355, 2234008.187649908941239 ] } },
{ "type": "Feature", "properties": { "ID_OBRA": "302_Huasca de Ocampo", "No.": 302.0, "Municipio": "Huasca de Ocampo", "Rubro": "Infraestructura Carretera", "Ejercicio": 2024.0, "Obra": "Terminación de construcción del libramiento El Peral - Hacienda Hueyapan y ampliación de puente vehicular Puente Blanco a dos carriles, en el municipio de Huasca de Ocampo", "Localidad": "San Juan Hueyapan", "Inversión": 2339733.17, "Habitantes.beneficiados": 205.0, "Ejecutora": "DGOPI", "Trabajos": "Considera los trabajos de preliminares y pavimento hidráulico.", "Geometria_tipo": "Punto", "extract": -0.15224504516224091 }, "geometry": { "type": "Point", "coordinates": [ 547847.999999969499186, 2238050.999938020016998 ] } },
{ "type": "Feature", "properties": { "ID_OBRA": "304_Huasca de Ocampo", "No.": 304.0, "Municipio": "Huasca de Ocampo", "Rubro": "Vialidades Urbanas", "Ejercicio": 2023.0, "Obra": "Construcción de pavimento hidráulico carretera Los Conos - Barrio San Juan en la localidad de Tlaxocoyucan, municipio de Huasca de Ocampo", "Localidad": "Tlaxocoyucan", "Inversión": 2906043.0, "Habitantes.beneficiados": 940.0, "Ejecutora": "DGCCE", "Trabajos": "Considera los trabajos de preliminares, piso para pavimento de concreto hidráulico.", "Geometria_tipo": "Punto", "extract": -0.039975690407080176 }, "geometry": { "type": "Point", "coordinates": [ 551318.183486191206612, 2236272.08226657891646 ] } },
{ "type": "Feature", "properties": { "ID_OBRA": "307_Huautla", "No.": 307.0, "Municipio": "Huautla", "Rubro": "Infraestructura Carretera", "Ejercicio": 2024.0, "Obra": "Reconstrucción de la C.E. (E.C.F. Álamo - Huejutla) - Acatepec, municipio de Huautla", "Localidad": "Acatepec", "Inversión": 9872640.9, "Habitantes.beneficiados": 1078.0, "Ejecutora": "DGCCE", "Trabajos": "Considera trabajos para la reconstrucción y/o conservación de Infraestructura Carretera en la localidad de Acatepec municipio de Huautla", "Geometria_tipo": "Punto", "extract": -0.11005008423982789 }, "geometry": { "type": "Point", "coordinates": [ 575295.999999957741238, 2315692.999947115313262 ] } },
{ "type": "Feature", "properties": { "ID_OBRA": "310_Huautla", "No.": 310.0, "Municipio": "Huautla", "Rubro": "Infraestructura Carretera", "Ejercicio": 2023.0, "Obra": "Modernización del C.R. El Ixtle - Los Cerezos; en el municipio de Huahutla.", "Localidad": "El Ixtle", "Inversión": 9678128.38, "Habitantes.beneficiados": null, "Ejecutora": "DGCCE", "Trabajos": "Considera los trabajos de modernización del camino en la localidad de El Ixtle municipio de Huautla", "Geometria_tipo": "Punto", "extract": -0.031587511830202399 }, "geometry": { "type": "Point", "coordinates": [ 587217.999999965075403, 2328054.999948585871607 ] } },
{ "type": "Feature", "properties": { "ID_OBRA": "311_Huautla", "No.": 311.0, "Municipio": "Huautla", "Rubro": "Vialidades Urbanas", "Ejercicio": 2023.0, "Obra": "Rehabilitación de puente en la comunidad de El Ixtle Huautla.", "Localidad": "El Ixtle", "Inversión": 716219.82, "Habitantes.beneficiados": 411.0, "Ejecutora": "DGCCE", "Trabajos": "Considera trabajos en la rehabilitación y/o mejoramiento de las vialidades urbanas en la localidad de El Ixtle muncipio de Huautla", "Geometria_tipo": "Punto", "extract": -0.014904034178064532 }, "geometry": { "type": "Point", "coordinates": [ 587323.061102699255571, 2327881.246821017470211 ] } },
{ "type": "Feature", "properties": { "ID_OBRA": "312_Huautla", "No.": 312.0, "Municipio": "Huautla", "Rubro": "Infraestructura Carretera", "Ejercicio": 2024.0, "Obra": "Modernización de C.R. El Ixtle - El Aguacate, en el municipio de Huautla", "Localidad": "El Ixtle", "Inversión": 10010323.51, "Habitantes.beneficiados": 411.0, "Ejecutora": "SIP", "Trabajos": "Considera los trabajos de Pavimento de Concreto&#10;Hidráulico, Cunetas.", "Geometria_tipo": "Punto", "extract": -0.017813681921468288 }, "geometry": { "type": "Point", "coordinates": [ 586691.999999965308234, 2327113.999948473647237 ] } },
{ "type": "Feature", "properties": { "ID_OBRA": "316_Huautla", "No.": 316.0, "Municipio": "Huautla", "Rubro": "Infraestructura Carretera", "Ejercicio": 2023.0, "Obra": "Rehabilitación del tramo: Pepeyoca de Cabrera-Ahuatitla, del km 0+000 al km 3+500", "Localidad": "Pepeyoca de Cabrera", "Inversión": 2420505.49, "Habitantes.beneficiados": 140.0, "Ejecutora": "DGCCE", "Trabajos": "Se consideran trabajos de revestimiento, cunetas y limpieza de cunetas.", "Geometria_tipo": "Punto", "extract": 0.0 }, "geometry": { "type": "Point", "coordinates": [ 581326.99999996193219, 2319308.99994754511863 ] } },
{ "type": "Feature", "properties": { "ID_OBRA": "319_Huautla", "No.": 319.0, "Municipio": "Huautla", "Rubro": "Infraestructura Carretera", "Ejercicio": 2023.0, "Obra": "Rehabilitación del tramo Tecoluco Calpan-Metlatepec, del km 0+000 al km 1+500; en el municipio de Huautla", "Localidad": "Tecoluco Calpan", "Inversión": 1087908.62, "Habitantes.beneficiados": 414.0, "Ejecutora": "DGCCE", "Trabajos": "Se consideran trabajos de revestimiento, cunetas y limpieza de cunetas.", "Geometria_tipo": "Punto", "extract": 0.26140758006721165 }, "geometry": { "type": "Point", "coordinates": [ 578448.999999959487468, 2335551.999949480872601 ] } },
{ "type": "Feature", "properties": { "ID_OBRA": "32_Actopan", "No.": 32.0, "Municipio": "Actopan", "Rubro": "Infraestructura Carretera", "Ejercicio": 2025.0, "Obra": "Pago de afectaciones a predio rustico, tipo de predio (baldío), uso de suelo catastral (clase no edificado), ámbito del predio (rural), propietario Gregoria Hernández Bautista, para la Construcción del Eje Transversal Actopan - Atotonilco", "Localidad": "Actopan", "Inversión": 852279.0, "Habitantes.beneficiados": 1.0, "Ejecutora": "SIP", "Trabajos": "Pago de afectaciones para la Construcción del Eje Transversal Actopan - Atotonilco", "Geometria_tipo": "Punto", "extract": 0.33636914225484771 }, "geometry": { "type": "Point", "coordinates": [ 508195.614694225485437, 2241472.281885440926999 ] } },
{ "type": "Feature", "properties": { "ID_OBRA": "32_Actopan", "No.": 32.0, "Municipio": "Actopan", "Rubro": "Infraestructura Carretera", "Ejercicio": 2025.0, "Obra": "Pago de afectaciones a predio rustico, tipo de predio (baldío), uso de suelo catastral (clase no edificado), ámbito del predio (rural), propietario Gregoria Hernández Bautista, para la Construcción del Eje Transversal Actopan - Atotonilco", "Localidad": "Actopan", "Inversión": 852279.0, "Habitantes.beneficiados": 1.0, "Ejecutora": "SIP", "Trabajos": "Pago de afectaciones para la Construcción del Eje Transversal Actopan - Atotonilco", "Geometria_tipo": "Punto", "extract": 0.32214547578838459 }, "geometry": { "type": "Point", "coordinates": [ 532429.031183342100121, 2243637.698893524240702 ] } },
{ "type": "Feature", "properties": { "ID_OBRA": "320_Huautla", "No.": 320.0, "Municipio": "Huautla", "Rubro": "Infraestructura Carretera", "Ejercicio": 2023.0, "Obra": "Rehabilitación del Tramo: E.C. Huautla - Chalingo - Tzacuala - Tohuaco I, del km 0+000 al km 5+500 en el municipio de Huautla", "Localidad": "Tohuaco I", "Inversión": 3872813.43, "Habitantes.beneficiados": 181.0, "Ejecutora": "DGCCE", "Trabajos": "Se consideran trabajos de revestimiento, cunetas y limpieza de cunetas.", "Geometria_tipo": "Punto", "extract": 0.21361376463345311 }, "geometry": { "type": "Point", "coordinates": [ 576210.999999959138222, 2332658.999949135817587 ] } },
{ "type": "Feature", "properties": { "ID_OBRA": "325_Huazalingo", "No.": 325.0, "Municipio": "Huazalingo", "Rubro": "Infraestructura Carretera", "Ejercicio": 2022.0, "Obra": "Construcción de Pavimentación hidráulica en la localidad de Chiatipan, municipio de Huazalingo", "Localidad": "Chiatipan", "Inversión": 6475113.67, "Habitantes.beneficiados": 1766.0, "Ejecutora": "DGIVC", "Trabajos": "Considera los trabajos de preliminares y pavimento hidráulico.", "Geometria_tipo": "Punto", "extract": 0.49661697779880998 }, "geometry": { "type": "Point", "coordinates": [ 549129.99999996938277, 2324527.999948166776448 ] } },
{ "type": "Feature", "properties": { "ID_OBRA": "326_Huazalingo", "No.": 326.0, "Municipio": "Huazalingo", "Rubro": "Infraestructura Carretera", "Ejercicio": 2024.0, "Obra": "Rendimientos Financieros para la Construcción de pavimentación de concreto hidráulico Camino Real a Tehuetlán, municipio de Huazalingo.", "Localidad": "Congreso", "Inversión": 10465728.9, "Habitantes.beneficiados": 240.0, "Ejecutora": "DGCCE", "Trabajos": "Considera los trabajos de preliminares, riego de impregnación, piso para pavimento de concreto hidráulico.", "Geometria_tipo": "Punto", "extract": 0.25808216349314356 }, "geometry": { "type": "Point", "coordinates": [ 550847.99999996914994, 2325771.999948314856738 ] } },
{ "type": "Feature", "properties": { "ID_OBRA": "328_Huazalingo", "No.": 328.0, "Municipio": "Huazalingo", "Rubro": "Infraestructura Carretera", "Ejercicio": 2023.0, "Obra": "Construcción de puente vehicular Cuamontax; municipio de Huazalingo.", "Localidad": "Cuamontax", "Inversión": 23832062.25, "Habitantes.beneficiados": 609.0, "Ejecutora": "DGCCE", "Trabajos": "Contemplando los siguientes trabajos excavaciones y estabilización de fondo, base hidráulica, pavimento hidráulico, construcción de puente, cunetas y banquetas y señalamiento horizontal.", "Geometria_tipo": "Punto", "extract": 0.012189807596165517 }, "geometry": { "type": "Point", "coordinates": [ 559557.745622874703258, 2325004.372559439856559 ] } },
{ "type": "Feature", "properties": { "ID_OBRA": "33_Actopan", "No.": 33.0, "Municipio": "Actopan", "Rubro": "Infraestructura Carretera", "Ejercicio": 2025.0, "Obra": "Pago de afectaciones a predio rustico, tipo de predio (baldío), uso de suelo catastral (clase no identificado), ámbito del predio (rural), propietario Tirzo Acosta Hernández, para la Construcción del Eje Transversal Actopan - Atotonilco.", "Localidad": "Actopan", "Inversión": 548881.5, "Habitantes.beneficiados": 1.0, "Ejecutora": "SIP", "Trabajos": "Pago de afectaciones para la Construcción del Eje Transversal Actopan - Atotonilco", "Geometria_tipo": "Punto", "extract": 0.35744790142162763 }, "geometry": { "type": "Point", "coordinates": [ 507825.390157600224484, 2241503.533774497918785 ] } },
{ "type": "Feature", "properties": { "ID_OBRA": "33_Actopan", "No.": 33.0, "Municipio": "Actopan", "Rubro": "Infraestructura Carretera", "Ejercicio": 2025.0, "Obra": "Pago de afectaciones a predio rustico, tipo de predio (baldío), uso de suelo catastral (clase no identificado), ámbito del predio (rural), propietario Tirzo Acosta Hernández, para la Construcción del Eje Transversal Actopan - Atotonilco.", "Localidad": "Actopan", "Inversión": 548881.5, "Habitantes.beneficiados": 1.0, "Ejecutora": "SIP", "Trabajos": "Pago de afectaciones para la Construcción del Eje Transversal Actopan - Atotonilco", "Geometria_tipo": "Punto", "extract": 0.32141466559016524 }, "geometry": { "type": "Point", "coordinates": [ 532202.21210878517013, 2243674.801827212329954 ] } },
{ "type": "Feature", "properties": { "ID_OBRA": "330_Huazalingo", "No.": 330.0, "Municipio": "Huazalingo", "Rubro": "Infraestructura Carretera", "Ejercicio": 2024.0, "Obra": "Construcción de muro de contención en la localidad de San Pedro, en el municipio de Huazalingo.", "Localidad": "Huazalingo", "Inversión": 10091167.78, "Habitantes.beneficiados": 770.0, "Ejecutora": "DGCCE", "Trabajos": "Considera en los trabajos la construcción de muros de contención en la Localidad de Huazalingo.", "Geometria_tipo": "Punto", "extract": -0.01519831727868616 }, "geometry": { "type": "Point", "coordinates": [ 549425.906715348479338, 2317023.965427247341722 ] } },
{ "type": "Feature", "properties": { "ID_OBRA": "333_Huazalingo", "No.": 333.0, "Municipio": "Huazalingo", "Rubro": "Infraestructura Carretera", "Ejercicio": 2024.0, "Obra": "Rehabilitación de la C.E. Ramal a Tlamamala, municipio de Huazalingo", "Localidad": "Tlamamala", "Inversión": 5794367.97, "Habitantes.beneficiados": 722.0, "Ejecutora": "DGOPI", "Trabajos": "Considera trabajos para la reconstrucción y/o conservación de Infraestructura Carretera en la localidad de Tlamamala municipio de Huazalingo", "Geometria_tipo": "Punto", "extract": 0.30977193553703303 }, "geometry": { "type": "Point", "coordinates": [ 547800.99999996938277, 2318891.999947495292872 ] } },
{ "type": "Feature", "properties": { "ID_OBRA": "334_Huazalingo", "No.": 334.0, "Municipio": "Huazalingo", "Rubro": "Vialidades Urbanas", "Ejercicio": 2023.0, "Obra": "Construcción de pavimentación hidráulica acceso a la localidad de Tlatzonco", "Localidad": "Tlatzonco", "Inversión": 2905277.97, "Habitantes.beneficiados": 329.0, "Ejecutora": "DGCCE", "Trabajos": "Considera los trabajos de preliminares, riego de impregnación, piso para pavimento de concreto Hidráulico, en la localidad de Tlatzonco municipio de  Huazalingo", "Geometria_tipo": "Punto", "extract": 0.46725028539581281 }, "geometry": { "type": "Point", "coordinates": [ 554910.093158619245514, 2318276.718178663402796 ] } },
{ "type": "Feature", "properties": { "ID_OBRA": "34_Actopan", "No.": 34.0, "Municipio": "Actopan", "Rubro": "Infraestructura Carretera", "Ejercicio": 2025.0, "Obra": "Pago de afectaciones a predio rustico, tipo de predio (baldío), uso de suelo catastral (clase no edificado), ámbito del predio (rural), propietario Isaías Hernández Acosta, para la construcción del eje transversal Actopan - Atotonilco", "Localidad": "Actopan", "Inversión": 4001983.5, "Habitantes.beneficiados": 1.0, "Ejecutora": "SIP", "Trabajos": "Pago de afectaciones para la Construcción del Eje Transversal Actopan - Atotonilco", "Geometria_tipo": "Punto", "extract": 0.33944897315205069 }, "geometry": { "type": "Point", "coordinates": [ 508134.635734662355389, 2241692.123541665263474 ] } },
{ "type": "Feature", "properties": { "ID_OBRA": "34_Actopan", "No.": 34.0, "Municipio": "Actopan", "Rubro": "Infraestructura Carretera", "Ejercicio": 2025.0, "Obra": "Pago de afectaciones a predio rustico, tipo de predio (baldío), uso de suelo catastral (clase no edificado), ámbito del predio (rural), propietario Isaías Hernández Acosta, para la construcción del eje transversal Actopan - Atotonilco", "Localidad": "Actopan", "Inversión": 4001983.5, "Habitantes.beneficiados": 1.0, "Ejecutora": "SIP", "Trabajos": "Pago de afectaciones para la Construcción del Eje Transversal Actopan - Atotonilco", "Geometria_tipo": "Punto", "extract": 0.3242517634266921 }, "geometry": { "type": "Point", "coordinates": [ 532328.479199206223711, 2243659.904621716588736 ] } },
{ "type": "Feature", "properties": { "ID_OBRA": "343_Huehuetla", "No.": 343.0, "Municipio": "Huehuetla", "Rubro": "Infraestructura Carretera", "Ejercicio": 2024.0, "Obra": "Rehabilitación de puente vehicular Mirasol, en el municipio de Huehuetla.", "Localidad": "Linda Vista I (Mirasol)", "Inversión": 38720095.0, "Habitantes.beneficiados": 2993.0, "Ejecutora": "DGCCE", "Trabajos": "Considera trabajos para la reconstrucción y/o conservación de Infraestructura Carretera en la localidad de Linda Vista I (Mirasol) municipio de Huehuetla", "Geometria_tipo": "Punto", "extract": 0.99932740532193942 }, "geometry": { "type": "Point", "coordinates": [ 596641.946371830999851, 2262791.465591011568904 ] } },
{ "type": "Feature", "properties": { "ID_OBRA": "353_Huejutla de Reyes", "No.": 353.0, "Municipio": "Huejutla de Reyes", "Rubro": "Infraestructura Carretera", "Ejercicio": 2023.0, "Obra": "Construye tu camino del tramo Santa Clara - Axcaco, en el municipio de Huejutla de Reyes.", "Localidad": "Axcaco", "Inversión": 7239786.11, "Habitantes.beneficiados": 1167.0, "Ejecutora": "DGCCE", "Trabajos": "Considera los trabajos de construcción de huellas de concreto hidráulico y empedrado en la localidad, el cual consta de terracerías y pisos de concreto.", "Geometria_tipo": "Punto", "extract": 0.4294109244878957 }, "geometry": { "type": "Point", "coordinates": [ 547689.985379170509987, 2329921.148239522241056 ] } },
{ "type": "Feature", "properties": { "ID_OBRA": "359_Huejutla de Reyes", "No.": 359.0, "Municipio": "Huejutla de Reyes", "Rubro": "Infraestructura Carretera", "Ejercicio": 2024.0, "Obra": "Estudio y proyecto para la solución en el crucero sobre la C.F. Pachuca - Tampico hacia el Boulevard Chalahuiyapa en el municipio de Huejutla de Reyes.", "Localidad": "Chalahuiyapa", "Inversión": 4308296.43, "Habitantes.beneficiados": 0.0, "Ejecutora": "DGEyP", "Trabajos": "Considera los trabajos de estudios viales, proyecto conceptual y proyecto ejecutivo.", "Geometria_tipo": "Punto", "extract": 0.38926645458118903 }, "geometry": { "type": "Point", "coordinates": [ 566077.122459837468341, 2338794.379177373833954 ] } },
{ "type": "Feature", "properties": { "ID_OBRA": "37_Actopan", "No.": 37.0, "Municipio": "Actopan", "Rubro": "Vialidades Urbanas", "Ejercicio": 2023.0, "Obra": "Pavimentación hidráulica calle Río Hondo de la Manzana Uno en la localidad de Chicavasco en el municipio de Actopan.", "Localidad": "Chicavasco", "Inversión": 1151337.18, "Habitantes.beneficiados": 3484.0, "Ejecutora": "DGOPI", "Trabajos": "Considera los trabajos de preliminares, piso para pavimento de concreto hidráulico.", "Geometria_tipo": "Punto", "extract": 0.054730174360339064 }, "geometry": { "type": "Point", "coordinates": [ 504456.401474204787519, 2233715.991022034082562 ] } },
{ "type": "Feature", "properties": { "ID_OBRA": "374_Huejutla de Reyes", "No.": 374.0, "Municipio": "Huejutla de Reyes", "Rubro": "Infraestructura Carretera", "Ejercicio": 2024.0, "Obra": "Reconstrucción de superficie de rodamiento del puente El Aguacate, municipio de Huejutla de Reyes", "Localidad": "Los Parajes", "Inversión": 3369621.53, "Habitantes.beneficiados": 413.0, "Ejecutora": "DGCCE", "Trabajos": "Considera trabajos para la reconstrucción y/o conservación de Infraestructura Carretera en la localidad de Los Parajes municipio de Huejutla de Reyes", "Geometria_tipo": "Punto", "extract": 0.13789278487973719 }, "geometry": { "type": "Point", "coordinates": [ 573372.483488467754796, 2341857.373120082076639 ] } },
{ "type": "Feature", "properties": { "ID_OBRA": "375_Huejutla de Reyes", "No.": 375.0, "Municipio": "Huejutla de Reyes", "Rubro": "Infraestructura Carretera", "Ejercicio": 2023.0, "Obra": "Modernización del camino rural los Parajes - Chalahuiyapa; en el municipio de Huejutla de Reyes.", "Localidad": "Los Parajes Benito Juárez", "Inversión": 9757411.25, "Habitantes.beneficiados": 11084.0, "Ejecutora": "DGCCE", "Trabajos": "La obra contempla las siguientes partidas: terracerías, estabilización de sub-rasante, pavimentación hidráulica, zampeado de cunetas, obras de drenaje y señalamiento.", "Geometria_tipo": "Punto", "extract": 0.0 }, "geometry": { "type": "Point", "coordinates": [ 558053.440246137557551, 2341686.792592685669661 ] } },
{ "type": "Feature", "properties": { "ID_OBRA": "376_Huejutla de Reyes", "No.": 376.0, "Municipio": "Huejutla de Reyes", "Rubro": "Infraestructura Carretera", "Ejercicio": 2024.0, "Obra": "Construcción de pavimentación hidráulica del Camino Rural los Parajes a Chalahuiyapa segunda etapa, en el municipio de Huejutla de Reyes.", "Localidad": "Los Parajes Benito Juárez", "Inversión": 9689109.94, "Habitantes.beneficiados": 297.0, "Ejecutora": "DGCCE", "Trabajos": "Considera los trabajos de preliminares y pavimento hidráulico.", "Geometria_tipo": "Punto", "extract": 0.0 }, "geometry": { "type": "Point", "coordinates": [ 558065.28825552307535, 2341809.549660952761769 ] } },
{ "type": "Feature", "properties": { "ID_OBRA": "377_Huejutla de Reyes", "No.": 377.0, "Municipio": "Huejutla de Reyes", "Rubro": "Infraestructura Carretera", "Ejercicio": 2024.0, "Obra": "Construcción de pavimentación de concreto hidráulico en acceso a la localidad de Pahuatlán, en el municipio de Huejutla de Reyes.", "Localidad": "Pahuatlán", "Inversión": 12020495.87, "Habitantes.beneficiados": 2246.0, "Ejecutora": "DGCCE", "Trabajos": "Considera los trabajos de preliminares, riego de impregnación, piso para pavimento de concreto hidráulico.", "Geometria_tipo": "Punto", "extract": 0.37799308146446103 }, "geometry": { "type": "Point", "coordinates": [ 554088.399218640523031, 2329902.793657500762492 ] } },
{ "type": "Feature", "properties": { "ID_OBRA": "381_Huejutla de Reyes", "No.": 381.0, "Municipio": "Huejutla de Reyes", "Rubro": "Infraestructura Carretera", "Ejercicio": 2024.0, "Obra": "Reconstrucción de muro de contención en la C.E. Huejutla - Macuxtepetla, municipio de Huejutla de Reyes", "Localidad": "Tepexititla", "Inversión": 3748852.67, "Habitantes.beneficiados": 1203.0, "Ejecutora": "DGCCE", "Trabajos": "Considera en los trabajos la construcción de muros de contención en la Localidad de Tepexititla.", "Geometria_tipo": "Punto", "extract": 0.33015633445854048 }, "geometry": { "type": "Point", "coordinates": [ 553461.679547882406041, 2336043.146351721137762 ] } },
{ "type": "Feature", "properties": { "ID_OBRA": "384_Huejutla de Reyes", "No.": 384.0, "Municipio": "Huejutla de Reyes", "Rubro": "Infraestructura Carretera", "Ejercicio": 2023.0, "Obra": "Mejoramiento del camino entronque carretero (Pachuca - Huejutla) - Tlalnepanco, municipio de Huejutla de Reyes", "Localidad": "Tlalnepanco", "Inversión": 2924919.21, "Habitantes.beneficiados": 526.0, "Ejecutora": "DGCCE", "Trabajos": "Considera los trabajos preliminares y pavimento de concreto hidráulico", "Geometria_tipo": "Punto", "extract": 0.53879606390754242 }, "geometry": { "type": "Point", "coordinates": [ 549194.235583558678627, 2328253.444595945999026 ] } },
{ "type": "Feature", "properties": { "ID_OBRA": "393_Huichapan", "No.": 393.0, "Municipio": "Huichapan", "Rubro": "Infraestructura Carretera", "Ejercicio": 2024.0, "Obra": "Reconstrucción de la C.E. E.C.F. 45 Portezuelo - Palmillas a Tecozautla, en el municipio de Huichapan", "Localidad": "Huichapan", "Inversión": 46599999.89, "Habitantes.beneficiados": 9853.0, "Ejecutora": "DGCCE", "Trabajos": "Considera trabajos para la reconstrucción y/o conservación de Infraestructura Carretera en la localidad de Portezuelo municipio de Huichapan", "Geometria_tipo": "Punto", "extract": -0.24996778198390901 }, "geometry": { "type": "Point", "coordinates": [ 434752.888761773298029, 2256213.502634480595589 ] } },
{ "type": "Feature", "properties": { "ID_OBRA": "407_Ixmiquilpan", "No.": 407.0, "Municipio": "Ixmiquilpan", "Rubro": "Infraestructura Carretera", "Ejercicio": 2024.0, "Obra": "Rehabilitación de pavimentación asfáltica de Circuito Dios Padre, en el municipio de Ixmiquilpan.", "Localidad": "Dios Padre", "Inversión": 13684964.79, "Habitantes.beneficiados": 2321.0, "Ejecutora": "DGCCE", "Trabajos": "Considera los trabajos de capa subbase, riego de impregnación, suministro y aplicación de riego de liga con emulsión asfáltica", "Geometria_tipo": "Punto", "extract": 0.20530639221503663 }, "geometry": { "type": "Point", "coordinates": [ 479788.01829772995552, 2262918.381750812288374 ] } },
{ "type": "Feature", "properties": { "ID_OBRA": "41_Actopan", "No.": 41.0, "Municipio": "Actopan", "Rubro": "Vialidades Urbanas", "Ejercicio": 2023.0, "Obra": "Pavimentación asfáltica en la localidad del Huaxtho en el municipio de Actopan.", "Localidad": "El Huaxtho", "Inversión": 1083421.67, "Habitantes.beneficiados": 3131.0, "Ejecutora": "DGOPI", "Trabajos": "Considera los trabajos de capa subbase, riego de impregnación, suministro y aplicación de riego de liga con emulsión asfáltica", "Geometria_tipo": "Punto", "extract": 0.23330278449973746 }, "geometry": { "type": "Point", "coordinates": [ 503955.843876113009173, 2237928.961599458009005 ] } },
{ "type": "Feature", "properties": { "ID_OBRA": "412_Ixmiquilpan", "No.": 412.0, "Municipio": "Ixmiquilpan", "Rubro": "Vialidades Urbanas", "Ejercicio": 2025.0, "Obra": "Construcción de Pavimentación Hidraúlica (Varias Calles), en la localidad de El Mandho, en el municpio de Ixmiquilpan", "Localidad": "El Mandho", "Inversión": 7350000.0, "Habitantes.beneficiados": null, "Ejecutora": "SIPDUS", "Trabajos": null, "Geometria_tipo": "Punto", "extract": 0.045681663269023121 }, "geometry": { "type": "Point", "coordinates": [ 475237.162324387347326, 2267003.449822342488915 ] } },
{ "type": "Feature", "properties": { "ID_OBRA": "417_Ixmiquilpan", "No.": 417.0, "Municipio": "Ixmiquilpan", "Rubro": "Vialidades Urbanas", "Ejercicio": 2023.0, "Obra": "Construcción de pavimentación asfáltica, interconexión Los Pinos Panales - El Maye; en el municipio de Ixmiquilpan", "Localidad": "Ixmiquilpan", "Inversión": 4844555.57, "Habitantes.beneficiados": 37608.0, "Ejecutora": "DGIVC", "Trabajos": "Considera los trabajos de capa subbase, riego de impregnación, suministro y aplicación de riego de liga con emulsión asfáltica", "Geometria_tipo": "Punto", "extract": -0.061002493611610295 }, "geometry": { "type": "Point", "coordinates": [ 474881.620578675938305, 2264479.897370003629476 ] } },
{ "type": "Feature", "properties": { "ID_OBRA": "418_Ixmiquilpan", "No.": 418.0, "Municipio": "Ixmiquilpan", "Rubro": "Vialidades Urbanas", "Ejercicio": 2023.0, "Obra": "Construcción de pavimento hidráulico en calles de la localidad de El Oro, municipio de Ixmiquilpan", "Localidad": "Ixmiquilpan", "Inversión": 2160227.69, "Habitantes.beneficiados": null, "Ejecutora": "DGIVC", "Trabajos": "Considera los trabajos de preliminares, piso para pavimento de concreto hidráulico.", "Geometria_tipo": "Punto", "extract": 0.010592993986760439 }, "geometry": { "type": "Point", "coordinates": [ 475534.710284751374274, 2264803.003987266682088 ] } },
{ "type": "Feature", "properties": { "ID_OBRA": "429_Ixmiquilpan", "No.": 429.0, "Municipio": "Ixmiquilpan", "Rubro": "Infraestructura Carretera", "Ejercicio": 2023.0, "Obra": "Pavimentación asfáltica del Libramiento Oriente - La Loma de La Cruz- Universidad, municipio de Ixmiquilpan (segunda etapa)", "Localidad": "La Loma de la Cruz", "Inversión": 10498827.5, "Habitantes.beneficiados": 827.0, "Ejecutora": "DGIVC", "Trabajos": "Considera los trabajos de capa subbase, riego de impregnación, suministro y aplicación de riego de liga con emulsión asfáltica", "Geometria_tipo": "Punto", "extract": -0.057378366835152357 }, "geometry": { "type": "Point", "coordinates": [ 481333.575369912025053, 2264866.612553870305419 ] } },
{ "type": "Feature", "properties": { "ID_OBRA": "430_Ixmiquilpan", "No.": 430.0, "Municipio": "Ixmiquilpan", "Rubro": "Infraestructura Carretera", "Ejercicio": 2023.0, "Obra": "Pavimentación asfáltica del Libramiento Oriente - La Loma de La Cruz - Universidad, municipio de Ixmiquilpan", "Localidad": "La Loma de la Cruz", "Inversión": 2711790.63, "Habitantes.beneficiados": null, "Ejecutora": "DGIVC", "Trabajos": "Considera los trabajos de capa subbase, riego de impregnación, suministro y aplicación de riego de liga con emulsión asfáltica", "Geometria_tipo": "Punto", "extract": -0.067337378412261686 }, "geometry": { "type": "Point", "coordinates": [ 481678.391476671269629, 2264904.198713135905564 ] } },
{ "type": "Feature", "properties": { "ID_OBRA": "44_Actopan", "No.": 44.0, "Municipio": "Actopan", "Rubro": "Vialidades Urbanas", "Ejercicio": 2023.0, "Obra": "Pavimentación asfáltica en la localidad de La Peña en el municipio de Actopan.", "Localidad": "La Peña", "Inversión": 1018725.29, "Habitantes.beneficiados": 1122.0, "Ejecutora": "DGOPI", "Trabajos": "Considera los trabajos de capa subbase, riego de impregnación, suministro y aplicación de riego de liga con emulsión asfáltica", "Geometria_tipo": "Punto", "extract": 0.35483533663449301 }, "geometry": { "type": "Point", "coordinates": [ 507980.230528030195273, 2241415.232167928013951 ] } },
{ "type": "Feature", "properties": { "ID_OBRA": "444_Ixmiquilpan", "No.": 444.0, "Municipio": "Ixmiquilpan", "Rubro": "Vialidades Urbanas", "Ejercicio": 2023.0, "Obra": "Construcción de pavimentación asfáltica en el municipio de Ixmiquilpan, en la localidad de Pueblo Nuevo en calle Principal", "Localidad": "Pueblo Nuevo", "Inversión": 2903285.92, "Habitantes.beneficiados": 1560.0, "Ejecutora": "DGIVC", "Trabajos": "Considera los trabajos de capa subbase, riego de impregnación, suministro y aplicación de riego de liga con emulsión asfáltica", "Geometria_tipo": "Punto", "extract": 0.26901970302059952 }, "geometry": { "type": "Point", "coordinates": [ 482802.178990532760508, 2262363.608482827898115 ] } },
{ "type": "Feature", "properties": { "ID_OBRA": "445_Ixmiquilpan", "No.": 445.0, "Municipio": "Ixmiquilpan", "Rubro": "Infraestructura Carretera", "Ejercicio": 2025.0, "Obra": "Pavimentación hidraulica a Jardín de las Flores, en la localidad de Pueblo Nuevo, en el municipio de Ixmiquilpan", "Localidad": "Pueblo nuevo", "Inversión": 8200000.0, "Habitantes.beneficiados": null, "Ejecutora": "SIPDUS", "Trabajos": null, "Geometria_tipo": "Punto", "extract": 0.24945513942677136 }, "geometry": { "type": "Point", "coordinates": [ 481557.233207158336882, 2262450.492924027144909 ] } },
{ "type": "Feature", "properties": { "ID_OBRA": "471_Jaltocán", "No.": 471.0, "Municipio": "Jaltocán", "Rubro": "Infraestructura Carretera", "Ejercicio": 2023.0, "Obra": "Modernización y ampliación de camino rural E.C. Huejutla - San Felipe Orizatlán, E.C. Pahuayo, en la localidad de Tzinancatitla", "Localidad": "Tzinancatitla", "Inversión": 6209211.97, "Habitantes.beneficiados": 222.0, "Ejecutora": "DGCCE", "Trabajos": "Considera los trabajos de modernización y ampliación del camino rural en la localidad de Tzinancatitla en el municipio de Jaltocán", "Geometria_tipo": "Punto", "extract": 0.48303339660197453 }, "geometry": { "type": "Point", "coordinates": [ 547459.199094617506489, 2341505.774254066869617 ] } },
{ "type": "Feature", "properties": { "ID_OBRA": "487_La Misión", "No.": 487.0, "Municipio": "La Misión", "Rubro": "Vialidades Urbanas", "Ejercicio": 2023.0, "Obra": "Pavimentación de concreto hidráulico del acceso a la comunidad de Palmitas; en el municipio de La  Misión.", "Localidad": "Las Palmitas", "Inversión": 2152968.98, "Habitantes.beneficiados": 424.0, "Ejecutora": "DGCCE", "Trabajos": "Considera los trabajos de preliminares, riego de impregnación, piso para pavimento de concreto hidráulico.", "Geometria_tipo": "Punto", "extract": 0.77527309334509664 }, "geometry": { "type": "Point", "coordinates": [ 501643.451938082871493, 2324403.2850486850366 ] } },
{ "type": "Feature", "properties": { "ID_OBRA": "496_Lolotla", "No.": 496.0, "Municipio": "Lolotla", "Rubro": "Vialidades Urbanas", "Ejercicio": 2022.0, "Obra": "Pavimentación hidráulica de calle de acceso principal a Chiquitla, municipio de Lolotla", "Localidad": "Chiquitla", "Inversión": 995485.45, "Habitantes.beneficiados": 261.0, "Ejecutora": "DGCCE", "Trabajos": "Considera los trabajos de preliminares, piso para pavimento de concreto hidráulico.", "Geometria_tipo": "Punto", "extract": 0.28728875094089396 }, "geometry": { "type": "Point", "coordinates": [ 536640.491414509015158, 2310961.633333108853549 ] } },
{ "type": "Feature", "properties": { "ID_OBRA": "499_Lolotla", "No.": 499.0, "Municipio": "Lolotla", "Rubro": "Infraestructura Carretera", "Ejercicio": 2024.0, "Obra": "Reconstrucción del C.R. Jalpa - La Florida, municipio de Lolotla", "Localidad": "La Florida", "Inversión": 11630860.91, "Habitantes.beneficiados": 95.0, "Ejecutora": "DGCCE", "Trabajos": "Considera los trabajos de preliminares, revestimiento de camino en la localidad de La Florida municipio de Lolotla", "Geometria_tipo": "Punto", "extract": 0.44012687469378808 }, "geometry": { "type": "Point", "coordinates": [ 527711.99999998207204, 2334131.999949313700199 ] } },
{ "type": "Feature", "properties": { "ID_OBRA": "5_Acatlán", "No.": 5.0, "Municipio": "Acatlán", "Rubro": "Vialidades Urbanas", "Ejercicio": 2023.0, "Obra": "Construcción de pavimentación hidráulica en calle Agustín Olvera del municipio de Acatlán, Hidalgo", "Localidad": "Agustín Olvera Sección I  (Colonia)", "Inversión": 4838220.0, "Habitantes.beneficiados": 405.0, "Ejecutora": "DGOPI", "Trabajos": "Considera los trabajos de preliminares, piso para pavimento de concreto hidráulico.", "Geometria_tipo": "Punto", "extract": 0.29351413307014906 }, "geometry": { "type": "Point", "coordinates": [ 560169.439368091989309, 2225712.84410619456321 ] } },
{ "type": "Feature", "properties": { "ID_OBRA": "502_Lolotla", "No.": 502.0, "Municipio": "Lolotla", "Rubro": "Vialidades Urbanas", "Ejercicio": 2022.0, "Obra": "Pavimentación de calle de acceso principal a Tlaltepingo, municipio de Lolotla", "Localidad": "Tlaltepingo", "Inversión": 1469468.85, "Habitantes.beneficiados": 359.0, "Ejecutora": "DGCCE", "Trabajos": "Considera los trabajos de preliminares, piso para pavimento de concreto hidráulico.", "Geometria_tipo": "Punto", "extract": 0.066860942193018344 }, "geometry": { "type": "Point", "coordinates": [ 528018.204475346487015, 2314908.534223611000925 ] } },
{ "type": "Feature", "properties": { "ID_OBRA": "509_Metepec", "No.": 509.0, "Municipio": "Metepec", "Rubro": "Vialidades Urbanas", "Ejercicio": 2023.0, "Obra": "Rehabilitación de guarniciones y banquetas en Estación de Apulco tramo: acceso Estación de Apulco - CBTA 126, municipio de Metepec", "Localidad": "Estación de Apulco", "Inversión": 6287131.84, "Habitantes.beneficiados": 1476.0, "Ejecutora": "DGOPI", "Trabajos": "Considera trabajos en la rehabilitación y/o mejoramiento de las vialidades urbanas en la localidad de Estación de Apulco muncipio de Metepec", "Geometria_tipo": "Punto", "extract": -0.046881294272991814 }, "geometry": { "type": "Point", "coordinates": [ 568485.63598378514871, 2244035.039884956553578 ] } },
{ "type": "Feature", "properties": { "ID_OBRA": "513_Metepec", "No.": 513.0, "Municipio": "Metepec", "Rubro": "Vialidades Urbanas", "Ejercicio": 2023.0, "Obra": "Rehabilitación de guarniciones y banquetas en Ferrería en calle principal, Metepec", "Localidad": "Ferrería de Apulco", "Inversión": 2367751.56, "Habitantes.beneficiados": 723.0, "Ejecutora": "DGOPI", "Trabajos": "Considera los trabajos de preliminares, piso para pavimento de concreto hidráulico.", "Geometria_tipo": "Punto", "extract": 0.025023646479375695 }, "geometry": { "type": "Point", "coordinates": [ 568534.083821829175577, 2244950.385211772751063 ] } },
{ "type": "Feature", "properties": { "ID_OBRA": "516_Metztitlán", "No.": 516.0, "Municipio": "Metztitlán", "Rubro": "Infraestructura Carretera", "Ejercicio": 2024.0, "Obra": "Construcción de pavimentación hidráulica en camino Coalquisque - Chimalacatla, en el municipio de Metztitlán.", "Localidad": "Coalquizque", "Inversión": 7154568.05, "Habitantes.beneficiados": 194.0, "Ejecutora": "DGOPI", "Trabajos": "Considera los trabajos de preliminares y pavimento hidráulico.", "Geometria_tipo": "Punto", "extract": 0.47016452080698201 }, "geometry": { "type": "Point", "coordinates": [ 521851.592649479978718, 2276027.570648598484695 ] } },
{ "type": "Feature", "properties": { "ID_OBRA": "517_Metztitlán", "No.": 517.0, "Municipio": "Metztitlán", "Rubro": "Vialidades Urbanas", "Ejercicio": 2022.0, "Obra": "Construcción de pavimentación de Av. Metztitlán, Col. Centro, municipio de Metztitlán", "Localidad": "Metztitlán", "Inversión": 1485020.99, "Habitantes.beneficiados": 3274.0, "Ejecutora": "DGCCE", "Trabajos": "Considera trabajos en la rehabilitación y/o mejoramiento de las vialidades urbanas en la localidad de Metztitlán muncipio de Metztitlán", "Geometria_tipo": "Punto", "extract": 0.56532761463824077 }, "geometry": { "type": "Point", "coordinates": [ 524708.841974239330739, 2277355.186801163479686 ] } },
{ "type": "Feature", "properties": { "ID_OBRA": "520_Metztitlán", "No.": 520.0, "Municipio": "Metztitlán", "Rubro": "Infraestructura Carretera", "Ejercicio": 2023.0, "Obra": "Pavimentación hidráulica C.R. San Cristóbal - Hualula; municipio de Metztitlán.", "Localidad": "San Cristobal", "Inversión": 36972413.79, "Habitantes.beneficiados": 76189.0, "Ejecutora": "DGCCE", "Trabajos": "Considera los trabajos de preliminares y pavimento hidráulico.", "Geometria_tipo": "Punto", "extract": 0.47644858596090617 }, "geometry": { "type": "Point", "coordinates": [ 517583.999999986670446, 2282316.999943172559142 ] } },
{ "type": "Feature", "properties": { "ID_OBRA": "522_Metztitlán", "No.": 522.0, "Municipio": "Metztitlán", "Rubro": "Infraestructura Carretera", "Ejercicio": 2022.0, "Obra": "Pavimentación de carretera estatal, tramo: Amajatlán, municipio de Metztitlán", "Localidad": "San Pedro Amajatlán (Amajatlán)", "Inversión": 992001.19, "Habitantes.beneficiados": 359.0, "Ejecutora": "DGCCE", "Trabajos": "Considera los trabajos de preliminares, riego de impregnación, piso para pavimento de concreto.", "Geometria_tipo": "Punto", "extract": 0.49637385820072355 }, "geometry": { "type": "Point", "coordinates": [ 520130.131092370313127, 2281738.757429121993482 ] } },
{ "type": "Feature", "properties": { "ID_OBRA": "523_Metztitlán", "No.": 523.0, "Municipio": "Metztitlán", "Rubro": "Infraestructura Carretera", "Ejercicio": 2024.0, "Obra": "Rehabilitación de Puente Vado Tres Cruces sobre Río Venados (Río Grande) en el municipio de Metztitlán.", "Localidad": "Tres Cruces", "Inversión": 3958643.05, "Habitantes.beneficiados": 245.0, "Ejecutora": "DGIVC", "Trabajos": "Considera trabajos para la reconstrucción y/o conservación de Infraestructura Carretera en la localidad de Tres Cruces municipio de Metztitlán", "Geometria_tipo": "Punto", "extract": -0.25103620584803887 }, "geometry": { "type": "Point", "coordinates": [ 530057.852710765553638, 2268529.002404448576272 ] } },
{ "type": "Feature", "properties": { "ID_OBRA": "591_Mineral del Chico", "No.": 591.0, "Municipio": "Mineral del Chico", "Rubro": "Infraestructura Carretera", "Ejercicio": 2024.0, "Obra": "Reconstrucción de pavimento asfáltico Pachuca - La Estanzuela - Las Milpas, en el municipio de Mineral del Chico", "Localidad": "La Estanzuela", "Inversión": 32334268.56, "Habitantes.beneficiados": 1680.0, "Ejecutora": "DGCCE", "Trabajos": "Considera los trabajos de la operación de escarificación, disgregado, construcción de base hidráulica, suministro y aplicación de riego de liga con emulsión asfáltica.", "Geometria_tipo": "Punto", "extract": 0.27141049084934155 }, "geometry": { "type": "Point", "coordinates": [ 525740.999999983701855, 2228620.999936936423182 ] } },
{ "type": "Feature", "properties": { "ID_OBRA": "592_Mineral del Chico", "No.": 592.0, "Municipio": "Mineral del Chico", "Rubro": "Infraestructura Carretera", "Ejercicio": 2023.0, "Obra": "Construcción de Huellas de Concreto del C.R. Las Piletas-Bandola, en el Municipio de Mineral del Chico", "Localidad": "Las Piletas", "Inversión": 17146358.34, "Habitantes.beneficiados": 52.0, "Ejecutora": "DGCCE", "Trabajos": "Considera los trabajos de construcción de huellas de concreto hidráulico y empedrado en la localidad, el cual consta de terracerías y pisos de concreto.", "Geometria_tipo": "Punto", "extract": 0.069098915358263513 }, "geometry": { "type": "Point", "coordinates": [ 526916.999999983119778, 2232532.999937385786325 ] } },
{ "type": "Feature", "properties": { "ID_OBRA": "68_Almoloya", "No.": 68.0, "Municipio": "Almoloya", "Rubro": "Vialidades Urbanas", "Ejercicio": 2022.0, "Obra": "Construcción de pavimentación hidráulica de calle Vicente Guerrero en la localidad de Tepepatlaxco, municipio de Almoloya", "Localidad": "Tepepatlaxco (El Llano)", "Inversión": 994980.28, "Habitantes.beneficiados": 671.0, "Ejecutora": "DGIVC", "Trabajos": "Considera los trabajos de preliminares, piso para pavimento de concreto hidráulico.", "Geometria_tipo": "Punto", "extract": 0.057313462904072965 }, "geometry": { "type": "Point", "coordinates": [ 565746.873825559392571, 2184123.394153813365847 ] } },
{ "type": "Feature", "properties": { "ID_OBRA": "78_Apan", "No.": 78.0, "Municipio": "Apan", "Rubro": "Infraestructura Carretera", "Ejercicio": 2025.0, "Obra": "Terminación de la C.E. Chimalpa - Cárdenas - San Juan Ixtilmaco y obras complementarias, en el municipio de Apan", "Localidad": "Apan", "Inversión": 12524503.31, "Habitantes.beneficiados": null, "Ejecutora": "SIPDUS", "Trabajos": null, "Geometria_tipo": "Punto", "extract": 0.20978942439132983 }, "geometry": { "type": "Point", "coordinates": [ 551534.634689395665191, 2174294.307598007842898 ] } },
{ "type": "Feature", "properties": { "ID_OBRA": "81_Apan", "No.": 81.0, "Municipio": "Apan", "Rubro": "Vialidades Urbanas", "Ejercicio": 2024.0, "Obra": "Construcción de pavimentación de concreto hidráulico en acceso a la localidad La Laguna,municipio de Apan.", "Localidad": "La Laguna", "Inversión": 18297073.76, "Habitantes.beneficiados": 1740.0, "Ejecutora": "DGCCE", "Trabajos": "Considera los trabajos de preliminares, riego de impregnación, piso para pavimento de concreto hidráulico.", "Geometria_tipo": "Punto", "extract": 0.26648781921149528 }, "geometry": { "type": "Point", "coordinates": [ 552434.663522402872331, 2182124.164136111270636 ] } },
{ "type": "Feature", "properties": { "ID_OBRA": "84_Apan", "No.": 84.0, "Municipio": "Apan", "Rubro": "Infraestructura Carretera", "Ejercicio": 2024.0, "Obra": "Construcción de cunetas y obras de drenaje para protección del acceso a Malayerba, municipio de Apan", "Localidad": "Malayerba", "Inversión": 2531697.56, "Habitantes.beneficiados": 484.0, "Ejecutora": "DGIVC", "Trabajos": "Considera trabajos para la reconstrucción y/o conservación de Infraestructura Carretera en la localidad de Malayerba municipio de Apan", "Geometria_tipo": "Punto", "extract": -0.56266011918922443 }, "geometry": { "type": "Point", "coordinates": [ 558776.375564655056223, 2171488.580845101736486 ] } },
{ "type": "Feature", "properties": { "ID_OBRA": "91_Atitalaquia", "No.": 91.0, "Municipio": "Atitalaquia", "Rubro": "Vialidades Urbanas", "Ejercicio": 2022.0, "Obra": "Pavimentación asfáltica de calle Felipe Ángeles, localidad de Tlamaco, municipio de Atitalaquia", "Localidad": "Tlamaco (San Gerónimo Tlamaco)", "Inversión": 5235895.62, "Habitantes.beneficiados": 3885.0, "Ejecutora": "DGIVC", "Trabajos": "Considera los trabajos de capa subbase, riego de impregnación, suministro y aplicación de riego de liga con emulsión asfáltica", "Geometria_tipo": "Punto", "extract": 0.31471869424940441 }, "geometry": { "type": "Point", "coordinates": [ 475785.073627359815873, 2215013.18901943275705 ] } },
{ "type": "Feature", "properties": { "ID_OBRA": "93_Atlapexco", "No.": 93.0, "Municipio": "Atlapexco", "Rubro": "Vialidades Urbanas", "Ejercicio": 2023.0, "Obra": "Construcción de Pavimentación Hidráulica en la Localidad de Achiquihuxtla en Barrio Achiquihuxtla I, Calle La Curva, en el Municipio de Atlapexco.", "Localidad": "Achiquihuixtla", "Inversión": 3219403.68, "Habitantes.beneficiados": 899.0, "Ejecutora": "DGCCE", "Trabajos": "Considera los trabajos de preliminares, piso para pavimento de concreto hidráulico.", "Geometria_tipo": "Punto", "extract": 0.27418980932076492 }, "geometry": { "type": "Point", "coordinates": [ 565756.475441253976896, 2320176.071091354824603 ] } },
{ "type": "Feature", "properties": { "ID_OBRA": "941_Pisaflores", "No.": 941.0, "Municipio": "Pisaflores", "Rubro": "Infraestructura Carretera", "Ejercicio": 2024.0, "Obra": "Rehabilitación del C.R. El Rayo - Bonigú, municipio de Pisaflores", "Localidad": "El Rayo", "Inversión": 2717147.22, "Habitantes.beneficiados": 967.0, "Ejecutora": "DGIVC", "Trabajos": "Considera los trabajos de preliminares, revestimiento de camino en la localidad de El Rayo municipio de Pisaflores", "Geometria_tipo": "Punto", "extract": 1.0246502355006921 }, "geometry": { "type": "Point", "coordinates": [ 499899.999999999301508, 2347970.999950970057398 ] } },
{ "type": "Feature", "properties": { "ID_OBRA": "944_Pisaflores", "No.": 944.0, "Municipio": "Pisaflores", "Rubro": "Infraestructura Carretera", "Ejercicio": 2023.0, "Obra": "Construcción de Pavimentación Hidráulica La Peña a Tlacuilola en el municipio de Pisaflores.", "Localidad": "La Peña", "Inversión": 5146358.01, "Habitantes.beneficiados": 891.0, "Ejecutora": "DGCCE", "Trabajos": "Considera los trabajos de preliminares y pavimento hidráulico.", "Geometria_tipo": "Punto", "extract": 0.78282945198535814 }, "geometry": { "type": "Point", "coordinates": [ 495052.00000000273576, 2346008.999950734898448 ] } },
{ "type": "Feature", "properties": { "ID_OBRA": "945_Pisaflores", "No.": 945.0, "Municipio": "Pisaflores", "Rubro": "Infraestructura Carretera", "Ejercicio": 2023.0, "Obra": "Modernización del camino El Rayo en el municipio de Pisaflores", "Localidad": "Pisaflores", "Inversión": 4311996.15, "Habitantes.beneficiados": 967.0, "Ejecutora": "DGOPI", "Trabajos": "Considera los trabajos de modernización del camino en la localidad de Pisaflores municipio de Pisaflores.", "Geometria_tipo": "Punto", "extract": 1.0459425661866142 }, "geometry": { "type": "Point", "coordinates": [ 497932.999999999941792, 2348000.999950973782688 ] } },
{ "type": "Feature", "properties": { "ID_OBRA": "979_San Agustín Tlaxiaca", "No.": 979.0, "Municipio": "San Agustín Tlaxiaca", "Rubro": "Vialidades Urbanas", "Ejercicio": 2023.0, "Obra": "Construcción de retorno en vialidad, Hospital General de Pachuca; en el municipio de San Agustín Tlaxiaca.", "Localidad": "San Agustín Tlaxiaca", "Inversión": 499897.35, "Habitantes.beneficiados": null, "Ejecutora": "DGCCE", "Trabajos": "Considera trabajos en la rehabilitación y/o mejoramiento de las vialidades urbanas en la localidad de San Agustín Tlaxiaca muncipio de San Agustín Tlaxiaca", "Geometria_tipo": "Punto", "extract": 0.30415065840437555 }, "geometry": { "type": "Point", "coordinates": [ 517301.405618273478467, 2224423.221847317647189 ] } }
]
}
