{
"type": "FeatureCollection",
"name": "obras_vial_punto_nueva",
"crs": { "type": "name", "properties": { "name": "urn:ogc:def:crs:OGC:1.3:CRS84" } },
"features": [
{ "type": "Feature", "properties": { "ID_OBRA": "1052_San Salvador", "No.": 1052.0, "Municipio": "San Salvador", "Rubro": "Infraestructura Carretera", "Ejercicio": 2022.0, "Obra": "Pavimentación asfáltica Donghu, Cerro Blanco, municipio de San Salvador", "Localidad": "San Salvador", "Inversión": 996360.38, "Habitantes.beneficiados": 1107.0, "Ejecutora": "DGCCE", "Trabajos": "Considera los trabajos de capa subbase, riego de impregnación, suministro y aplicación de riego de liga con emulsión asfáltica", "Geometria_tipo": "Punto", "extract": 0.0077684246590493423 }, "geometry": { "type": "Point", "coordinates": [ -99.151691250518596, 20.381194386091103 ] } },
{ "type": "Feature", "properties": { "ID_OBRA": "1125_Tenango de Doria", "No.": 1125.0, "Municipio": "Tenango de Doria", "Rubro": "Infraestructura Carretera", "Ejercicio": 2025.0, "Obra": "Construcción del puente vehicular en camino rural Cerro Chiquito a San José del Valle, en el municipio de Tenango de Doria", "Localidad": "Tenango de Doria", "Inversión": 7019012.68, "Habitantes.beneficiados": null, "Ejecutora": "SIPDUS", "Trabajos": null, "Geometria_tipo": "Punto", "extract": 0.66124124983194343 }, "geometry": { "type": "Point", "coordinates": [ -98.1724329869336, 20.380828513437802 ] } },
{ "type": "Feature", "properties": { "ID_OBRA": "1129_Tepeapulco", "No.": 1129.0, "Municipio": "Tepeapulco", "Rubro": "Infraestructura Carretera", "Ejercicio": 2024.0, "Obra": "Construye Tu Camino del tramo La Asunción en la localidad de Francisco Sarabia, en el municipio de Tepeapulco", "Localidad": "Francisco Sarabia (Corralillos)", "Inversión": 6100000.0, "Habitantes.beneficiados": null, "Ejecutora": "DGCCE", "Trabajos": "Considera los trabajos de construcción de huellas de concreto hidráulico y empedrado en la localidad, el cual consta de terracerías y pisos de concreto.", "Geometria_tipo": "Punto", "extract": -0.60198530505919945 }, "geometry": { "type": "Point", "coordinates": [ -98.417463789293194, 19.868257538274797 ] } },
{ "type": "Feature", "properties": { "ID_OBRA": "1134_Tepeapulco", "No.": 1134.0, "Municipio": "Tepeapulco", "Rubro": "Vialidades Urbanas", "Ejercicio": 2023.0, "Obra": "Construcción de pavimento hidráulico en calle Mirto, en el municipio de Tepeapulco", "Localidad": "Fray Bernardino de Sahagún (Ciudad Sahagún)", "Inversión": 2345061.37, "Habitantes.beneficiados": null, "Ejecutora": "DGCCE", "Trabajos": "Considera los trabajos de preliminares, piso para pavimento de concreto hidráulico.", "Geometria_tipo": "Punto", "extract": 0.57296507087038673 }, "geometry": { "type": "Point", "coordinates": [ -98.577687507594007, 19.7675327267829 ] } },
{ "type": "Feature", "properties": { "ID_OBRA": "1249_Tlanchinol", "No.": 1249.0, "Municipio": "Tlanchinol", "Rubro": "Infraestructura Carretera", "Ejercicio": 2024.0, "Obra": "Pavimentación hidráulica y construcción de muro de contención en la C.E. acceso a Toctitlán, municipio de Tlanchinol", "Localidad": "San Salvador", "Inversión": 2202862.1, "Habitantes.beneficiados": 538.0, "Ejecutora": null, "Trabajos": "Considera en los trabajos la construcción de muros de contención en la Localidad de San Salvador.", "Geometria_tipo": "Punto", "extract": 0.52427009528804447 }, "geometry": { "type": "Point", "coordinates": [ -98.596367454031693, 21.011678416753099 ] } },
{ "type": "Feature", "properties": { "ID_OBRA": "1399_Yahualica", "No.": 1399.0, "Municipio": "Yahualica", "Rubro": "Infraestructura Carretera", "Ejercicio": 2024.0, "Obra": "construcción de muro de contención en E.C. (Lolotla - Atlapexco) - Santa Teresa, municipio de Yahualica", "Localidad": "Santa Teresa", "Inversión": 19373020.14, "Habitantes.beneficiados": 4941.0, "Ejecutora": "DGOPI", "Trabajos": "Considera en los trabajos la construcción de muros de contención en la Localidad de Santa Teresa.", "Geometria_tipo": "Punto", "extract": 0.098462193922323721 }, "geometry": { "type": "Point", "coordinates": [ -98.407683039416497, 20.920576822514995 ] } },
{ "type": "Feature", "properties": { "ID_OBRA": "1416_Zacualtipán de Ángeles", "No.": 1416.0, "Municipio": "Zacualtipán de Ángeles", "Rubro": "Vialidades Urbanas", "Ejercicio": 2023.0, "Obra": "Pavimentación de calle cerrada de Los Girasoles, colonia López Mateos Segunda Sección, en el municipio de Zacualtipán de Ángeles", "Localidad": "Zacualtipán", "Inversión": 649511.41, "Habitantes.beneficiados": null, "Ejecutora": "DGCCE", "Trabajos": "Considera los trabajos de preliminares, piso para pavimento de concreto hidráulico.", "Geometria_tipo": "Punto", "extract": 0.46715663644041977 }, "geometry": { "type": "Point", "coordinates": [ -98.659378484151205, 20.658461282461197 ] } },
{ "type": "Feature", "properties": { "ID_OBRA": "1421_Zacualtipán de Ángeles", "No.": 1421.0, "Municipio": "Zacualtipán de Ángeles", "Rubro": "Vialidades Urbanas", "Ejercicio": 2023.0, "Obra": "Pavimentación de calle Escuadra con Cuesta Chica, colonia La Campesina, en el municipio de Zacualtipán de Ángeles.", "Localidad": "Zacualtipán", "Inversión": 831432.37, "Habitantes.beneficiados": null, "Ejecutora": "DGCCE", "Trabajos": "Considera los trabajos de preliminares, piso para pavimento de concreto hidráulico.", "Geometria_tipo": "Punto", "extract": 0.41508621329767209 }, "geometry": { "type": "Point", "coordinates": [ -98.663252349419494, 20.654870280538599 ] } },
{ "type": "Feature", "properties": { "ID_OBRA": "1466_Zempoala", "No.": 1466.0, "Municipio": "Zempoala", "Rubro": "Vialidades Urbanas", "Ejercicio": 2023.0, "Obra": "Pavimentación hidráulica en calle Emiliano Zapata, en la cabecera municipal; en el municipio de Zempoala.", "Localidad": "Zempoala", "Inversión": 1324945.11, "Habitantes.beneficiados": 7205.0, "Ejecutora": "DGIVC", "Trabajos": "Considera los trabajos de preliminares, piso para pavimento de concreto hidráulico.", "Geometria_tipo": "Punto", "extract": -0.27621573097340285 }, "geometry": { "type": "Point", "coordinates": [ -98.571360837315197, 19.9017444167565 ] } },
{ "type": "Feature", "properties": { "ID_OBRA": "1476_Zimapán", "No.": 1476.0, "Municipio": "Zimapán", "Rubro": "Vialidades Urbanas", "Ejercicio": 2024.0, "Obra": "Construcción de huellas de concreto hidráulico y empedrado, en el municipio de Zimapán, en la localidad de Plutarco Elías Calles (Santiago), Manzana Las Lindas, en distintas calles", "Localidad": "Plutarco Elías Calles (Santiago)", "Inversión": 1936855.86, "Habitantes.beneficiados": 348.0, "Ejecutora": "DGIVC", "Trabajos": "Considera los trabajos de construcción de huellas de concreto hidráulico y empedrado en la localidad, el cual consta de terracerías y pisos de concreto.", "Geometria_tipo": "Punto", "extract": 0.32261408777055767 }, "geometry": { "type": "Point", "coordinates": [ -99.361684074165495, 20.727190489679398 ] } },
{ "type": "Feature", "properties": { "ID_OBRA": "345_Huehuetla", "No.": 345.0, "Municipio": "Huehuetla", "Rubro": "Infraestructura Carretera", "Ejercicio": 2024.0, "Obra": "Construcción de muros de contención en la C.E. Huehuetla - San Ambrosio, municipio de Huehuetla", "Localidad": "San Ambrosio", "Inversión": 1716294.18, "Habitantes.beneficiados": 867.0, "Ejecutora": null, "Trabajos": "Considera los trabajos de  muros de contención.", "Geometria_tipo": "Punto", "extract": 1.0152896304319876 }, "geometry": { "type": "Point", "coordinates": [ -98.0568486279317, 20.489288790322895 ] } },
{ "type": "Feature", "properties": { "ID_OBRA": "408_Ixmiquilpan", "No.": 408.0, "Municipio": "Ixmiquilpan", "Rubro": "Vialidades Urbanas", "Ejercicio": 2023.0, "Obra": "Pavimentación asfáltica en calle El Bhenu en la localidad de El Alberto, municipio de Ixmiquilpan, Hidalgo.", "Localidad": "El Alberto", "Inversión": 2510837.38, "Habitantes.beneficiados": 767.0, "Ejecutora": "DGCCE", "Trabajos": "Considera los trabajos de capa subbase, riego de impregnación, suministro y aplicación de riego de liga con emulsión asfáltica", "Geometria_tipo": "Punto", "extract": 0.057785193458339643 }, "geometry": { "type": "Point", "coordinates": [ -99.223913834393898, 20.417158555529298 ] } },
{ "type": "Feature", "properties": { "ID_OBRA": "464_Jacala de Ledezma", "No.": 464.0, "Municipio": "Jacala de Ledezma", "Rubro": "Vialidades Urbanas", "Ejercicio": 2023.0, "Obra": "Construcción de huellas de concreto hidráulico y empedrado en la localidad de San Nicolás", "Localidad": "San Nicolás", "Inversión": 687335.22, "Habitantes.beneficiados": 664.0, "Ejecutora": "DGCCE", "Trabajos": "Considera los trabajos de construcción de huellas de concreto hidráulico y empedrado en la localidad, el cual consta de terracerías y pisos de concreto.", "Geometria_tipo": "Punto", "extract": -0.0090604518699224403 }, "geometry": { "type": "Point", "coordinates": [ -99.164419267994006, 20.9451894733931 ] } },
{ "type": "Feature", "properties": { "ID_OBRA": "512_Metepec", "No.": 512.0, "Municipio": "Metepec", "Rubro": "Vialidades Urbanas", "Ejercicio": 2024.0, "Obra": "Construcción de pavimento hidráulico en calle Prolongación Hidalgo en la localidad de Estación de Apulco, en el municipio de Metepec", "Localidad": "Estación de Apulco", "Inversión": 3115252.45, "Habitantes.beneficiados": null, "Ejecutora": "DGOPI", "Trabajos": "Considera los trabajos de preliminares, piso para pavimento de concreto hidráulico.", "Geometria_tipo": "Punto", "extract": -0.049996112016293018 }, "geometry": { "type": "Point", "coordinates": [ -98.3501976162799, 20.287073965100998 ] } },
{ "type": "Feature", "properties": { "ID_OBRA": "644_Omitlán de Juárez", "No.": 644.0, "Municipio": "Omitlán de Juárez", "Rubro": "Vialidades Urbanas", "Ejercicio": 2025.0, "Obra": "Construcción de pavimentación hidráulica en la Localidad de Morelos, en el municipio de Omitlán de Juárez", "Localidad": "Morelos", "Inversión": 24104002.93, "Habitantes.beneficiados": 253.0, "Ejecutora": "DGIVC", "Trabajos": "Considera las siguientes partidas de trabajo: preliminares; excavaciones, construcción de base, mejoramiento de terreno.; pavimento de concreto", "Geometria_tipo": "Punto", "extract": 0.17126941722407893 }, "geometry": { "type": "Point", "coordinates": [ -98.648238165503415, 20.169871247359797 ] } },
{ "type": "Feature", "properties": { "ID_OBRA": "1071_Santiago de Anaya", "No.": 1071.0, "Municipio": "Santiago de Anaya", "Rubro": "Infraestructura Carretera", "Ejercicio": 2023.0, "Obra": "Pavimentación Hidráulica en acceso principal Boxaxni - Santa Mónica el Sitio (Segunda Etapa) .", "Localidad": "Varias", "Inversión": 13199291.85, "Habitantes.beneficiados": null, "Ejecutora": "DGOPI", "Trabajos": "Considera los trabajos de preliminares y pavimento hidráulico.", "Geometria_tipo": "Punto", "extract": 0.26899781374772114 }, "geometry": { "type": "Point", "coordinates": [ -98.942706684460219, 20.34422836177594 ] } },
{ "type": "Feature", "properties": { "ID_OBRA": "1082_Singuilucan", "No.": 1082.0, "Municipio": "Singuilucan", "Rubro": "Infraestructura Carretera", "Ejercicio": 2024.0, "Obra": "Pavimentación asfáltica de carretera Singuilucan - Francisco I Madero, tramo: La Conchita - La Gloria, en el municipio de Singuilucan", "Localidad": "Varias", "Inversión": 10998958.47, "Habitantes.beneficiados": null, "Ejecutora": "DGIVC", "Trabajos": "Considera los trabajos de capa subbase, riego de impregnación, suministro y aplicación de riego de liga con emulsión asfáltica", "Geometria_tipo": "Punto", "extract": -0.094162341500481181 }, "geometry": { "type": "Point", "coordinates": [ -98.502298181894801, 19.932648384988823 ] } },
{ "type": "Feature", "properties": { "ID_OBRA": "1127_Tenango de Doria", "No.": 1127.0, "Municipio": "Tenango de Doria", "Rubro": "Infraestructura Carretera", "Ejercicio": 2024.0, "Obra": "Pavimentación de carpeta asfáltica C.M. San Nicolás - San Pablo El Grande, municipio de Tenango de Doria", "Localidad": "Varias", "Inversión": 8795315.48, "Habitantes.beneficiados": null, "Ejecutora": "DGCCE", "Trabajos": "Considera los trabajos de la operación de escarificación, disgregado,  suministro y aplicación de riego de liga con emulsión asfáltica.", "Geometria_tipo": "Punto", "extract": 0.53312490780834476 }, "geometry": { "type": "Point", "coordinates": [ -98.190455286765399, 20.34333484432246 ] } },
{ "type": "Feature", "properties": { "ID_OBRA": "1199_Tezontepec de Aldama", "No.": 1199.0, "Municipio": "Tezontepec de Aldama", "Rubro": "Vialidades Urbanas", "Ejercicio": 2023.0, "Obra": "Pavimentación hidráulica en calle Jazmines, en la localidad de Tenango; en el municipio de Tezontepec de Aldama.", "Localidad": "Tenango", "Inversión": 1889203.13, "Habitantes.beneficiados": 1548.0, "Ejecutora": "DGIVC", "Trabajos": "Considera los trabajos de preliminares, piso para pavimento de concreto hidráulico.", "Geometria_tipo": "Punto", "extract": 0.1559948332435096 }, "geometry": { "type": "Point", "coordinates": [ -99.288197711644585, 20.2284965073686 ] } },
{ "type": "Feature", "properties": { "ID_OBRA": "1222_Tlahuiltepa", "No.": 1222.0, "Municipio": "Tlahuiltepa", "Rubro": "Infraestructura Carretera", "Ejercicio": 2024.0, "Obra": "Construye tu camino del tramo Las Manzanas - El Roble, en el municipio de Tlahuiltepa.", "Localidad": "Las Manzanas, El Roble", "Inversión": 8900000.0, "Habitantes.beneficiados": null, "Ejecutora": "DGCCE", "Trabajos": "Considera los trabajos de construcción de huellas de concreto hidráulico y empedrado en la localidad, el cual consta de terracerías y pisos de concreto.", "Geometria_tipo": "Punto", "extract": -0.0056444540352274981 }, "geometry": { "type": "Point", "coordinates": [ -99.061800663410907, 20.76165496689605 ] } },
{ "type": "Feature", "properties": { "ID_OBRA": "1222_Tlahuiltepa", "No.": 1222.0, "Municipio": "Tlahuiltepa", "Rubro": "Infraestructura Carretera", "Ejercicio": 2024.0, "Obra": "Construye tu camino del tramo Las Manzanas - El Roble, en el municipio de Tlahuiltepa.", "Localidad": "Las Manzanas, El Roble", "Inversión": 8900000.0, "Habitantes.beneficiados": null, "Ejecutora": "DGCCE", "Trabajos": "Considera los trabajos de construcción de huellas de concreto hidráulico y empedrado en la localidad, el cual consta de terracerías y pisos de concreto.", "Geometria_tipo": "Punto", "extract": 0.21121495869342483 }, "geometry": { "type": "Point", "coordinates": [ -99.067306577745654, 20.772991577544428 ] } },
{ "type": "Feature", "properties": { "ID_OBRA": "140_Cardonal", "No.": 140.0, "Municipio": "Cardonal", "Rubro": "Infraestructura Carretera", "Ejercicio": 2024.0, "Obra": "Construye Tu Camino del Acceso a El Molino, en el municipio de Cardonal", "Localidad": "El Sauz", "Inversión": 5500000.0, "Habitantes.beneficiados": 500.0, "Ejecutora": "DGCCE", "Trabajos": "Considera los trabajos de construcción de huellas de concreto hidráulico y empedrado en la localidad, el cual consta de terracerías y pisos de concreto.", "Geometria_tipo": "Punto", "extract": 0.1732335330771439 }, "geometry": { "type": "Point", "coordinates": [ -98.707239, 20.614322206143214 ] } },
{ "type": "Feature", "properties": { "ID_OBRA": "1428_Zapotlán de Juárez", "No.": 1428.0, "Municipio": "Zapotlán de Juárez", "Rubro": "Vialidades Urbanas", "Ejercicio": 2023.0, "Obra": "Construcción de pavimento hidráulico en calle Calvario en tramo 1 (entre calle Corregidora y parte alta de Calvario), tramo 2 (entre calle Matamoros y calle Ciprés) en la localidad de Acayuca; en el municipio de Zapotlán de Juárez", "Localidad": "Acayuca", "Inversión": 1932833.09, "Habitantes.beneficiados": 11018.0, "Ejecutora": "DGOPI", "Trabajos": "Considera los trabajos de preliminares, piso para pavimento de concreto hidráulico.", "Geometria_tipo": "Punto", "extract": 0.46181673621840991 }, "geometry": { "type": "Point", "coordinates": [ -98.864669219829722, 19.981167329002755 ] } },
{ "type": "Feature", "properties": { "ID_OBRA": "1429_Zapotlán de Juárez", "No.": 1429.0, "Municipio": "Zapotlán de Juárez", "Rubro": "Vialidades Urbanas", "Ejercicio": 2023.0, "Obra": "Pavimentación integral en calle Matamoros sur entre calle Melchor Ocampo y Av. Matamoros", "Localidad": "Acayuca", "Inversión": 2451699.65, "Habitantes.beneficiados": null, "Ejecutora": "DGCCE", "Trabajos": "Considera los trabajos de preliminares, piso para pavimento de concreto hidráulico.", "Geometria_tipo": "Punto", "extract": 0.60647318137549289 }, "geometry": { "type": "Point", "coordinates": [ -98.851164918091484, 20.019734031107728 ] } },
{ "type": "Feature", "properties": { "ID_OBRA": "1445_Zempoala", "No.": 1445.0, "Municipio": "Zempoala", "Rubro": "Vialidades Urbanas", "Ejercicio": 2023.0, "Obra": "Pavimentación hidráulica en calle 01 de Junio, en la localidad de El Mirador; en el municipio de Zempoala.", "Localidad": "El Mirador", "Inversión": 4728025.13, "Habitantes.beneficiados": 2385.0, "Ejecutora": "DGIVC", "Trabajos": "Considera los trabajos de preliminares, piso para pavimento de concreto hidráulico.", "Geometria_tipo": "Punto", "extract": 0.62037604607293395 }, "geometry": { "type": "Point", "coordinates": [ -98.8146797530203, 20.029382512192633 ] } },
{ "type": "Feature", "properties": { "ID_OBRA": "145_Cardonal", "No.": 145.0, "Municipio": "Cardonal", "Rubro": "Infraestructura Carretera", "Ejercicio": 2024.0, "Obra": "Construye Tu Camino del tramo La Mesa-La Gloria segunda etapa, en el municipio de Cardonal", "Localidad": "La Mesa, La Laguna, La Gloria", "Inversión": 6400000.0, "Habitantes.beneficiados": null, "Ejecutora": "DGCCE", "Trabajos": "Considera los trabajos de construcción de huellas de concreto hidráulico y empedrado en la localidad, el cual consta de terracerías y pisos de concreto.", "Geometria_tipo": "Punto", "extract": -0.42601376311315786 }, "geometry": { "type": "Point", "coordinates": [ -99.016341609584956, 20.644366883130246 ] } },
{ "type": "Feature", "properties": { "ID_OBRA": "145_Cardonal", "No.": 145.0, "Municipio": "Cardonal", "Rubro": "Infraestructura Carretera", "Ejercicio": 2024.0, "Obra": "Construye Tu Camino del tramo La Mesa-La Gloria segunda etapa, en el municipio de Cardonal", "Localidad": "La Mesa, La Laguna, La Gloria", "Inversión": 6400000.0, "Habitantes.beneficiados": null, "Ejecutora": "DGCCE", "Trabajos": "Considera los trabajos de construcción de huellas de concreto hidráulico y empedrado en la localidad, el cual consta de terracerías y pisos de concreto.", "Geometria_tipo": "Punto", "extract": -0.44043222253914022 }, "geometry": { "type": "Point", "coordinates": [ -99.01832318638094, 20.647351199881143 ] } },
{ "type": "Feature", "properties": { "ID_OBRA": "145_Cardonal", "No.": 145.0, "Municipio": "Cardonal", "Rubro": "Infraestructura Carretera", "Ejercicio": 2024.0, "Obra": "Construye Tu Camino del tramo La Mesa-La Gloria segunda etapa, en el municipio de Cardonal", "Localidad": "La Mesa, La Laguna, La Gloria", "Inversión": 6400000.0, "Habitantes.beneficiados": null, "Ejecutora": "DGCCE", "Trabajos": "Considera los trabajos de construcción de huellas de concreto hidráulico y empedrado en la localidad, el cual consta de terracerías y pisos de concreto.", "Geometria_tipo": "Punto", "extract": -0.43101273906902937 }, "geometry": { "type": "Point", "coordinates": [ -99.020445526925585, 20.650377502200197 ] } },
{ "type": "Feature", "properties": { "ID_OBRA": "145_Cardonal", "No.": 145.0, "Municipio": "Cardonal", "Rubro": "Infraestructura Carretera", "Ejercicio": 2024.0, "Obra": "Construye Tu Camino del tramo La Mesa-La Gloria segunda etapa, en el municipio de Cardonal", "Localidad": "La Mesa, La Laguna, La Gloria", "Inversión": 6400000.0, "Habitantes.beneficiados": null, "Ejecutora": "DGCCE", "Trabajos": "Considera los trabajos de construcción de huellas de concreto hidráulico y empedrado en la localidad, el cual consta de terracerías y pisos de concreto.", "Geometria_tipo": "Punto", "extract": -0.37491238570005958 }, "geometry": { "type": "Point", "coordinates": [ -99.029221, 20.658519 ] } },
{ "type": "Feature", "properties": { "ID_OBRA": "145_Cardonal", "No.": 145.0, "Municipio": "Cardonal", "Rubro": "Infraestructura Carretera", "Ejercicio": 2024.0, "Obra": "Construye Tu Camino del tramo La Mesa-La Gloria segunda etapa, en el municipio de Cardonal", "Localidad": "La Mesa, La Laguna, La Gloria", "Inversión": 6400000.0, "Habitantes.beneficiados": null, "Ejecutora": "DGCCE", "Trabajos": "Considera los trabajos de construcción de huellas de concreto hidráulico y empedrado en la localidad, el cual consta de terracerías y pisos de concreto.", "Geometria_tipo": "Punto", "extract": -0.37491238570005958 }, "geometry": { "type": "Point", "coordinates": [ -99.029221, 20.658519 ] } },
{ "type": "Feature", "properties": { "ID_OBRA": "145_Cardonal", "No.": 145.0, "Municipio": "Cardonal", "Rubro": "Infraestructura Carretera", "Ejercicio": 2024.0, "Obra": "Construye Tu Camino del tramo La Mesa-La Gloria segunda etapa, en el municipio de Cardonal", "Localidad": "La Mesa, La Laguna, La Gloria", "Inversión": 6400000.0, "Habitantes.beneficiados": null, "Ejecutora": "DGCCE", "Trabajos": "Considera los trabajos de construcción de huellas de concreto hidráulico y empedrado en la localidad, el cual consta de terracerías y pisos de concreto.", "Geometria_tipo": "Punto", "extract": -0.37491238570005958 }, "geometry": { "type": "Point", "coordinates": [ -99.029221, 20.658519 ] } },
{ "type": "Feature", "properties": { "ID_OBRA": "1450_Zempoala", "No.": 1450.0, "Municipio": "Zempoala", "Rubro": "Vialidades Urbanas", "Ejercicio": 2023.0, "Obra": "Construcción de pavimento hidráulico en calle Venustiano Carranza, en el municipio de Zempoala.", "Localidad": "Santa María Tecajete", "Inversión": 3625668.28, "Habitantes.beneficiados": 949.0, "Ejecutora": "DGIVC", "Trabajos": "Considera los trabajos de preliminares, piso para pavimento de concreto hidráulico.", "Geometria_tipo": "Punto", "extract": -0.17394905623560847 }, "geometry": { "type": "Point", "coordinates": [ -98.59350186985229, 19.936233608469646 ] } },
{ "type": "Feature", "properties": { "ID_OBRA": "1458_Zempoala", "No.": 1458.0, "Municipio": "Zempoala", "Rubro": "Vialidades Urbanas", "Ejercicio": 2024.0, "Obra": "Pavimentación en calle Primero de Mayo, Fraccionamientos, en el municipio de Zempoala", "Localidad": "Varias", "Inversión": 14727843.51, "Habitantes.beneficiados": null, "Ejecutora": "DGCCE", "Trabajos": "Considera los trabajos de preliminares, piso para pavimento de concreto hidráulico.", "Geometria_tipo": "Punto", "extract": 0.56460498603470077 }, "geometry": { "type": "Point", "coordinates": [ -98.80139008, 20.02234725 ] } },
{ "type": "Feature", "properties": { "ID_OBRA": "1459_Zempoala", "No.": 1459.0, "Municipio": "Zempoala", "Rubro": "Vialidades Urbanas", "Ejercicio": 2024.0, "Obra": "Pavimentación de la calle Alcatraz, colonia Estación Tepa, en el municipio de Zempoala", "Localidad": "Varias", "Inversión": 2106826.06, "Habitantes.beneficiados": null, "Ejecutora": "DGOPI", "Trabajos": "Considera los trabajos de preliminares, piso para pavimento de concreto hidráulico.", "Geometria_tipo": "Punto", "extract": 0.29943072975643614 }, "geometry": { "type": "Point", "coordinates": [ -98.6891, 19.911826 ] } },
{ "type": "Feature", "properties": { "ID_OBRA": "1460_Zempoala", "No.": 1460.0, "Municipio": "Zempoala", "Rubro": "Vialidades Urbanas", "Ejercicio": 2023.0, "Obra": "Construcción de pavimentación en calle Benito Juárez, en la localidad de Venustiano Carranza, en el municipio de Zempoala.", "Localidad": "Venustiano Carranza", "Inversión": 5477490.43, "Habitantes.beneficiados": 436.0, "Ejecutora": "DGCCE", "Trabajos": "Considera los trabajos de preliminares, piso para pavimento de concreto hidráulico.", "Geometria_tipo": "Punto", "extract": 0.20611963152250207 }, "geometry": { "type": "Point", "coordinates": [ -98.667168027463092, 19.868783302834014 ] } },
{ "type": "Feature", "properties": { "ID_OBRA": "159_Cardonal", "No.": 159.0, "Municipio": "Cardonal", "Rubro": "Infraestructura Carretera", "Ejercicio": 2024.0, "Obra": "Construcción de piso de concreto hidráulico en acceso a Tolantongo, en el municipio de Cardonal", "Localidad": "Tolantongo", "Inversión": 11185208.89, "Habitantes.beneficiados": 755.0, "Ejecutora": "DGCCE", "Trabajos": "Considera los trabajos de preliminares, riego de impregnación, piso para pavimento de concreto hidráulico.", "Geometria_tipo": "Punto", "extract": -0.49071518109817697 }, "geometry": { "type": "Point", "coordinates": [ -98.996565232953444, 20.647019432978222 ] } },
{ "type": "Feature", "properties": { "ID_OBRA": "159_Cardonal", "No.": 159.0, "Municipio": "Cardonal", "Rubro": "Infraestructura Carretera", "Ejercicio": 2024.0, "Obra": "Construcción de piso de concreto hidráulico en acceso a Tolantongo, en el municipio de Cardonal", "Localidad": "Tolantongo", "Inversión": 11185208.89, "Habitantes.beneficiados": 755.0, "Ejecutora": "DGCCE", "Trabajos": "Considera los trabajos de preliminares, riego de impregnación, piso para pavimento de concreto hidráulico.", "Geometria_tipo": "Punto", "extract": -0.52429646421486686 }, "geometry": { "type": "Point", "coordinates": [ -98.9947715, 20.6481967 ] } },
{ "type": "Feature", "properties": { "ID_OBRA": "276_Actopan", "No.": 276.0, "Municipio": "Actopan", "Rubro": "Infraestructura Carretera", "Ejercicio": 2024.0, "Obra": "Actualización de Estudio y Proyecto de la Carretera Eje Transversal Actopan - Atotonilco el Grande", "Localidad": "Varias", "Inversión": 3296667.68, "Habitantes.beneficiados": null, "Ejecutora": "DGEP", "Trabajos": "Considera los trabajos de estudios, proyecto conceptual y proyecto ejecutivo.", "Geometria_tipo": "Punto", "extract": -0.074860312476193278 }, "geometry": { "type": "Point", "coordinates": [ -98.836847, 20.300964 ] } },
{ "type": "Feature", "properties": { "ID_OBRA": "354_Huejutla de Reyes", "No.": 354.0, "Municipio": "Huejutla de Reyes", "Rubro": "Infraestructura Carretera", "Ejercicio": 2024.0, "Obra": "Construye Tu Camino del tramo Santa Clara a Axcaco, en el municipio de Huejutla de Reyes", "Localidad": "Axcaco, La Mesa de Axcaco", "Inversión": 3722586.38, "Habitantes.beneficiados": null, "Ejecutora": "DGCCE", "Trabajos": "Considera los trabajos de construcción de huellas de concreto hidráulico y empedrado en la localidad, el cual consta de terracerías y pisos de concreto.", "Geometria_tipo": "Punto", "extract": 0.38349154726474344 }, "geometry": { "type": "Point", "coordinates": [ -98.539658, 21.072465 ] } },
{ "type": "Feature", "properties": { "ID_OBRA": "354_Huejutla de Reyes", "No.": 354.0, "Municipio": "Huejutla de Reyes", "Rubro": "Infraestructura Carretera", "Ejercicio": 2024.0, "Obra": "Construye Tu Camino del tramo Santa Clara a Axcaco, en el municipio de Huejutla de Reyes", "Localidad": "Axcaco, La Mesa de Axcaco", "Inversión": 3722586.38, "Habitantes.beneficiados": null, "Ejecutora": "DGCCE", "Trabajos": "Considera los trabajos de construcción de huellas de concreto hidráulico y empedrado en la localidad, el cual consta de terracerías y pisos de concreto.", "Geometria_tipo": "Punto", "extract": 0.40112561661766305 }, "geometry": { "type": "Point", "coordinates": [ -98.542046, 21.070472 ] } },
{ "type": "Feature", "properties": { "ID_OBRA": "433_Ixmiquilpan", "No.": 433.0, "Municipio": "Ixmiquilpan", "Rubro": "Vialidades Urbanas", "Ejercicio": 2023.0, "Obra": "Pavimentación asfáltica de la calle 15 de Septiembre, en la localidad de Remedios, Ixmiquilpan.", "Localidad": "Los Remedios", "Inversión": 2131291.33, "Habitantes.beneficiados": 798.0, "Ejecutora": "DGIVC", "Trabajos": "Considera los trabajos de capa subbase, riego de impregnación, suministro y aplicación de riego de liga con emulsión asfáltica", "Geometria_tipo": "Punto", "extract": -0.15454909236041015 }, "geometry": { "type": "Point", "coordinates": [ -99.202858314351417, 20.536786592923605 ] } },
{ "type": "Feature", "properties": { "ID_OBRA": "454_Ixmiquilpan", "No.": 454.0, "Municipio": "Ixmiquilpan", "Rubro": "Vialidades Urbanas", "Ejercicio": 2024.0, "Obra": "Construcción de pavimentación de concreto hidráulico de Calle Gladiolas, Col. Loma de Oro, en el municipio de Ixmiquilpan.", "Localidad": "Varias", "Inversión": 1584150.4, "Habitantes.beneficiados": null, "Ejecutora": "DGCCE", "Trabajos": "Considera los trabajos de preliminares, riego de impregnación, piso para pavimento de concreto hidráulico.", "Geometria_tipo": "Punto", "extract": -0.046854762924686127 }, "geometry": { "type": "Point", "coordinates": [ -99.239701, 20.47959 ] } },
{ "type": "Feature", "properties": { "ID_OBRA": "455_Jacala de Ledezma", "No.": 455.0, "Municipio": "Jacala de Ledezma", "Rubro": "Vialidades Urbanas", "Ejercicio": 2023.0, "Obra": "Construcción de huellas de concreto hidráulico y empedrado en la localidad de Agua Fría Chica", "Localidad": "Agua Fría Chica", "Inversión": 713359.03, "Habitantes.beneficiados": 302.0, "Ejecutora": "DGCCE", "Trabajos": "Considera los trabajos de construcción de huellas de concreto hidráulico y empedrado en la localidad, el cual consta de terracerías y pisos de concreto.", "Geometria_tipo": "Punto", "extract": 0.15634021165416012 }, "geometry": { "type": "Point", "coordinates": [ -99.20145291932684, 20.962220148043681 ] } },
{ "type": "Feature", "properties": { "ID_OBRA": "459_Jacala de Ledezma", "No.": 459.0, "Municipio": "Jacala de Ledezma", "Rubro": "Vialidades Urbanas", "Ejercicio": 2024.0, "Obra": "Construcción de pavimentación hidráulica de calle Sin Nombre en Laguna Seca, municipio de Jacala de Ledezma", "Localidad": "Laguna Seca", "Inversión": 8275948.72, "Habitantes.beneficiados": 254.0, "Ejecutora": "DGCCE", "Trabajos": "Considera los trabajos de preliminares, piso para pavimento de concreto hidráulico.", "Geometria_tipo": "Punto", "extract": 1.1149770010196809 }, "geometry": { "type": "Point", "coordinates": [ -99.176046628392612, 21.075003608536392 ] } },
{ "type": "Feature", "properties": { "ID_OBRA": "519_Metztitlán", "No.": 519.0, "Municipio": "Metztitlán", "Rubro": "Vialidades Urbanas", "Ejercicio": 2023.0, "Obra": "Construcción de banquetas y guarniciones en camino Acalome- Pilas y Granadas en el municipio de Metztitlan.", "Localidad": "Pilas y Granadas", "Inversión": 856256.8, "Habitantes.beneficiados": 103.0, "Ejecutora": "DGCCE", "Trabajos": "Considera trabajos en la rehabilitación y/o mejoramiento de las vialidades urbanas en la localidad de Pilas y Granadas muncipio de Metztitlán", "Geometria_tipo": "Punto", "extract": -0.6448945306800784 }, "geometry": { "type": "Point", "coordinates": [ -98.68186166622263, 20.469666944595993 ] } },
{ "type": "Feature", "properties": { "ID_OBRA": "524_Metztitlán", "No.": 524.0, "Municipio": "Metztitlán", "Rubro": "Vialidades Urbanas", "Ejercicio": 2023.0, "Obra": "Construcción de Pavimentación Hidráulica en Calle Temazola, en el municipio de Metztitlán.", "Localidad": "Varias", "Inversión": 2985794.92, "Habitantes.beneficiados": null, "Ejecutora": "DGOPI", "Trabajos": "Considera los trabajos de preliminares, piso para pavimento de concreto hidráulico.", "Geometria_tipo": "Punto", "extract": 0.28371443502644744 }, "geometry": { "type": "Point", "coordinates": [ -98.761649, 20.568067 ] } },
{ "type": "Feature", "properties": { "ID_OBRA": "609_Mineral del Monte", "No.": 609.0, "Municipio": "Mineral del Monte", "Rubro": "Vialidades Urbanas", "Ejercicio": 2023.0, "Obra": "Pavimentación de concreto hidráulico San Pedro Huilxoltitla hacia Llano Grande, municipio Mineral del Monte", "Localidad": "San Pedro Huixotitla", "Inversión": 4485809.53, "Habitantes.beneficiados": 2.81, "Ejecutora": "DGCCE", "Trabajos": "Considera los trabajos de preliminares, riego de impregnación, piso para pavimento de concreto hidráulico.", "Geometria_tipo": "Punto", "extract": 0.34050816560290215 }, "geometry": { "type": "Point", "coordinates": [ -98.655991055438307, 20.141759447552413 ] } },
{ "type": "Feature", "properties": { "ID_OBRA": "611_Mixquiahuala de Juárez", "No.": 611.0, "Municipio": "Mixquiahuala de Juárez", "Rubro": "Vialidades Urbanas", "Ejercicio": 2024.0, "Obra": "Pavimentación Calle 2 de Enero, en la localidad La Reforma, municipio de Mixquiahuala.", "Localidad": "La Arboleda", "Inversión": 985979.58, "Habitantes.beneficiados": 1.0, "Ejecutora": "DGIVC", "Trabajos": "Considera los trabajos de preliminares, piso para pavimento de concreto hidráulico.", "Geometria_tipo": "Punto", "extract": 0.44102692763189122 }, "geometry": { "type": "Point", "coordinates": [ -99.171813055888393, 20.228398888528467 ] } },
{ "type": "Feature", "properties": { "ID_OBRA": "632_Nicolás Flores", "No.": 632.0, "Municipio": "Nicolás Flores", "Rubro": "Infraestructura Carretera", "Ejercicio": 2024.0, "Obra": "Construcción de cunetas en vialidad de acceso a Nicolás Flores, en el municipio de Nicolás Flores", "Localidad": "Varias", "Inversión": 189640.73, "Habitantes.beneficiados": null, "Ejecutora": "DGOPI", "Trabajos": "Considera trabajos para la reconstrucción y/o conservación de Infraestructura Carretera en la localidad de Varias municipio de Nicolás Flores", "Geometria_tipo": "Punto", "extract": 0.2077041100293037 }, "geometry": { "type": "Point", "coordinates": [ -99.150774, 20.766579 ] } },
{ "type": "Feature", "properties": { "ID_OBRA": "639_Nopala de Villagrán", "No.": 639.0, "Municipio": "Nopala de Villagrán", "Rubro": "Vialidades Urbanas", "Ejercicio": 2023.0, "Obra": "Construcción de empedrado ahogado de camino San Isidro a colonia Guadalupe El Astillero; en el municipio de Nopala de Villagrán", "Localidad": "San Isidro", "Inversión": 6791259.12, "Habitantes.beneficiados": 9.0, "Ejecutora": "DGIVC", "Trabajos": "Considera trabajos en la rehabilitación y/o mejoramiento de las vialidades urbanas en la localidad de San Isidro muncipio de Nopala de Villagrán", "Geometria_tipo": "Punto", "extract": -0.38015683559197455 }, "geometry": { "type": "Point", "coordinates": [ -99.646058888465248, 20.2564069441515 ] } },
{ "type": "Feature", "properties": { "ID_OBRA": "642_Omitlán de Juárez", "No.": 642.0, "Municipio": "Omitlán de Juárez", "Rubro": "Vialidades Urbanas", "Ejercicio": 2023.0, "Obra": "Pavimentación de concreto hidráulico en la localidad del Comanche, municipio de Omitlán de Juárez", "Localidad": "El Comanche", "Inversión": 967882.91, "Habitantes.beneficiados": 287.0, "Ejecutora": "DGCCE", "Trabajos": "Considera los trabajos de preliminares, riego de impregnación, piso para pavimento de concreto hidráulico.", "Geometria_tipo": "Punto", "extract": -0.10750513719408311 }, "geometry": { "type": "Point", "coordinates": [ -98.632293904303978, 20.204225573750534 ] } },
{ "type": "Feature", "properties": { "ID_OBRA": "649_Omitlán de Juárez", "No.": 649.0, "Municipio": "Omitlán de Juárez", "Rubro": "Vialidades Urbanas", "Ejercicio": 2023.0, "Obra": "Pavimentación de Concreto Hidráulico tramo La Iglesia, en la localidad de Puentecillas; municipio de Omitlán de Juárez", "Localidad": "Puentecillas", "Inversión": 1922864.21, "Habitantes.beneficiados": 452.0, "Ejecutora": "DGCCE", "Trabajos": "Considera los trabajos de preliminares, riego de impregnación, piso para pavimento de concreto hidráulico.", "Geometria_tipo": "Punto", "extract": 0.092833803303866591 }, "geometry": { "type": "Point", "coordinates": [ -98.639033807305836, 20.149993520728518 ] } },
{ "type": "Feature", "properties": { "ID_OBRA": "651_Omitlán de Juárez", "No.": 651.0, "Municipio": "Omitlán de Juárez", "Rubro": "Vialidades Urbanas", "Ejercicio": 2023.0, "Obra": "Pavimentación de concreto hidráulico tramo Velasco el Mirador; municipio de Omitlán de Juárez", "Localidad": "Velasco", "Inversión": 970125.11, "Habitantes.beneficiados": 553.0, "Ejecutora": "DGCCE", "Trabajos": "Considera los trabajos de preliminares, riego de impregnación, piso para pavimento de concreto hidráulico.", "Geometria_tipo": "Punto", "extract": 0.12654748865400989 }, "geometry": { "type": "Point", "coordinates": [ -98.641620074681597, 20.180758303372702 ] } },
{ "type": "Feature", "properties": { "ID_OBRA": "652_Pachuca de Soto", "No.": 652.0, "Municipio": "Pachuca de Soto", "Rubro": "Vialidades Urbanas", "Ejercicio": 2023.0, "Obra": "Pavimentación de Calzada Veracruz a San Bartolo, en la localidad de San Bartolo; en el municipio de Pachuca de Soto.", "Localidad": "Ejido San Bartolo", "Inversión": 5809578.14, "Habitantes.beneficiados": 9.0, "Ejecutora": "DGOPI", "Trabajos": "Considera trabajos en la rehabilitación y/o mejoramiento de las vialidades urbanas en la localidad de Ejido San Bartolo muncipio de Pachuca de Soto", "Geometria_tipo": "Punto", "extract": 0.58083440133368047 }, "geometry": { "type": "Point", "coordinates": [ -98.75617638871617, 20.13751222241822 ] } },
{ "type": "Feature", "properties": { "ID_OBRA": "829_Pachuca de Soto", "No.": 829.0, "Municipio": "Pachuca de Soto", "Rubro": "Infraestructura Carretera", "Ejercicio": 2024.0, "Obra": "Estudio y proyecto para la solución del conflicto vial en el Distribuidor Colonias, en el municipio de Pachuca de Soto", "Localidad": "Pachuca de Soto", "Inversión": 4840110.0, "Habitantes.beneficiados": null, "Ejecutora": "DGEyP", "Trabajos": "Considera los trabajos de estudios viales, proyecto conceptual y proyecto ejecutivo.", "Geometria_tipo": "Punto", "extract": 0.6418959604914598 }, "geometry": { "type": "Point", "coordinates": [ -98.786169414509786, 20.056770066106218 ] } },
{ "type": "Feature", "properties": { "ID_OBRA": "830_Pachuca de Soto", "No.": 830.0, "Municipio": "Pachuca de Soto", "Rubro": "Infraestructura Carretera", "Ejercicio": 2024.0, "Obra": "Estudio y proyecto para la solución del conflicto vial en el Distribuidor Miguel Hidalgo, en el municipio de Pachuca de Soto", "Localidad": "Pachuca de Soto", "Inversión": 6293150.5, "Habitantes.beneficiados": null, "Ejecutora": "DGEyP", "Trabajos": "Considera los trabajos de estudios viales, proyecto conceptual y proyecto ejecutivo.", "Geometria_tipo": "Punto", "extract": 0.55017451414926855 }, "geometry": { "type": "Point", "coordinates": [ -98.763273097544698, 20.100599546266416 ] } },
{ "type": "Feature", "properties": { "ID_OBRA": "831_Pachuca de Soto", "No.": 831.0, "Municipio": "Pachuca de Soto", "Rubro": "Infraestructura Carretera", "Ejercicio": 2024.0, "Obra": "Estudio y proyecto para el Distribuidor vial Centenario de la Revolución, en el municipio de Pachuca de Soto", "Localidad": "Pachuca de Soto", "Inversión": 4840675.0, "Habitantes.beneficiados": null, "Ejecutora": "DGEyP", "Trabajos": "Considera los trabajos de estudios viales, proyecto conceptual y proyecto ejecutivo.", "Geometria_tipo": "Punto", "extract": 0.41127067020661612 }, "geometry": { "type": "Point", "coordinates": [ -98.749528655453886, 20.08969308287104 ] } },
{ "type": "Feature", "properties": { "ID_OBRA": "832_Pachuca de Soto", "No.": 832.0, "Municipio": "Pachuca de Soto", "Rubro": "Infraestructura Carretera", "Ejercicio": 2024.0, "Obra": "Estudio y proyecto para mitigar los riesgos viales en el entorno hospitalario Oriente de Pachuca de Soto", "Localidad": "Pachuca de Soto", "Inversión": 4212988.05, "Habitantes.beneficiados": null, "Ejecutora": "DGEP", "Trabajos": "Considera los trabajos de estudios, proyecto conceptual y proyecto ejecutivo.", "Geometria_tipo": "Punto", "extract": 0.7585369761427837 }, "geometry": { "type": "Point", "coordinates": [ -98.722776370622697, 20.11390702764875 ] } },
{ "type": "Feature", "properties": { "ID_OBRA": "841_Pachuca de Soto", "No.": 841.0, "Municipio": "Pachuca de Soto", "Rubro": "Vialidades Urbanas", "Ejercicio": 2024.0, "Obra": "Pavimentación de concreto hidráulico en Calle Prolongación Rojo Gómez en la Colonia La Loma, en el municipio de Pachuca de Soto", "Localidad": "Pachuca de Soto", "Inversión": 16370545.15, "Habitantes.beneficiados": null, "Ejecutora": "DGIVC", "Trabajos": "Considera los trabajos de preliminares, riego de impregnación, piso para pavimento de concreto hidráulico.", "Geometria_tipo": "Punto", "extract": 0.42688560973924211 }, "geometry": { "type": "Point", "coordinates": [ -98.800819996645501, 20.127898740932238 ] } },
{ "type": "Feature", "properties": { "ID_OBRA": "860_Pachuca de Soto", "No.": 860.0, "Municipio": "Pachuca de Soto", "Rubro": "Vialidades Urbanas", "Ejercicio": 2024.0, "Obra": "Pavimentación asfáltica de Av. de la Plata y Av. de Las Torres, en la Colonia El Palmar, municipio de Pachuca de Soto", "Localidad": "Pachuca de Soto", "Inversión": 2826136.34, "Habitantes.beneficiados": null, "Ejecutora": "DGCCE", "Trabajos": "Considera los trabajos de capa subbase, riego de impregnación, suministro y aplicación de riego de liga con emulsión asfáltica", "Geometria_tipo": "Punto", "extract": 0.49012000101056874 }, "geometry": { "type": "Point", "coordinates": [ -98.783416666666653, 20.117055555555552 ] } },
{ "type": "Feature", "properties": { "ID_OBRA": "920_Pachuca de Soto", "No.": 920.0, "Municipio": "Pachuca de Soto", "Rubro": "Vialidades Urbanas", "Ejercicio": 2023.0, "Obra": "Construcción de pavimentación en calle Topacio, colonia Punta Kristal, Pachuca, Hgo.", "Localidad": "Varias", "Inversión": 1007674.91, "Habitantes.beneficiados": null, "Ejecutora": "DGCCE", "Trabajos": "Considera los trabajos de preliminares, piso para pavimento de concreto hidráulico.", "Geometria_tipo": "Punto", "extract": 0.49289228389379064 }, "geometry": { "type": "Point", "coordinates": [ -98.7788, 20.126857 ] } },
{ "type": "Feature", "properties": { "ID_OBRA": "921_Pachuca de Soto", "No.": 921.0, "Municipio": "Pachuca de Soto", "Rubro": "Vialidades Urbanas", "Ejercicio": 2024.0, "Obra": "Construcción de pavimentación concreto hidráulico en calle Ejido 10, Matilde, municipio de Pachuca de Soto", "Localidad": "Varias", "Inversión": 6437578.42, "Habitantes.beneficiados": null, "Ejecutora": "DGCCE", "Trabajos": "Considera los trabajos de preliminares, riego de impregnación, piso para pavimento de concreto hidráulico.", "Geometria_tipo": "Punto", "extract": 0.67864658486231222 }, "geometry": { "type": "Point", "coordinates": [ -98.803579, 20.036469 ] } },
{ "type": "Feature", "properties": { "ID_OBRA": "923_Pachuca de Soto", "No.": 923.0, "Municipio": "Pachuca de Soto", "Rubro": "Vialidades Urbanas", "Ejercicio": 2024.0, "Obra": "Construcción de pavimentación concreto hidráulico en Calle Colonias, Venecia en el municipio de Pachuca de Soto", "Localidad": "Varias", "Inversión": 2993278.36, "Habitantes.beneficiados": null, "Ejecutora": "DGCCE", "Trabajos": "Considera los trabajos de preliminares, riego de impregnación, piso para pavimento de concreto hidráulico.", "Geometria_tipo": "Punto", "extract": 0.40546807728625767 }, "geometry": { "type": "Point", "coordinates": [ -98.774271, 20.136992 ] } },
{ "type": "Feature", "properties": { "ID_OBRA": "928_Mineral de la Reforma", "No.": 928.0, "Municipio": "Mineral de la Reforma", "Rubro": "Infraestructura Carretera", "Ejercicio": 2024.0, "Obra": "Estudios de impacto ambiental, análisis costo beneficio y diseño de pavimento y geotecnia para la reconstrucción  del boulevard Las Torres, en los municipios de Pachuca de Soto y Mineral de la Reforma.", "Localidad": "Varias", "Inversión": 747051.60504235304, "Habitantes.beneficiados": null, "Ejecutora": "DGEP", "Trabajos": "Considera los estudios y proyecto ejecutivo.", "Geometria_tipo": "Punto", "extract": 0.41489236760595105 }, "geometry": { "type": "Point", "coordinates": [ -98.773507, 20.035854 ] } },
{ "type": "Feature", "properties": { "ID_OBRA": "928_Pachuca de Soto", "No.": 928.0, "Municipio": "Pachuca de Soto", "Rubro": "Infraestructura Carretera", "Ejercicio": 2024.0, "Obra": "Estudios de impacto ambiental, análisis costo beneficio y diseño de pavimento y geotecnia para la reconstrucción  del boulevard Las Torres, en los municipios de Pachuca de Soto y Mineral de la Reforma.", "Localidad": "Varias", "Inversión": 1158188.0949576499, "Habitantes.beneficiados": null, "Ejecutora": "DGEP", "Trabajos": "Considera los estudios y proyecto ejecutivo.", "Geometria_tipo": "Punto", "extract": 0.57663072231303925 }, "geometry": { "type": "Point", "coordinates": [ -98.792654250035099, 20.039530553007939 ] } },
{ "type": "Feature", "properties": { "ID_OBRA": "929_Mineral de la Reforma", "No.": 929.0, "Municipio": "Mineral de la Reforma", "Rubro": "Infraestructura Carretera", "Ejercicio": 2024.0, "Obra": "Estudios de impacto ambiental y análisis costo beneficio para la continuación de la construcción de la vialidad y el encauzamiento del río de las avenidas, municipio de Mineral de la Reforma", "Localidad": "Varias", "Inversión": 1130154.9883225199, "Habitantes.beneficiados": null, "Ejecutora": "DGEP", "Trabajos": "Considera los estudios y proyecto ejecutivo.", "Geometria_tipo": "Punto", "extract": 0.25834711434444962 }, "geometry": { "type": "Point", "coordinates": [ -98.753868, 20.047603 ] } },
{ "type": "Feature", "properties": { "ID_OBRA": "929_Pachuca de Soto", "No.": 929.0, "Municipio": "Pachuca de Soto", "Rubro": "Infraestructura Carretera", "Ejercicio": 2024.0, "Obra": "Estudios de impacto ambiental y análisis costo beneficio para la continuación de la construcción de la vialidad y el encauzamiento del río de las avenidas, municipio de Mineral de la Reforma", "Localidad": "Varias", "Inversión": 1752130.70167748, "Habitantes.beneficiados": null, "Ejecutora": "DGEP", "Trabajos": "Considera los estudios y proyecto ejecutivo.", "Geometria_tipo": "Punto", "extract": 0.2681848861594831 }, "geometry": { "type": "Point", "coordinates": [ -98.75365562213139, 20.04935317187908 ] } },
{ "type": "Feature", "properties": { "ID_OBRA": "948_Pisaflores", "No.": 948.0, "Municipio": "Pisaflores", "Rubro": "Infraestructura Carretera", "Ejercicio": 2023.0, "Obra": "Construcción de muros de contención en el camino rural Pisaflores - El Nogal - La Minita, municipio de Pisaflores", "Localidad": "Varias", "Inversión": 516977.42, "Habitantes.beneficiados": null, "Ejecutora": "DGOPI", "Trabajos": "Considera en los trabajos la construcción de muros de contención en camino rural Pisaflores.", "Geometria_tipo": "Punto", "extract": 0.89437936444651056 }, "geometry": { "type": "Point", "coordinates": [ -99.04876, 21.223174 ] } },
{ "type": "Feature", "properties": { "ID_OBRA": "951_Pisaflores", "No.": 951.0, "Municipio": "Pisaflores", "Rubro": "Infraestructura Carretera", "Ejercicio": 2024.0, "Obra": "Construcción de pavimento tramo Tripuente a Chalahuite, en el municipio de Pisaflores.", "Localidad": "Varias", "Inversión": 3928301.05, "Habitantes.beneficiados": null, "Ejecutora": "DGIVC", "Trabajos": "Considera los trabajos de preliminares y pavimento en el municipio de Pisaflores.", "Geometria_tipo": "Punto", "extract": 0.64621834632571629 }, "geometry": { "type": "Point", "coordinates": [ -98.949778, 21.244669 ] } },
{ "type": "Feature", "properties": { "ID_OBRA": "952_Progreso de Obregón", "No.": 952.0, "Municipio": "Progreso de Obregón", "Rubro": "Vialidades Urbanas", "Ejercicio": 2024.0, "Obra": "Pavimentación del acceso a la Col. La Peña, en la comunidad de El Jardin, municipio de Progreso de Obregón", "Localidad": "El Jardín (Colonia)", "Inversión": 9025731.51, "Habitantes.beneficiados": 229.0, "Ejecutora": "DGCCE", "Trabajos": "Considera trabajos en la rehabilitación y/o mejoramiento de las vialidades urbanas en la localidad de El Jardín (Colonia) muncipio de Progreso de Obregón", "Geometria_tipo": "Punto", "extract": 0.13012004657602416 }, "geometry": { "type": "Point", "coordinates": [ -99.211055930117013, 20.347954365494111 ] } },
{ "type": "Feature", "properties": { "ID_OBRA": "962_San Agustín Metzquititlán", "No.": 962.0, "Municipio": "San Agustín Metzquititlán", "Rubro": "Infraestructura Carretera", "Ejercicio": 2025.0, "Obra": "Pavimentación asfáltica del camino El Carrizo - La Peña - Veladero - Agua Bendita, en el municipio de San Agustín Metzquititlán", "Localidad": "San Agustín Meztquititlán", "Inversión": 13342438.04, "Habitantes.beneficiados": null, "Ejecutora": "SIPDUS", "Trabajos": null, "Geometria_tipo": "Punto", "extract": -0.97923585805706637 }, "geometry": { "type": "Point", "coordinates": [ -98.640388, 20.435093 ] } },
{ "type": "Feature", "properties": { "ID_OBRA": "1_Acatlán", "No.": 1.0, "Municipio": "Acatlán", "Rubro": "Vialidades Urbanas", "Ejercicio": 2023.0, "Obra": "Construcción de pavimento hidráulico en Las Palmas; en el municipio de Acatlán.", "Localidad": "Acatlán", "Inversión": 1296728.82, "Habitantes.beneficiados": 439.0, "Ejecutora": "DGOPI", "Trabajos": "Considera los trabajos de preliminares, piso para pavimento de concreto hidráulico.", "Geometria_tipo": "Punto", "extract": 0.40826401009154356 }, "geometry": { "type": "Point", "coordinates": [ -98.396390931724895, 20.135441264291401 ] } },
{ "type": "Feature", "properties": { "ID_OBRA": "10_Acaxochitlán", "No.": 10.0, "Municipio": "Acaxochitlán", "Rubro": "Vialidades Urbanas", "Ejercicio": 2023.0, "Obra": "Pavimentación de concreto hidráulico en calle principal en la localidad de Coyametepec, en el municipio de Acaxochitlán.", "Localidad": "Coyametepec", "Inversión": 5617050.59, "Habitantes.beneficiados": 784.0, "Ejecutora": "DGIVC", "Trabajos": "Considera los trabajos de preliminares, riego de impregnación, piso para pavimento de concreto hidráulico.", "Geometria_tipo": "Punto", "extract": 0.65788639930291626 }, "geometry": { "type": "Point", "coordinates": [ -98.198121040781103, 20.114765393928892 ] } },
{ "type": "Feature", "properties": { "ID_OBRA": "1004_San Bartolo Tutotepec", "No.": 1004.0, "Municipio": "San Bartolo Tutotepec", "Rubro": "Infraestructura Carretera", "Ejercicio": 2025.0, "Obra": "Obra complementaria para la construcción de puente en camino de acceso principal a la localidad El Piñal, San Bartolo Tutotepec", "Localidad": "El Piñal", "Inversión": 11000000.0, "Habitantes.beneficiados": null, "Ejecutora": "SIPDUS", "Trabajos": null, "Geometria_tipo": "Punto", "extract": 0.26572116008642432 }, "geometry": { "type": "Point", "coordinates": [ -98.17834619108713, 20.518823062730224 ] } },
{ "type": "Feature", "properties": { "ID_OBRA": "1037_San Salvador", "No.": 1037.0, "Municipio": "San Salvador", "Rubro": "Vialidades Urbanas", "Ejercicio": 2022.0, "Obra": "Construcción de pavimentación asfáltica de calle La Capilla, El Mothe, municipio de San Salvador", "Localidad": "El Mothe", "Inversión": 995809.46, "Habitantes.beneficiados": 483.0, "Ejecutora": "DGCCE", "Trabajos": "Considera los trabajos de capa subbase, riego de impregnación, suministro y aplicación de riego de liga con emulsión asfáltica", "Geometria_tipo": "Punto", "extract": 0.20045649303238777 }, "geometry": { "type": "Point", "coordinates": [ -99.150359944803, 20.403348027399296 ] } },
{ "type": "Feature", "properties": { "ID_OBRA": "105_Atlapexco", "No.": 105.0, "Municipio": "Atlapexco", "Rubro": "Infraestructura Carretera", "Ejercicio": 2023.0, "Obra": "Construcción de muros de contención en la comunidad de Tecolotitla; en el municipio de Atlapexco", "Localidad": "Tecolotitla", "Inversión": 15735167.26, "Habitantes.beneficiados": 969.0, "Ejecutora": "DGCCE", "Trabajos": "Considera en los trabajos la construcción de muros de contención en la Localidad de Tecolotitla.", "Geometria_tipo": "Punto", "extract": 0.27621660659121677 }, "geometry": { "type": "Point", "coordinates": [ -98.366239405745659, 21.010505064656588 ] } },
{ "type": "Feature", "properties": { "ID_OBRA": "1116_Tenango de Doria", "No.": 1116.0, "Municipio": "Tenango de Doria", "Rubro": "Infraestructura Carretera", "Ejercicio": 2023.0, "Obra": "Pavimentación del tramo carretero San Pablo El Grande, entronque a San Nicolás", "Localidad": "San Nicolás", "Inversión": 5805881.39, "Habitantes.beneficiados": 793.0, "Ejecutora": "DGCCE", "Trabajos": "considera los trabajos de terracerías, estabilización, riego de impregnación, carpeta de concreto asfáltico, cunetas, señalamiento horizontal", "Geometria_tipo": "Punto", "extract": 0.72466566907234997 }, "geometry": { "type": "Point", "coordinates": [ -98.164690939346485, 20.36013108959208 ] } },
{ "type": "Feature", "properties": { "ID_OBRA": "1136_Tepeapulco", "No.": 1136.0, "Municipio": "Tepeapulco", "Rubro": "Vialidades Urbanas", "Ejercicio": 2023.0, "Obra": "Pavimentación asfáltica del Corredor Industrial.", "Localidad": "Fray Bernardino de Sahagún (Ciudad Sahagún)", "Inversión": 7024993.96, "Habitantes.beneficiados": null, "Ejecutora": "DGCCE", "Trabajos": "Considera los trabajos de capa subbase, riego de impregnación, suministro y aplicación de riego de liga con emulsión asfáltica", "Geometria_tipo": "Punto", "extract": 0.47752386318386469 }, "geometry": { "type": "Point", "coordinates": [ -98.5938133636391, 19.7582897023009 ] } },
{ "type": "Feature", "properties": { "ID_OBRA": "115_Atotonilco el Grande", "No.": 115.0, "Municipio": "Atotonilco el Grande", "Rubro": "Vialidades Urbanas", "Ejercicio": 2023.0, "Obra": "Construcción de pavimento hidráulico en calle Los Fresnos; en el municipio de Atotonilco el Grande.", "Localidad": "La Puebla", "Inversión": 1846466.22, "Habitantes.beneficiados": 1195.0, "Ejecutora": "DGCCE", "Trabajos": "Considera los trabajos de preliminares, piso para pavimento de concreto hidráulico.", "Geometria_tipo": "Punto", "extract": 0.20917888152982012 }, "geometry": { "type": "Point", "coordinates": [ -98.663105826189295, 20.273147679711396 ] } },
{ "type": "Feature", "properties": { "ID_OBRA": "1168_Tepehuacán de Guerrero", "No.": 1168.0, "Municipio": "Tepehuacán de Guerrero", "Rubro": "Infraestructura Carretera", "Ejercicio": 2024.0, "Obra": "Construcción de pavimentación hidráulica acceso a Zacualtipanito, en el municipio de Tepehuacán de Guerrero", "Localidad": "Zacualtipanito", "Inversión": 5736174.53, "Habitantes.beneficiados": 1640.0, "Ejecutora": "DGOPI", "Trabajos": "Considera los trabajos de preliminares y pavimento hidráulico.", "Geometria_tipo": "Punto", "extract": 0.80404933968990899 }, "geometry": { "type": "Point", "coordinates": [ -98.801539503667442, 21.151896662182246 ] } },
{ "type": "Feature", "properties": { "ID_OBRA": "117_Atotonilco el Grande", "No.": 117.0, "Municipio": "Atotonilco el Grande", "Rubro": "Infraestructura Carretera", "Ejercicio": 2024.0, "Obra": "Construye Tu Camino del tramo Camino de la Región de Comunidades Unidas, en el Municipio de Atotonilco el Grande", "Localidad": "Paraje de Los Sauces", "Inversión": 6200000.0, "Habitantes.beneficiados": 1350.0, "Ejecutora": "DGCCE", "Trabajos": "Considera los trabajos de construcción de huellas de concreto hidráulico y empedrado en la localidad, el cual consta de terracerías y pisos de concreto.", "Geometria_tipo": "Punto", "extract": -0.24598629336783212 }, "geometry": { "type": "Point", "coordinates": [ -98.587867526346201, 20.367996619864201 ] } },
{ "type": "Feature", "properties": { "ID_OBRA": "1172_Tepeji del Río de Ocampo", "No.": 1172.0, "Municipio": "Tepeji del Río de Ocampo", "Rubro": "Infraestructura Carretera", "Ejercicio": 2023.0, "Obra": "Pavimentación de acceso al COBAEH de San Ildefonso, en el municipio de Tepeji del Río.", "Localidad": "San Ildefonso", "Inversión": 23784128.13, "Habitantes.beneficiados": 4231.0, "Ejecutora": "DGCCE", "Trabajos": "Se consideran trabajos de revestimiento, cunetas y limpieza de cunetas.", "Geometria_tipo": "Punto", "extract": 0.57213971439273825 }, "geometry": { "type": "Point", "coordinates": [ -99.368320207256488, 19.994574724894949 ] } },
{ "type": "Feature", "properties": { "ID_OBRA": "118_Atotonilco el Grande", "No.": 118.0, "Municipio": "Atotonilco el Grande", "Rubro": "Vialidades Urbanas", "Ejercicio": 2024.0, "Obra": "Construcción de pavimento hidráulico en calle La Piaña, Santa María Amajac; en el municipio de Atotonilco el  Grande.", "Localidad": "Santa María Amajac", "Inversión": 2475805.88, "Habitantes.beneficiados": 1510.0, "Ejecutora": "DGCCE", "Trabajos": "Considera los trabajos de preliminares, piso para pavimento de concreto hidráulico.", "Geometria_tipo": "Punto", "extract": -0.050968411909210053 }, "geometry": { "type": "Point", "coordinates": [ -98.740923735926998, 20.323822035581003 ] } },
{ "type": "Feature", "properties": { "ID_OBRA": "1189_Tezontepec de Aldama", "No.": 1189.0, "Municipio": "Tezontepec de Aldama", "Rubro": "Infraestructura Carretera", "Ejercicio": 2023.0, "Obra": "Construye Tu Camino en la localidad de Santa María Nativitas Atengo, en el municipio de Tezontepec de Aldama.", "Localidad": "Atengo", "Inversión": 3756847.1, "Habitantes.beneficiados": 300.0, "Ejecutora": "DGCCE", "Trabajos": "Considera los trabajos de construcción de huellas de concreto hidráulico y empedrado en la localidad, el cual consta de terracerías y pisos de concreto.", "Geometria_tipo": "Punto", "extract": 0.4266829926098375 }, "geometry": { "type": "Point", "coordinates": [ -99.32441795282125, 20.171759278557062 ] } },
{ "type": "Feature", "properties": { "ID_OBRA": "1193_Tezontepec de Aldama", "No.": 1193.0, "Municipio": "Tezontepec de Aldama", "Rubro": "Vialidades Urbanas", "Ejercicio": 2023.0, "Obra": "Pavimentación de concreto hidráulico y construcción de línea de alcantarillado sanitario, en calle de Acceso al Banco Bienestar, en el municipio de Tezontepec de Aldama", "Localidad": "Presas", "Inversión": 2326969.29, "Habitantes.beneficiados": 7798.0, "Ejecutora": "DGIVC", "Trabajos": "Considera los trabajos de preliminares, riego de impregnación, piso para pavimento de concreto hidráulico.", "Geometria_tipo": "Punto", "extract": 0.46575068959307553 }, "geometry": { "type": "Point", "coordinates": [ -99.271699677603394, 20.192489994879704 ] } },
{ "type": "Feature", "properties": { "ID_OBRA": "12_Acaxochitlán", "No.": 12.0, "Municipio": "Acaxochitlán", "Rubro": "Vialidades Urbanas", "Ejercicio": 2022.0, "Obra": "Pavimentación con concreto hidráulico en calle de acceso principal a la comunidad de Paredones, municipio de Acaxochitlán", "Localidad": "Paredones Huitzilingo", "Inversión": 4759706.47, "Habitantes.beneficiados": 5113.0, "Ejecutora": "DGIVC", "Trabajos": "Considera los trabajos de preliminares, riego de impregnación, piso para pavimento de concreto hidráulico.", "Geometria_tipo": "Punto", "extract": 0.53149942710045284 }, "geometry": { "type": "Point", "coordinates": [ -98.155107351683199, 20.138719675380099 ] } },
{ "type": "Feature", "properties": { "ID_OBRA": "120_Calnali", "No.": 120.0, "Municipio": "Calnali", "Rubro": "Infraestructura Carretera", "Ejercicio": 2024.0, "Obra": "Construcción de muro de contención de la C.E. Ixtlahuaco - Calnali, Ahuacatlán, municipio de Calnali", "Localidad": "Ahuacatlán", "Inversión": 2364543.41, "Habitantes.beneficiados": 821.0, "Ejecutora": "DGOPI", "Trabajos": "Considera en los trabajos la construcción de muros de contención en la Localidad de Ahuacatlán.", "Geometria_tipo": "Punto", "extract": 0.21154038313416376 }, "geometry": { "type": "Point", "coordinates": [ -98.64426347868384, 20.883389299901971 ] } },
{ "type": "Feature", "properties": { "ID_OBRA": "1207_Tizayuca", "No.": 1207.0, "Municipio": "Tizayuca", "Rubro": "Vialidades Urbanas", "Ejercicio": 2024.0, "Obra": "Construcción de calle en la localidad de Tepojaco, en el municipio de Tizayuca", "Localidad": "Tepojaco", "Inversión": 3191190.19, "Habitantes.beneficiados": 8361.0, "Ejecutora": "DGOPI", "Trabajos": "Considera los trabajos de preliminares, piso para pavimento de concreto hidráulico.", "Geometria_tipo": "Punto", "extract": 0.40832467920376825 }, "geometry": { "type": "Point", "coordinates": [ -98.92702703101692, 19.845718926543 ] } },
{ "type": "Feature", "properties": { "ID_OBRA": "1223_Tlahuiltepa", "No.": 1223.0, "Municipio": "Tlahuiltepa", "Rubro": "Vialidades Urbanas", "Ejercicio": 2022.0, "Obra": "Construcción de pavimentación hidráulica acceso principal en la localidad de San Andrés Miraflores, municipio de Tlahuiltepa", "Localidad": "San Andrés Miraflores", "Inversión": 991756.8, "Habitantes.beneficiados": 306.0, "Ejecutora": "DGCCE", "Trabajos": "Considera los trabajos de preliminares, riego de impregnación, piso para pavimento de concreto Hidráulico, en la localidad de San Andrés Miraflores municipio de  Tlahuiltepa", "Geometria_tipo": "Punto", "extract": 0.46369648924558265 }, "geometry": { "type": "Point", "coordinates": [ -99.000956409852805, 20.802389578058499 ] } },
{ "type": "Feature", "properties": { "ID_OBRA": "1232_Tlanalapa", "No.": 1232.0, "Municipio": "Tlanalapa", "Rubro": "Vialidades Urbanas", "Ejercicio": 2023.0, "Obra": "Pavimentación asfáltica de calle Insurgentes Oriente - Niños Héroes Sur, municipio de Tlanalapa", "Localidad": "Tlanalapa", "Inversión": 3562166.35, "Habitantes.beneficiados": 8062.0, "Ejecutora": "DGOPI", "Trabajos": "Considera los trabajos de capa subbase, riego de impregnación, suministro y aplicación de riego de liga con emulsión asfáltica", "Geometria_tipo": "Punto", "extract": 0.27636965635299499 }, "geometry": { "type": "Point", "coordinates": [ -98.602969242197219, 19.812299313090801 ] } },
{ "type": "Feature", "properties": { "ID_OBRA": "124_Calnali", "No.": 124.0, "Municipio": "Calnali", "Rubro": "Infraestructura Carretera", "Ejercicio": 2024.0, "Obra": "Construcción de muro de contención y obra de drenaje en la C.E. Huazalingo - Calnali (Calnali - San Andrés - Santa Lucia), San Andrés, municipio de Calnali", "Localidad": "San Andrés (San Andrés Chichayotla)", "Inversión": 3149889.61, "Habitantes.beneficiados": 1355.0, "Ejecutora": "DGCCE", "Trabajos": "Considera en los trabajos la construcción de muros de contención en la Localidad de San Andrés (San Andrés Chichayotla).", "Geometria_tipo": "Punto", "extract": 0.029171495839302539 }, "geometry": { "type": "Point", "coordinates": [ -98.568302340601434, 20.926077043526387 ] } },
{ "type": "Feature", "properties": { "ID_OBRA": "135_Cardonal", "No.": 135.0, "Municipio": "Cardonal", "Rubro": "Infraestructura Carretera", "Ejercicio": 2023.0, "Obra": "Construcción de Pavimentación Hidráulica con roderas, en la localidad de Cuesta Blanca municipio de Cardonal.", "Localidad": "Cuesta Blanca", "Inversión": 3032096.67, "Habitantes.beneficiados": 270.0, "Ejecutora": "DGOPI", "Trabajos": "Considera los trabajos de preliminares y pavimento hidráulico.", "Geometria_tipo": "Punto", "extract": -0.31030978263372166 }, "geometry": { "type": "Point", "coordinates": [ -98.991865277936014, 20.479054648910601 ] } },
{ "type": "Feature", "properties": { "ID_OBRA": "1354_Villa de Tezontepec", "No.": 1354.0, "Municipio": "Villa de Tezontepec", "Rubro": "Infraestructura Carretera", "Ejercicio": 2024.0, "Obra": "Estudios de prefactibilidad para la construcción de las Obras de Protección margen izquierda del Río de las Avenidas, tramo ubicado dentro del Parque Industrial PLATAH.", "Localidad": "Platah (Parque Industrial)", "Inversión": 1265852.4, "Habitantes.beneficiados": 4978.0, "Ejecutora": "DGEP", "Trabajos": "Considera los estudios y proyecto ejecutivo.", "Geometria_tipo": "Punto", "extract": 0.093034746971229321 }, "geometry": { "type": "Point", "coordinates": [ -98.840395092980557, 19.909928780806307 ] } },
{ "type": "Feature", "properties": { "ID_OBRA": "136_Cardonal", "No.": 136.0, "Municipio": "Cardonal", "Rubro": "Vialidades Urbanas", "Ejercicio": 2022.0, "Obra": "Construcción de pavimento de concreto hidráulico en el municipio de Cardonal en la localidad del Bingu, en diferentes calles", "Localidad": "El Bingu", "Inversión": 1307947.47, "Habitantes.beneficiados": 1065.0, "Ejecutora": "DGIVC", "Trabajos": "Considera los trabajos de preliminares, riego de impregnación, piso para pavimento de concreto hidráulico.", "Geometria_tipo": "Punto", "extract": -0.44002482616526528 }, "geometry": { "type": "Point", "coordinates": [ -99.142191521717507, 20.587077549312099 ] } },
{ "type": "Feature", "properties": { "ID_OBRA": "1365_Xochiatipan", "No.": 1365.0, "Municipio": "Xochiatipan", "Rubro": "Infraestructura Carretera", "Ejercicio": 2024.0, "Obra": "Construcción de muro de contensión C.E. Ohuatipa - Iztazoquico, municipio de Xochiatipan", "Localidad": "Ohuatipa", "Inversión": 2932224.27, "Habitantes.beneficiados": 2305.0, "Ejecutora": "DGCCE", "Trabajos": "Considera en los trabajos la construcción de muros de contención en la Localidad de Ohuatipa.", "Geometria_tipo": "Punto", "extract": 0.15187595840890111 }, "geometry": { "type": "Point", "coordinates": [ -98.26484788219102, 20.907567747416394 ] } },
{ "type": "Feature", "properties": { "ID_OBRA": "1367_Xochiatipan", "No.": 1367.0, "Municipio": "Xochiatipan", "Rubro": "Infraestructura Carretera", "Ejercicio": 2024.0, "Obra": "Estudio y proyecto para la construcción del puente vehicular en la localidad de Ohuatipa, en el municipio de Xochiatipán.", "Localidad": "Ohuatipa", "Inversión": 3990964.13, "Habitantes.beneficiados": null, "Ejecutora": "DGEP", "Trabajos": "Considera los trabajos de estudios viales, proyecto conceptual y proyecto ejecutivo.", "Geometria_tipo": "Punto", "extract": 0.16042940372512871 }, "geometry": { "type": "Point", "coordinates": [ -98.26244904554278, 20.89276679902304 ] } },
{ "type": "Feature", "properties": { "ID_OBRA": "1391_Yahualica", "No.": 1391.0, "Municipio": "Yahualica", "Rubro": "Infraestructura Carretera", "Ejercicio": 2024.0, "Obra": "Construcción de muro de contención en la localidad El Arenal, en el municipio de Yahualica.", "Localidad": "El Arenal", "Inversión": 17645022.9, "Habitantes.beneficiados": 596.0, "Ejecutora": "DGCCE", "Trabajos": "Considera en los trabajos la construcción de muros de contención en la Localidad de El Arenal.", "Geometria_tipo": "Punto", "extract": 0.42843949974827761 }, "geometry": { "type": "Point", "coordinates": [ -98.386871590731786, 20.909386443064161 ] } },
{ "type": "Feature", "properties": { "ID_OBRA": "1406_Zacualtipán de Ángeles", "No.": 1406.0, "Municipio": "Zacualtipán de Ángeles", "Rubro": "Infraestructura Carretera", "Ejercicio": 2024.0, "Obra": "Construcción de pavimento hidráulico en caminos municipales de Atopixco, en el municipio de Zacualtipán de Ángeles", "Localidad": "Atopixco", "Inversión": 4840020.4, "Habitantes.beneficiados": 1237.0, "Ejecutora": "DGIVC", "Trabajos": "Considera los trabajos de preliminares, piso para pavimento de concreto hidráulico.", "Geometria_tipo": "Punto", "extract": -0.20610944031384387 }, "geometry": { "type": "Point", "coordinates": [ -98.608503478029505, 20.60158476643165 ] } },
{ "type": "Feature", "properties": { "ID_OBRA": "1410_Zacualtipán de Ángeles", "No.": 1410.0, "Municipio": "Zacualtipán de Ángeles", "Rubro": "Infraestructura Carretera", "Ejercicio": 2024.0, "Obra": "Pavimentación hidráulica del C.R. Matatlán - Tzincoatlán, en el municipio de Zacualtipán de Ángeles", "Localidad": "Matatlán", "Inversión": 1469789.6, "Habitantes.beneficiados": 688.0, "Ejecutora": "DGOPI", "Trabajos": "Considera los trabajos de preliminares y pavimento hidráulico.", "Geometria_tipo": "Punto", "extract": 0.079010135293280728 }, "geometry": { "type": "Point", "coordinates": [ -98.561709863920129, 20.632076932222034 ] } },
{ "type": "Feature", "properties": { "ID_OBRA": "1411_Zacualtipán de Ángeles", "No.": 1411.0, "Municipio": "Zacualtipán de Ángeles", "Rubro": "Infraestructura Carretera", "Ejercicio": 2024.0, "Obra": "Pavimentación del C.R. Acceso a Tizapan, en el municipio de Zacualtipán de Ángeles", "Localidad": "Tizapan", "Inversión": 14522918.28, "Habitantes.beneficiados": 860.0, "Ejecutora": "DGCCE", "Trabajos": "Considera los trabajos de cortes y terraplenes, material de subrasante y terraplén, base hidráulica, riego de impregnación, concreto hidráulico, drenes, cunetas, obras de drenaje, señalamiento horizontal", "Geometria_tipo": "Punto", "extract": -0.098164917897370169 }, "geometry": { "type": "Point", "coordinates": [ -98.607651607309748, 20.630696480789204 ] } },
{ "type": "Feature", "properties": { "ID_OBRA": "1414_Zacualtipán de Ángeles", "No.": 1414.0, "Municipio": "Zacualtipán de Ángeles", "Rubro": "Infraestructura Carretera", "Ejercicio": 2024.0, "Obra": "Pavimentación hidráulica del C.R. Tzincoatlán - E.C. (Santo Domingo - Tlahuelompa), en el municipio de Zacualtipán de Ángeles", "Localidad": "Tzincoatlán", "Inversión": 1460445.0, "Habitantes.beneficiados": 1831.0, "Ejecutora": "DGOPI", "Trabajos": "Considera los trabajos de preliminares y pavimento hidráulico.", "Geometria_tipo": "Punto", "extract": 0.0054361370591469891 }, "geometry": { "type": "Point", "coordinates": [ -98.580669441851143, 20.63811477030508 ] } },
{ "type": "Feature", "properties": { "ID_OBRA": "1424_Zacualtipán de Ángeles", "No.": 1424.0, "Municipio": "Zacualtipán de Ángeles", "Rubro": "Infraestructura Carretera", "Ejercicio": 2024.0, "Obra": "Construye Tu Camino del tramo Barrio de Lagunillas a la Cabecera Municipal, en el municipio de Zacualtipán de Ángeles.", "Localidad": "Zacualtipán", "Inversión": 7800000.0, "Habitantes.beneficiados": null, "Ejecutora": "DGCCE", "Trabajos": "Considera los trabajos de construcción de huellas de concreto hidráulico y empedrado en la localidad, el cual consta de terracerías y pisos de concreto.", "Geometria_tipo": "Punto", "extract": -0.11907747332318187 }, "geometry": { "type": "Point", "coordinates": [ -98.666981848576356, 20.59866214885249 ] } },
{ "type": "Feature", "properties": { "ID_OBRA": "146_Cardonal", "No.": 146.0, "Municipio": "Cardonal", "Rubro": "Infraestructura Carretera", "Ejercicio": 2023.0, "Obra": "Pavimentación asfáltica del circuito Los Reyes, municipio de Cardonal", "Localidad": "Los Reyes", "Inversión": 3332034.78, "Habitantes.beneficiados": null, "Ejecutora": "DGOPI", "Trabajos": "Considera los trabajos de capa subbase, riego de impregnación, suministro y aplicación de riego de liga con emulsión asfáltica", "Geometria_tipo": "Punto", "extract": -0.11978375497091853 }, "geometry": { "type": "Point", "coordinates": [ -99.118160340999964, 20.61243343700005 ] } },
{ "type": "Feature", "properties": { "ID_OBRA": "1468_Zimapán", "No.": 1468.0, "Municipio": "Zimapán", "Rubro": "Infraestructura Carretera", "Ejercicio": 2024.0, "Obra": "Construcción de pavimentación hidráulica del camino a la mina El Carrizal, en la localidad de El Barrón, municipio de Zimapán", "Localidad": "Barrón", "Inversión": 25468441.92, "Habitantes.beneficiados": 142.0, "Ejecutora": "DGCCE", "Trabajos": "Considera los trabajos de preliminares y pavimento hidráulico.", "Geometria_tipo": "Punto", "extract": 0.54110392386586004 }, "geometry": { "type": "Point", "coordinates": [ -99.41032633864512, 20.766408440898957 ] } },
{ "type": "Feature", "properties": { "ID_OBRA": "147_Cardonal", "No.": 147.0, "Municipio": "Cardonal", "Rubro": "Vialidades Urbanas", "Ejercicio": 2023.0, "Obra": "Pavimentación asfáltica del Circuito Los Reyes, municipio de Cardonal (segunda etapa)", "Localidad": "Los Reyes", "Inversión": 4498496.09, "Habitantes.beneficiados": 339.0, "Ejecutora": "DGOPI", "Trabajos": "Considera los trabajos de capa subbase, riego de impregnación, suministro y aplicación de riego de liga con emulsión asfáltica", "Geometria_tipo": "Punto", "extract": -0.36701195697622324 }, "geometry": { "type": "Point", "coordinates": [ -99.126790978404998, 20.549378678387704 ] } },
{ "type": "Feature", "properties": { "ID_OBRA": "150_Cardonal", "No.": 150.0, "Municipio": "Cardonal", "Rubro": "Vialidades Urbanas", "Ejercicio": 2024.0, "Obra": "Construcción de Pavimentación de Concreto Hidráulico en la localidad de San Antonio Sabanillas, municipio de Cardonal", "Localidad": "San Antonio Sabanillas", "Inversión": 1273173.05, "Habitantes.beneficiados": 532.0, "Ejecutora": "DGCCE", "Trabajos": "Considera los trabajos de preliminares, riego de impregnación, piso para pavimento de concreto hidráulico.", "Geometria_tipo": "Punto", "extract": -0.34442595378608637 }, "geometry": { "type": "Point", "coordinates": [ -99.133142175304897, 20.580452063805392 ] } },
{ "type": "Feature", "properties": { "ID_OBRA": "16_Acaxochitlán", "No.": 16.0, "Municipio": "Acaxochitlán", "Rubro": "Vialidades Urbanas", "Ejercicio": 2023.0, "Obra": "Pavimentación de Concreto Hidráulico en la Calle Principal del Centro, en la Localidad Santa Ana Tzacuala, en el Municipio de Acaxochitlan.", "Localidad": "Santa Ana Tzacuala", "Inversión": 3138550.2, "Habitantes.beneficiados": 4050.0, "Ejecutora": "DGCCE", "Trabajos": "Considera los trabajos de preliminares, riego de impregnación, piso para pavimento de concreto hidráulico.", "Geometria_tipo": "Punto", "extract": 0.73581896705216765 }, "geometry": { "type": "Point", "coordinates": [ -98.206646489048495, 20.194442737787501 ] } },
{ "type": "Feature", "properties": { "ID_OBRA": "161_Chapantongo", "No.": 161.0, "Municipio": "Chapantongo", "Rubro": "Vialidades Urbanas", "Ejercicio": 2023.0, "Obra": "Construcción de concreto hidráulico en acceso a cabecera municipal de Chapantongo", "Localidad": "Chapantongo", "Inversión": 2631574.33, "Habitantes.beneficiados": 2006.0, "Ejecutora": "DGIVC", "Trabajos": "Considera los trabajos de preliminares, riego de impregnación, piso para pavimento de concreto hidráulico.", "Geometria_tipo": "Punto", "extract": -0.21665750703143591 }, "geometry": { "type": "Point", "coordinates": [ -99.412615514796599, 20.285810487789995 ] } },
{ "type": "Feature", "properties": { "ID_OBRA": "165_Chapantongo", "No.": 165.0, "Municipio": "Chapantongo", "Rubro": "Vialidades Urbanas", "Ejercicio": 2023.0, "Obra": "Construcción de pavimentación asfáltica en Chapantongo localidad Puerto Vallarta calle principal.", "Localidad": "Puerto Vallarta", "Inversión": 2937104.4, "Habitantes.beneficiados": 302.0, "Ejecutora": "DGIVC", "Trabajos": "Considera los trabajos de capa subbase, riego de impregnación, suministro y aplicación de riego de liga con emulsión asfáltica", "Geometria_tipo": "Punto", "extract": -0.288583135259879 }, "geometry": { "type": "Point", "coordinates": [ -99.402754963239801, 20.294176072394801 ] } },
{ "type": "Feature", "properties": { "ID_OBRA": "168_Chapulhuacán", "No.": 168.0, "Municipio": "Chapulhuacán", "Rubro": "Infraestructura Carretera", "Ejercicio": 2023.0, "Obra": "Construcción de pavimento hidráulico en la comunidad de Cahuazas, Chapulhuacán.", "Localidad": "Cahuazas (Hacienda de Cahuazas)", "Inversión": 6548100.12, "Habitantes.beneficiados": 793.0, "Ejecutora": "DGCCE", "Trabajos": "Considera los trabajos de preliminares, piso para pavimento de concreto hidráulico.", "Geometria_tipo": "Punto", "extract": 0.98015726578457962 }, "geometry": { "type": "Point", "coordinates": [ -98.854560091263423, 21.140961978434014 ] } },
{ "type": "Feature", "properties": { "ID_OBRA": "174_Chapulhuacán", "No.": 174.0, "Municipio": "Chapulhuacán", "Rubro": "Infraestructura Carretera", "Ejercicio": 2024.0, "Obra": "Construye tu Camino del tramo Palo Verde a entronque San Rafael, en el municipio de Chapuluacan.", "Localidad": "Palo Verde", "Inversión": 7500000.0, "Habitantes.beneficiados": 322.0, "Ejecutora": "DGCCE", "Trabajos": "Considera los trabajos de construcción de huellas de concreto hidráulico y empedrado en la localidad, el cual consta de terracerías y pisos de concreto.", "Geometria_tipo": "Punto", "extract": 0.63977354272160181 }, "geometry": { "type": "Point", "coordinates": [ -98.944072165945016, 21.08387834524925 ] } },
{ "type": "Feature", "properties": { "ID_OBRA": "177_Chilcuautla", "No.": 177.0, "Municipio": "Chilcuautla", "Rubro": "Vialidades Urbanas", "Ejercicio": 2023.0, "Obra": "Construcción de Pavimentación Asfáltica en la localidad de Benito Juárez, municipio de Chilcuautla.", "Localidad": "Benito Juárez (La Rinconada) (Colonia)", "Inversión": 3385163.74, "Habitantes.beneficiados": 513.0, "Ejecutora": "DGIVC", "Trabajos": "Considera los trabajos de capa subbase, riego de impregnación, suministro y aplicación de riego de liga con emulsión asfáltica", "Geometria_tipo": "Punto", "extract": 0.12370477405400782 }, "geometry": { "type": "Point", "coordinates": [ -99.184350968695099, 20.363076553123001 ] } },
{ "type": "Feature", "properties": { "ID_OBRA": "178_Chilcuautla", "No.": 178.0, "Municipio": "Chilcuautla", "Rubro": "Vialidades Urbanas", "Ejercicio": 2023.0, "Obra": "Construcción de pavimentación asfáltica de varias calles de la cabecera municipal, municipio de Chilcuautla", "Localidad": "Chilcuautla", "Inversión": 3946275.51, "Habitantes.beneficiados": 1262.0, "Ejecutora": "DGIVC", "Trabajos": "Considera los trabajos de capa subbase, riego de impregnación, suministro y aplicación de riego de liga con emulsión asfáltica", "Geometria_tipo": "Punto", "extract": 0.36488343426539266 }, "geometry": { "type": "Point", "coordinates": [ -99.230598861245696, 20.328940550281501 ] } },
{ "type": "Feature", "properties": { "ID_OBRA": "180_Chilcuautla", "No.": 180.0, "Municipio": "Chilcuautla", "Rubro": "Vialidades Urbanas", "Ejercicio": 2025.0, "Obra": "Construcción de pavimentación asfáltica en la localidad de Tunititlán, municipio de Chilcuautla", "Localidad": "Chilcuautla", "Inversión": 12755031.69, "Habitantes.beneficiados": null, "Ejecutora": "SIPDUS", "Trabajos": null, "Geometria_tipo": "Punto", "extract": 0.44316214930445957 }, "geometry": { "type": "Point", "coordinates": [ -99.244922852190598, 20.250672710145896 ] } },
{ "type": "Feature", "properties": { "ID_OBRA": "182_Chilcuautla", "No.": 182.0, "Municipio": "Chilcuautla", "Rubro": "Infraestructura Carretera", "Ejercicio": 2023.0, "Obra": "Construcción de pavimentación asfáltica en camino rural al pozo de agua potable en la comunidad de El Bethí; en el municipio del Chilcuautla", "Localidad": "El Bethí", "Inversión": 3204180.06, "Habitantes.beneficiados": 887.0, "Ejecutora": "DGIVC", "Trabajos": "Considera los trabajos de capa subbase, riego de impregnación, suministro y aplicación de riego de liga con emulsión asfáltica", "Geometria_tipo": "Punto", "extract": 0.031367871218491314 }, "geometry": { "type": "Point", "coordinates": [ -99.223828643986224, 20.396001436379933 ] } },
{ "type": "Feature", "properties": { "ID_OBRA": "196_Chilcuautla", "No.": 196.0, "Municipio": "Chilcuautla", "Rubro": "Infraestructura Carretera", "Ejercicio": 2023.0, "Obra": "Construcción de Pavimentación Asfáltica en Camino Rural a Buena Vista en la localidad de Santa Ana  Batha.", "Localidad": "Santa Ana Batha", "Inversión": 3499300.0, "Habitantes.beneficiados": 279.0, "Ejecutora": "DGIVC", "Trabajos": "Considera los trabajos de capa subbase, riego de impregnación, suministro y aplicación de riego de liga con emulsión asfáltica", "Geometria_tipo": "Punto", "extract": 0.1498795700663195 }, "geometry": { "type": "Point", "coordinates": [ -99.187212562163367, 20.371007073454876 ] } },
{ "type": "Feature", "properties": { "ID_OBRA": "199_Chilcuautla", "No.": 199.0, "Municipio": "Chilcuautla", "Rubro": "Infraestructura Carretera", "Ejercicio": 2025.0, "Obra": "Pavimentación asfáltica en camino rural 2 de noviembre y Francisco Villa en la comunidad de Texcatepec, municipio de Chilcuautla", "Localidad": "Texcatepec", "Inversión": 9332971.74, "Habitantes.beneficiados": null, "Ejecutora": "SIPDUS", "Trabajos": null, "Geometria_tipo": "Punto", "extract": 0.33519153047480299 }, "geometry": { "type": "Point", "coordinates": [ -99.233235500654857, 20.327877267650912 ] } },
{ "type": "Feature", "properties": { "ID_OBRA": "2_Acatlán", "No.": 2.0, "Municipio": "Acatlán", "Rubro": "Vialidades Urbanas", "Ejercicio": 2023.0, "Obra": "Construcción de pavimento hidráulico en San Bartolo (El Llano): en el municipio de Acatlán", "Localidad": "Acatlán", "Inversión": 1651326.68, "Habitantes.beneficiados": null, "Ejecutora": "DGOPI", "Trabajos": "Considera los trabajos de preliminares, piso para pavimento de concreto hidráulico.", "Geometria_tipo": "Punto", "extract": -0.30703405934397321 }, "geometry": { "type": "Point", "coordinates": [ -98.457995079679804, 20.2504850390931 ] } },
{ "type": "Feature", "properties": { "ID_OBRA": "203_Chilcuautla", "No.": 203.0, "Municipio": "Chilcuautla", "Rubro": "Vialidades Urbanas", "Ejercicio": 2024.0, "Obra": "Construcción de pavimentación asfáltica en Circuito Sur, en la localidad de Xothí, en el municipio de Chilcuautla.", "Localidad": "Xothi", "Inversión": 4116750.11, "Habitantes.beneficiados": 848.0, "Ejecutora": "DGIVC", "Trabajos": "Considera los trabajos de capa subbase, riego de impregnación, suministro y aplicación de riego de liga con emulsión asfáltica", "Geometria_tipo": "Punto", "extract": 0.099487286581824347 }, "geometry": { "type": "Point", "coordinates": [ -99.172114798496295, 20.403278517117602 ] } },
{ "type": "Feature", "properties": { "ID_OBRA": "235_El Arenal", "No.": 235.0, "Municipio": "El Arenal", "Rubro": "Vialidades Urbanas", "Ejercicio": 2023.0, "Obra": "Construcción de pavimentación asfáltica en el Arenal, localidad Centro Cabecera, Barrio La Capilla, calle Sin Nombre.", "Localidad": "El Arenal", "Inversión": 846200.22, "Habitantes.beneficiados": 3578.0, "Ejecutora": "DGIVC", "Trabajos": "Considera los trabajos de capa subbase, riego de impregnación, suministro y aplicación de riego de liga con emulsión asfáltica", "Geometria_tipo": "Punto", "extract": 0.31344678332307235 }, "geometry": { "type": "Point", "coordinates": [ -98.905495370874206, 20.227093731608999 ] } },
{ "type": "Feature", "properties": { "ID_OBRA": "238_El Arenal", "No.": 238.0, "Municipio": "El Arenal", "Rubro": "Vialidades Urbanas", "Ejercicio": 2023.0, "Obra": "Construcción de pavimentación asfáltica a el panteón, El Meje, municipio de El Arenal", "Localidad": "El Meje", "Inversión": 523519.6, "Habitantes.beneficiados": 1024.0, "Ejecutora": "DGIVC", "Trabajos": "Considera los trabajos de capa subbase, riego de impregnación, suministro y aplicación de riego de liga con emulsión asfáltica", "Geometria_tipo": "Punto", "extract": 0.30387584390531314 }, "geometry": { "type": "Point", "coordinates": [ -98.918757383321903, 20.260378411154996 ] } },
{ "type": "Feature", "properties": { "ID_OBRA": "244_El Arenal", "No.": 244.0, "Municipio": "El Arenal", "Rubro": "Vialidades Urbanas", "Ejercicio": 2023.0, "Obra": "Construcción de pavimentación hidráulica en Ojo de Agua Santa Rosa, Manzana 1, municipio de El Arenal.", "Localidad": "Ojo de Agua Santa Rosa", "Inversión": 1045191.02, "Habitantes.beneficiados": 730.0, "Ejecutora": "DGIVC", "Trabajos": "Considera los trabajos de preliminares, riego de impregnación, piso para pavimento de concreto Hidráulico, en la localidad de Ojo de Agua Santa Rosa municipio de  El Arenal", "Geometria_tipo": "Punto", "extract": 0.11022837654116943 }, "geometry": { "type": "Point", "coordinates": [ -98.839175361523502, 20.167612356348204 ] } },
{ "type": "Feature", "properties": { "ID_OBRA": "254_Eloxochitlán", "No.": 254.0, "Municipio": "Eloxochitlán", "Rubro": "Infraestructura Carretera", "Ejercicio": 2024.0, "Obra": "Construye Tu Camino del tramo al Barrio El Calvario, en el municipio de Eloxochitlan", "Localidad": "Eloxochitlán", "Inversión": 12500000.0, "Habitantes.beneficiados": null, "Ejecutora": "DGCCE", "Trabajos": "Considera los trabajos de construcción de huellas de concreto hidráulico y empedrado en la localidad, el cual consta de terracerías y pisos de concreto.", "Geometria_tipo": "Punto", "extract": 0.57271358841050479 }, "geometry": { "type": "Point", "coordinates": [ -98.812305254360268, 20.75271288231794 ] } },
{ "type": "Feature", "properties": { "ID_OBRA": "255_Eloxochitlán", "No.": 255.0, "Municipio": "Eloxochitlán", "Rubro": "Infraestructura Carretera", "Ejercicio": 2024.0, "Obra": "Construye Tu Camino del tramo Primer puente rumbo al Barrio Pueblo Nuevo, en la localidad de Hualula, en el municipio de Eloxochitlán", "Localidad": "Hualula (San Juan Hualula)", "Inversión": 1786516.55, "Habitantes.beneficiados": 975.0, "Ejecutora": "DGCCE", "Trabajos": "Considera los trabajos de construcción de huellas de concreto hidráulico y empedrado en la localidad, el cual consta de terracerías y pisos de concreto.", "Geometria_tipo": "Punto", "extract": 0.37253750669348895 }, "geometry": { "type": "Point", "coordinates": [ -98.837625980689666, 20.707874262594839 ] } },
{ "type": "Feature", "properties": { "ID_OBRA": "256_Eloxochitlán", "No.": 256.0, "Municipio": "Eloxochitlán", "Rubro": "Infraestructura Carretera", "Ejercicio": 2024.0, "Obra": "Construye Tu Camino del tramo Otatla-Gilo, en el municipio de Eloxochitlán", "Localidad": "Otatla", "Inversión": 9200000.0, "Habitantes.beneficiados": 224.0, "Ejecutora": "DGCCE", "Trabajos": "Considera los trabajos de construcción de huellas de concreto hidráulico y empedrado en la localidad, el cual consta de terracerías y pisos de concreto.", "Geometria_tipo": "Punto", "extract": 0.33603402879236888 }, "geometry": { "type": "Point", "coordinates": [ -98.926771773483893, 20.727753615605955 ] } },
{ "type": "Feature", "properties": { "ID_OBRA": "257_Eloxochitlán", "No.": 257.0, "Municipio": "Eloxochitlán", "Rubro": "Vialidades Urbanas", "Ejercicio": 2023.0, "Obra": "Construcción de pavimentación hidráulica en Barrio Centro, localidad de Gilo", "Localidad": "San Pedro Gilo (Gilo)", "Inversión": 1150676.0, "Habitantes.beneficiados": 194.0, "Ejecutora": "DGCCE", "Trabajos": "Considera los trabajos de preliminares, riego de impregnación, piso para pavimento de concreto Hidráulico, en la localidad de San Pedro Gilo (Gilo) municipio de  Eloxochitlán", "Geometria_tipo": "Punto", "extract": 0.14931542102179801 }, "geometry": { "type": "Point", "coordinates": [ -98.902904008150998, 20.749002444540199 ] } },
{ "type": "Feature", "properties": { "ID_OBRA": "283_Francisco I. Madero", "No.": 283.0, "Municipio": "Francisco I. Madero", "Rubro": "Vialidades Urbanas", "Ejercicio": 2023.0, "Obra": "Construcción de pavimentación asfáltica en calle Almada, barrio El Barroso en la localidad de colonia El Rosario.", "Localidad": "El Rosario (Colonia)", "Inversión": 1770356.56, "Habitantes.beneficiados": 1100.0, "Ejecutora": "DGIVC", "Trabajos": "Considera los trabajos de capa subbase, riego de impregnación, suministro y aplicación de riego de liga con emulsión asfáltica", "Geometria_tipo": "Punto", "extract": 0.09130613992284084 }, "geometry": { "type": "Point", "coordinates": [ -99.040093318066198, 20.254678441052992 ] } },
{ "type": "Feature", "properties": { "ID_OBRA": "302_Huasca de Ocampo", "No.": 302.0, "Municipio": "Huasca de Ocampo", "Rubro": "Infraestructura Carretera", "Ejercicio": 2024.0, "Obra": "Terminación de construcción del libramiento El Peral - Hacienda Hueyapan y ampliación de puente vehicular Puente Blanco a dos carriles, en el municipio de Huasca de Ocampo", "Localidad": "San Juan Hueyapan", "Inversión": 2339733.17, "Habitantes.beneficiados": 205.0, "Ejecutora": "DGOPI", "Trabajos": "Considera los trabajos de preliminares y pavimento hidráulico.", "Geometria_tipo": "Punto", "extract": -0.15224504516224091 }, "geometry": { "type": "Point", "coordinates": [ -98.541891894429156, 20.239500785277102 ] } },
{ "type": "Feature", "properties": { "ID_OBRA": "304_Huasca de Ocampo", "No.": 304.0, "Municipio": "Huasca de Ocampo", "Rubro": "Vialidades Urbanas", "Ejercicio": 2023.0, "Obra": "Construcción de pavimento hidráulico carretera Los Conos - Barrio San Juan en la localidad de Tlaxocoyucan, municipio de Huasca de Ocampo", "Localidad": "Tlaxocoyucan", "Inversión": 2906043.0, "Habitantes.beneficiados": 940.0, "Ejecutora": "DGCCE", "Trabajos": "Considera los trabajos de preliminares, piso para pavimento de concreto hidráulico.", "Geometria_tipo": "Punto", "extract": -0.039975690407080176 }, "geometry": { "type": "Point", "coordinates": [ -98.508718921116994, 20.223336395322701 ] } },
{ "type": "Feature", "properties": { "ID_OBRA": "32_Actopan", "No.": 32.0, "Municipio": "Actopan", "Rubro": "Infraestructura Carretera", "Ejercicio": 2025.0, "Obra": "Pago de afectaciones a predio rustico, tipo de predio (baldío), uso de suelo catastral (clase no edificado), ámbito del predio (rural), propietario Gregoria Hernández Bautista, para la Construcción del Eje Transversal Actopan - Atotonilco", "Localidad": "Actopan", "Inversión": 852279.0, "Habitantes.beneficiados": 1.0, "Ejecutora": "SIP", "Trabajos": "Pago de afectaciones para la Construcción del Eje Transversal Actopan - Atotonilco", "Geometria_tipo": "Punto", "extract": 0.33636914225484771 }, "geometry": { "type": "Point", "coordinates": [ -98.921516793139617, 20.270997360440401 ] } },
{ "type": "Feature", "properties": { "ID_OBRA": "32_Actopan", "No.": 32.0, "Municipio": "Actopan", "Rubro": "Infraestructura Carretera", "Ejercicio": 2025.0, "Obra": "Pago de afectaciones a predio rustico, tipo de predio (baldío), uso de suelo catastral (clase no edificado), ámbito del predio (rural), propietario Gregoria Hernández Bautista, para la Construcción del Eje Transversal Actopan - Atotonilco", "Localidad": "Actopan", "Inversión": 852279.0, "Habitantes.beneficiados": 1.0, "Ejecutora": "SIP", "Trabajos": "Pago de afectaciones para la Construcción del Eje Transversal Actopan - Atotonilco", "Geometria_tipo": "Punto", "extract": 0.32214547578838459 }, "geometry": { "type": "Point", "coordinates": [ -98.689414321029858, 20.290307079735474 ] } },
{ "type": "Feature", "properties": { "ID_OBRA": "325_Huazalingo", "No.": 325.0, "Municipio": "Huazalingo", "Rubro": "Infraestructura Carretera", "Ejercicio": 2022.0, "Obra": "Construcción de Pavimentación hidráulica en la localidad de Chiatipan, municipio de Huazalingo", "Localidad": "Chiatipan", "Inversión": 6475113.67, "Habitantes.beneficiados": 1766.0, "Ejecutora": "DGIVC", "Trabajos": "Considera los trabajos de preliminares y pavimento hidráulico.", "Geometria_tipo": "Punto", "extract": 0.49661697779880998 }, "geometry": { "type": "Point", "coordinates": [ -98.527210896185764, 21.02085108085388 ] } },
{ "type": "Feature", "properties": { "ID_OBRA": "326_Huazalingo", "No.": 326.0, "Municipio": "Huazalingo", "Rubro": "Infraestructura Carretera", "Ejercicio": 2024.0, "Obra": "Rendimientos Financieros para la Construcción de pavimentación de concreto hidráulico Camino Real a Tehuetlán, municipio de Huazalingo.", "Localidad": "Congreso", "Inversión": 10465728.9, "Habitantes.beneficiados": 240.0, "Ejecutora": "DGCCE", "Trabajos": "Considera los trabajos de preliminares, riego de impregnación, piso para pavimento de concreto hidráulico.", "Geometria_tipo": "Punto", "extract": 0.25808216349314356 }, "geometry": { "type": "Point", "coordinates": [ -98.510641956102447, 21.032044230078512 ] } },
{ "type": "Feature", "properties": { "ID_OBRA": "328_Huazalingo", "No.": 328.0, "Municipio": "Huazalingo", "Rubro": "Infraestructura Carretera", "Ejercicio": 2023.0, "Obra": "Construcción de puente vehicular Cuamontax; municipio de Huazalingo.", "Localidad": "Cuamontax", "Inversión": 23832062.25, "Habitantes.beneficiados": 609.0, "Ejecutora": "DGCCE", "Trabajos": "Contemplando los siguientes trabajos excavaciones y estabilización de fondo, base hidráulica, pavimento hidráulico, construcción de puente, cunetas y banquetas y señalamiento horizontal.", "Geometria_tipo": "Punto", "extract": 0.012189807596165517 }, "geometry": { "type": "Point", "coordinates": [ -98.42684935299998, 21.024846708000037 ] } },
{ "type": "Feature", "properties": { "ID_OBRA": "33_Actopan", "No.": 33.0, "Municipio": "Actopan", "Rubro": "Infraestructura Carretera", "Ejercicio": 2025.0, "Obra": "Pago de afectaciones a predio rustico, tipo de predio (baldío), uso de suelo catastral (clase no identificado), ámbito del predio (rural), propietario Tirzo Acosta Hernández, para la Construcción del Eje Transversal Actopan - Atotonilco.", "Localidad": "Actopan", "Inversión": 548881.5, "Habitantes.beneficiados": 1.0, "Ejecutora": "SIP", "Trabajos": "Pago de afectaciones para la Construcción del Eje Transversal Actopan - Atotonilco", "Geometria_tipo": "Punto", "extract": 0.35744790142162763 }, "geometry": { "type": "Point", "coordinates": [ -98.925062015730404, 20.271281316942641 ] } },
{ "type": "Feature", "properties": { "ID_OBRA": "33_Actopan", "No.": 33.0, "Municipio": "Actopan", "Rubro": "Infraestructura Carretera", "Ejercicio": 2025.0, "Obra": "Pago de afectaciones a predio rustico, tipo de predio (baldío), uso de suelo catastral (clase no identificado), ámbito del predio (rural), propietario Tirzo Acosta Hernández, para la Construcción del Eje Transversal Actopan - Atotonilco.", "Localidad": "Actopan", "Inversión": 548881.5, "Habitantes.beneficiados": 1.0, "Ejecutora": "SIP", "Trabajos": "Pago de afectaciones para la Construcción del Eje Transversal Actopan - Atotonilco", "Geometria_tipo": "Punto", "extract": 0.32141466559016524 }, "geometry": { "type": "Point", "coordinates": [ -98.691585970152417, 20.29064619082979 ] } },
{ "type": "Feature", "properties": { "ID_OBRA": "330_Huazalingo", "No.": 330.0, "Municipio": "Huazalingo", "Rubro": "Infraestructura Carretera", "Ejercicio": 2024.0, "Obra": "Construcción de muro de contención en la localidad de San Pedro, en el municipio de Huazalingo.", "Localidad": "Huazalingo", "Inversión": 10091167.78, "Habitantes.beneficiados": 770.0, "Ejecutora": "DGCCE", "Trabajos": "Considera en los trabajos la construcción de muros de contención en la Localidad de Huazalingo.", "Geometria_tipo": "Punto", "extract": -0.01519831727868616 }, "geometry": { "type": "Point", "coordinates": [ -98.524577998999973, 20.953041567000067 ] } },
{ "type": "Feature", "properties": { "ID_OBRA": "334_Huazalingo", "No.": 334.0, "Municipio": "Huazalingo", "Rubro": "Vialidades Urbanas", "Ejercicio": 2023.0, "Obra": "Construcción de pavimentación hidráulica acceso a la localidad de Tlatzonco", "Localidad": "Tlatzonco", "Inversión": 2905277.97, "Habitantes.beneficiados": 329.0, "Ejecutora": "DGCCE", "Trabajos": "Considera los trabajos de preliminares, riego de impregnación, piso para pavimento de concreto Hidráulico, en la localidad de Tlatzonco municipio de  Huazalingo", "Geometria_tipo": "Punto", "extract": 0.46725028539581281 }, "geometry": { "type": "Point", "coordinates": [ -98.471788125278195, 20.964205378904598 ] } },
{ "type": "Feature", "properties": { "ID_OBRA": "34_Actopan", "No.": 34.0, "Municipio": "Actopan", "Rubro": "Infraestructura Carretera", "Ejercicio": 2025.0, "Obra": "Pago de afectaciones a predio rustico, tipo de predio (baldío), uso de suelo catastral (clase no edificado), ámbito del predio (rural), propietario Isaías Hernández Acosta, para la construcción del eje transversal Actopan - Atotonilco", "Localidad": "Actopan", "Inversión": 4001983.5, "Habitantes.beneficiados": 1.0, "Ejecutora": "SIP", "Trabajos": "Pago de afectaciones para la Construcción del Eje Transversal Actopan - Atotonilco", "Geometria_tipo": "Punto", "extract": 0.33944897315205069 }, "geometry": { "type": "Point", "coordinates": [ -98.922099750399255, 20.272984198418214 ] } },
{ "type": "Feature", "properties": { "ID_OBRA": "34_Actopan", "No.": 34.0, "Municipio": "Actopan", "Rubro": "Infraestructura Carretera", "Ejercicio": 2025.0, "Obra": "Pago de afectaciones a predio rustico, tipo de predio (baldío), uso de suelo catastral (clase no edificado), ámbito del predio (rural), propietario Isaías Hernández Acosta, para la construcción del eje transversal Actopan - Atotonilco", "Localidad": "Actopan", "Inversión": 4001983.5, "Habitantes.beneficiados": 1.0, "Ejecutora": "SIP", "Trabajos": "Pago de afectaciones para la Construcción del Eje Transversal Actopan - Atotonilco", "Geometria_tipo": "Punto", "extract": 0.3242517634266921 }, "geometry": { "type": "Point", "coordinates": [ -98.690376938107619, 20.29050944179863 ] } },
{ "type": "Feature", "properties": { "ID_OBRA": "353_Huejutla de Reyes", "No.": 353.0, "Municipio": "Huejutla de Reyes", "Rubro": "Infraestructura Carretera", "Ejercicio": 2023.0, "Obra": "Construye tu camino del tramo Santa Clara - Axcaco, en el municipio de Huejutla de Reyes.", "Localidad": "Axcaco", "Inversión": 7239786.11, "Habitantes.beneficiados": 1167.0, "Ejecutora": "DGCCE", "Trabajos": "Considera los trabajos de construcción de huellas de concreto hidráulico y empedrado en la localidad, el cual consta de terracerías y pisos de concreto.", "Geometria_tipo": "Punto", "extract": 0.4294109244878957 }, "geometry": { "type": "Point", "coordinates": [ -98.540918810257608, 21.06961779167943 ] } },
{ "type": "Feature", "properties": { "ID_OBRA": "359_Huejutla de Reyes", "No.": 359.0, "Municipio": "Huejutla de Reyes", "Rubro": "Infraestructura Carretera", "Ejercicio": 2024.0, "Obra": "Estudio y proyecto para la solución en el crucero sobre la C.F. Pachuca - Tampico hacia el Boulevard Chalahuiyapa en el municipio de Huejutla de Reyes.", "Localidad": "Chalahuiyapa", "Inversión": 4308296.43, "Habitantes.beneficiados": 0.0, "Ejecutora": "DGEyP", "Trabajos": "Considera los trabajos de estudios viales, proyecto conceptual y proyecto ejecutivo.", "Geometria_tipo": "Punto", "extract": 0.38926645458118903 }, "geometry": { "type": "Point", "coordinates": [ -98.363582933042423, 21.149216392572477 ] } },
{ "type": "Feature", "properties": { "ID_OBRA": "37_Actopan", "No.": 37.0, "Municipio": "Actopan", "Rubro": "Vialidades Urbanas", "Ejercicio": 2023.0, "Obra": "Pavimentación hidráulica calle Río Hondo de la Manzana Uno en la localidad de Chicavasco en el municipio de Actopan.", "Localidad": "Chicavasco", "Inversión": 1151337.18, "Habitantes.beneficiados": 3484.0, "Ejecutora": "DGOPI", "Trabajos": "Considera los trabajos de preliminares, piso para pavimento de concreto hidráulico.", "Geometria_tipo": "Punto", "extract": 0.054730174360339064 }, "geometry": { "type": "Point", "coordinates": [ -98.957343528069899, 20.200920447366403 ] } },
{ "type": "Feature", "properties": { "ID_OBRA": "376_Huejutla de Reyes", "No.": 376.0, "Municipio": "Huejutla de Reyes", "Rubro": "Infraestructura Carretera", "Ejercicio": 2024.0, "Obra": "Construcción de pavimentación hidráulica del Camino Rural los Parajes a Chalahuiyapa segunda etapa, en el municipio de Huejutla de Reyes.", "Localidad": "Los Parajes Benito Juárez", "Inversión": 9689109.94, "Habitantes.beneficiados": 297.0, "Ejecutora": "DGCCE", "Trabajos": "Considera los trabajos de preliminares y pavimento hidráulico.", "Geometria_tipo": "Punto", "extract": 0.0 }, "geometry": { "type": "Point", "coordinates": [ -98.440643011361473, 21.176731108195675 ] } },
{ "type": "Feature", "properties": { "ID_OBRA": "377_Huejutla de Reyes", "No.": 377.0, "Municipio": "Huejutla de Reyes", "Rubro": "Infraestructura Carretera", "Ejercicio": 2024.0, "Obra": "Construcción de pavimentación de concreto hidráulico en acceso a la localidad de Pahuatlán, en el municipio de Huejutla de Reyes.", "Localidad": "Pahuatlán", "Inversión": 12020495.87, "Habitantes.beneficiados": 2246.0, "Ejecutora": "DGCCE", "Trabajos": "Considera los trabajos de preliminares, riego de impregnación, piso para pavimento de concreto hidráulico.", "Geometria_tipo": "Punto", "extract": 0.37799308146446103 }, "geometry": { "type": "Point", "coordinates": [ -98.479327732173047, 21.069274254545302 ] } },
{ "type": "Feature", "properties": { "ID_OBRA": "41_Actopan", "No.": 41.0, "Municipio": "Actopan", "Rubro": "Vialidades Urbanas", "Ejercicio": 2023.0, "Obra": "Pavimentación asfáltica en la localidad del Huaxtho en el municipio de Actopan.", "Localidad": "El Huaxtho", "Inversión": 1083421.67, "Habitantes.beneficiados": 3131.0, "Ejecutora": "DGOPI", "Trabajos": "Considera los trabajos de capa subbase, riego de impregnación, suministro y aplicación de riego de liga con emulsión asfáltica", "Geometria_tipo": "Punto", "extract": 0.23330278449973746 }, "geometry": { "type": "Point", "coordinates": [ -98.962125628425795, 20.2389918906335 ] } },
{ "type": "Feature", "properties": { "ID_OBRA": "412_Ixmiquilpan", "No.": 412.0, "Municipio": "Ixmiquilpan", "Rubro": "Vialidades Urbanas", "Ejercicio": 2025.0, "Obra": "Construcción de Pavimentación Hidraúlica (Varias Calles), en la localidad de El Mandho, en el municpio de Ixmiquilpan", "Localidad": "El Mandho", "Inversión": 7350000.0, "Habitantes.beneficiados": null, "Ejecutora": "SIPDUS", "Trabajos": null, "Geometria_tipo": "Punto", "extract": 0.045681663269023121 }, "geometry": { "type": "Point", "coordinates": [ -99.237487314872894, 20.501559594112305 ] } },
{ "type": "Feature", "properties": { "ID_OBRA": "417_Ixmiquilpan", "No.": 417.0, "Municipio": "Ixmiquilpan", "Rubro": "Vialidades Urbanas", "Ejercicio": 2023.0, "Obra": "Construcción de pavimentación asfáltica, interconexión Los Pinos Panales - El Maye; en el municipio de Ixmiquilpan", "Localidad": "Ixmiquilpan", "Inversión": 4844555.57, "Habitantes.beneficiados": 37608.0, "Ejecutora": "DGIVC", "Trabajos": "Considera los trabajos de capa subbase, riego de impregnación, suministro y aplicación de riego de liga con emulsión asfáltica", "Geometria_tipo": "Punto", "extract": -0.061002493611610295 }, "geometry": { "type": "Point", "coordinates": [ -99.240861491590707, 20.478751815022601 ] } },
{ "type": "Feature", "properties": { "ID_OBRA": "418_Ixmiquilpan", "No.": 418.0, "Municipio": "Ixmiquilpan", "Rubro": "Vialidades Urbanas", "Ejercicio": 2023.0, "Obra": "Construcción de pavimento hidráulico en calles de la localidad de El Oro, municipio de Ixmiquilpan", "Localidad": "Ixmiquilpan", "Inversión": 2160227.69, "Habitantes.beneficiados": null, "Ejecutora": "DGIVC", "Trabajos": "Considera los trabajos de preliminares, piso para pavimento de concreto hidráulico.", "Geometria_tipo": "Punto", "extract": 0.010592993986760439 }, "geometry": { "type": "Point", "coordinates": [ -99.234603457968717, 20.481680011298103 ] } },
{ "type": "Feature", "properties": { "ID_OBRA": "429_Ixmiquilpan", "No.": 429.0, "Municipio": "Ixmiquilpan", "Rubro": "Infraestructura Carretera", "Ejercicio": 2023.0, "Obra": "Pavimentación asfáltica del Libramiento Oriente - La Loma de La Cruz- Universidad, municipio de Ixmiquilpan (segunda etapa)", "Localidad": "La Loma de la Cruz", "Inversión": 10498827.5, "Habitantes.beneficiados": 827.0, "Ejecutora": "DGIVC", "Trabajos": "Considera los trabajos de capa subbase, riego de impregnación, suministro y aplicación de riego de liga con emulsión asfáltica", "Geometria_tipo": "Punto", "extract": -0.057378366835152357 }, "geometry": { "type": "Point", "coordinates": [ -99.178997669602992, 20.48232096522608 ] } },
{ "type": "Feature", "properties": { "ID_OBRA": "430_Ixmiquilpan", "No.": 430.0, "Municipio": "Ixmiquilpan", "Rubro": "Infraestructura Carretera", "Ejercicio": 2023.0, "Obra": "Pavimentación asfáltica del Libramiento Oriente - La Loma de La Cruz - Universidad, municipio de Ixmiquilpan", "Localidad": "La Loma de la Cruz", "Inversión": 2711790.63, "Habitantes.beneficiados": null, "Ejecutora": "DGIVC", "Trabajos": "Considera los trabajos de capa subbase, riego de impregnación, suministro y aplicación de riego de liga con emulsión asfáltica", "Geometria_tipo": "Punto", "extract": -0.067337378412261686 }, "geometry": { "type": "Point", "coordinates": [ -99.175691528141073, 20.48266397406141 ] } },
{ "type": "Feature", "properties": { "ID_OBRA": "44_Actopan", "No.": 44.0, "Municipio": "Actopan", "Rubro": "Vialidades Urbanas", "Ejercicio": 2023.0, "Obra": "Pavimentación asfáltica en la localidad de La Peña en el municipio de Actopan.", "Localidad": "La Peña", "Inversión": 1018725.29, "Habitantes.beneficiados": 1122.0, "Ejecutora": "DGOPI", "Trabajos": "Considera los trabajos de capa subbase, riego de impregnación, suministro y aplicación de riego de liga con emulsión asfáltica", "Geometria_tipo": "Punto", "extract": 0.35483533663449301 }, "geometry": { "type": "Point", "coordinates": [ -98.923579615550594, 20.270482747738495 ] } },
{ "type": "Feature", "properties": { "ID_OBRA": "444_Ixmiquilpan", "No.": 444.0, "Municipio": "Ixmiquilpan", "Rubro": "Vialidades Urbanas", "Ejercicio": 2023.0, "Obra": "Construcción de pavimentación asfáltica en el municipio de Ixmiquilpan, en la localidad de Pueblo Nuevo en calle Principal", "Localidad": "Pueblo Nuevo", "Inversión": 2903285.92, "Habitantes.beneficiados": 1560.0, "Ejecutora": "DGIVC", "Trabajos": "Considera los trabajos de capa subbase, riego de impregnación, suministro y aplicación de riego de liga con emulsión asfáltica", "Geometria_tipo": "Punto", "extract": 0.26901970302059952 }, "geometry": { "type": "Point", "coordinates": [ -99.164890698477194, 20.459717340749098 ] } },
{ "type": "Feature", "properties": { "ID_OBRA": "445_Ixmiquilpan", "No.": 445.0, "Municipio": "Ixmiquilpan", "Rubro": "Infraestructura Carretera", "Ejercicio": 2025.0, "Obra": "Pavimentación hidraulica a Jardín de las Flores, en la localidad de Pueblo Nuevo, en el municipio de Ixmiquilpan", "Localidad": "Pueblo nuevo", "Inversión": 8200000.0, "Habitantes.beneficiados": null, "Ejecutora": "SIPDUS", "Trabajos": null, "Geometria_tipo": "Punto", "extract": 0.24945513942677136 }, "geometry": { "type": "Point", "coordinates": [ -99.176827950595481, 20.460490717256107 ] } },
{ "type": "Feature", "properties": { "ID_OBRA": "487_La Misión", "No.": 487.0, "Municipio": "La Misión", "Rubro": "Vialidades Urbanas", "Ejercicio": 2023.0, "Obra": "Pavimentación de concreto hidráulico del acceso a la comunidad de Palmitas; en el municipio de La  Misión.", "Localidad": "Las Palmitas", "Inversión": 2152968.98, "Habitantes.beneficiados": 424.0, "Ejecutora": "DGCCE", "Trabajos": "Considera los trabajos de preliminares, riego de impregnación, piso para pavimento de concreto hidráulico.", "Geometria_tipo": "Punto", "extract": 0.77527309334509664 }, "geometry": { "type": "Point", "coordinates": [ -98.984184605796401, 21.020380471484803 ] } },
{ "type": "Feature", "properties": { "ID_OBRA": "496_Lolotla", "No.": 496.0, "Municipio": "Lolotla", "Rubro": "Vialidades Urbanas", "Ejercicio": 2022.0, "Obra": "Pavimentación hidráulica de calle de acceso principal a Chiquitla, municipio de Lolotla", "Localidad": "Chiquitla", "Inversión": 995485.45, "Habitantes.beneficiados": 261.0, "Ejecutora": "DGCCE", "Trabajos": "Considera los trabajos de preliminares, piso para pavimento de concreto hidráulico.", "Geometria_tipo": "Punto", "extract": 0.28728875094089396 }, "geometry": { "type": "Point", "coordinates": [ -98.647685412829304, 20.898563488188099 ] } },
{ "type": "Feature", "properties": { "ID_OBRA": "5_Acatlán", "No.": 5.0, "Municipio": "Acatlán", "Rubro": "Vialidades Urbanas", "Ejercicio": 2023.0, "Obra": "Construcción de pavimentación hidráulica en calle Agustín Olvera del municipio de Acatlán, Hidalgo", "Localidad": "Agustín Olvera Sección I  (Colonia)", "Inversión": 4838220.0, "Habitantes.beneficiados": 405.0, "Ejecutora": "DGOPI", "Trabajos": "Considera los trabajos de preliminares, piso para pavimento de concreto hidráulico.", "Geometria_tipo": "Punto", "extract": 0.29351413307014906 }, "geometry": { "type": "Point", "coordinates": [ -98.424337018283097, 20.127665073840401 ] } },
{ "type": "Feature", "properties": { "ID_OBRA": "502_Lolotla", "No.": 502.0, "Municipio": "Lolotla", "Rubro": "Vialidades Urbanas", "Ejercicio": 2022.0, "Obra": "Pavimentación de calle de acceso principal a Tlaltepingo, municipio de Lolotla", "Localidad": "Tlaltepingo", "Inversión": 1469468.85, "Habitantes.beneficiados": 359.0, "Ejecutora": "DGCCE", "Trabajos": "Considera los trabajos de preliminares, piso para pavimento de concreto hidráulico.", "Geometria_tipo": "Punto", "extract": 0.066860942193018344 }, "geometry": { "type": "Point", "coordinates": [ -98.730528007402398, 20.93437703299 ] } },
{ "type": "Feature", "properties": { "ID_OBRA": "516_Metztitlán", "No.": 516.0, "Municipio": "Metztitlán", "Rubro": "Infraestructura Carretera", "Ejercicio": 2024.0, "Obra": "Construcción de pavimentación hidráulica en camino Coalquisque - Chimalacatla, en el municipio de Metztitlán.", "Localidad": "Coalquizque", "Inversión": 7154568.05, "Habitantes.beneficiados": 194.0, "Ejecutora": "DGOPI", "Trabajos": "Considera los trabajos de preliminares y pavimento hidráulico.", "Geometria_tipo": "Punto", "extract": 0.47016452080698201 }, "geometry": { "type": "Point", "coordinates": [ -98.790321613695326, 20.583138115442257 ] } },
{ "type": "Feature", "properties": { "ID_OBRA": "517_Metztitlán", "No.": 517.0, "Municipio": "Metztitlán", "Rubro": "Vialidades Urbanas", "Ejercicio": 2022.0, "Obra": "Construcción de pavimentación de Av. Metztitlán, Col. Centro, municipio de Metztitlán", "Localidad": "Metztitlán", "Inversión": 1485020.99, "Habitantes.beneficiados": 3274.0, "Ejecutora": "DGCCE", "Trabajos": "Considera trabajos en la rehabilitación y/o mejoramiento de las vialidades urbanas en la localidad de Metztitlán muncipio de Metztitlán", "Geometria_tipo": "Punto", "extract": 0.56532761463824077 }, "geometry": { "type": "Point", "coordinates": [ -98.7628863176256, 20.595099070151701 ] } },
{ "type": "Feature", "properties": { "ID_OBRA": "520_Metztitlán", "No.": 520.0, "Municipio": "Metztitlán", "Rubro": "Infraestructura Carretera", "Ejercicio": 2023.0, "Obra": "Pavimentación hidráulica C.R. San Cristóbal - Hualula; municipio de Metztitlán.", "Localidad": "San Cristobal", "Inversión": 36972413.79, "Habitantes.beneficiados": 76189.0, "Ejecutora": "DGCCE", "Trabajos": "Considera los trabajos de preliminares y pavimento hidráulico.", "Geometria_tipo": "Punto", "extract": 0.47644858596090617 }, "geometry": { "type": "Point", "coordinates": [ -98.831208840348381, 20.64001428100546 ] } },
{ "type": "Feature", "properties": { "ID_OBRA": "522_Metztitlán", "No.": 522.0, "Municipio": "Metztitlán", "Rubro": "Infraestructura Carretera", "Ejercicio": 2022.0, "Obra": "Pavimentación de carretera estatal, tramo: Amajatlán, municipio de Metztitlán", "Localidad": "San Pedro Amajatlán (Amajatlán)", "Inversión": 992001.19, "Habitantes.beneficiados": 359.0, "Ejecutora": "DGCCE", "Trabajos": "Considera los trabajos de preliminares, riego de impregnación, piso para pavimento de concreto.", "Geometria_tipo": "Punto", "extract": 0.49637385820072355 }, "geometry": { "type": "Point", "coordinates": [ -98.806774884224083, 20.634763672987802 ] } },
{ "type": "Feature", "properties": { "ID_OBRA": "592_Mineral del Chico", "No.": 592.0, "Municipio": "Mineral del Chico", "Rubro": "Infraestructura Carretera", "Ejercicio": 2023.0, "Obra": "Construcción de Huellas de Concreto del C.R. Las Piletas-Bandola, en el Municipio de Mineral del Chico", "Localidad": "Las Piletas", "Inversión": 17146358.34, "Habitantes.beneficiados": 52.0, "Ejecutora": "DGCCE", "Trabajos": "Considera los trabajos de construcción de huellas de concreto hidráulico y empedrado en la localidad, el cual consta de terracerías y pisos de concreto.", "Geometria_tipo": "Punto", "extract": 0.069098915358263513 }, "geometry": { "type": "Point", "coordinates": [ -98.742370228994446, 20.190046799766986 ] } },
{ "type": "Feature", "properties": { "ID_OBRA": "68_Almoloya", "No.": 68.0, "Municipio": "Almoloya", "Rubro": "Vialidades Urbanas", "Ejercicio": 2022.0, "Obra": "Construcción de pavimentación hidráulica de calle Vicente Guerrero en la localidad de Tepepatlaxco, municipio de Almoloya", "Localidad": "Tepepatlaxco (El Llano)", "Inversión": 994980.28, "Habitantes.beneficiados": 671.0, "Ejecutora": "DGIVC", "Trabajos": "Considera los trabajos de preliminares, piso para pavimento de concreto hidráulico.", "Geometria_tipo": "Punto", "extract": 0.057313462904072965 }, "geometry": { "type": "Point", "coordinates": [ -98.372464178696518, 19.7516720134936 ] } },
{ "type": "Feature", "properties": { "ID_OBRA": "78_Apan", "No.": 78.0, "Municipio": "Apan", "Rubro": "Infraestructura Carretera", "Ejercicio": 2025.0, "Obra": "Terminación de la C.E. Chimalpa - Cárdenas - San Juan Ixtilmaco y obras complementarias, en el municipio de Apan", "Localidad": "Apan", "Inversión": 12524503.31, "Habitantes.beneficiados": null, "Ejecutora": "SIPDUS", "Trabajos": null, "Geometria_tipo": "Punto", "extract": 0.20978942439132983 }, "geometry": { "type": "Point", "coordinates": [ -98.508383300983851, 19.663274002993955 ] } },
{ "type": "Feature", "properties": { "ID_OBRA": "81_Apan", "No.": 81.0, "Municipio": "Apan", "Rubro": "Vialidades Urbanas", "Ejercicio": 2024.0, "Obra": "Construcción de pavimentación de concreto hidráulico en acceso a la localidad La Laguna,municipio de Apan.", "Localidad": "La Laguna", "Inversión": 18297073.76, "Habitantes.beneficiados": 1740.0, "Ejecutora": "DGCCE", "Trabajos": "Considera los trabajos de preliminares, riego de impregnación, piso para pavimento de concreto hidráulico.", "Geometria_tipo": "Punto", "extract": 0.26648781921149528 }, "geometry": { "type": "Point", "coordinates": [ -98.499577785953406, 19.734005965913603 ] } },
{ "type": "Feature", "properties": { "ID_OBRA": "84_Apan", "No.": 84.0, "Municipio": "Apan", "Rubro": "Infraestructura Carretera", "Ejercicio": 2024.0, "Obra": "Construcción de cunetas y obras de drenaje para protección del acceso a Malayerba, municipio de Apan", "Localidad": "Malayerba", "Inversión": 2531697.56, "Habitantes.beneficiados": 484.0, "Ejecutora": "DGIVC", "Trabajos": "Considera trabajos para la reconstrucción y/o conservación de Infraestructura Carretera en la localidad de Malayerba municipio de Apan", "Geometria_tipo": "Punto", "extract": -0.56266011918922443 }, "geometry": { "type": "Point", "coordinates": [ -98.439390806328944, 19.637717531119407 ] } },
{ "type": "Feature", "properties": { "ID_OBRA": "91_Atitalaquia", "No.": 91.0, "Municipio": "Atitalaquia", "Rubro": "Vialidades Urbanas", "Ejercicio": 2022.0, "Obra": "Pavimentación asfáltica de calle Felipe Ángeles, localidad de Tlamaco, municipio de Atitalaquia", "Localidad": "Tlamaco (San Gerónimo Tlamaco)", "Inversión": 5235895.62, "Habitantes.beneficiados": 3885.0, "Ejecutora": "DGIVC", "Trabajos": "Considera los trabajos de capa subbase, riego de impregnación, suministro y aplicación de riego de liga con emulsión asfáltica", "Geometria_tipo": "Punto", "extract": 0.31471869424940441 }, "geometry": { "type": "Point", "coordinates": [ -99.231534677422104, 20.031765004128896 ] } },
{ "type": "Feature", "properties": { "ID_OBRA": "93_Atlapexco", "No.": 93.0, "Municipio": "Atlapexco", "Rubro": "Vialidades Urbanas", "Ejercicio": 2023.0, "Obra": "Construcción de Pavimentación Hidráulica en la Localidad de Achiquihuxtla en Barrio Achiquihuxtla I, Calle La Curva, en el Municipio de Atlapexco.", "Localidad": "Achiquihuixtla", "Inversión": 3219403.68, "Habitantes.beneficiados": 899.0, "Ejecutora": "DGCCE", "Trabajos": "Considera los trabajos de preliminares, piso para pavimento de concreto hidráulico.", "Geometria_tipo": "Punto", "extract": 0.27418980932076492 }, "geometry": { "type": "Point", "coordinates": [ -98.367382718128198, 20.981011090976605 ] } },
{ "type": "Feature", "properties": { "ID_OBRA": "944_Pisaflores", "No.": 944.0, "Municipio": "Pisaflores", "Rubro": "Infraestructura Carretera", "Ejercicio": 2023.0, "Obra": "Construcción de Pavimentación Hidráulica La Peña a Tlacuilola en el municipio de Pisaflores.", "Localidad": "La Peña", "Inversión": 5146358.01, "Habitantes.beneficiados": 891.0, "Ejecutora": "DGCCE", "Trabajos": "Considera los trabajos de preliminares y pavimento hidráulico.", "Geometria_tipo": "Punto", "extract": 0.78282945198535814 }, "geometry": { "type": "Point", "coordinates": [ -99.047678308326809, 21.215593412839361 ] } },
{ "type": "Feature", "properties": { "ID_OBRA": "979_San Agustín Tlaxiaca", "No.": 979.0, "Municipio": "San Agustín Tlaxiaca", "Rubro": "Vialidades Urbanas", "Ejercicio": 2023.0, "Obra": "Construcción de retorno en vialidad, Hospital General de Pachuca; en el municipio de San Agustín Tlaxiaca.", "Localidad": "San Agustín Tlaxiaca", "Inversión": 499897.35, "Habitantes.beneficiados": null, "Ejecutora": "DGCCE", "Trabajos": "Considera trabajos en la rehabilitación y/o mejoramiento de las vialidades urbanas en la localidad de San Agustín Tlaxiaca muncipio de San Agustín Tlaxiaca", "Geometria_tipo": "Punto", "extract": 0.30415065840437555 }, "geometry": { "type": "Point", "coordinates": [ -98.834480531413803, 20.116873602666601 ] } }
]
}
