{
"type": "FeatureCollection",
"name": "obras_agua_punto",
"crs": { "type": "name", "properties": { "name": "urn:ogc:def:crs:OGC:1.3:CRS84" } },
"features": [
{ "type": "Feature", "properties": { "ID_OBRA": "1081_Singuilucan", "No.": 1081.0, "Municipio": "Singuilucan", "Rubro": "Infraestructura Hídrica", "Ejercicio": 2024.0, "Obra": "Línea de Tanque Tlazala a Tanque Olvera Etapa 1", "Localidad": "Tlazala", "Inversión": 5730673.15, "Habitantes.beneficiados": 13554.0, "Ejecutora": "CAASIM", "Trabajos": "Considera los trabajos de instalación de tubería, rellenos con material producto de excavación, prueba de la tubería en la comunidad.  ", "Geometria_tipo": "Punto" }, "geometry": { "type": "Point", "coordinates": [ -98.442896832111757, 19.884504998025339 ] } },
{ "type": "Feature", "properties": { "ID_OBRA": "1142_Tepeapulco", "No.": 1142.0, "Municipio": "Tepeapulco", "Rubro": "Infraestructura Hídrica", "Ejercicio": 2023.0, "Obra": "Resposición de pozo Corralillos 1 Tepeapulco", "Localidad": "Tepeapulco", "Inversión": 11470276.55, "Habitantes.beneficiados": null, "Ejecutora": "CAASIM", "Trabajos": "Considera los trabajos para la rehabilitación y equipamiento de pozo en el municipio deTepeapulco", "Geometria_tipo": "Punto" }, "geometry": { "type": "Point", "coordinates": [ -98.553463762833275, 19.78708460313311 ] } },
{ "type": "Feature", "properties": { "ID_OBRA": "1145_Tepeapulco", "No.": 1145.0, "Municipio": "Tepeapulco", "Rubro": "Infraestructura Hídrica", "Ejercicio": 2024.0, "Obra": "Línea de Conducción de Tanque Tlazala a las Comunidades de Palmilla y Tlacatepa", "Localidad": "Tlacatepa", "Inversión": 2012897.24, "Habitantes.beneficiados": 180.0, "Ejecutora": "CAASIM", "Trabajos": "Considera los trabajos de instalación de tubería, rellenos con material producto de excavación, prueba de la tubería en la comunidad.  ", "Geometria_tipo": "Punto" }, "geometry": { "type": "Point", "coordinates": [ -98.448477956344746, 19.883659784179891 ] } },
{ "type": "Feature", "properties": { "ID_OBRA": "541_Mineral de la Reforma", "No.": 541.0, "Municipio": "Mineral de la Reforma", "Rubro": "Infraestructura Hídrica", "Ejercicio": 2025.0, "Obra": "Sustitución de medio filtrante y gravas en Planta Potabilizadora Los Encinos", "Localidad": "La Noria", "Inversión": 3650000.0, "Habitantes.beneficiados": null, "Ejecutora": "CAASIM", "Trabajos": "Sustitución de medio filtrante y gravas en planta potabilizadora Encinos, para mejorar la calidad del agua que se pone a disposición de la población.", "Geometria_tipo": "Punto" }, "geometry": { "type": "Point", "coordinates": [ -98.743440048986088, 20.050697282635529 ] } },
{ "type": "Feature", "properties": { "ID_OBRA": "596_Mineral del Chico", "No.": 596.0, "Municipio": "Mineral del Chico", "Rubro": "Infraestructura Hídrica", "Ejercicio": 2023.0, "Obra": "Equipamiento para eliminación de bacteria en planta el Bordo", "Localidad": "Mineral del Chico", "Inversión": 6151250.0, "Habitantes.beneficiados": null, "Ejecutora": "CAASIM", "Trabajos": "Realizar análisis de las características físico-químicas del agua ,con el ﬁn de conocer su calidad, detectar contaminantes presentes en el agua y veriﬁcar que se cumpla con la normatividad vigente para uso y consumo humano. Así mismo, se apoya a los municipios a prevenir el surgimiento de enfermedades por  contaminación del agua.", "Geometria_tipo": "Punto" }, "geometry": { "type": "Point", "coordinates": [ -98.730503355638646, 20.21131385110683 ] } },
{ "type": "Feature", "properties": { "ID_OBRA": "1092_Tasquillo", "No.": 1092.0, "Municipio": "Tasquillo", "Rubro": "Infraestructura Hídrica", "Ejercicio": 2023.0, "Obra": "Construcción de red de distribución con tomas domiciliarias Portezuelo etapa siete de diez, Tasquillo", "Localidad": "Portezuelo", "Inversión": 3925989.23, "Habitantes.beneficiados": 1837.0, "Ejecutora": "CEAA", "Trabajos": "Considera los trabajos de instalación de tubería, rellenos con material producto de excavación, prueba de la tubería en la comunidad.", "Geometria_tipo": "Punto" }, "geometry": { "type": "Point", "coordinates": [ -99.313245889357006, 20.482244334472 ] } },
{ "type": "Feature", "properties": { "ID_OBRA": "1097_Tecozautla", "No.": 1097.0, "Municipio": "Tecozautla", "Rubro": "Infraestructura Hídrica", "Ejercicio": 2023.0, "Obra": "Construcción de sistema integral de agua potable para las localidades de Bomanxotha y Bothe, municipio de Tecozautla, etapa dos de tres.", "Localidad": "Bomanxotha", "Inversión": 1408487.11, "Habitantes.beneficiados": 2129.0, "Ejecutora": "CEAA", "Trabajos": "Considera los trabajos de líneas de distribución con la instalación de tubería, tomas domiciliarias. en la localidad de Bomanxotha municipio de  Tecozautla", "Geometria_tipo": "Punto" }, "geometry": { "type": "Point", "coordinates": [ -99.664507476386504, 20.506544051796901 ] } },
{ "type": "Feature", "properties": { "ID_OBRA": "1194_Tezontepec de Aldama", "No.": 1194.0, "Municipio": "Tezontepec de Aldama", "Rubro": "Infraestructura Hídrica", "Ejercicio": 2022.0, "Obra": "Construcción de ampliación del sistema de agua potable San Gabriel, etapa dos de cinco.", "Localidad": "San Gabriel", "Inversión": 1999188.45, "Habitantes.beneficiados": 3062.0, "Ejecutora": "CEAA", "Trabajos": "Considera los trabajos de líneas de distribución con la instalación de tubería, tomas domiciliarias. en la localidad de San Gabriel municipio de  Tezontepec de Aldama", "Geometria_tipo": "Punto" }, "geometry": { "type": "Point", "coordinates": [ -99.344227138366705, 20.172817174435 ] } },
{ "type": "Feature", "properties": { "ID_OBRA": "1195_Tezontepec de Aldama", "No.": 1195.0, "Municipio": "Tezontepec de Aldama", "Rubro": "Infraestructura Hídrica", "Ejercicio": 2023.0, "Obra": "Construcción de ampliación del sistema de agua potable San Gabriel, etapa tres de cinco, Tezontepec de Aldama", "Localidad": "San Gabriel", "Inversión": 5000000.0, "Habitantes.beneficiados": 3062.0, "Ejecutora": "CEAA", "Trabajos": "Considera los trabajos de líneas de distribución con la instalación de tubería, tomas domiciliarias. en la localidad de San Gabriel municipio de  Tezontepec de Aldama", "Geometria_tipo": "Punto" }, "geometry": { "type": "Point", "coordinates": [ -99.340962440253705, 20.1728181419519 ] } },
{ "type": "Feature", "properties": { "ID_OBRA": "1211_Tizayuca", "No.": 1211.0, "Municipio": "Tizayuca", "Rubro": "Infraestructura Hídrica", "Ejercicio": 2024.0, "Obra": "Adecuación al tren de piezas de pozos del acueducto Tizayuca.", "Localidad": "Tizayuca", "Inversión": 14000000.0, "Habitantes.beneficiados": 60265.0, "Ejecutora": "CAASIM", "Trabajos": "Considera los trabajos para la rehabilitación y equipamiento de pozo el municipio deTizayuca", "Geometria_tipo": "Punto" }, "geometry": { "type": "Point", "coordinates": [ -98.979378515084903, 19.8370753670124 ] } },
{ "type": "Feature", "properties": { "ID_OBRA": "1220_Tlahuiltepa", "No.": 1220.0, "Municipio": "Tlahuiltepa", "Rubro": "Infraestructura Hídrica", "Ejercicio": 2023.0, "Obra": "Construcción de sistema de agua potable de la localidad de Cerro Chato, municipio de Tlahuiltepa", "Localidad": "Cerro Chato", "Inversión": 7622780.2, "Habitantes.beneficiados": 87.0, "Ejecutora": "CEAA", "Trabajos": "Considera los trabajos de líneas de distribución con la instalación de tubería, tomas domiciliarias. en la localidad de Cerro Chato municipio de  Tlahuiltepa", "Geometria_tipo": "Punto" }, "geometry": { "type": "Point", "coordinates": [ -98.946033404616898, 20.864157243377601 ] } },
{ "type": "Feature", "properties": { "ID_OBRA": "1251_Tlanchinol", "No.": 1251.0, "Municipio": "Tlanchinol", "Rubro": "Infraestructura Hídrica", "Ejercicio": 2022.0, "Obra": "Construcción de sistema de alcantarillado (PTAR) Santa María Catzotipan (Santa María Tepetzintla) etapa diez de diez", "Localidad": "Santa María Catzotipan (Santa María Tepetzintla)", "Inversión": 2459648.64, "Habitantes.beneficiados": 2552.0, "Ejecutora": "CEAA", "Trabajos": "Considera los trabajos para la  Construcción de la planta de tratamiento de aguas residuales en la localidad de Santa María Catzotipan municipio de Tlanchinol.", "Geometria_tipo": "Punto" }, "geometry": { "type": "Point", "coordinates": [ -98.613189891630498, 21.0408923868588 ] } },
{ "type": "Feature", "properties": { "ID_OBRA": "1266_Tlaxcoapan", "No.": 1266.0, "Municipio": "Tlaxcoapan", "Rubro": "Infraestructura Hídrica", "Ejercicio": 2024.0, "Obra": "Construcción de tanque elevado capacidad de 250 m3 pozo 1 y 2 El Bojayito, Los Tepetates, municipio de Tlaxcoapan", "Localidad": "Tlaxcoapan", "Inversión": 19485873.96, "Habitantes.beneficiados": 14689.0, "Ejecutora": "DGEP", "Trabajos": "Considera los trabajos de tanque elevado en el municipio de Tlaxcoapan.", "Geometria_tipo": "Punto" }, "geometry": { "type": "Point", "coordinates": [ -99.220000537549197, 20.095289891594 ] } },
{ "type": "Feature", "properties": { "ID_OBRA": "1283_Tula de Allende", "No.": 1283.0, "Municipio": "Tula de Allende", "Rubro": "Infraestructura Hídrica", "Ejercicio": 2024.0, "Obra": "Construcción de Pozo profundo El Varal para uso urbano de la localidad de Xochitlán de las Flores, Tula de Allende, Hgo.", "Localidad": "Xochitlán de las Flores", "Inversión": 3147435.57, "Habitantes.beneficiados": null, "Ejecutora": "CEAA", "Trabajos": "Considera los trabajos  de perforación exploratoria, preliminares (perforación), perforación y ampliación, suministro y colocación de tubería lisa de acero y ranurada.", "Geometria_tipo": "Punto" }, "geometry": { "type": "Point", "coordinates": [ -99.422681869496898, 20.058325926884901 ] } },
{ "type": "Feature", "properties": { "ID_OBRA": "1302_Tulancingo de Bravo", "No.": 1302.0, "Municipio": "Tulancingo de Bravo", "Rubro": "Infraestructura Hídrica", "Ejercicio": 2024.0, "Obra": "Estudios y proyectos para la recarga artificial de acuíferos sobreexplotados Valle de Tulancingo", "Localidad": "Tulancingo de Bravo", "Inversión": 6173144.7, "Habitantes.beneficiados": null, "Ejecutora": "CEAA", "Trabajos": "Considera los trabajos de 1  Estudios y proyectos para la recarga artificial de acuíferos sobreexplotados Valle de Tulancingo .", "Geometria_tipo": "Punto" }, "geometry": { "type": "Point", "coordinates": [ -98.347484971686299, 20.095353417788498 ] } },
{ "type": "Feature", "properties": { "ID_OBRA": "1465_Zempoala", "No.": 1465.0, "Municipio": "Zempoala", "Rubro": "Infraestructura Hídrica", "Ejercicio": 2023.0, "Obra": "Perforación y equipamiento de pozo Matilde 3, en el predio que ocupa la PTAR Matilde e interconexión al acueducto, municipio de Zempoala, Hidalgo.", "Localidad": "Zempoala", "Inversión": 16677119.03, "Habitantes.beneficiados": null, "Ejecutora": "CAASIM", "Trabajos": "Considera los trabajos de preliminares, perforación de pozo en la localidad de Zempoala municipio de Zempoala", "Geometria_tipo": "Punto" }, "geometry": { "type": "Point", "coordinates": [ -98.785797219373407, 19.998137393097899 ] } },
{ "type": "Feature", "properties": { "ID_OBRA": "219_Emiliano Zapata", "No.": 219.0, "Municipio": "Emiliano Zapata", "Rubro": "Infraestructura Hídrica", "Ejercicio": 2024.0, "Obra": "Estudio y proyecto de reutilización del agua tratada para abastecer a la Zona Industrial de Emiliano Zapata (Región Altiplano).", "Localidad": "Cobertura Estatal", "Inversión": 978143.0, "Habitantes.beneficiados": null, "Ejecutora": "DGEP", "Trabajos": "Considera los trabajos de estudios, proyecto conceptual y proyecto ejecutivo.", "Geometria_tipo": "Punto" }, "geometry": { "type": "Point", "coordinates": [ -98.541129365837804, 19.6301323156639 ] } },
{ "type": "Feature", "properties": { "ID_OBRA": "448_Ixmiquilpan", "No.": 448.0, "Municipio": "Ixmiquilpan", "Rubro": "Infraestructura Hídrica", "Ejercicio": 2022.0, "Obra": "Construcción de sistema de agua potable Taxadho etapa cuatro de cinco", "Localidad": "Taxadho", "Inversión": 2958623.7, "Habitantes.beneficiados": 1639.0, "Ejecutora": "CEAA", "Trabajos": "Considera los trabajos de líneas de distribución con la instalación de tubería, tomas domiciliarias. en la localidad deTaxadho municipio de  Ixmiquilpan", "Geometria_tipo": "Punto" }, "geometry": { "type": "Point", "coordinates": [ -99.1518555452475, 20.436480824931401 ] } },
{ "type": "Feature", "properties": { "ID_OBRA": "1047_San Salvador", "No.": 1047.0, "Municipio": "San Salvador", "Rubro": "Infraestructura Hídrica", "Ejercicio": 2023.0, "Obra": "Construcción de sistema de agua potable San Antonio Zaragoza, Poxindejé de Morelos y Bocaja, municipio de San Salvador, estado de hidalgo, etapa dos de dos", "Localidad": "San Antonio Zaragoza, Poxindejé de Morelos y Bocaja", "Inversión": 4930492.13, "Habitantes.beneficiados": null, "Ejecutora": "CEAA", "Trabajos": "Considera los trabajos de líneas de distribución con la instalación de tubería, tomas domiciliarias. en la localidad de San Antonio Zaragoza, Poxindejé de Morelos y Bocaja municipio de  San salvador", "Geometria_tipo": "Punto" }, "geometry": { "type": "Point", "coordinates": [ -98.994884, 20.256278 ] } },
{ "type": "Feature", "properties": { "ID_OBRA": "1047_San Salvador", "No.": 1047.0, "Municipio": "San Salvador", "Rubro": "Infraestructura Hídrica", "Ejercicio": 2023.0, "Obra": "Construcción de sistema de agua potable San Antonio Zaragoza, Poxindejé de Morelos y Bocaja, municipio de San Salvador, estado de hidalgo, etapa dos de dos", "Localidad": "San Antonio Zaragoza, Poxindejé de Morelos y Bocaja", "Inversión": 4930492.13, "Habitantes.beneficiados": null, "Ejecutora": "CEAA", "Trabajos": "Considera los trabajos de líneas de distribución con la instalación de tubería, tomas domiciliarias. en la localidad de San Antonio Zaragoza, Poxindejé de Morelos y Bocaja municipio de  San salvador", "Geometria_tipo": "Punto" }, "geometry": { "type": "Point", "coordinates": [ -99.225168, 20.094461 ] } },
{ "type": "Feature", "properties": { "ID_OBRA": "1047_San Salvador", "No.": 1047.0, "Municipio": "San Salvador", "Rubro": "Infraestructura Hídrica", "Ejercicio": 2023.0, "Obra": "Construcción de sistema de agua potable San Antonio Zaragoza, Poxindejé de Morelos y Bocaja, municipio de San Salvador, estado de hidalgo, etapa dos de dos", "Localidad": "San Antonio Zaragoza, Poxindejé de Morelos y Bocaja", "Inversión": 4930492.13, "Habitantes.beneficiados": null, "Ejecutora": "CEAA", "Trabajos": "Considera los trabajos de líneas de distribución con la instalación de tubería, tomas domiciliarias. en la localidad de San Antonio Zaragoza, Poxindejé de Morelos y Bocaja municipio de  San salvador", "Geometria_tipo": "Punto" }, "geometry": { "type": "Point", "coordinates": [ -99.012826, 20.272199 ] } },
{ "type": "Feature", "properties": { "ID_OBRA": "1070_Santiago de Anaya", "No.": 1070.0, "Municipio": "Santiago de Anaya", "Rubro": "Infraestructura Hídrica", "Ejercicio": 2024.0, "Obra": "Equipamiento de pozo de agua potable y línea de conducción de abastecimiento,  para el sistema de agua potable en la localidad de Sección Sur", "Localidad": "Sección Sur", "Inversión": 3082099.71, "Habitantes.beneficiados": 2676.0, "Ejecutora": "CEAA", "Trabajos": "Considera los trabajos para la rehabilitación y equipamiento de pozo en el  municipio deSantiago de Anaya", "Geometria_tipo": "Punto" }, "geometry": { "type": "Point", "coordinates": [ -98.967581350460762, 20.37678139300828 ] } },
{ "type": "Feature", "properties": { "ID_OBRA": "1088_Tasquillo", "No.": 1088.0, "Municipio": "Tasquillo", "Rubro": "Infraestructura Hídrica", "Ejercicio": 2024.0, "Obra": "Rehabilitación de tubería de agua potable en la localidad de La Florida", "Localidad": "La Florida", "Inversión": 1558591.35, "Habitantes.beneficiados": 18.0, "Ejecutora": "CEAA", "Trabajos": "Considera los trabajos de mejoramiento en Infraestructura hídrica en la localidad de La Florida municipio de Tasquillo", "Geometria_tipo": "Punto" }, "geometry": { "type": "Point", "coordinates": [ -99.390675277318024, 20.594241666833771 ] } },
{ "type": "Feature", "properties": { "ID_OBRA": "1103_Tecozautla", "No.": 1103.0, "Municipio": "Tecozautla", "Rubro": "Infraestructura Hídrica", "Ejercicio": 2023.0, "Obra": "Reubicación y perforación de pozo de uso público urbano para abastecer a las comunidades de Guadalupe, Bajhí, El Palmar, San José del Desierto, municipio de Tecozautla", "Localidad": "Guadalupe, Bajhí, El Palmar, San José del Desierto", "Inversión": 4517673.87, "Habitantes.beneficiados": null, "Ejecutora": "CEAA", "Trabajos": "Considera los trabajos para la rehabilitación y equipamiento de pozo en las localidades de  Guadalupe, Bajhí, El Palmar, San José del Desierto municipio de Tecozautla", "Geometria_tipo": "Punto" }, "geometry": { "type": "Point", "coordinates": [ -99.530107323219411, 20.537487779541319 ] } },
{ "type": "Feature", "properties": { "ID_OBRA": "1103_Tecozautla", "No.": 1103.0, "Municipio": "Tecozautla", "Rubro": "Infraestructura Hídrica", "Ejercicio": 2023.0, "Obra": "Reubicación y perforación de pozo de uso público urbano para abastecer a las comunidades de Guadalupe, Bajhí, El Palmar, San José del Desierto, municipio de Tecozautla", "Localidad": "Guadalupe, Bajhí, El Palmar, San José del Desierto", "Inversión": 4517673.87, "Habitantes.beneficiados": null, "Ejecutora": "CEAA", "Trabajos": "Considera los trabajos para la rehabilitación y equipamiento de pozo en las localidades de  Guadalupe, Bajhí, El Palmar, San José del Desierto municipio de Tecozautla", "Geometria_tipo": "Punto" }, "geometry": { "type": "Point", "coordinates": [ -99.528540910943406, 20.55633108168151 ] } },
{ "type": "Feature", "properties": { "ID_OBRA": "1103_Tecozautla", "No.": 1103.0, "Municipio": "Tecozautla", "Rubro": "Infraestructura Hídrica", "Ejercicio": 2023.0, "Obra": "Reubicación y perforación de pozo de uso público urbano para abastecer a las comunidades de Guadalupe, Bajhí, El Palmar, San José del Desierto, municipio de Tecozautla", "Localidad": "Guadalupe, Bajhí, El Palmar, San José del Desierto", "Inversión": 4517673.87, "Habitantes.beneficiados": null, "Ejecutora": "CEAA", "Trabajos": "Considera los trabajos para la rehabilitación y equipamiento de pozo en las localidades de  Guadalupe, Bajhí, El Palmar, San José del Desierto municipio de Tecozautla", "Geometria_tipo": "Punto" }, "geometry": { "type": "Point", "coordinates": [ -99.553892205823175, 20.536383517296169 ] } },
{ "type": "Feature", "properties": { "ID_OBRA": "1103_Tecozautla", "No.": 1103.0, "Municipio": "Tecozautla", "Rubro": "Infraestructura Hídrica", "Ejercicio": 2023.0, "Obra": "Reubicación y perforación de pozo de uso público urbano para abastecer a las comunidades de Guadalupe, Bajhí, El Palmar, San José del Desierto, municipio de Tecozautla", "Localidad": "Guadalupe, Bajhí, El Palmar, San José del Desierto", "Inversión": 4517673.87, "Habitantes.beneficiados": null, "Ejecutora": "CEAA", "Trabajos": "Considera los trabajos para la rehabilitación y equipamiento de pozo en las localidades de  Guadalupe, Bajhí, El Palmar, San José del Desierto municipio de Tecozautla", "Geometria_tipo": "Punto" }, "geometry": { "type": "Point", "coordinates": [ -99.512432845200323, 20.581764730482021 ] } },
{ "type": "Feature", "properties": { "ID_OBRA": "1213_Tizayuca", "No.": 1213.0, "Municipio": "Tizayuca", "Rubro": "Infraestructura Hídrica", "Ejercicio": 2022.0, "Obra": "Inversión de 2.8 mdp en la adquisición de 6 macromedidores para pozos, tanques y cárcamos principales de Matilde y Tizayuca.", "Localidad": "Varias", "Inversión": 2831115.94, "Habitantes.beneficiados": 120960.0, "Ejecutora": "CAASIM", "Trabajos": "Considera los trabajos para la rehabilitación y equipamiento de pozo el municipio deTizayuca", "Geometria_tipo": "Punto" }, "geometry": { "type": "Point", "coordinates": [ -98.961187813948072, 19.85252944540359 ] } },
{ "type": "Feature", "properties": { "ID_OBRA": "1231_Tlanalapa", "No.": 1231.0, "Municipio": "Tlanalapa", "Rubro": "Infraestructura Hídrica", "Ejercicio": 2024.0, "Obra": "Rehabilitación de red de agua potable en San Isidro, municipio de Tlanalapa.", "Localidad": "San Isidro (Fraccionamiento)", "Inversión": 2938922.42, "Habitantes.beneficiados": 1277.0, "Ejecutora": "DGIVC", "Trabajos": "Considera los trabajos de instalación de tubería, rellenos con material producto de excavación, prueba de la tubería en la comunidad.", "Geometria_tipo": "Punto" }, "geometry": { "type": "Point", "coordinates": [ -98.590228614749648, 19.787051876037481 ] } },
{ "type": "Feature", "properties": { "ID_OBRA": "1238_Tlanchinol", "No.": 1238.0, "Municipio": "Tlanchinol", "Rubro": "Infraestructura Hídrica", "Ejercicio": 2024.0, "Obra": "PTAR Chichatla.- Reposición de muro de mampostería en laguna de oxidación, desazolve de laguna de oxidación y reposición de filtro, geomembrana y plantas macrófitos, reposición de 25 m de muro de mampostería y malla ciclónica de 2.00 m en cercado perimetral.", "Localidad": "Chichatla", "Inversión": 356800.89, "Habitantes.beneficiados": 1217.0, "Ejecutora": "CEAA", "Trabajos": "Ejecuta trabajos para el mantenimiento y mejoramiento de la Planta de tratamiento en la localidad de Chichatla municipio de Tlanchinol.", "Geometria_tipo": "Punto" }, "geometry": { "type": "Point", "coordinates": [ -98.629772905953573, 20.959156856212061 ] } },
{ "type": "Feature", "properties": { "ID_OBRA": "1241_Tlanchinol", "No.": 1241.0, "Municipio": "Tlanchinol", "Rubro": "Infraestructura Hídrica", "Ejercicio": 2022.0, "Obra": "Construcción de planta de tratamiento en Hueyapa, municipio de Tlanchinol, etapa dos de tres", "Localidad": "Hueyapa", "Inversión": 2169061.01, "Habitantes.beneficiados": 1472.0, "Ejecutora": "CEAA", "Trabajos": "Considera los trabajos para la  Construcción de la planta de tratamiento de aguas residuales en la localidad de Hueyapa municipio de Tlanchinol.", "Geometria_tipo": "Punto" }, "geometry": { "type": "Point", "coordinates": [ -98.689131321857985, 21.085383557855049 ] } },
{ "type": "Feature", "properties": { "ID_OBRA": "1274_Tula de Allende", "No.": 1274.0, "Municipio": "Tula de Allende", "Rubro": "Infraestructura Hídrica", "Ejercicio": 2023.0, "Obra": "Ampliación del sistema de agua potable en la localidad de Nantzha etapa tres de tres, Tula de Allende.", "Localidad": "Nantzha", "Inversión": 2715890.48, "Habitantes.beneficiados": 1944.0, "Ejecutora": "CEAA", "Trabajos": "Se tiene la instalación de válvulas en línea de alimentación con su respectiva caja de operación de válvulas.", "Geometria_tipo": "Punto" }, "geometry": { "type": "Point", "coordinates": [ -99.367306594390129, 20.052347550794604 ] } },
{ "type": "Feature", "properties": { "ID_OBRA": "1279_Tula de Allende", "No.": 1279.0, "Municipio": "Tula de Allende", "Rubro": "Infraestructura Hídrica", "Ejercicio": 2022.0, "Obra": "Adecuación, puesta en marcha y estabilización de 5 plantas potabilizadoras y 2 desgasificadoras de la región Tula-Tepetitlán (etapa 1 de 3)", "Localidad": "Varias", "Inversión": 5000000.0, "Habitantes.beneficiados": 29390.0, "Ejecutora": "CEAA", "Trabajos": "Considera para la adecuación, puesta en marcha y estabilización de plantas potabilizadoras en el municipio de Tula de Allende.", "Geometria_tipo": "Punto" }, "geometry": { "type": "Point", "coordinates": [ -99.376722978840604, 20.064141772775539 ] } },
{ "type": "Feature", "properties": { "ID_OBRA": "1349_San Agustín Tlaxiaca", "No.": 1349.0, "Municipio": "San Agustín Tlaxiaca", "Rubro": "Infraestructura Hídrica", "Ejercicio": 2024.0, "Obra": "Certificación de laboratorio de la CEAA bajo el sistema de Gestión de Calidad ISO 17025", "Localidad": "Varias", "Inversión": 230000.0, "Habitantes.beneficiados": null, "Ejecutora": "CEAA", "Trabajos": "Se ejecutan acciones para la ejecución de obras en Infraestructura hídrica.", "Geometria_tipo": "Punto" }, "geometry": { "type": "Point", "coordinates": [ -98.7990442, 20.1361925 ] } },
{ "type": "Feature", "properties": { "ID_OBRA": "1441_Zapotlán de Juárez", "No.": 1441.0, "Municipio": "Zapotlán de Juárez", "Rubro": "Infraestructura Hídrica", "Ejercicio": 2024.0, "Obra": "Estudio hidrológico para la Reserva Territorial Zapotlán, en aproximadamente 925 ha de superficie.", "Localidad": "Zapotlán de Juárez", "Inversión": 824017.6, "Habitantes.beneficiados": null, "Ejecutora": "DGEP", "Trabajos": "Considera los trabajos de  recopilación y análisis de la información hidro climatológica, determinación de las características fisiográficas de la cuenca, determinación de las características edafológicas, determinación de las características hidrológicas.", "Geometria_tipo": "Punto" }, "geometry": { "type": "Point", "coordinates": [ -98.838878, 19.934467 ] } },
{ "type": "Feature", "properties": { "ID_OBRA": "1451_Zempoala", "No.": 1451.0, "Municipio": "Zempoala", "Rubro": "Infraestructura Hídrica", "Ejercicio": 2025.0, "Obra": "Construcción de Línea de conducción por bombeo en la localidad de  Santiago Tepeyahualco", "Localidad": "Santiago Tepeyahualco", "Inversión": 4468008.69, "Habitantes.beneficiados": 2514.0, "Ejecutora": "CEAA", "Trabajos": "160 ML de tubería de polietileno de 4\" de diámetro RD-7.3, 1000 ML de tubería de polietileno de 4\" de diámetro RD-9, 660 ML de tubería de polietileno de 4\" de diámetro RD-21, 1520 ML de tubería de PVC de 4\" de diámetro.", "Geometria_tipo": "Punto" }, "geometry": { "type": "Point", "coordinates": [ -98.669254131605101, 19.847045435838705 ] } },
{ "type": "Feature", "properties": { "ID_OBRA": "1452_Zempoala", "No.": 1452.0, "Municipio": "Zempoala", "Rubro": "Infraestructura Hídrica", "Ejercicio": 2024.0, "Obra": "Línea de interconexión del pozo Matilde 3 a la red de distribución, tramo pozo Matilde 3 a coordenadas UTM 521773.28 m E - 2204606.77 m N Etapa 1, localidad de Téllez, municipio de Zempoala, Hidalgo", "Localidad": "Téllez", "Inversión": 1672311.92, "Habitantes.beneficiados": null, "Ejecutora": "CAASIM", "Trabajos": "Considera los trabajos para la rehabilitación y equipamiento de pozo en la localidad de  Téllez municipio de Zempoala", "Geometria_tipo": "Punto" }, "geometry": { "type": "Point", "coordinates": [ -98.80036175, 19.97762795 ] } },
{ "type": "Feature", "properties": { "ID_OBRA": "1453_Zempoala", "No.": 1453.0, "Municipio": "Zempoala", "Rubro": "Infraestructura Hídrica", "Ejercicio": 2024.0, "Obra": "Línea de interconexión del pozo Matilde 3 a la red de distribución, tramo coordenadas UTM 526704.82 m E - 2202053.23 m N a coordenadas UTM 526712.33 m E - 2202470.61 m N Etapa 2, localidad de Téllez, municipio de Zempoala, Hidalgo", "Localidad": "Téllez", "Inversión": 1532005.4, "Habitantes.beneficiados": null, "Ejecutora": "CAASIM", "Trabajos": "Considera los trabajos para la rehabilitación y equipamiento de pozo en la localidad de  Téllez municipio de Zempoala", "Geometria_tipo": "Punto" }, "geometry": { "type": "Point", "coordinates": [ -98.7497, 19.9562 ] } },
{ "type": "Feature", "properties": { "ID_OBRA": "1454_Zempoala", "No.": 1454.0, "Municipio": "Zempoala", "Rubro": "Infraestructura Hídrica", "Ejercicio": 2024.0, "Obra": "Equipamiento de la PTAR Matilde", "Localidad": "Téllez", "Inversión": 40790319.63, "Habitantes.beneficiados": 3639.0, "Ejecutora": "CAASIM", "Trabajos": "Considera el equipamiento para la Planta de Tratamiento en Matilde.", "Geometria_tipo": "Punto" }, "geometry": { "type": "Point", "coordinates": [ -98.785517, 19.998686 ] } },
{ "type": "Feature", "properties": { "ID_OBRA": "1455_Zempoala", "No.": 1455.0, "Municipio": "Zempoala", "Rubro": "Infraestructura Hídrica", "Ejercicio": 2024.0, "Obra": "Construcción de línea morada desde la Planta de Tratamiento de Agua Residual Matilde, municipio de Zempoala, Hgo. Tramo  PTAR Matilde. Etapa 1", "Localidad": "Téllez", "Inversión": 1181691.35, "Habitantes.beneficiados": null, "Ejecutora": "CAASIM", "Trabajos": "Considera los trabajos para la construcción de línea morada desde la Planta de Tratamiento de Agua Residual Matilde,", "Geometria_tipo": "Punto" }, "geometry": { "type": "Point", "coordinates": [ -98.785517, 19.998686 ] } },
{ "type": "Feature", "properties": { "ID_OBRA": "1456_Zempoala", "No.": 1456.0, "Municipio": "Zempoala", "Rubro": "Infraestructura Hídrica", "Ejercicio": 2024.0, "Obra": "Línea de conducción por bombeo de pozo 6 Termal a Tanque Tellez", "Localidad": "Téllez", "Inversión": 2621232.23, "Habitantes.beneficiados": null, "Ejecutora": "CAASIM", "Trabajos": "Considera los trabajos de instalación de tubería, rellenos con material producto de excavación, prueba de la tubería en la comunidad.", "Geometria_tipo": "Punto" }, "geometry": { "type": "Point", "coordinates": [ -98.749819, 20.000275 ] } },
{ "type": "Feature", "properties": { "ID_OBRA": "1457_Zempoala", "No.": 1457.0, "Municipio": "Zempoala", "Rubro": "Infraestructura Hídrica", "Ejercicio": 2022.0, "Obra": "Mejoramiento del sistema de agua potable de Zempoala, Santa Cruz, San Antonio Oxtoyucan, Rancho Luna y El Cerrito, Municipio de Zempoala etapa una de dos", "Localidad": "Varias", "Inversión": 7017519.41, "Habitantes.beneficiados": null, "Ejecutora": "CEAA", "Trabajos": "Considera los trabajos de instalación de tubería, rellenos con material producto de excavación, prueba de la tubería en la comunidad.", "Geometria_tipo": "Punto" }, "geometry": { "type": "Point", "coordinates": [ -98.6841468, 19.9581133 ] } },
{ "type": "Feature", "properties": { "ID_OBRA": "1467_Zempoala", "No.": 1467.0, "Municipio": "Zempoala", "Rubro": "Infraestructura Hídrica", "Ejercicio": 2023.0, "Obra": "Mejoramiento del sistema de agua potable de Zempoala, Santa Cruz, San Antonio Oxtoyucan, Rancho Luna y el Cerrito, municipio de Zempoala,&#10;etapa dos de dos", "Localidad": "Zempoala, Santa Cruz, San Antonio Oxtoyucan, Rancho Luna y el Cerrito", "Inversión": 6626433.53, "Habitantes.beneficiados": null, "Ejecutora": "CEAA", "Trabajos": "Considera los trabajos de instalación de tubería, rellenos con material producto de excavación, prueba de la tubería en la comunidad.", "Geometria_tipo": "Punto" }, "geometry": { "type": "Point", "coordinates": [ -98.66830977, 19.91364702 ] } },
{ "type": "Feature", "properties": { "ID_OBRA": "1467_Zempoala", "No.": 1467.0, "Municipio": "Zempoala", "Rubro": "Infraestructura Hídrica", "Ejercicio": 2023.0, "Obra": "Mejoramiento del sistema de agua potable de Zempoala, Santa Cruz, San Antonio Oxtoyucan, Rancho Luna y el Cerrito, municipio de Zempoala,&#10;etapa dos de dos", "Localidad": "Zempoala, Santa Cruz, San Antonio Oxtoyucan, Rancho Luna y el Cerrito", "Inversión": 6626433.53, "Habitantes.beneficiados": null, "Ejecutora": "CEAA", "Trabajos": "Considera los trabajos de instalación de tubería, rellenos con material producto de excavación, prueba de la tubería en la comunidad.", "Geometria_tipo": "Punto" }, "geometry": { "type": "Point", "coordinates": [ -98.6841468, 19.9581133 ] } },
{ "type": "Feature", "properties": { "ID_OBRA": "1467_Zempoala", "No.": 1467.0, "Municipio": "Zempoala", "Rubro": "Infraestructura Hídrica", "Ejercicio": 2023.0, "Obra": "Mejoramiento del sistema de agua potable de Zempoala, Santa Cruz, San Antonio Oxtoyucan, Rancho Luna y el Cerrito, municipio de Zempoala,&#10;etapa dos de dos", "Localidad": "Zempoala, Santa Cruz, San Antonio Oxtoyucan, Rancho Luna y el Cerrito", "Inversión": 6626433.53, "Habitantes.beneficiados": null, "Ejecutora": "CEAA", "Trabajos": "Considera los trabajos de instalación de tubería, rellenos con material producto de excavación, prueba de la tubería en la comunidad.", "Geometria_tipo": "Punto" }, "geometry": { "type": "Point", "coordinates": [ -98.6669345, 19.9299502 ] } },
{ "type": "Feature", "properties": { "ID_OBRA": "1467_Zempoala", "No.": 1467.0, "Municipio": "Zempoala", "Rubro": "Infraestructura Hídrica", "Ejercicio": 2023.0, "Obra": "Mejoramiento del sistema de agua potable de Zempoala, Santa Cruz, San Antonio Oxtoyucan, Rancho Luna y el Cerrito, municipio de Zempoala,&#10;etapa dos de dos", "Localidad": "Zempoala, Santa Cruz, San Antonio Oxtoyucan, Rancho Luna y el Cerrito", "Inversión": 6626433.53, "Habitantes.beneficiados": null, "Ejecutora": "CEAA", "Trabajos": "Considera los trabajos de instalación de tubería, rellenos con material producto de excavación, prueba de la tubería en la comunidad.", "Geometria_tipo": "Punto" }, "geometry": { "type": "Point", "coordinates": [ -98.6863754, 19.9756316 ] } },
{ "type": "Feature", "properties": { "ID_OBRA": "1467_Zempoala", "No.": 1467.0, "Municipio": "Zempoala", "Rubro": "Infraestructura Hídrica", "Ejercicio": 2023.0, "Obra": "Mejoramiento del sistema de agua potable de Zempoala, Santa Cruz, San Antonio Oxtoyucan, Rancho Luna y el Cerrito, municipio de Zempoala,&#10;etapa dos de dos", "Localidad": "Zempoala, Santa Cruz, San Antonio Oxtoyucan, Rancho Luna y el Cerrito", "Inversión": 6626433.53, "Habitantes.beneficiados": null, "Ejecutora": "CEAA", "Trabajos": "Considera los trabajos de instalación de tubería, rellenos con material producto de excavación, prueba de la tubería en la comunidad.", "Geometria_tipo": "Punto" }, "geometry": { "type": "Point", "coordinates": [ -98.6834392, 19.9173356 ] } },
{ "type": "Feature", "properties": { "ID_OBRA": "160_Cardonal", "No.": 160.0, "Municipio": "Cardonal", "Rubro": "Infraestructura Hídrica", "Ejercicio": 2023.0, "Obra": "Construcción de sistema de agua potable de Salinas, municipio de El Cardonal", "Localidad": "Varias", "Inversión": 3604235.81, "Habitantes.beneficiados": null, "Ejecutora": "SIPDUS", "Trabajos": "Considera los trabajos de líneas de distribución con la instalación de tubería, tomas domiciliarias en el municipio de  Cardonal", "Geometria_tipo": "Punto" }, "geometry": { "type": "Point", "coordinates": [ -99.060280995563701, 20.598977272669909 ] } },
{ "type": "Feature", "properties": { "ID_OBRA": "18_Acaxochitlán", "No.": 18.0, "Municipio": "Acaxochitlán", "Rubro": "Infraestructura Hídrica", "Ejercicio": 2025.0, "Obra": "Terminación de la construcción del Sistema de Agua Potable para beneficiar a la localidad de Tepepa, municipio de Acaxochitlán", "Localidad": "Tepepa", "Inversión": 9000000.0, "Habitantes.beneficiados": null, "Ejecutora": "SIPDUS", "Trabajos": null, "Geometria_tipo": "Punto" }, "geometry": { "type": "Point", "coordinates": [ -98.179252, 20.121901 ] } },
{ "type": "Feature", "properties": { "ID_OBRA": "228_Tepeapulco", "No.": 228.0, "Municipio": "Tepeapulco", "Rubro": "Infraestructura Hídrica", "Ejercicio": 2024.0, "Obra": "Estudio y proyecto para la línea de conducción marginal, tramo Acopinalco - Ciudad Sahagún, incluye proyecto ejecutivo, estudio hidrológico, delimitación de zona federal para su ocupación, con base en el trámite CONAGUA-02-002, manifiesto de impacto ambiental y análisis costo beneficio.", "Localidad": "Varias", "Inversión": 776032.158653358, "Habitantes.beneficiados": null, "Ejecutora": null, "Trabajos": "Considera los trabajos de estudios, proyecto conceptual y proyecto ejecutivo.", "Geometria_tipo": "Punto" }, "geometry": { "type": "Point", "coordinates": [ -98.543337467545186, 19.699343207700021 ] } },
{ "type": "Feature", "properties": { "ID_OBRA": "228_Tepeapulco", "No.": 228.0, "Municipio": "Tepeapulco", "Rubro": "Infraestructura Hídrica", "Ejercicio": 2024.0, "Obra": "Estudio y proyecto para la línea de conducción marginal, tramo Acopinalco - Ciudad Sahagún, incluye proyecto ejecutivo, estudio hidrológico, delimitación de zona federal para su ocupación, con base en el trámite CONAGUA-02-002, manifiesto de impacto ambiental y análisis costo beneficio.", "Localidad": "Varias", "Inversión": 776032.158653358, "Habitantes.beneficiados": null, "Ejecutora": null, "Trabajos": "Considera los trabajos de estudios, proyecto conceptual y proyecto ejecutivo.", "Geometria_tipo": "Punto" }, "geometry": { "type": "Point", "coordinates": [ -98.589028582816709, 19.753928531656669 ] } },
{ "type": "Feature", "properties": { "ID_OBRA": "277_Francisco I. Madero", "No.": 277.0, "Municipio": "Francisco I. Madero", "Rubro": "Infraestructura Hídrica", "Ejercicio": 2025.0, "Obra": "Sustitución de acueducto de concreto armado de 18  en el municipio de Francisco I. Madero", "Localidad": "Francisco I Madero", "Inversión": 15000000.0, "Habitantes.beneficiados": null, "Ejecutora": "SIPDUS", "Trabajos": null, "Geometria_tipo": "Punto" }, "geometry": { "type": "Point", "coordinates": [ -99.091851, 20.24738 ] } },
{ "type": "Feature", "properties": { "ID_OBRA": "278_Francisco I. Madero", "No.": 278.0, "Municipio": "Francisco I. Madero", "Rubro": "Infraestructura Hídrica", "Ejercicio": 2025.0, "Obra": "Rehabilitación de línea de distribución en calle Corregidora de III Demarcación, en el municipio de Francisco I. Madero", "Localidad": "Francisco I Madero", "Inversión": 1277845.29, "Habitantes.beneficiados": null, "Ejecutora": "SIPDUS", "Trabajos": null, "Geometria_tipo": "Punto" }, "geometry": { "type": "Point", "coordinates": [ -99.09385, 20.244646 ] } },
{ "type": "Feature", "properties": { "ID_OBRA": "284_Francisco I. Madero", "No.": 284.0, "Municipio": "Francisco I. Madero", "Rubro": "Infraestructura Hídrica", "Ejercicio": 2022.0, "Obra": "Inversion de 224,875 pesos en la rehabilitación de la línea de conducción de agua potable, Col. Los Filtros, municipio de Francisco I, Madero", "Localidad": "Francisco I. Madero", "Inversión": 224875.85, "Habitantes.beneficiados": 1300.0, "Ejecutora": "CAASVAM", "Trabajos": "Considera los trabajos de instalación de tubería, rellenos con material producto de excavación, prueba de la tubería en la comunidad.", "Geometria_tipo": "Punto" }, "geometry": { "type": "Point", "coordinates": [ -99.086137, 20.218701 ] } },
{ "type": "Feature", "properties": { "ID_OBRA": "452_Ixmiquilpan", "No.": 452.0, "Municipio": "Ixmiquilpan", "Rubro": "Infraestructura Hídrica", "Ejercicio": 2023.0, "Obra": "Red de agua potable El Mirador, Jahuey y Huapilla Capula.", "Localidad": "Varias", "Inversión": 10624130.95, "Habitantes.beneficiados": null, "Ejecutora": "CEAA", "Trabajos": "Considera los trabajos de instalación de tubería, rellenos con material producto de excavación, prueba de la tubería en la comunidad.", "Geometria_tipo": "Punto" }, "geometry": { "type": "Point", "coordinates": [ -99.16085, 20.49789 ] } },
{ "type": "Feature", "properties": { "ID_OBRA": "452_Ixmiquilpan", "No.": 452.0, "Municipio": "Ixmiquilpan", "Rubro": "Infraestructura Hídrica", "Ejercicio": 2023.0, "Obra": "Red de agua potable El Mirador, Jahuey y Huapilla Capula.", "Localidad": "Varias", "Inversión": 10624130.95, "Habitantes.beneficiados": null, "Ejecutora": "CEAA", "Trabajos": "Considera los trabajos de instalación de tubería, rellenos con material producto de excavación, prueba de la tubería en la comunidad.", "Geometria_tipo": "Punto" }, "geometry": { "type": "Point", "coordinates": [ -99.149753, 20.495715 ] } },
{ "type": "Feature", "properties": { "ID_OBRA": "452_Ixmiquilpan", "No.": 452.0, "Municipio": "Ixmiquilpan", "Rubro": "Infraestructura Hídrica", "Ejercicio": 2023.0, "Obra": "Red de agua potable El Mirador, Jahuey y Huapilla Capula.", "Localidad": "Varias", "Inversión": 10624130.95, "Habitantes.beneficiados": null, "Ejecutora": "CEAA", "Trabajos": "Considera los trabajos de instalación de tubería, rellenos con material producto de excavación, prueba de la tubería en la comunidad.", "Geometria_tipo": "Punto" }, "geometry": { "type": "Point", "coordinates": [ -99.147846, 20.50514 ] } },
{ "type": "Feature", "properties": { "ID_OBRA": "555_Mineral de la Reforma", "No.": 555.0, "Municipio": "Mineral de la Reforma", "Rubro": "Infraestructura Hídrica", "Ejercicio": 2023.0, "Obra": "Sustitución de línea de distribución por gravedad de agua potable de 12 de diámetro, tramo tanque CONALEP a calle sin nombre, atrás del fraccionamiento el Paraíso, municipio de Mineral de la Reforma, Hidalgo.", "Localidad": "Mineral de la Reforma", "Inversión": 2072713.31, "Habitantes.beneficiados": null, "Ejecutora": "CAASIM", "Trabajos": "Considera los trabajos de preliminares, piso para pavimento de concreto hidráulico.", "Geometria_tipo": "Punto" }, "geometry": { "type": "Point", "coordinates": [ -98.73871, 20.06192 ] } },
{ "type": "Feature", "properties": { "ID_OBRA": "556_Mineral de la Reforma", "No.": 556.0, "Municipio": "Mineral de la Reforma", "Rubro": "Infraestructura Hídrica", "Ejercicio": 2023.0, "Obra": "Perforación y equipamiento electromécanico en sustitución del pozo 3 Téllez, Municipio de Mineral de la Reforma, Hidalgo.", "Localidad": "Mineral de la Reforma", "Inversión": 16585984.87, "Habitantes.beneficiados": null, "Ejecutora": "CAASIM", "Trabajos": "Considera los trabajos de preliminares, perforación de pozo en la localidad de Mineral de la Reforma municipio de Mineral de la Reforma", "Geometria_tipo": "Punto" }, "geometry": { "type": "Point", "coordinates": [ -98.75389, 20.00906 ] } },
{ "type": "Feature", "properties": { "ID_OBRA": "557_Mineral de la Reforma", "No.": 557.0, "Municipio": "Mineral de la Reforma", "Rubro": "Infraestructura Hídrica", "Ejercicio": 2023.0, "Obra": "Perforación y equipamiento electromecánico del pozo Providencia IV Mineral de la Reforma, Hidalgo.", "Localidad": "Mineral de la Reforma", "Inversión": 17000000.0, "Habitantes.beneficiados": null, "Ejecutora": "CAASIM", "Trabajos": "Considera los trabajos de preliminares, perforación de pozo en la localidad de Mineral de la Reforma municipio de Mineral de la Reforma", "Geometria_tipo": "Punto" }, "geometry": { "type": "Point", "coordinates": [ -98.720471, 20.044987 ] } },
{ "type": "Feature", "properties": { "ID_OBRA": "558_Mineral de la Reforma", "No.": 558.0, "Municipio": "Mineral de la Reforma", "Rubro": "Infraestructura Hídrica", "Ejercicio": 2024.0, "Obra": "Línea de Interconexión El Dorado", "Localidad": "Mineral de la Reforma", "Inversión": 3627906.82, "Habitantes.beneficiados": null, "Ejecutora": "CAASIM", "Trabajos": "Considera los trabajos de instalación de tubería, rellenos con material producto de excavación, prueba de la tubería en la comunidad.", "Geometria_tipo": "Punto" }, "geometry": { "type": "Point", "coordinates": [ -98.765025, 20.049416 ] } },
{ "type": "Feature", "properties": { "ID_OBRA": "570_Mineral de la Reforma", "No.": 570.0, "Municipio": "Mineral de la Reforma", "Rubro": "Infraestructura Hídrica", "Ejercicio": 2024.0, "Obra": "Perforación y Equipamiento de pozo en Palma Gorda, Mineral de la Reforma, Hgo.", "Localidad": "San José Palma Gorda", "Inversión": 15137762.33, "Habitantes.beneficiados": null, "Ejecutora": "CAASIM", "Trabajos": "Considera los trabajos de preliminares, perforación de pozo en la localidad de Palma Gorda municipio de Mineral de la Reforma", "Geometria_tipo": "Punto" }, "geometry": { "type": "Point", "coordinates": [ -98.757294033425566, 20.023528506367811 ] } },
{ "type": "Feature", "properties": { "ID_OBRA": "571_Mineral de la Reforma", "No.": 571.0, "Municipio": "Mineral de la Reforma", "Rubro": "Infraestructura Hídrica", "Ejercicio": 2022.0, "Obra": "Inversión de 1.9 mdp en mantenimiento y mejoramiento a planta potabilizadora Palma Gorda.", "Localidad": "San José Palma Gorda", "Inversión": 1915850.0, "Habitantes.beneficiados": 756.0, "Ejecutora": "CAASIM", "Trabajos": "Considera los trabajos de instalación de tubería, rellenos con material producto de excavación, prueba de la tubería en la comunidad.", "Geometria_tipo": "Punto" }, "geometry": { "type": "Point", "coordinates": [ -98.757489717619336, 20.023191931940939 ] } },
{ "type": "Feature", "properties": { "ID_OBRA": "589_Mineral de la Reforma", "No.": 589.0, "Municipio": "Mineral de la Reforma", "Rubro": "Infraestructura Hídrica", "Ejercicio": 2022.0, "Obra": "Inversión de 5.5 mdp en la adquisición de 10 variadores de velocidad para el mejoramiento al sistema de telemetría en pozos y bombeos de Palma Gorda, Tepeapulco, Tizayuca, Téllez y Matilde", "Localidad": "Varias", "Inversión": 2653921.3973174598, "Habitantes.beneficiados": null, "Ejecutora": "CAASIM", "Trabajos": "Considera los trabajos para la rehabilitación y equipamiento de pozo en la localidad de  Varias municipio de Mineral de la Reforma, Tepeapulco, Tizayuca", "Geometria_tipo": "Punto" }, "geometry": { "type": "Point", "coordinates": [ -98.757608, 20.023211 ] } },
{ "type": "Feature", "properties": { "ID_OBRA": "589_Mineral de la Reforma", "No.": 589.0, "Municipio": "Mineral de la Reforma", "Rubro": "Infraestructura Hídrica", "Ejercicio": 2022.0, "Obra": "Inversión de 5.5 mdp en la adquisición de 10 variadores de velocidad para el mejoramiento al sistema de telemetría en pozos y bombeos de Palma Gorda, Tepeapulco, Tizayuca, Téllez y Matilde", "Localidad": "Varias", "Inversión": 2653921.3973174598, "Habitantes.beneficiados": null, "Ejecutora": "CAASIM", "Trabajos": "Considera los trabajos para la rehabilitación y equipamiento de pozo en la localidad de  Varias municipio de Mineral de la Reforma, Tepeapulco, Tizayuca", "Geometria_tipo": "Punto" }, "geometry": { "type": "Point", "coordinates": [ -98.550816, 19.784825 ] } },
{ "type": "Feature", "properties": { "ID_OBRA": "589_Mineral de la Reforma", "No.": 589.0, "Municipio": "Mineral de la Reforma", "Rubro": "Infraestructura Hídrica", "Ejercicio": 2022.0, "Obra": "Inversión de 5.5 mdp en la adquisición de 10 variadores de velocidad para el mejoramiento al sistema de telemetría en pozos y bombeos de Palma Gorda, Tepeapulco, Tizayuca, Téllez y Matilde", "Localidad": "Varias", "Inversión": 2653921.3973174598, "Habitantes.beneficiados": null, "Ejecutora": "CAASIM", "Trabajos": "Considera los trabajos para la rehabilitación y equipamiento de pozo en la localidad de  Varias municipio de Mineral de la Reforma, Tepeapulco, Tizayuca", "Geometria_tipo": "Punto" }, "geometry": { "type": "Point", "coordinates": [ -98.766192, 20.015835 ] } },
{ "type": "Feature", "properties": { "ID_OBRA": "589_Mineral de la Reforma", "No.": 589.0, "Municipio": "Mineral de la Reforma", "Rubro": "Infraestructura Hídrica", "Ejercicio": 2022.0, "Obra": "Inversión de 5.5 mdp en la adquisición de 10 variadores de velocidad para el mejoramiento al sistema de telemetría en pozos y bombeos de Palma Gorda, Tepeapulco, Tizayuca, Téllez y Matilde", "Localidad": "Varias", "Inversión": 2653921.3973174598, "Habitantes.beneficiados": null, "Ejecutora": "CAASIM", "Trabajos": "Considera los trabajos para la rehabilitación y equipamiento de pozo en la localidad de  Varias municipio de Mineral de la Reforma, Tepeapulco, Tizayuca", "Geometria_tipo": "Punto" }, "geometry": { "type": "Point", "coordinates": [ -98.783583, 20.020081 ] } },
{ "type": "Feature", "properties": { "ID_OBRA": "589_Tepeapulco", "No.": 589.0, "Municipio": "Tepeapulco", "Rubro": "Infraestructura Hídrica", "Ejercicio": 2022.0, "Obra": "Inversión de 5.5 mdp en la adquisición de 10 variadores de velocidad para el mejoramiento al sistema de telemetría en pozos y bombeos de Palma Gorda, Tepeapulco, Tizayuca, Téllez y Matilde", "Localidad": "Varias", "Inversión": 736229.56952744699, "Habitantes.beneficiados": null, "Ejecutora": "CAASIM", "Trabajos": "Considera los trabajos para la rehabilitación y equipamiento de pozo en la localidad de  Varias municipio de Mineral de la Reforma, Tepeapulco, Tizayuca", "Geometria_tipo": "Punto" }, "geometry": { "type": "Point", "coordinates": [ -98.555913, 19.78465 ] } },
{ "type": "Feature", "properties": { "ID_OBRA": "589_Tizayuca", "No.": 589.0, "Municipio": "Tizayuca", "Rubro": "Infraestructura Hídrica", "Ejercicio": 2022.0, "Obra": "Inversión de 5.5 mdp en la adquisición de 10 variadores de velocidad para el mejoramiento al sistema de telemetría en pozos y bombeos de Palma Gorda, Tepeapulco, Tizayuca, Téllez y Matilde", "Localidad": "Varias", "Inversión": 2203020.8731550998, "Habitantes.beneficiados": null, "Ejecutora": "CAASIM", "Trabajos": "Considera los trabajos para la rehabilitación y equipamiento de pozo en la localidad de  Varias municipio de Mineral de la Reforma, Tepeapulco, Tizayuca", "Geometria_tipo": "Punto" }, "geometry": { "type": "Point", "coordinates": [ -98.960415, 19.875633 ] } },
{ "type": "Feature", "properties": { "ID_OBRA": "60_Alfajayucan", "No.": 60.0, "Municipio": "Alfajayucan", "Rubro": "Infraestructura Hídrica", "Ejercicio": 2023.0, "Obra": "Construcción de obra de toma, línea de conducción del Canal de Interconexión de la Presa de Almacenamiento El Yathé al Canal Principal Vicente Aguirre del Km 0+046.26 al Km 0+623.30, en el municipio de Alfajayucan.", "Localidad": "Barrio Panotlán", "Inversión": 58960144.4, "Habitantes.beneficiados": 1794.0, "Ejecutora": "SIPDUS", "Trabajos": "Considera los trabajos de  línea de conducción, obra de toma, estructura de descarga, desfogues con accesorios, derivaciones con accesorios.", "Geometria_tipo": "Punto" }, "geometry": { "type": "Point", "coordinates": [ -99.42916, 20.405033 ] } },
{ "type": "Feature", "properties": { "ID_OBRA": "617_Progreso de Obregón", "No.": 617.0, "Municipio": "Progreso de Obregón", "Rubro": "Infraestructura Hídrica", "Ejercicio": 2024.0, "Obra": "Construcción de cajas de válvulas y equipamiento para la macromedición en derivaciones de líneas de conducción, para las localidades de los Municipios de Mixquiahuala de Juárez y Progreso de Obregón.", "Localidad": "Varias", "Inversión": 465911.68898578902, "Habitantes.beneficiados": null, "Ejecutora": "CAASVAM", "Trabajos": "Considera los trabajos para la rehabilitación y equipamiento de pozo en los municipios de Mixquiahuala de Juárez y Progreso de Obregón", "Geometria_tipo": "Punto" }, "geometry": { "type": "Point", "coordinates": [ -99.194079, 20.23822 ] } },
{ "type": "Feature", "properties": { "ID_OBRA": "661_Pachuca de Soto", "No.": 661.0, "Municipio": "Pachuca de Soto", "Rubro": "Infraestructura Hídrica", "Ejercicio": 2023.0, "Obra": "Sustitución de línea de distribución por gravedad de agua potable de 6 de diámetro, sobre calle 1ro. de Mayo, tramo antigua carretera La Paz a calle Miguel Hidalgo y Costilla, colonia Venta Prieta, municipio de Pachuca de Soto, Hidalgo.", "Localidad": "Pachuca de Soto", "Inversión": 882907.8, "Habitantes.beneficiados": null, "Ejecutora": "CAASIM", "Trabajos": "Considera los trabajos de preliminares, piso para pavimento de concreto hidráulico.", "Geometria_tipo": "Punto" }, "geometry": { "type": "Point", "coordinates": [ -98.766476, 20.085658 ] } },
{ "type": "Feature", "properties": { "ID_OBRA": "662_Pachuca de Soto", "No.": 662.0, "Municipio": "Pachuca de Soto", "Rubro": "Infraestructura Hídrica", "Ejercicio": 2023.0, "Obra": "Sustitución de red de distribución de agua potable de 4 de diámetro en la calle Vicente Segura, Colonia Adolfo López Mateos, Pachuca de Soto, Hidalgo", "Localidad": "Pachuca de Soto", "Inversión": 951000.0, "Habitantes.beneficiados": null, "Ejecutora": "CAASIM", "Trabajos": "Considera los trabajos de preliminares, piso para pavimento de concreto hidráulico.", "Geometria_tipo": "Punto" }, "geometry": { "type": "Point", "coordinates": [ -98.741523, 20.095205 ] } },
{ "type": "Feature", "properties": { "ID_OBRA": "663_Pachuca de Soto", "No.": 663.0, "Municipio": "Pachuca de Soto", "Rubro": "Infraestructura Hídrica", "Ejercicio": 2022.0, "Obra": "Inversión de 1.3 mdp en sustitución de línea de agua potable en calle Sonora, Colonia Nuevo San Bartolo del municipio de Pachuca.", "Localidad": "Pachuca de Soto", "Inversión": 1339774.62, "Habitantes.beneficiados": null, "Ejecutora": "CAASIM", "Trabajos": "Considera los trabajos de preliminares, piso para pavimento de concreto hidráulico.", "Geometria_tipo": "Punto" }, "geometry": { "type": "Point", "coordinates": [ -98.762716, 20.130332 ] } },
{ "type": "Feature", "properties": { "ID_OBRA": "664_Pachuca de Soto", "No.": 664.0, "Municipio": "Pachuca de Soto", "Rubro": "Infraestructura Hídrica", "Ejercicio": 2022.0, "Obra": "Inversión de 1.4 mdp en mantenimiento y mejoramiento a planta potabilizadora San Juan.", "Localidad": "Pachuca de Soto", "Inversión": 1443156.0, "Habitantes.beneficiados": null, "Ejecutora": "CAASIM", "Trabajos": "Considera los trabajos de instalación de tubería, rellenos con material producto de excavación, prueba de la tubería en la comunidad.", "Geometria_tipo": "Punto" }, "geometry": { "type": "Point", "coordinates": [ -98.728853, 20.135932 ] } },
{ "type": "Feature", "properties": { "ID_OBRA": "665_Pachuca de Soto", "No.": 665.0, "Municipio": "Pachuca de Soto", "Rubro": "Infraestructura Hídrica", "Ejercicio": 2023.0, "Obra": "Sustitución de red de distribución en fraccionamiento Rancho La Colonia, Municipio de Pachuca Hidalgo", "Localidad": "Pachuca de Soto", "Inversión": 4634087.72, "Habitantes.beneficiados": null, "Ejecutora": "CAASIM", "Trabajos": "Considera los trabajos de instalación de tubería, rellenos con material producto de excavación, prueba de la tubería en la comunidad.", "Geometria_tipo": "Punto" }, "geometry": { "type": "Point", "coordinates": [ -98.774119, 20.048314 ] } },
{ "type": "Feature", "properties": { "ID_OBRA": "669_Pachuca de Soto", "No.": 669.0, "Municipio": "Pachuca de Soto", "Rubro": "Infraestructura Hídrica", "Ejercicio": 2023.0, "Obra": "Certificación de laboratorio CAASIM (1ra. Etapa)", "Localidad": "Pachuca de Soto", "Inversión": 2845354.65, "Habitantes.beneficiados": null, "Ejecutora": "CAASIM", "Trabajos": "Se ejecutan acciones para la ejecución de obras en Infraestructura hídrica.", "Geometria_tipo": "Punto" }, "geometry": { "type": "Point", "coordinates": [ -98.748999, 20.086157 ] } },
{ "type": "Feature", "properties": { "ID_OBRA": "674_Pachuca de Soto", "No.": 674.0, "Municipio": "Pachuca de Soto", "Rubro": "Infraestructura Hídrica", "Ejercicio": 2023.0, "Obra": "Mantenimiento de las Instalaciones del Pozo 2 las Garzas.", "Localidad": "Pachuca de Soto", "Inversión": 12000000.0, "Habitantes.beneficiados": null, "Ejecutora": "CAASIM", "Trabajos": "Considera los trabajos para la rehabilitación y equipamiento de pozo en el municipio de Pachuca.", "Geometria_tipo": "Punto" }, "geometry": { "type": "Point", "coordinates": [ -98.746486, 20.091067 ] } },
{ "type": "Feature", "properties": { "ID_OBRA": "686_Pachuca de Soto", "No.": 686.0, "Municipio": "Pachuca de Soto", "Rubro": "Infraestructura Hídrica", "Ejercicio": 2023.0, "Obra": "Perforación y equipamiento electromecánico en sustitución de pozo Zona Industrial La Paz (Pozo 2 Las Garzas), Municipio de Pachuca de Soto, Hidalgo.", "Localidad": "Pachuca de Soto", "Inversión": 16026816.28, "Habitantes.beneficiados": null, "Ejecutora": "CAASIM", "Trabajos": "Considera los trabajos de preliminares, perforación de pozo en la localidad de Pachuca de Soto municipio de Pachuca de Soto", "Geometria_tipo": "Punto" }, "geometry": { "type": "Point", "coordinates": [ -98.746398, 20.091588 ] } },
{ "type": "Feature", "properties": { "ID_OBRA": "687_Pachuca de Soto", "No.": 687.0, "Municipio": "Pachuca de Soto", "Rubro": "Infraestructura Hídrica", "Ejercicio": 2023.0, "Obra": "Perforación y equipamiento electromecánico del pozo C. Doria Pachuca de Soto, Hidalgo", "Localidad": "Pachuca de Soto", "Inversión": 16510710.35, "Habitantes.beneficiados": null, "Ejecutora": "CAASIM", "Trabajos": "Considera los trabajos de preliminares, perforación de pozo en la localidad de Pachuca de Soto municipio de Pachuca de Soto", "Geometria_tipo": "Punto" }, "geometry": { "type": "Point", "coordinates": [ -98.775757, 20.062742 ] } },
{ "type": "Feature", "properties": { "ID_OBRA": "688_Pachuca de Soto", "No.": 688.0, "Municipio": "Pachuca de Soto", "Rubro": "Infraestructura Hídrica", "Ejercicio": 2023.0, "Obra": "Perforación y equipamiento electromecánico del pozo Colosio Pachuca de Soto, Hidalgo.", "Localidad": "Pachuca de Soto", "Inversión": 16626916.82, "Habitantes.beneficiados": null, "Ejecutora": "CAASIM", "Trabajos": "Considera los trabajos de preliminares, perforación de pozo en la localidad de Pachuca de Soto municipio de Pachuca de Soto", "Geometria_tipo": "Punto" }, "geometry": { "type": "Point", "coordinates": [ -98.772326, 20.108393 ] } },
{ "type": "Feature", "properties": { "ID_OBRA": "782_Pachuca de Soto", "No.": 782.0, "Municipio": "Pachuca de Soto", "Rubro": "Infraestructura Hídrica", "Ejercicio": 2024.0, "Obra": "Estudios y proyectos para la recarga artificial de acuíferos sobre explotados Cuautitlán-Pachuca", "Localidad": "Pachuca de Soto", "Inversión": 6711889.29, "Habitantes.beneficiados": null, "Ejecutora": "CEAA", "Trabajos": "Considera los trabajos de 1  Estudios y proyectos para la recarga artificial de acuíferos sobre explotados Cuautitlán-Pachuca", "Geometria_tipo": "Punto" }, "geometry": { "type": "Point", "coordinates": [ -98.783500362052536, 20.101920509195601 ] } },
{ "type": "Feature", "properties": { "ID_OBRA": "789_Pachuca de Soto", "No.": 789.0, "Municipio": "Pachuca de Soto", "Rubro": "Infraestructura Hídrica", "Ejercicio": 2024.0, "Obra": "Adquisición de dos camiones cisterna de 10 m3 de capacidad", "Localidad": "Pachuca de Soto", "Inversión": 6770615.96, "Habitantes.beneficiados": null, "Ejecutora": "CAASIM", "Trabajos": "Se ejecutan acciones para la ejecución de obras en Infraestructura hídrica.", "Geometria_tipo": "Punto" }, "geometry": { "type": "Point", "coordinates": [ -98.747502058457542, 20.091727086812249 ] } },
{ "type": "Feature", "properties": { "ID_OBRA": "790_Pachuca de Soto", "No.": 790.0, "Municipio": "Pachuca de Soto", "Rubro": "Infraestructura Hídrica", "Ejercicio": 2024.0, "Obra": "Adquisición de montacargas de 3000kg", "Localidad": "Pachuca de Soto", "Inversión": 1650000.24, "Habitantes.beneficiados": null, "Ejecutora": "CAASIM", "Trabajos": "Se ejecutan acciones para la ejecución de obras en Infraestructura hídrica.", "Geometria_tipo": "Punto" }, "geometry": { "type": "Point", "coordinates": [ -98.747763358557961, 20.09200271211952 ] } },
{ "type": "Feature", "properties": { "ID_OBRA": "791_Pachuca de Soto", "No.": 791.0, "Municipio": "Pachuca de Soto", "Rubro": "Infraestructura Hídrica", "Ejercicio": 2024.0, "Obra": "Adquisición de medidores para el sistema comercial de la CAASIM.", "Localidad": "Pachuca de Soto", "Inversión": 6999415.59, "Habitantes.beneficiados": null, "Ejecutora": "CAASIM", "Trabajos": "Se ejecutan acciones para la ejecución de obras en Infraestructura hídrica.", "Geometria_tipo": "Punto" }, "geometry": { "type": "Point", "coordinates": [ -98.747168559004024, 20.092090277958 ] } },
{ "type": "Feature", "properties": { "ID_OBRA": "793_Pachuca de Soto", "No.": 793.0, "Municipio": "Pachuca de Soto", "Rubro": "Infraestructura Hídrica", "Ejercicio": 2024.0, "Obra": "Adquisición de grúa tipo Hiab", "Localidad": "Pachuca de Soto", "Inversión": 6676345.13, "Habitantes.beneficiados": null, "Ejecutora": "CAASIM", "Trabajos": "Se ejecutan acciones para la ejecución de obras en Infraestructura hídrica.", "Geometria_tipo": "Punto" }, "geometry": { "type": "Point", "coordinates": [ -98.746877339386288, 20.091572725148051 ] } },
{ "type": "Feature", "properties": { "ID_OBRA": "794_Pachuca de Soto", "No.": 794.0, "Municipio": "Pachuca de Soto", "Rubro": "Infraestructura Hídrica", "Ejercicio": 2024.0, "Obra": "Adquisición de equipo de cómputo y servidores.", "Localidad": "Pachuca de Soto", "Inversión": 20000000.0, "Habitantes.beneficiados": null, "Ejecutora": "CAASIM", "Trabajos": "Se ejecutan acciones para la ejecución de obras en Infraestructura hídrica.", "Geometria_tipo": "Punto" }, "geometry": { "type": "Point", "coordinates": [ -98.747231610400391, 20.091402714526449 ] } },
{ "type": "Feature", "properties": { "ID_OBRA": "795_Pachuca de Soto", "No.": 795.0, "Municipio": "Pachuca de Soto", "Rubro": "Infraestructura Hídrica", "Ejercicio": 2024.0, "Obra": "Equipamiento para regulación de presiones y sectorización de red hidráulica en colonias con deficiencias.", "Localidad": "Pachuca de Soto", "Inversión": 19587491.39, "Habitantes.beneficiados": null, "Ejecutora": "CAASIM", "Trabajos": "Considera el equipamiento para regulación de presiones en el municipio de Pachuca de Soto.", "Geometria_tipo": "Punto" }, "geometry": { "type": "Point", "coordinates": [ -98.747562160534812, 20.092230785786249 ] } },
{ "type": "Feature", "properties": { "ID_OBRA": "796_Pachuca de Soto", "No.": 796.0, "Municipio": "Pachuca de Soto", "Rubro": "Infraestructura Hídrica", "Ejercicio": 2024.0, "Obra": "Adquisición de transformadores tipo seco y pedestal.", "Localidad": "Pachuca de Soto", "Inversión": 14982608.7, "Habitantes.beneficiados": null, "Ejecutora": "CAASIM", "Trabajos": "Se ejecutan acciones para la ejecución de obras en Infraestructura hídrica.", "Geometria_tipo": "Punto" }, "geometry": { "type": "Point", "coordinates": [ -98.74682220207815, 20.091861055346481 ] } },
{ "type": "Feature", "properties": { "ID_OBRA": "797_Pachuca de Soto", "No.": 797.0, "Municipio": "Pachuca de Soto", "Rubro": "Infraestructura Hídrica", "Ejercicio": 2024.0, "Obra": "Equipamiento para el Seguimiento al Proceso Comercial", "Localidad": "Pachuca de Soto", "Inversión": 1074564.84, "Habitantes.beneficiados": null, "Ejecutora": "CAASIM", "Trabajos": "Se ejecutan acciones para la ejecución de obras en Infraestructura hídrica.", "Geometria_tipo": "Punto" }, "geometry": { "type": "Point", "coordinates": [ -98.748176220063058, 20.09206079709735 ] } },
{ "type": "Feature", "properties": { "ID_OBRA": "798_Pachuca de Soto", "No.": 798.0, "Municipio": "Pachuca de Soto", "Rubro": "Infraestructura Hídrica", "Ejercicio": 2024.0, "Obra": "Equipamiento de oficinas y actualización de equipo terrestre", "Localidad": "Pachuca de Soto", "Inversión": 7154637.56, "Habitantes.beneficiados": null, "Ejecutora": "CAASIM", "Trabajos": "Se ejecutan acciones para la ejecución de obras en Infraestructura hídrica.", "Geometria_tipo": "Punto" }, "geometry": { "type": "Point", "coordinates": [ -98.747593742556504, 20.091336208823261 ] } },
{ "type": "Feature", "properties": { "ID_OBRA": "808_Pachuca de Soto", "No.": 808.0, "Municipio": "Pachuca de Soto", "Rubro": "Infraestructura Hídrica", "Ejercicio": 2024.0, "Obra": "Ampliación de la Línea de Agua Potable en Prolongación Rojo Gómez, San Cayetano", "Localidad": "Pachuca de Soto", "Inversión": 805684.5, "Habitantes.beneficiados": null, "Ejecutora": "CAASIM", "Trabajos": "Considera los trabajos de instalación de tubería, rellenos con material producto de excavación, prueba de la tubería en la comunidad.", "Geometria_tipo": "Punto" }, "geometry": { "type": "Point", "coordinates": [ -98.778490363346918, 20.10779702435358 ] } },
{ "type": "Feature", "properties": { "ID_OBRA": "811_Pachuca de Soto", "No.": 811.0, "Municipio": "Pachuca de Soto", "Rubro": "Infraestructura Hídrica", "Ejercicio": 2024.0, "Obra": "Suministro de equipo de protección personal", "Localidad": "Pachuca de Soto", "Inversión": 87487.09, "Habitantes.beneficiados": null, "Ejecutora": "CEAA", "Trabajos": "Se ejecutan acciones para la ejecución de obras en Infraestructura hídrica.", "Geometria_tipo": "Punto" }, "geometry": { "type": "Point", "coordinates": [ -98.779139081454218, 20.097638850039619 ] } },
{ "type": "Feature", "properties": { "ID_OBRA": "877_Pachuca de Soto", "No.": 877.0, "Municipio": "Pachuca de Soto", "Rubro": "Infraestructura Hídrica", "Ejercicio": 2024.0, "Obra": "Construcción del colector pluvial Real de la Plata, en el municipio de Pachuca de Soto.", "Localidad": "Pachuca de Soto", "Inversión": 34168251.17, "Habitantes.beneficiados": null, "Ejecutora": "DGEP", "Trabajos": "Considera los trabajos colecto, canal rectangular cerrado, obra inducida general.", "Geometria_tipo": "Punto" }, "geometry": { "type": "Point", "coordinates": [ -98.769519422511621, 20.06900442053464 ] } },
{ "type": "Feature", "properties": { "ID_OBRA": "878_Pachuca de Soto", "No.": 878.0, "Municipio": "Pachuca de Soto", "Rubro": "Infraestructura Hídrica", "Ejercicio": 2024.0, "Obra": "Reparación de tubería de drenaje, Blvd. Río de las Avenidas, en el municipio de Pachuca", "Localidad": "Pachuca de Soto", "Inversión": 2682675.39, "Habitantes.beneficiados": null, "Ejecutora": "DGOPI", "Trabajos": "Considera los trabajos de excavaciones y rellenos, descargas domiciliarias, pozos de visita, red de drenaje.", "Geometria_tipo": "Punto" }, "geometry": { "type": "Point", "coordinates": [ -98.731946439607611, 20.12321568877864 ] } },
{ "type": "Feature", "properties": { "ID_OBRA": "881_Pachuca de Soto", "No.": 881.0, "Municipio": "Pachuca de Soto", "Rubro": "Infraestructura Hídrica", "Ejercicio": 2024.0, "Obra": "Sistema de captación de agua de lluvia en las instalaciones de la SEMARNATH.", "Localidad": "Pachuca de Soto", "Inversión": 622754.4, "Habitantes.beneficiados": null, "Ejecutora": "DGEP", "Trabajos": "Considera trabajos para el mejoramiento y mantenimiento del Sistema de captación de agua de lluvia en las instalaciones de la SEMARNATH.", "Geometria_tipo": "Punto" }, "geometry": { "type": "Point", "coordinates": [ -98.739511774287067, 20.095683761211099 ] } },
{ "type": "Feature", "properties": { "ID_OBRA": "909_Pachuca de Soto", "No.": 909.0, "Municipio": "Pachuca de Soto", "Rubro": "Infraestructura Hídrica", "Ejercicio": 2025.0, "Obra": "Sustitución de medio filtrante y gravas en Planta Potabilizadora San Juan.", "Localidad": "Pachuca de Soto", "Inversión": 10000000.01, "Habitantes.beneficiados": null, "Ejecutora": "CAASIM", "Trabajos": "Sustitución de medio filtrante y gravas en planta potabilizadora San Juan, para mejorar la calidad del agua que se pone a disposición de la población", "Geometria_tipo": "Punto" }, "geometry": { "type": "Point", "coordinates": [ -98.728653642907219, 20.137230021855991 ] } },
{ "type": "Feature", "properties": { "ID_OBRA": "910_Pachuca de Soto", "No.": 910.0, "Municipio": "Pachuca de Soto", "Rubro": "Infraestructura Hídrica", "Ejercicio": 2024.0, "Obra": "Construcción del Dren Pluvial San Antonio - Rio de Las Avenidas, en los municipios de Pachuca de Soto y Mineral de la Reforma.", "Localidad": "Pachuca de Soto, Mineral de la Reforma", "Inversión": 68484436.9, "Habitantes.beneficiados": null, "Ejecutora": "DGOPI", "Trabajos": "Considera los trabajos de obra Inducida, canal Rectangular con Tapa.", "Geometria_tipo": "Punto" }, "geometry": { "type": "Point", "coordinates": [ -98.785368, 20.047111 ] } },
{ "type": "Feature", "properties": { "ID_OBRA": "910_Pachuca de Soto", "No.": 910.0, "Municipio": "Pachuca de Soto", "Rubro": "Infraestructura Hídrica", "Ejercicio": 2024.0, "Obra": "Construcción del Dren Pluvial San Antonio - Rio de Las Avenidas, en los municipios de Pachuca de Soto y Mineral de la Reforma.", "Localidad": "Pachuca de Soto, Mineral de la Reforma", "Inversión": 68484436.9, "Habitantes.beneficiados": null, "Ejecutora": "DGOPI", "Trabajos": "Considera los trabajos de obra Inducida, canal Rectangular con Tapa.", "Geometria_tipo": "Punto" }, "geometry": { "type": "Point", "coordinates": [ -98.768681, 20.040936 ] } },
{ "type": "Feature", "properties": { "ID_OBRA": "917_Pachuca de Soto", "No.": 917.0, "Municipio": "Pachuca de Soto", "Rubro": "Infraestructura Hídrica", "Ejercicio": 2023.0, "Obra": "Reposición de pavimento asfáltico en el Municipio de Pachuca de Soto, Mineral de la Reforma y su zona de influencia de la CAASIM", "Localidad": "Varias", "Inversión": 8492998.46, "Habitantes.beneficiados": null, "Ejecutora": "CAASIM", "Trabajos": "Se ejecutan acciones para la ejecución de obras en Infraestructura hídrica.", "Geometria_tipo": "Punto" }, "geometry": { "type": "Point", "coordinates": [ -98.739973, 20.117327 ] } },
{ "type": "Feature", "properties": { "ID_OBRA": "940_Pacula", "No.": 940.0, "Municipio": "Pacula", "Rubro": "Infraestructura Hídrica", "Ejercicio": 2023.0, "Obra": "Construcción de línea conducción para agua potable, derivación La Puerta-Jiliapan, Los Fresnos, Canoas y Jiliapan en el municipio de Pacula", "Localidad": "Varias", "Inversión": 14997000.0, "Habitantes.beneficiados": null, "Ejecutora": "SIPDUS", "Trabajos": "Considera los trabajos de instalación de tubería, rellenos con material producto de excavación, prueba de la tubería en la comunidad.", "Geometria_tipo": "Punto" }, "geometry": { "type": "Point", "coordinates": [ -99.312808, 20.985476 ] } },
{ "type": "Feature", "properties": { "ID_OBRA": "956_San Agustín Metzquititlán", "No.": 956.0, "Municipio": "San Agustín Metzquititlán", "Rubro": "Infraestructura Hídrica", "Ejercicio": 2024.0, "Obra": "Construcción de sistema integral de agua potable San Agustín Metzquititlán. (Apartadero y La Cañada de Agua Bendita) Etapa cuatro de seis", "Localidad": "Apartadero y La Cañada de Agua Bendita", "Inversión": 3230750.4636, "Habitantes.beneficiados": null, "Ejecutora": "CEAA", "Trabajos": "Considera los trabajos de líneas de distribución con la instalación de tubería, tomas domiciliarias. en la localidad de Apartadero y La Cañada de Agua Bendita municipio de  San Agustín Metzquititlán", "Geometria_tipo": "Punto" }, "geometry": { "type": "Point", "coordinates": [ -98.610244, 20.429805 ] } },
{ "type": "Feature", "properties": { "ID_OBRA": "956_San Agustín Metzquititlán", "No.": 956.0, "Municipio": "San Agustín Metzquititlán", "Rubro": "Infraestructura Hídrica", "Ejercicio": 2024.0, "Obra": "Construcción de sistema integral de agua potable San Agustín Metzquititlán. (Apartadero y La Cañada de Agua Bendita) Etapa cuatro de seis", "Localidad": "Apartadero y La Cañada de Agua Bendita", "Inversión": 3230750.4636, "Habitantes.beneficiados": null, "Ejecutora": "CEAA", "Trabajos": "Considera los trabajos de líneas de distribución con la instalación de tubería, tomas domiciliarias. en la localidad de Apartadero y La Cañada de Agua Bendita municipio de  San Agustín Metzquititlán", "Geometria_tipo": "Punto" }, "geometry": { "type": "Point", "coordinates": [ -98.625265, 20.429721 ] } },
{ "type": "Feature", "properties": { "ID_OBRA": "100_Atlapexco", "No.": 100.0, "Municipio": "Atlapexco", "Rubro": "Infraestructura Hídrica", "Ejercicio": 2024.0, "Obra": "PTAR  Huitzotlaco. Reposición de Equipo de Bombeo de 7.5 H.P. Paneles Solares, desazolve de estructuras de planta y cercado perimetral (140 m).", "Localidad": "Huitzotlaco", "Inversión": 1548636.12, "Habitantes.beneficiados": 655.0, "Ejecutora": "CEAA", "Trabajos": "Ejecuta trabajos para el mantenimiento y mejoramiento de la Planta de tratamiento en la localidad de Huitzotlaco municipio de Atlapexco.", "Geometria_tipo": "Punto" }, "geometry": { "type": "Point", "coordinates": [ -98.370665038340292, 21.038037779562071 ] } },
{ "type": "Feature", "properties": { "ID_OBRA": "1027_San Salvador", "No.": 1027.0, "Municipio": "San Salvador", "Rubro": "Infraestructura Hídrica", "Ejercicio": 2023.0, "Obra": "Terminación de perforación de pozo para agua potable para la localidad de Cerro Blanco, San Salvador", "Localidad": "Cerro Blanco", "Inversión": 3497554.43, "Habitantes.beneficiados": 230.0, "Ejecutora": "CEAA", "Trabajos": "Considera los trabajos de preliminares, perforación de pozo en la localidad de  Cerro Blanco municipio de San salvador", "Geometria_tipo": "Punto" }, "geometry": { "type": "Point", "coordinates": [ -99.151698249999981, 20.380165 ] } },
{ "type": "Feature", "properties": { "ID_OBRA": "1031_San Salvador", "No.": 1031.0, "Municipio": "San Salvador", "Rubro": "Infraestructura Hídrica", "Ejercicio": 2022.0, "Obra": "Perforación exploratoria de pozo para agua potable para la localidad de Cerro Blanco", "Localidad": "Cerro Blanco", "Inversión": 1841597.93, "Habitantes.beneficiados": 230.0, "Ejecutora": "CEAA", "Trabajos": "Considera los trabajos de preliminares, perforación de pozo en la localidad de Cerro Blanco municipio de San Salvador", "Geometria_tipo": "Punto" }, "geometry": { "type": "Point", "coordinates": [ -99.152385531999983, 20.379488276000071 ] } },
{ "type": "Feature", "properties": { "ID_OBRA": "1033_San Salvador", "No.": 1033.0, "Municipio": "San Salvador", "Rubro": "Infraestructura Hídrica", "Ejercicio": 2023.0, "Obra": "Construcción de red de distribución en Demacú municipio de San Salvador, etapa una de tres", "Localidad": "Demacu", "Inversión": 2950844.22, "Habitantes.beneficiados": 976.0, "Ejecutora": "CEAA", "Trabajos": "Considera los trabajos de Red de distribución instalación de tubería de PUC 4” y 2” de diámetro.", "Geometria_tipo": "Punto" }, "geometry": { "type": "Point", "coordinates": [ -99.029005033446694, 20.304732896128641 ] } },
{ "type": "Feature", "properties": { "ID_OBRA": "1034_San Salvador", "No.": 1034.0, "Municipio": "San Salvador", "Rubro": "Infraestructura Hídrica", "Ejercicio": 2024.0, "Obra": "Construcción de sistema de agua potable en Demacú municipio de San Salvador. (Terminación)", "Localidad": "Demacu", "Inversión": 5670648.7016000003, "Habitantes.beneficiados": 976.0, "Ejecutora": "CEAA", "Trabajos": "Considera los trabajos de líneas de distribución con la instalación de tubería, tomas domiciliarias. en la localidad de Demacu municipio de  San Salvador", "Geometria_tipo": "Punto" }, "geometry": { "type": "Point", "coordinates": [ -99.029110253766035, 20.30515581067921 ] } },
{ "type": "Feature", "properties": { "ID_OBRA": "1044_San Salvador", "No.": 1044.0, "Municipio": "San Salvador", "Rubro": "Infraestructura Hídrica", "Ejercicio": 2022.0, "Obra": "Proyecto de agua potable, en la localidad de San Antonio Abad, municipio de San Salvador, Hidalgo.", "Localidad": "San Antonio Abad", "Inversión": 1763895.88, "Habitantes.beneficiados": 265.0, "Ejecutora": "CEAA", "Trabajos": "Considera los trabajos de proyecto conceptual y proyecto ejecutivo.", "Geometria_tipo": "Punto" }, "geometry": { "type": "Point", "coordinates": [ -99.031032843999981, 20.289895 ] } },
{ "type": "Feature", "properties": { "ID_OBRA": "1046_San Salvador", "No.": 1046.0, "Municipio": "San Salvador", "Rubro": "Infraestructura Hídrica", "Ejercicio": 2022.0, "Obra": "Construcción de sistema de agua potable San Antonio Zaragoza, Poxindeje de Morelos y Bocaja, municipio de San Salvador, estado de Hidalgo, etapa una de dos.", "Localidad": "San Antonio Zaragoza", "Inversión": 3085777.8, "Habitantes.beneficiados": 3607.0, "Ejecutora": "CEAA", "Trabajos": "Considera los trabajos de líneas de distribución con la instalación de tubería, tomas domiciliarias. en la localidad de San Antonio Zaragoza municipio de  San Salvador", "Geometria_tipo": "Punto" }, "geometry": { "type": "Point", "coordinates": [ -99.011597164999955, 20.26971771400002 ] } },
{ "type": "Feature", "properties": { "ID_OBRA": "1048_San Salvador", "No.": 1048.0, "Municipio": "San Salvador", "Rubro": "Infraestructura Hídrica", "Ejercicio": 2023.0, "Obra": "Construcción de ampliación de red de drenaje colector, localidad de San Miguel Acambay, municipio de San Salvador.", "Localidad": "San Miguel Acambay", "Inversión": 2824244.82, "Habitantes.beneficiados": null, "Ejecutora": "CEAA", "Trabajos": "Considera los trabajos de excavaciones y rellenos, descargas domiciliarias, pozos de visita, red de drenaje.", "Geometria_tipo": "Punto" }, "geometry": { "type": "Point", "coordinates": [ -99.056187251999972, 20.274945953000039 ] } },
{ "type": "Feature", "properties": { "ID_OBRA": "1049_San Salvador", "No.": 1049.0, "Municipio": "San Salvador", "Rubro": "Infraestructura Hídrica", "Ejercicio": 2023.0, "Obra": "Construcción de ampliación de red de drenaje colector, localidad de San Miguel Acambay, municipio de San Salvador.", "Localidad": "San Miguel Acambay", "Inversión": 15264970.58, "Habitantes.beneficiados": 1049.0, "Ejecutora": "CEAA", "Trabajos": "Considera los trabajos de excavaciones y rellenos, descargas domiciliarias, pozos de visita, red de drenaje.", "Geometria_tipo": "Punto" }, "geometry": { "type": "Point", "coordinates": [ -99.059034457999985, 20.279074 ] } },
{ "type": "Feature", "properties": { "ID_OBRA": "1056_San Salvador", "No.": 1056.0, "Municipio": "San Salvador", "Rubro": "Infraestructura Hídrica", "Ejercicio": 2024.0, "Obra": "Equipamiento electromecánico de pozo profundo y rehabilitación del sistema de agua potable localidad del Vixtha de Madero, municipio de San Salvador", "Localidad": "Vixtha de Madero", "Inversión": 2644766.0, "Habitantes.beneficiados": 674.0, "Ejecutora": "CEAA", "Trabajos": "Considera los trabajos para la rehabilitación y equipamiento de pozo en la localidad de  Vixtha de Madero municipio de San Salvador", "Geometria_tipo": "Punto" }, "geometry": { "type": "Point", "coordinates": [ -99.040690259999963, 20.27403772200006 ] } },
{ "type": "Feature", "properties": { "ID_OBRA": "1057_San Salvador", "No.": 1057.0, "Municipio": "San Salvador", "Rubro": "Infraestructura Hídrica", "Ejercicio": 2023.0, "Obra": "Sustitución de líneas de conducción y alimentación de agua potable, en la localidad de Xuchitlán,", "Localidad": "Xuchitlán", "Inversión": 5141141.37, "Habitantes.beneficiados": 904.0, "Ejecutora": "CEAA", "Trabajos": "Construcción de atraques de concreto e inició la construcción de las cajas de operación de válvulas.", "Geometria_tipo": "Punto" }, "geometry": { "type": "Point", "coordinates": [ -99.153641610999955, 20.389903146000051 ] } },
{ "type": "Feature", "properties": { "ID_OBRA": "1058_San Salvador", "No.": 1058.0, "Municipio": "San Salvador", "Rubro": "Infraestructura Hídrica", "Ejercicio": 2022.0, "Obra": "Eficientización de la Energía para el Bombeo de Agua en Pozos de Uso Público Urbano a través de Sistemas Fotovoltaicos, para el Sistema de Agua Potable en Xuchitlán, municipio de San Salvador", "Localidad": "Xuchitlán", "Inversión": 8943114.11, "Habitantes.beneficiados": 904.0, "Ejecutora": "SIPDUS", "Trabajos": "Considera los trabajos de líneas de distribución con la instalación de tubería, tomas domiciliarias. en la localidad de Xuchitlán municipio de  San Salvador", "Geometria_tipo": "Punto" }, "geometry": { "type": "Point", "coordinates": [ -99.151028722999968, 20.388421 ] } },
{ "type": "Feature", "properties": { "ID_OBRA": "1060_San Salvador", "No.": 1060.0, "Municipio": "San Salvador", "Rubro": "Infraestructura Hídrica", "Ejercicio": 2024.0, "Obra": "Sustitución de líneas de condcción y alimentación de agua potable, en la localidad de Xuchitlán, municipio de San Salvador, Hgo., (Terminación)", "Localidad": "Xuchitlán", "Inversión": 1997680.78504, "Habitantes.beneficiados": 904.0, "Ejecutora": "CEAA", "Trabajos": "Considera los trabajos de mejoramiento en Infraestructura hídrica en la localidad de Xuchitlán municipio de San Salvador", "Geometria_tipo": "Punto" }, "geometry": { "type": "Point", "coordinates": [ -99.152607678999971, 20.394026568000069 ] } },
{ "type": "Feature", "properties": { "ID_OBRA": "1061_Santiago de Anaya", "No.": 1061.0, "Municipio": "Santiago de Anaya", "Rubro": "Infraestructura Hídrica", "Ejercicio": 2024.0, "Obra": "Perforación exploratoria de pozo para agua potable, en la localidad de El Encino, municipio de Santiago de Anaya, Hidalgo.", "Localidad": "El Encino", "Inversión": 1284205.18, "Habitantes.beneficiados": 296.0, "Ejecutora": "CEAA", "Trabajos": "Considera los trabajos de preliminares, perforación de pozo en la localidad de El Encino municipio de Santiago de Anaya", "Geometria_tipo": "Punto" }, "geometry": { "type": "Point", "coordinates": [ -98.91882390138764, 20.442290749558339 ] } },
{ "type": "Feature", "properties": { "ID_OBRA": "1064_Santiago de Anaya", "No.": 1064.0, "Municipio": "Santiago de Anaya", "Rubro": "Infraestructura Hídrica", "Ejercicio": 2022.0, "Obra": "Rehabilitación de pozo profundo, cercado perimetral y ampliación de redes de distribución del sistema de agua potable en González Ortega", "Localidad": "González Ortega", "Inversión": 3057045.95, "Habitantes.beneficiados": 771.0, "Ejecutora": "CEAA", "Trabajos": "Considera los trabajos para la rehabilitación y equipamiento de pozo en la localidad de  González Ortega municipio de Santiago de Anaya", "Geometria_tipo": "Punto" }, "geometry": { "type": "Point", "coordinates": [ -98.986177203557986, 20.368728037039141 ] } },
{ "type": "Feature", "properties": { "ID_OBRA": "1066_Santiago de Anaya", "No.": 1066.0, "Municipio": "Santiago de Anaya", "Rubro": "Infraestructura Hídrica", "Ejercicio": 2023.0, "Obra": "Construcción de la línea de conducción y distribución del sistema de agua potable,en la localidad de Patria Nueva, municipio de Santiago de Anaya", "Localidad": "Patria Nueva", "Inversión": 3558410.22, "Habitantes.beneficiados": 2087.0, "Ejecutora": "CEAA", "Trabajos": "Considera los trabajos de línea de conducción y distribución del sistema de agua potable.", "Geometria_tipo": "Punto" }, "geometry": { "type": "Point", "coordinates": [ -99.052094557803017, 20.371078192424289 ] } },
{ "type": "Feature", "properties": { "ID_OBRA": "1075_Santiago Tulantepec de Lugo Guerrero", "No.": 1075.0, "Municipio": "Santiago Tulantepec de Lugo Guerrero", "Rubro": "Infraestructura Hídrica", "Ejercicio": 2023.0, "Obra": "Construcción de la línea de conducción de agua potable del Pozo San Pedro Huatengo al tanque elevado existente en la Colonia Satélites, en el municipio de Santiago Tulantepec en la localidad de San Pedro Huatengo", "Localidad": "San Pedro Huatengo", "Inversión": 11625618.82, "Habitantes.beneficiados": 215.0, "Ejecutora": "SIPDUS", "Trabajos": "Considera los trabajos de instalación de tubería, rellenos con material producto de excavación, prueba de la tubería en la comunidad.", "Geometria_tipo": "Punto" }, "geometry": { "type": "Point", "coordinates": [ -98.409133912358215, 20.04969197556175 ] } },
{ "type": "Feature", "properties": { "ID_OBRA": "1076_Santiago Tulantepec de Lugo Guerrero", "No.": 1076.0, "Municipio": "Santiago Tulantepec de Lugo Guerrero", "Rubro": "Infraestructura Hídrica", "Ejercicio": 2024.0, "Obra": "Ampliación de construcción de la línea de conducción de agua potable del pozo San Pedro Huatengo al tanque elevado en la colonia Satélites, en el municipio de Santiago Tulantepec.", "Localidad": "San Pedro Huatengo", "Inversión": 4366828.29, "Habitantes.beneficiados": 215.0, "Ejecutora": "DGOPI", "Trabajos": "Considera los trabajos de mejoramiento en Infraestructura hídrica en la localidad de San Pedro Huatengo municipio de Santiago Tulantepec de Lugo Guerrero", "Geometria_tipo": "Punto" }, "geometry": { "type": "Point", "coordinates": [ -98.4091866277641, 20.050218653583919 ] } },
{ "type": "Feature", "properties": { "ID_OBRA": "1083_Tasquillo", "No.": 1083.0, "Municipio": "Tasquillo", "Rubro": "Infraestructura Hídrica", "Ejercicio": 2024.0, "Obra": "Rehabilitación de Linea de conducción de Sistema de Agua Potable en la localidad de El Motho.", "Localidad": "El Motho", "Inversión": 244612.75, "Habitantes.beneficiados": 337.0, "Ejecutora": "CEAA", "Trabajos": "Considera los trabajos de mejoramiento en Infraestructura hídrica en la localidad de  El Motho municipio de Tasquillo", "Geometria_tipo": "Punto" }, "geometry": { "type": "Point", "coordinates": [ -99.281054522508398, 20.53330926977134 ] } },
{ "type": "Feature", "properties": { "ID_OBRA": "1087_Tasquillo", "No.": 1087.0, "Municipio": "Tasquillo", "Rubro": "Infraestructura Hídrica", "Ejercicio": 2024.0, "Obra": "Rehabilitación de Línea de Conducción de Sistema de Agua Potable en la localidad de Juchitlán", "Localidad": "Juchitlán", "Inversión": 553044.82, "Habitantes.beneficiados": 588.0, "Ejecutora": "CEAA", "Trabajos": "Considera los trabajos de mejoramiento en Infraestructura hídrica en la localidad de Juchitlán municipio de Tasquillo", "Geometria_tipo": "Punto" }, "geometry": { "type": "Point", "coordinates": [ -99.289202958256567, 20.547799626335959 ] } },
{ "type": "Feature", "properties": { "ID_OBRA": "1089_Tasquillo", "No.": 1089.0, "Municipio": "Tasquillo", "Rubro": "Infraestructura Hídrica", "Ejercicio": 2022.0, "Obra": "Construcción de red de distribución con tomas domiciliarias Portezuelo etapa seis de diez", "Localidad": "Portezuelo", "Inversión": 3929458.72, "Habitantes.beneficiados": 1837.0, "Ejecutora": "CEAA", "Trabajos": "Considera los trabajos de instalación de tubería, rellenos con material producto de excavación, prueba de la tubería en la comunidad.", "Geometria_tipo": "Punto" }, "geometry": { "type": "Point", "coordinates": [ -99.305495932281346, 20.48704181297742 ] } },
{ "type": "Feature", "properties": { "ID_OBRA": "1090_Tasquillo", "No.": 1090.0, "Municipio": "Tasquillo", "Rubro": "Infraestructura Hídrica", "Ejercicio": 2024.0, "Obra": "Construcción de red de distribución con tomas domiciliarias Portezuelo (Terminación)", "Localidad": "Portezuelo", "Inversión": 10427401.878, "Habitantes.beneficiados": 1837.0, "Ejecutora": "CEAA", "Trabajos": "Considera los trabajos de instalación de tubería, rellenos con material producto de excavación, prueba de la tubería en la comunidad.", "Geometria_tipo": "Punto" }, "geometry": { "type": "Point", "coordinates": [ -99.306108257808717, 20.48706644356874 ] } },
{ "type": "Feature", "properties": { "ID_OBRA": "1095_Tasquillo", "No.": 1095.0, "Municipio": "Tasquillo", "Rubro": "Infraestructura Hídrica", "Ejercicio": 2024.0, "Obra": "Reparación de Planta de Tratamiento de Agua Residual en la localidad de San Isidro.", "Localidad": "San Isidro", "Inversión": 815785.05, "Habitantes.beneficiados": 1051.0, "Ejecutora": "CEAA", "Trabajos": "Ejecuta trabajos para el mantenimiento y mejoramiento de la Planta de tratamiento en la localidad de San Isidro municipio de Tasquillo.", "Geometria_tipo": "Punto" }, "geometry": { "type": "Point", "coordinates": [ -99.326875229851694, 20.54495818514734 ] } },
{ "type": "Feature", "properties": { "ID_OBRA": "1098_Tecozautla", "No.": 1098.0, "Municipio": "Tecozautla", "Rubro": "Infraestructura Hídrica", "Ejercicio": 2022.0, "Obra": "Construcción de sistema integral de agua potable para las localidades de Bomanxotha y Bothé, municipio de Tecozautla, etapa una de tres.", "Localidad": "Bomanxotha", "Inversión": 3920447.46, "Habitantes.beneficiados": 2129.0, "Ejecutora": "CEAA", "Trabajos": "Considera los trabajos de líneas de distribución con la instalación de tubería, tomas domiciliarias. en la localidad de Bomanxotha municipio de  Tecozautla", "Geometria_tipo": "Punto" }, "geometry": { "type": "Point", "coordinates": [ -99.666025738611879, 20.517597972952309 ] } },
{ "type": "Feature", "properties": { "ID_OBRA": "1098_Tecozautla", "No.": 1098.0, "Municipio": "Tecozautla", "Rubro": "Infraestructura Hídrica", "Ejercicio": 2022.0, "Obra": "Construcción de sistema integral de agua potable para las localidades de Bomanxotha y Bothé, municipio de Tecozautla, etapa una de tres.", "Localidad": "Bomanxotha", "Inversión": 3920447.46, "Habitantes.beneficiados": 2129.0, "Ejecutora": "CEAA", "Trabajos": "Considera los trabajos de líneas de distribución con la instalación de tubería, tomas domiciliarias. en la localidad de Bomanxotha municipio de  Tecozautla", "Geometria_tipo": "Punto" }, "geometry": { "type": "Point", "coordinates": [ -99.647333497161497, 20.489968538065138 ] } },
{ "type": "Feature", "properties": { "ID_OBRA": "1098_Tecozautla", "No.": 1098.0, "Municipio": "Tecozautla", "Rubro": "Infraestructura Hídrica", "Ejercicio": 2022.0, "Obra": "Construcción de sistema integral de agua potable para las localidades de Bomanxotha y Bothé, municipio de Tecozautla, etapa una de tres.", "Localidad": "Bomanxotha", "Inversión": 3920447.46, "Habitantes.beneficiados": 2129.0, "Ejecutora": "CEAA", "Trabajos": "Considera los trabajos de líneas de distribución con la instalación de tubería, tomas domiciliarias. en la localidad de Bomanxotha municipio de  Tecozautla", "Geometria_tipo": "Punto" }, "geometry": { "type": "Point", "coordinates": [ -99.666046868361903, 20.51787384606811 ] } },
{ "type": "Feature", "properties": { "ID_OBRA": "1108_Tecozautla", "No.": 1108.0, "Municipio": "Tecozautla", "Rubro": "Infraestructura Hídrica", "Ejercicio": 2024.0, "Obra": "Construcción de líneas de distribución de agua potable en Fraccionamiento la Cruz de Piedra, municipio de Tecozautla", "Localidad": "Tecozautla", "Inversión": 235714.17, "Habitantes.beneficiados": null, "Ejecutora": "DGOPI", "Trabajos": "Considera los trabajos de mejoramiento en Infraestructura hídrica en la localidad de Tecozautla municipio de Tecozautla", "Geometria_tipo": "Punto" }, "geometry": { "type": "Point", "coordinates": [ -99.66404400592296, 20.548416471243069 ] } },
{ "type": "Feature", "properties": { "ID_OBRA": "1114_Tenango de Doria", "No.": 1114.0, "Municipio": "Tenango de Doria", "Rubro": "Infraestructura Hídrica", "Ejercicio": 2024.0, "Obra": "SAP El Temapá.- Línea de conducción 355.00 m de tubería de FoGo de 2 de diámetro.", "Localidad": "El Temapá", "Inversión": 470084.28, "Habitantes.beneficiados": 255.0, "Ejecutora": "CEAA", "Trabajos": "Considera los trabajos de instalación de tubería, rellenos con material producto de excavación, prueba de la tubería en la comunidad.", "Geometria_tipo": "Punto" }, "geometry": { "type": "Point", "coordinates": [ -98.214933886101065, 20.368868025696941 ] } },
{ "type": "Feature", "properties": { "ID_OBRA": "1115_Tenango de Doria", "No.": 1115.0, "Municipio": "Tenango de Doria", "Rubro": "Infraestructura Hídrica", "Ejercicio": 2024.0, "Obra": "SAP La Reforma.- En red de distribución 58.00 m de tubería de FoGo de  2 de diámetro 58 m de tubería de 1 1/4 de diámetro, 60.60 m de 2 de diámetro de PVC, en linea de conducción 25.60 m de tubo de FoGo de 3 de diámetro en linea de conducción.", "Localidad": "La Reforma", "Inversión": 464937.92, "Habitantes.beneficiados": 155.0, "Ejecutora": "CEAA", "Trabajos": "Considera los trabajos de instalación de tubería, rellenos con material producto de excavación, prueba de la tubería en la comunidad.", "Geometria_tipo": "Punto" }, "geometry": { "type": "Point", "coordinates": [ -98.225543631051835, 20.339011539075688 ] } },
{ "type": "Feature", "properties": { "ID_OBRA": "112_Atotonilco el Grande", "No.": 112.0, "Municipio": "Atotonilco el Grande", "Rubro": "Infraestructura Hídrica", "Ejercicio": 2024.0, "Obra": "Construcción de interconexiones a la Línea de Conducción del Sistema de Agua Potable Los Berros, en el municipio de Atotonilco El Grande", "Localidad": "Atotonilco El Grande", "Inversión": 23207888.52, "Habitantes.beneficiados": 8417.0, "Ejecutora": "DGCCE", "Trabajos": "Considera los trabajos de instalación de tubería, prueba de la tubería en la comunidad.", "Geometria_tipo": "Punto" }, "geometry": { "type": "Point", "coordinates": [ -98.663255509502577, 20.263313059255591 ] } },
{ "type": "Feature", "properties": { "ID_OBRA": "1121_Tenango de Doria", "No.": 1121.0, "Municipio": "Tenango de Doria", "Rubro": "Infraestructura Hídrica", "Ejercicio": 2023.0, "Obra": "Sustitución de Línea de conducción de agua potable de la cabecera municipal de Tenango de Doria, estado de Hidalgo.", "Localidad": "Tenango de Doria", "Inversión": 11662220.23, "Habitantes.beneficiados": 2614.0, "Ejecutora": "CEAA", "Trabajos": "Considera los trabajos de instalación de tubería, rellenos con material producto de excavación, prueba de la tubería en la comunidad.", "Geometria_tipo": "Punto" }, "geometry": { "type": "Point", "coordinates": [ -98.226887342368343, 20.338681980371451 ] } },
{ "type": "Feature", "properties": { "ID_OBRA": "1155_Tepehuacán de Guerrero", "No.": 1155.0, "Municipio": "Tepehuacán de Guerrero", "Rubro": "Infraestructura Hídrica", "Ejercicio": 2023.0, "Obra": "Rehabilitación del Sistema de agua potable de la localidad de La Reforma, municipio de Tepehuacán de Guerrero", "Localidad": "La Reforma", "Inversión": 6489285.9, "Habitantes.beneficiados": 1233.0, "Ejecutora": "SIPDUS", "Trabajos": "Considera los trabajos de instalación de tubería, rellenos con material producto de excavación, prueba de la tubería en la comunidad.", "Geometria_tipo": "Punto" }, "geometry": { "type": "Point", "coordinates": [ -98.869464852504322, 21.072897607855719 ] } },
{ "type": "Feature", "properties": { "ID_OBRA": "116_Atotonilco el Grande", "No.": 116.0, "Municipio": "Atotonilco el Grande", "Rubro": "Infraestructura Hídrica", "Ejercicio": 2022.0, "Obra": "Construcción de ampliación de red de agua potable en Los Tepetates", "Localidad": "Los Tepetates", "Inversión": 3134120.46, "Habitantes.beneficiados": 437.0, "Ejecutora": "CEAA", "Trabajos": "Considera los trabajos de instalación de tubería, rellenos con material producto de excavación, prueba de la tubería en la comunidad.", "Geometria_tipo": "Punto" }, "geometry": { "type": "Point", "coordinates": [ -98.725596471535951, 20.308144592258341 ] } },
{ "type": "Feature", "properties": { "ID_OBRA": "1170_Tepeji del Río de Ocampo", "No.": 1170.0, "Municipio": "Tepeji del Río de Ocampo", "Rubro": "Infraestructura Hídrica", "Ejercicio": 2022.0, "Obra": "Construcción de sistema de agua potable de San Buenaventura, etapa una de diez", "Localidad": "San Buenaventura", "Inversión": 1944415.01, "Habitantes.beneficiados": 4362.0, "Ejecutora": "CEAA", "Trabajos": "Considera los trabajos de líneas de distribución con la instalación de tubería, tomas domiciliarias. en la localidad de San Buenaventura municipio de  Tepeji del Río de Ocampo", "Geometria_tipo": "Punto" }, "geometry": { "type": "Point", "coordinates": [ -99.32232578728869, 19.822025257962 ] } },
{ "type": "Feature", "properties": { "ID_OBRA": "1171_Tepeji del Río de Ocampo", "No.": 1171.0, "Municipio": "Tepeji del Río de Ocampo", "Rubro": "Infraestructura Hídrica", "Ejercicio": 2024.0, "Obra": "Construcción de sistema de agua potable de San Buenaventura, etapa tres de diez", "Localidad": "San Buenaventura", "Inversión": 5490855.708, "Habitantes.beneficiados": 4362.0, "Ejecutora": "CEAA", "Trabajos": "Considera los trabajos de líneas de distribución con la instalación de tubería, tomas domiciliarias. en la localidad de San Buenaventura municipio de  Tepeji del Río de Ocampo", "Geometria_tipo": "Punto" }, "geometry": { "type": "Point", "coordinates": [ -99.322932176016138, 19.821585622451671 ] } },
{ "type": "Feature", "properties": { "ID_OBRA": "1173_Tepeji del Río de Ocampo", "No.": 1173.0, "Municipio": "Tepeji del Río de Ocampo", "Rubro": "Infraestructura Hídrica", "Ejercicio": 2023.0, "Obra": "Perforación exploratoria de pozo en Santa María Magdalena, Tepeji del Río de Ocampo", "Localidad": "Santa María Magdalena", "Inversión": 1939624.5, "Habitantes.beneficiados": 2366.0, "Ejecutora": "CEAA", "Trabajos": "Considera los trabajos de preliminares, perforación de pozo en la localidad de Santa María Magdalena municipio de Tepeji del Río de Ocampo", "Geometria_tipo": "Punto" }, "geometry": { "type": "Point", "coordinates": [ -99.366762476727487, 19.973652981509169 ] } },
{ "type": "Feature", "properties": { "ID_OBRA": "1174_Tepeji del Río de Ocampo", "No.": 1174.0, "Municipio": "Tepeji del Río de Ocampo", "Rubro": "Infraestructura Hídrica", "Ejercicio": 2024.0, "Obra": "Terminación de pozo Santa María Magdalena, municipio de Tepeji del Río", "Localidad": "Santa María Magdalena", "Inversión": 3369571.2596, "Habitantes.beneficiados": 2366.0, "Ejecutora": "CEAA", "Trabajos": "Considera los trabajos para la construcción de pozo en la localidad de El Olivo municipio de Ixmiquilpan.", "Geometria_tipo": "Punto" }, "geometry": { "type": "Point", "coordinates": [ -99.366762476727487, 19.973652981509169 ] } },
{ "type": "Feature", "properties": { "ID_OBRA": "1175_Tepeji del Río de Ocampo", "No.": 1175.0, "Municipio": "Tepeji del Río de Ocampo", "Rubro": "Infraestructura Hídrica", "Ejercicio": 2023.0, "Obra": "Construcción de sistema de agua potable de San Buenaventura, etapa dos de diez, Tepeji del Río de Ocampo", "Localidad": "Tepeji del Río", "Inversión": 3897449.07, "Habitantes.beneficiados": null, "Ejecutora": "CEAA", "Trabajos": "Considera los trabajos de líneas de distribución con la instalación de tubería, tomas domiciliarias. en la localidad de Tepeji del Río municipio de  Tepeji del Río de Ocampo", "Geometria_tipo": "Punto" }, "geometry": { "type": "Point", "coordinates": [ -99.322842984002747, 19.82230650067838 ] } },
{ "type": "Feature", "properties": { "ID_OBRA": "1182_Tepetitlán", "No.": 1182.0, "Municipio": "Tepetitlán", "Rubro": "Infraestructura Hídrica", "Ejercicio": 2022.0, "Obra": "Construcción de sistema integral de agua potable del pozo Jaguey En La Loma, Tepetitlán, etapa dos de ocho.", "Localidad": "La Loma", "Inversión": 3980000.0, "Habitantes.beneficiados": 1134.0, "Ejecutora": "CEAA", "Trabajos": "Considera los trabajos de líneas de distribución con la instalación de tubería, tomas domiciliarias. en la localidad de La Loma municipio de  Tepetitlán", "Geometria_tipo": "Punto" }, "geometry": { "type": "Point", "coordinates": [ -99.377674197110878, 20.162904113311139 ] } },
{ "type": "Feature", "properties": { "ID_OBRA": "1196_Tezontepec de Aldama", "No.": 1196.0, "Municipio": "Tezontepec de Aldama", "Rubro": "Infraestructura Hídrica", "Ejercicio": 2024.0, "Obra": "Construcción de ampliación del sistema de agua potable San Gabriel.(Terminación)", "Localidad": "San Gabriel", "Inversión": 7546598.54, "Habitantes.beneficiados": null, "Ejecutora": "CEAA", "Trabajos": "Considera los trabajos de líneas de distribución con la instalación de tubería, tomas domiciliarias. en la localidad de San Gabriel municipio de  Tezontepec de Aldama", "Geometria_tipo": "Punto" }, "geometry": { "type": "Point", "coordinates": [ -99.338230966797596, 20.1771331184468 ] } },
{ "type": "Feature", "properties": { "ID_OBRA": "1221_Tlahuiltepa", "No.": 1221.0, "Municipio": "Tlahuiltepa", "Rubro": "Infraestructura Hídrica", "Ejercicio": 2024.0, "Obra": "Construcción de el Sistema de Agua Potable de la localidad de Cerro Chato, Municipal de Tlahuiltepa, estado de Hidalgo.", "Localidad": "Cerro Chato", "Inversión": 950774.43, "Habitantes.beneficiados": 87.0, "Ejecutora": "CEAA", "Trabajos": "Considera los trabajos de líneas de distribución con la instalación de tubería, tomas domiciliarias. en la localidad de Cerro Chato municipio de  Tlahuiltepa", "Geometria_tipo": "Punto" }, "geometry": { "type": "Point", "coordinates": [ -98.946500160999904, 20.8650672250001 ] } },
{ "type": "Feature", "properties": { "ID_OBRA": "1221_Tlahuiltepa", "No.": 1221.0, "Municipio": "Tlahuiltepa", "Rubro": "Infraestructura Hídrica", "Ejercicio": 2024.0, "Obra": "Construcción de el Sistema de Agua Potable de la localidad de Cerro Chato, Municipal de Tlahuiltepa, estado de Hidalgo.", "Localidad": "Cerro Chato", "Inversión": 950774.43, "Habitantes.beneficiados": 87.0, "Ejecutora": "CEAA", "Trabajos": "Considera los trabajos de líneas de distribución con la instalación de tubería, tomas domiciliarias. en la localidad de Cerro Chato municipio de  Tlahuiltepa", "Geometria_tipo": "Punto" }, "geometry": { "type": "Point", "coordinates": [ -98.94701378, 20.865238016 ] } },
{ "type": "Feature", "properties": { "ID_OBRA": "1221_Tlahuiltepa", "No.": 1221.0, "Municipio": "Tlahuiltepa", "Rubro": "Infraestructura Hídrica", "Ejercicio": 2024.0, "Obra": "Construcción de el Sistema de Agua Potable de la localidad de Cerro Chato, Municipal de Tlahuiltepa, estado de Hidalgo.", "Localidad": "Cerro Chato", "Inversión": 950774.43, "Habitantes.beneficiados": 87.0, "Ejecutora": "CEAA", "Trabajos": "Considera los trabajos de líneas de distribución con la instalación de tubería, tomas domiciliarias. en la localidad de Cerro Chato municipio de  Tlahuiltepa", "Geometria_tipo": "Punto" }, "geometry": { "type": "Point", "coordinates": [ -98.592088492, 19.788589525000098 ] } },
{ "type": "Feature", "properties": { "ID_OBRA": "1221_Tlahuiltepa", "No.": 1221.0, "Municipio": "Tlahuiltepa", "Rubro": "Infraestructura Hídrica", "Ejercicio": 2024.0, "Obra": "Construcción de el Sistema de Agua Potable de la localidad de Cerro Chato, Municipal de Tlahuiltepa, estado de Hidalgo.", "Localidad": "Cerro Chato", "Inversión": 950774.43, "Habitantes.beneficiados": 87.0, "Ejecutora": "CEAA", "Trabajos": "Considera los trabajos de líneas de distribución con la instalación de tubería, tomas domiciliarias. en la localidad de Cerro Chato municipio de  Tlahuiltepa", "Geometria_tipo": "Punto" }, "geometry": { "type": "Point", "coordinates": [ -98.630772291999904, 20.958225257 ] } },
{ "type": "Feature", "properties": { "ID_OBRA": "1221_Tlahuiltepa", "No.": 1221.0, "Municipio": "Tlahuiltepa", "Rubro": "Infraestructura Hídrica", "Ejercicio": 2024.0, "Obra": "Construcción de el Sistema de Agua Potable de la localidad de Cerro Chato, Municipal de Tlahuiltepa, estado de Hidalgo.", "Localidad": "Cerro Chato", "Inversión": 950774.43, "Habitantes.beneficiados": 87.0, "Ejecutora": "CEAA", "Trabajos": "Considera los trabajos de líneas de distribución con la instalación de tubería, tomas domiciliarias. en la localidad de Cerro Chato municipio de  Tlahuiltepa", "Geometria_tipo": "Punto" }, "geometry": { "type": "Point", "coordinates": [ -98.608872977, 21.040997883 ] } },
{ "type": "Feature", "properties": { "ID_OBRA": "1221_Tlahuiltepa", "No.": 1221.0, "Municipio": "Tlahuiltepa", "Rubro": "Infraestructura Hídrica", "Ejercicio": 2024.0, "Obra": "Construcción de el Sistema de Agua Potable de la localidad de Cerro Chato, Municipal de Tlahuiltepa, estado de Hidalgo.", "Localidad": "Cerro Chato", "Inversión": 950774.43, "Habitantes.beneficiados": 87.0, "Ejecutora": "CEAA", "Trabajos": "Considera los trabajos de líneas de distribución con la instalación de tubería, tomas domiciliarias. en la localidad de Cerro Chato municipio de  Tlahuiltepa", "Geometria_tipo": "Punto" }, "geometry": { "type": "Point", "coordinates": [ -98.688154576, 21.087057626 ] } },
{ "type": "Feature", "properties": { "ID_OBRA": "1221_Tlahuiltepa", "No.": 1221.0, "Municipio": "Tlahuiltepa", "Rubro": "Infraestructura Hídrica", "Ejercicio": 2024.0, "Obra": "Construcción de el Sistema de Agua Potable de la localidad de Cerro Chato, Municipal de Tlahuiltepa, estado de Hidalgo.", "Localidad": "Cerro Chato", "Inversión": 950774.43, "Habitantes.beneficiados": 87.0, "Ejecutora": "CEAA", "Trabajos": "Considera los trabajos de líneas de distribución con la instalación de tubería, tomas domiciliarias. en la localidad de Cerro Chato municipio de  Tlahuiltepa", "Geometria_tipo": "Punto" }, "geometry": { "type": "Point", "coordinates": [ -98.385336378, 20.887549758 ] } },
{ "type": "Feature", "properties": { "ID_OBRA": "1286_Tulancingo de Bravo", "No.": 1286.0, "Municipio": "Tulancingo de Bravo", "Rubro": "Infraestructura Hídrica", "Ejercicio": 2022.0, "Obra": "Construcción del pozo profundo de agua potable para beneficiar a la localidad de Santa Ana Hueytlalpan en el municipio de Tulancingo de Bravo", "Localidad": "Santa Ana Hueytlalpan", "Inversión": 3194507.3, "Habitantes.beneficiados": 5231.0, "Ejecutora": "SIPDUS", "Trabajos": "Considera los trabajos  de perforación exploratoria, preliminares (perforación), perforación y ampliación, suministro y colocación de tubería lisa de acero y ranurada.", "Geometria_tipo": "Punto" }, "geometry": { "type": "Point", "coordinates": [ -98.314758231341827, 20.169816258423531 ] } },
{ "type": "Feature", "properties": { "ID_OBRA": "1287_Tulancingo de Bravo", "No.": 1287.0, "Municipio": "Tulancingo de Bravo", "Rubro": "Infraestructura Hídrica", "Ejercicio": 2022.0, "Obra": "Construcción del sistema de agua potable para beneficiar a la localidad de Santa Ana Hueytlalpan en el municipio de Tulancingo de Bravo", "Localidad": "Santa Ana Hueytlalpan", "Inversión": 247799.94, "Habitantes.beneficiados": null, "Ejecutora": "SIPDUS", "Trabajos": "Considera los trabajos de líneas de distribución con la instalación de tubería, tomas domiciliarias. en la localidad de Santa Ana Hueytlalpan municipio de  Tulancingo de Bravo", "Geometria_tipo": "Punto" }, "geometry": { "type": "Point", "coordinates": [ -98.312646636995112, 20.171253785526361 ] } },
{ "type": "Feature", "properties": { "ID_OBRA": "131_Cardonal", "No.": 131.0, "Municipio": "Cardonal", "Rubro": "Infraestructura Hídrica", "Ejercicio": 2023.0, "Obra": "Equipamiento de pozo, ramal eléctrico, línea de conducción y tanque de regularización del sistema de agua potable manantial Salinas  etapa uno de dos", "Localidad": "Cardonal", "Inversión": 4457099.7, "Habitantes.beneficiados": 755.0, "Ejecutora": "CEAA", "Trabajos": "Considera los trabajos de instalación de tubería, rellenos con material producto de excavación, prueba de la tubería en la comunidad.", "Geometria_tipo": "Punto" }, "geometry": { "type": "Point", "coordinates": [ -99.076931363372154, 20.644362800622591 ] } },
{ "type": "Feature", "properties": { "ID_OBRA": "134_Cardonal", "No.": 134.0, "Municipio": "Cardonal", "Rubro": "Infraestructura Hídrica", "Ejercicio": 2024.0, "Obra": "Perforación Exploratoria de Pozo de Agua potable, Cardonalito.", "Localidad": "Cardonalito", "Inversión": 1949477.1384000001, "Habitantes.beneficiados": 90.0, "Ejecutora": "CEAA", "Trabajos": "Considera los trabajos de preliminares, perforación de pozo en la localidad de Cardonalito municipio de Cardonal.", "Geometria_tipo": "Punto" }, "geometry": { "type": "Point", "coordinates": [ -99.123234378999939, 20.64765748700006 ] } },
{ "type": "Feature", "properties": { "ID_OBRA": "138_Cardonal", "No.": 138.0, "Municipio": "Cardonal", "Rubro": "Infraestructura Hídrica", "Ejercicio": 2022.0, "Obra": "Ampliación del sistema de agua potable en la localidad de El Deca en el municipio de Cardonal", "Localidad": "El Deca", "Inversión": 3325797.27, "Habitantes.beneficiados": null, "Ejecutora": "SIPDUS", "Trabajos": "Considera los trabajos de instalación de tubería, rellenos con material producto de excavación, prueba de la tubería en la comunidad.", "Geometria_tipo": "Punto" }, "geometry": { "type": "Point", "coordinates": [ -99.141582819476596, 20.61305132125921 ] } },
{ "type": "Feature", "properties": { "ID_OBRA": "139_Cardonal", "No.": 139.0, "Municipio": "Cardonal", "Rubro": "Infraestructura Hídrica", "Ejercicio": 2022.0, "Obra": "Construcción del pozo profundo de agua potable para beneficiar a la localidad de El Deca en el municipio de Cardonal", "Localidad": "El Deca", "Inversión": 1594848.21, "Habitantes.beneficiados": 1069.0, "Ejecutora": "SIPDUS", "Trabajos": "Considera los trabajos  de perforación exploratoria, preliminares (perforación), perforación y ampliación, suministro y colocación de tubería lisa de acero y ranurada.", "Geometria_tipo": "Punto" }, "geometry": { "type": "Point", "coordinates": [ -99.140834817999973, 20.616142516000021 ] } },
{ "type": "Feature", "properties": { "ID_OBRA": "1407_Zacualtipán de Ángeles", "No.": 1407.0, "Municipio": "Zacualtipán de Ángeles", "Rubro": "Infraestructura Hídrica", "Ejercicio": 2023.0, "Obra": "Estudios complementarios de factibilidad geológica y adecuación del proyecto para garantizar la impermebilidad en la presa Zacualtipán de Ángeles en la localidad de Panotlan", "Localidad": "Barrio Panotlán", "Inversión": 7050329.44, "Habitantes.beneficiados": 0.0, "Ejecutora": "SIPDUS", "Trabajos": "Considera los trabajos de estudios, proyecto conceptual y proyecto ejecutivo.", "Geometria_tipo": "Punto" }, "geometry": { "type": "Point", "coordinates": [ -98.667191021987307, 20.630487128335819 ] } },
{ "type": "Feature", "properties": { "ID_OBRA": "1408_Zacualtipán de Ángeles", "No.": 1408.0, "Municipio": "Zacualtipán de Ángeles", "Rubro": "Infraestructura Hídrica", "Ejercicio": 2024.0, "Obra": "Panotlán.- Daño en equipo de bombeo de 125 HP y tablero de controles.", "Localidad": "Barrio Panotlán", "Inversión": 485178.62, "Habitantes.beneficiados": 240.0, "Ejecutora": "CEAA", "Trabajos": "Considera los trabajos de mejoramiento en Infraestructura hídrica en la localidad de Barrio Panotlán municipio de Zacualtipán de Ángeles", "Geometria_tipo": "Punto" }, "geometry": { "type": "Point", "coordinates": [ -98.657361837662691, 20.639241780370678 ] } },
{ "type": "Feature", "properties": { "ID_OBRA": "141_Cardonal", "No.": 141.0, "Municipio": "Cardonal", "Rubro": "Infraestructura Hídrica", "Ejercicio": 2024.0, "Obra": "Estudio y proyecto para la perforación de pozo profundo para uso público, en la localidad de El Vithé, municipio de Cardonal", "Localidad": "El Vithe", "Inversión": 2741934.94, "Habitantes.beneficiados": 0.0, "Ejecutora": "CEAA", "Trabajos": "Considera los trabajos de estudios, proyecto conceptual y proyecto ejecutivo.", "Geometria_tipo": "Punto" }, "geometry": { "type": "Point", "coordinates": [ -99.12149083652281, 20.629269210950991 ] } },
{ "type": "Feature", "properties": { "ID_OBRA": "1415_Zacualtipán de Ángeles", "No.": 1415.0, "Municipio": "Zacualtipán de Ángeles", "Rubro": "Infraestructura Hídrica", "Ejercicio": 2023.0, "Obra": "Rehabilitación de la Red de distribución de agua potable de la cabecera municipal de Zacualtipán", "Localidad": "Zacualtipán", "Inversión": 49098292.18, "Habitantes.beneficiados": 29472.0, "Ejecutora": "SIPDUS", "Trabajos": "Considera los trabajos de instalación de tubería, rellenos con material producto de excavación, prueba de la tubería en la comunidad.", "Geometria_tipo": "Punto" }, "geometry": { "type": "Point", "coordinates": [ -98.660064138247307, 20.649954665987579 ] } },
{ "type": "Feature", "properties": { "ID_OBRA": "1417_Zacualtipán de Ángeles", "No.": 1417.0, "Municipio": "Zacualtipán de Ángeles", "Rubro": "Infraestructura Hídrica", "Ejercicio": 2023.0, "Obra": "Pago para obtener el avalúo ante el instituto de administración y avalúos de bienes nacionales (INDAABIN), de 2 afectados, para liberar el derecho de vía por la construcción de una presa en Zacualtipán, municipio de Zacualtipán de Ángeles, Estado de Hidalgo.", "Localidad": "Zacualtipán", "Inversión": 49798.0, "Habitantes.beneficiados": null, "Ejecutora": "SIPDUS", "Trabajos": "Considrera el Pago por Avalúo", "Geometria_tipo": "Punto" }, "geometry": { "type": "Point", "coordinates": [ -98.662568623622207, 20.63300821755378 ] } },
{ "type": "Feature", "properties": { "ID_OBRA": "142_Cardonal", "No.": 142.0, "Municipio": "Cardonal", "Rubro": "Infraestructura Hídrica", "Ejercicio": 2023.0, "Obra": "Construcción de sistema de agua potable La Mesa, municipio de Cardonal, etapa dos de dos.", "Localidad": "La Mesa", "Inversión": 1584513.1, "Habitantes.beneficiados": 210.0, "Ejecutora": "CEAA", "Trabajos": "Considera los trabajos de tomas domiciliarias y termina red de distribución, construye cajas de válvulas.", "Geometria_tipo": "Punto" }, "geometry": { "type": "Point", "coordinates": [ -99.03201162735742, 20.662861898477271 ] } },
{ "type": "Feature", "properties": { "ID_OBRA": "1427_Zacualtipán de Ángeles", "No.": 1427.0, "Municipio": "Zacualtipán de Ángeles", "Rubro": "Infraestructura Hídrica", "Ejercicio": 2025.0, "Obra": "Captación y línea de conducción de agua potable al tanque de distribución el Ventero, tramo Tizapán El Ventero, en el municipio de Zacualtipán", "Localidad": "Zacualtipán de Ángeles", "Inversión": 68781156.0, "Habitantes.beneficiados": null, "Ejecutora": "SIPDUS", "Trabajos": null, "Geometria_tipo": "Punto" }, "geometry": { "type": "Point", "coordinates": [ -98.636090343046504, 20.64336380615411 ] } },
{ "type": "Feature", "properties": { "ID_OBRA": "143_Cardonal", "No.": 143.0, "Municipio": "Cardonal", "Rubro": "Infraestructura Hídrica", "Ejercicio": 2022.0, "Obra": "Construcción de sistema de agua potable La Mesa, municipio de Cardonal, etapa una de dos.", "Localidad": "La Mesa", "Inversión": 2452380.01, "Habitantes.beneficiados": 210.0, "Ejecutora": "CEAA", "Trabajos": "Considera los trabajos de líneas de distribución con la instalación de tubería, tomas domiciliarias. en la localidad de La Mesa municipio de  Cardonal", "Geometria_tipo": "Punto" }, "geometry": { "type": "Point", "coordinates": [ -99.032607487101743, 20.662654207887151 ] } },
{ "type": "Feature", "properties": { "ID_OBRA": "1469_Zimapán", "No.": 1469.0, "Municipio": "Zimapán", "Rubro": "Infraestructura Hídrica", "Ejercicio": 2025.0, "Obra": "Sistema de Agua Potable Infiernillo, tramo El Mezquite Segundo-La Majada Grande -La Ortiga, Mpio. Zimapán, Hgo.", "Localidad": "El Mezquite Segundo", "Inversión": 9000000.0, "Habitantes.beneficiados": 112.0, "Ejecutora": "CEAA", "Trabajos": "Línea de conducción por gravedad de la \"CCR a la Hidroeléctrica\" mediante 165.00 m. de tubería de acero de 6\" de diam. y 1/4\" de esp.&#10;Línea de conducción por gravedad  de la \"CCR a La Ortiga\" y alimentación a los dos tanques de Mezquite Segundo mediante 1,400.00 m. de tubería de FoGo. de 2 1/2\" de diam. ced. 40 y 259.70 m. de tubería de FoGo. de 1 1/2\" de diam..&#10;Tanque regulador de 10 m3 de cap., Cerca de Protección de 10 x 10m. con malla ciclónica, &#10;Red de Distribución de Mezquite Segundo mediante 3,109.00 m. de tubería de Fo.Go. de 2\" de diam. Ced. 40 y 24 Tomas Domiciliarias.", "Geometria_tipo": "Punto" }, "geometry": { "type": "Point", "coordinates": [ -99.465490859662609, 20.773252408307609 ] } },
{ "type": "Feature", "properties": { "ID_OBRA": "1470_Zimapán", "No.": 1470.0, "Municipio": "Zimapán", "Rubro": "Infraestructura Hídrica", "Ejercicio": 2024.0, "Obra": "Construcción de Planta Purificadora para el Pozo Muhí con Tecnología Momo (Modificación Molecular), en el municipio de Zimapán, Hgo. (Diseño, Fabricación, Equipamiento, Instalación y Puesta en Marcha).", "Localidad": "El Muhí", "Inversión": 19154863.73, "Habitantes.beneficiados": 337.0, "Ejecutora": "DGEyP", "Trabajos": "Considera para la adecuación, puesta en marcha y estabilización de plantas potabilizadoras en el municipio de Tula de Allende.", "Geometria_tipo": "Punto" }, "geometry": { "type": "Point", "coordinates": [ -99.36149339516983, 20.745835248316119 ] } },
{ "type": "Feature", "properties": { "ID_OBRA": "1471_Zimapán", "No.": 1471.0, "Municipio": "Zimapán", "Rubro": "Infraestructura Hídrica", "Ejercicio": 2023.0, "Obra": "Sistema de agua potable pozo la cebada, línea de alimentación y red de distribución", "Localidad": "La Cebada", "Inversión": 7260445.89, "Habitantes.beneficiados": 14732.0, "Ejecutora": "SIPDUS", "Trabajos": "Considera los trabajos de instalación de tubería, rellenos con material producto de excavación, prueba de la tubería en la comunidad.", "Geometria_tipo": "Punto" }, "geometry": { "type": "Point", "coordinates": [ -99.389235521264453, 20.6408417744031 ] } },
{ "type": "Feature", "properties": { "ID_OBRA": "1477_Zimapán", "No.": 1477.0, "Municipio": "Zimapán", "Rubro": "Infraestructura Hídrica", "Ejercicio": 2023.0, "Obra": "Ampliación del sistema de agua potable en la localidad de Santa Rita, municipio de Zimapán.", "Localidad": "Santa Rita", "Inversión": 630060.76, "Habitantes.beneficiados": 287.0, "Ejecutora": "DGIVC", "Trabajos": "Considera los trabajos de instalación de tubería, rellenos con material producto de excavación, prueba de la tubería en la comunidad.", "Geometria_tipo": "Punto" }, "geometry": { "type": "Point", "coordinates": [ -99.306240413232402, 20.649620158658202 ] } },
{ "type": "Feature", "properties": { "ID_OBRA": "1479_Zimapán", "No.": 1479.0, "Municipio": "Zimapán", "Rubro": "Infraestructura Hídrica", "Ejercicio": 2024.0, "Obra": "Rehabilitación del sistema de Agua Potable Infiernillos, tramo infiernillos Xajhá, en el municipio de Zimapán", "Localidad": "Xajhá", "Inversión": 7494005.48, "Habitantes.beneficiados": 417.0, "Ejecutora": "CEAA", "Trabajos": "Considera los trabajos de líneas de distribución con la instalación de tubería, tomas domiciliarias. en la localidad de Xajhá municipio de  Zimapán", "Geometria_tipo": "Punto" }, "geometry": { "type": "Point", "coordinates": [ -99.508237922474507, 20.763047482941079 ] } },
{ "type": "Feature", "properties": { "ID_OBRA": "1480_Zimapán", "No.": 1480.0, "Municipio": "Zimapán", "Rubro": "Infraestructura Hídrica", "Ejercicio": 2023.0, "Obra": "Rehabilitación y ampliación de red de agua potable en la cabecera municipal de Zimapán", "Localidad": "Zimapán", "Inversión": 7496250.0, "Habitantes.beneficiados": 14732.0, "Ejecutora": "SIPDUS", "Trabajos": "Considera los trabajos de Instalación Eléctrica, Sistema Control Microbiologico, Tanques de Trasvaso, Puesta en Operación de Planta.", "Geometria_tipo": "Punto" }, "geometry": { "type": "Point", "coordinates": [ -99.385513961926037, 20.74079532917748 ] } },
{ "type": "Feature", "properties": { "ID_OBRA": "153_Cardonal", "No.": 153.0, "Municipio": "Cardonal", "Rubro": "Infraestructura Hídrica", "Ejercicio": 2022.0, "Obra": "Perforación de pozo para agua potable en San Miguel Jigui", "Localidad": "San Miguel Jigui", "Inversión": 1999572.81, "Habitantes.beneficiados": 478.0, "Ejecutora": "CEAA", "Trabajos": "Considera los trabajos de preliminares, perforación de pozo en la localidad de San Miguel Jigui municipio de Cardonal", "Geometria_tipo": "Punto" }, "geometry": { "type": "Point", "coordinates": [ -99.159238954999978, 20.636991028000072 ] } },
{ "type": "Feature", "properties": { "ID_OBRA": "154_Cardonal", "No.": 154.0, "Municipio": "Cardonal", "Rubro": "Infraestructura Hídrica", "Ejercicio": 2023.0, "Obra": "Terminación de perforación de pozo para agua potable en San Miguel Jigui, Cardonal", "Localidad": "San Miguel Jigui", "Inversión": 3166869.88, "Habitantes.beneficiados": null, "Ejecutora": "CEAA", "Trabajos": "Considera trabajos de excavación a profundidad.", "Geometria_tipo": "Punto" }, "geometry": { "type": "Point", "coordinates": [ -99.158835457999942, 20.636371159000081 ] } },
{ "type": "Feature", "properties": { "ID_OBRA": "155_Cardonal", "No.": 155.0, "Municipio": "Cardonal", "Rubro": "Infraestructura Hídrica", "Ejercicio": 2024.0, "Obra": "Equipamiento electromecanico para pozo de agua potable en la localidad de San Miguel Jigui, municipio de Cardonal", "Localidad": "San Miguel Jigui", "Inversión": 2993437.85, "Habitantes.beneficiados": 478.0, "Ejecutora": "CEAA", "Trabajos": "Considera los trabajos para el equipamiento de pozo en la localidad de  San Miguel Jigui municipio de Cardonal", "Geometria_tipo": "Punto" }, "geometry": { "type": "Point", "coordinates": [ -99.157779817961284, 20.634789287364431 ] } },
{ "type": "Feature", "properties": { "ID_OBRA": "156_Cardonal", "No.": 156.0, "Municipio": "Cardonal", "Rubro": "Infraestructura Hídrica", "Ejercicio": 2023.0, "Obra": "Ampliación del Sistema de Agua Potable para beneficiar a la localidad de San Miguel Tlazintla en el municipio de Cardonal", "Localidad": "San Miguel Tlazintla", "Inversión": 1552482.46, "Habitantes.beneficiados": 272.0, "Ejecutora": "SIPDUS", "Trabajos": "Considera los trabajos de líneas de distribución con la instalación de tubería, tomas domiciliarias. en la localidad de San Miguel Tlazintla municipio de  Cardonal", "Geometria_tipo": "Punto" }, "geometry": { "type": "Point", "coordinates": [ -99.084223115411106, 20.633801800802189 ] } },
{ "type": "Feature", "properties": { "ID_OBRA": "157_Cardonal", "No.": 157.0, "Municipio": "Cardonal", "Rubro": "Infraestructura Hídrica", "Ejercicio": 2022.0, "Obra": "Construcción de tanque de regularización en el municipio de Cardonal, en la localidad de San Miguel Tlazintla", "Localidad": "San Miguel Tlazintla", "Inversión": 736483.43, "Habitantes.beneficiados": 272.0, "Ejecutora": "SIPDUS", "Trabajos": "Considera los trabajos de acero de refuerzo en cimentación y estructura, fontanería.", "Geometria_tipo": "Punto" }, "geometry": { "type": "Point", "coordinates": [ -99.084676319999971, 20.631824 ] } },
{ "type": "Feature", "properties": { "ID_OBRA": "169_Chapulhuacán", "No.": 169.0, "Municipio": "Chapulhuacán", "Rubro": "Infraestructura Hídrica", "Ejercicio": 2023.0, "Obra": "Construcción de sistema integral de abastecimiento de agua potable en la cabecera municipal de Chapulhuacan (1ra etapa)", "Localidad": "Chapulhuacán", "Inversión": 7070533.45, "Habitantes.beneficiados": 4054.0, "Ejecutora": "SIPDUS", "Trabajos": "Considera los trabajos de líneas de distribución con la instalación de tubería, tomas domiciliarias. en la localidad de Chapulhuacán municipio de  Chapulhuacán", "Geometria_tipo": "Punto" }, "geometry": { "type": "Point", "coordinates": [ -98.903864397999939, 21.153938 ] } },
{ "type": "Feature", "properties": { "ID_OBRA": "171_Chapulhuacán", "No.": 171.0, "Municipio": "Chapulhuacán", "Rubro": "Infraestructura Hídrica", "Ejercicio": 2025.0, "Obra": "Construcción de Sistema Integral de Abastecimiento de Agua Potable en la cabecera municipal de Chapulhuacán (Tercera etapa)", "Localidad": "Chapulhuacán", "Inversión": 25000000.0, "Habitantes.beneficiados": null, "Ejecutora": "SIPDUS", "Trabajos": null, "Geometria_tipo": "Punto" }, "geometry": { "type": "Point", "coordinates": [ -98.903478745373675, 21.136858594378541 ] } },
{ "type": "Feature", "properties": { "ID_OBRA": "183_Chilcuautla", "No.": 183.0, "Municipio": "Chilcuautla", "Rubro": "Infraestructura Hídrica", "Ejercicio": 2024.0, "Obra": "Rehabilitación de Cárcamo de Agua Potable en El Bethi.", "Localidad": "El Bethí", "Inversión": 242639.56, "Habitantes.beneficiados": 887.0, "Ejecutora": "CEAA", "Trabajos": "Considera los trabajos de mejoramiento en Infraestructura hídrica en la localidad de El Bethí municipio de Chilcuautla", "Geometria_tipo": "Punto" }, "geometry": { "type": "Point", "coordinates": [ -99.223847082734807, 20.395991203794111 ] } },
{ "type": "Feature", "properties": { "ID_OBRA": "184_Chilcuautla", "No.": 184.0, "Municipio": "Chilcuautla", "Rubro": "Infraestructura Hídrica", "Ejercicio": 2024.0, "Obra": "Rehabilitación de Caseta de Bombeo Cárcamo El Dadho", "Localidad": "El Dadhó", "Inversión": 315433.23, "Habitantes.beneficiados": 625.0, "Ejecutora": "CEAA", "Trabajos": "Considera los trabajos de mejoramiento en Infraestructura hídrica en la localidad de El Dadhó municipio de Chilcuautla", "Geometria_tipo": "Punto" }, "geometry": { "type": "Point", "coordinates": [ -99.233937588994834, 20.40526239938459 ] } },
{ "type": "Feature", "properties": { "ID_OBRA": "187_Chilcuautla", "No.": 187.0, "Municipio": "Chilcuautla", "Rubro": "Infraestructura Hídrica", "Ejercicio": 2025.0, "Obra": "Equipamiento de pozo profundo para agua potable y construcción de líneas de conducción localidad de El Mejay, Chilcuautla, Hidalgo.", "Localidad": "El Mejay", "Inversión": 2968671.25, "Habitantes.beneficiados": 839.0, "Ejecutora": "CEAA", "Trabajos": "&#10;-1664 m de línea de conducción de PVC de 4\".&#10;-Equipamiento de bomba de 30 hp.&#10;-Cercado perimetral en pozo.", "Geometria_tipo": "Punto" }, "geometry": { "type": "Point", "coordinates": [ -99.181765680800936, 20.385945641290139 ] } },
{ "type": "Feature", "properties": { "ID_OBRA": "189_Chilcuautla", "No.": 189.0, "Municipio": "Chilcuautla", "Rubro": "Infraestructura Hídrica", "Ejercicio": 2024.0, "Obra": "Construcción de obra de drenaje para carretera estatal el Tephé a Progreso de Obregón en la comunidad de El Xothi, en el municipio de Chilcuautla", "Localidad": "El Xothí", "Inversión": 532205.04, "Habitantes.beneficiados": 848.0, "Ejecutora": "SIPDUS", "Trabajos": "Considera los trabajos de excavaciones y rellenos, descargas domiciliarias, pozos de visita, red de drenaje.", "Geometria_tipo": "Punto" }, "geometry": { "type": "Point", "coordinates": [ -99.175587266438868, 20.405111035748991 ] } },
{ "type": "Feature", "properties": { "ID_OBRA": "19_Acaxochitlán", "No.": 19.0, "Municipio": "Acaxochitlán", "Rubro": "Infraestructura Hídrica", "Ejercicio": 2023.0, "Obra": "Construcción del Sistema de Agua Potable para beneficiar a la localidad de Tepepa Santiago Tepepa segunda etapa consiste en red de distribución en varias AGEBS", "Localidad": "Tepepa (Santiago Tepepa)", "Inversión": 4631640.25, "Habitantes.beneficiados": 5113.0, "Ejecutora": "SIPDUS", "Trabajos": "Considera los trabajos de líneas de distribución con la instalación de tubería, tomas domiciliarias. en la localidad de Tepepa (Santiago Tepepa) municipio de  Acaxochitlán", "Geometria_tipo": "Punto" }, "geometry": { "type": "Point", "coordinates": [ -98.178590994726889, 20.12249897281518 ] } },
{ "type": "Feature", "properties": { "ID_OBRA": "190_Chilcuautla", "No.": 190.0, "Municipio": "Chilcuautla", "Rubro": "Infraestructura Hídrica", "Ejercicio": 2023.0, "Obra": "Construcción de línea de conducción a tanque, equipamiento y red eléctrica en Huitexcalco de Morelos", "Localidad": "Huitexcalco", "Inversión": 2909944.11, "Habitantes.beneficiados": 1262.0, "Ejecutora": "CEAA", "Trabajos": "Considera los trabajos de instalación de tubería, rellenos con material producto de excavación, prueba de la tubería en la comunidad.", "Geometria_tipo": "Punto" }, "geometry": { "type": "Point", "coordinates": [ -99.278978728188704, 20.278947917457451 ] } },
{ "type": "Feature", "properties": { "ID_OBRA": "191_Chilcuautla", "No.": 191.0, "Municipio": "Chilcuautla", "Rubro": "Infraestructura Hídrica", "Ejercicio": 2023.0, "Obra": "Construcción de Red de Drenaje en la Localidad de la Estancia, Municipio de Chilcuautla de la Estancia, Municipio de Chilcuautla, Hidalgo, Etapa de Dos de Cuatro", "Localidad": "La Estancia", "Inversión": 1263316.13, "Habitantes.beneficiados": 1613.0, "Ejecutora": "CEAA", "Trabajos": "Considera los trabajos de excavaciones y rellenos, descargas domiciliarias, pozos de visita, red de drenaje.", "Geometria_tipo": "Punto" }, "geometry": { "type": "Point", "coordinates": [ -99.206717031826372, 20.391499855636781 ] } },
{ "type": "Feature", "properties": { "ID_OBRA": "192_Chilcuautla", "No.": 192.0, "Municipio": "Chilcuautla", "Rubro": "Infraestructura Hídrica", "Ejercicio": 2023.0, "Obra": "Construcción de red de drenaje en la localidad de la Estancia, municipio de  Chilcuautla, Hidalgo, etapa tres de cuatro.", "Localidad": "La Estancia", "Inversión": 2425217.49, "Habitantes.beneficiados": null, "Ejecutora": "CEAA", "Trabajos": "Considera los trabajos de excavaciones y rellenos, descargas domiciliarias, pozos de visita, red de drenaje.", "Geometria_tipo": "Punto" }, "geometry": { "type": "Point", "coordinates": [ -99.206720813939015, 20.391527379726529 ] } },
{ "type": "Feature", "properties": { "ID_OBRA": "193_Chilcuautla", "No.": 193.0, "Municipio": "Chilcuautla", "Rubro": "Infraestructura Hídrica", "Ejercicio": 2024.0, "Obra": "Construcción de red de drenaje en la localidad de la Estancia etapa cuatro de cinco, municipio de  Chilcuautla, Hidalgo.", "Localidad": "La Estancia", "Inversión": 4647230.802, "Habitantes.beneficiados": 1613.0, "Ejecutora": "CEAA", "Trabajos": "Considera los trabajos de excavaciones y rellenos, descargas domiciliarias, pozos de visita, red de drenaje.", "Geometria_tipo": "Punto" }, "geometry": { "type": "Point", "coordinates": [ -99.206704962976531, 20.391526363888548 ] } },
{ "type": "Feature", "properties": { "ID_OBRA": "195_Chilcuautla", "No.": 195.0, "Municipio": "Chilcuautla", "Rubro": "Infraestructura Hídrica", "Ejercicio": 2022.0, "Obra": "Eficientización de la Energía para el Bombeo de Agua en Pozos de Uso Público Urbano a través de Sistemas Fotovoltaicos, para el Sistema de Agua Potable en Santa Ana Batha, municipio de Chilcuautla", "Localidad": "Santa Ana Batha", "Inversión": 9609244.75, "Habitantes.beneficiados": 1862.0, "Ejecutora": "SIPDUS", "Trabajos": "Considera los trabajos para el equipamiento de pozo en la localidad de  Santa Ana Batha municipio de Chilcuautla", "Geometria_tipo": "Punto" }, "geometry": { "type": "Point", "coordinates": [ -99.189321035539038, 20.375370133973519 ] } },
{ "type": "Feature", "properties": { "ID_OBRA": "20_Acaxochitlán", "No.": 20.0, "Municipio": "Acaxochitlán", "Rubro": "Infraestructura Hídrica", "Ejercicio": 2022.0, "Obra": "Construcción del sistema de agua potable para beneficiar a la localidad de Tepepa Santiago Tepepa primer etapa consiste en red de distribución en varias AGEBS", "Localidad": "Tepepa (Santiago Tepepa)", "Inversión": 6098660.19, "Habitantes.beneficiados": 5113.0, "Ejecutora": "SIPDUS", "Trabajos": "Considera los trabajos de líneas de distribución con la instalación de tubería, tomas domiciliarias. en la localidad de Tepepa (Santiago Tepepa) municipio de  Acaxochitlán", "Geometria_tipo": "Punto" }, "geometry": { "type": "Point", "coordinates": [ -98.179433254202905, 20.120821569185409 ] } },
{ "type": "Feature", "properties": { "ID_OBRA": "200_Chilcuautla", "No.": 200.0, "Municipio": "Chilcuautla", "Rubro": "Infraestructura Hídrica", "Ejercicio": 2023.0, "Obra": "Rehabilitación del sistema de agua potable de la localidad de Tlacotlapilco, municipio de Chilcuautla, Hidalgo, etapa dos de tres.", "Localidad": "Tlacotlapilco", "Inversión": 3009800.09, "Habitantes.beneficiados": 810.0, "Ejecutora": "CEAA", "Trabajos": "Considera los trabajos de instalación de tubería, rellenos con material producto de excavación, prueba de la tubería en la comunidad.", "Geometria_tipo": "Punto" }, "geometry": { "type": "Point", "coordinates": [ -99.222915396760342, 20.372295034455892 ] } },
{ "type": "Feature", "properties": { "ID_OBRA": "201_Chilcuautla", "No.": 201.0, "Municipio": "Chilcuautla", "Rubro": "Infraestructura Hídrica", "Ejercicio": 2022.0, "Obra": "Rehabilitación del sistema de agua potable de la localidad de Tlacotlapilco, municipio de Chilcuautla, Hidalgo, etapa una de tres(obra emergente por daños ocasionados por inundación fluvial y lluvia severa).", "Localidad": "Tlacotlapilco", "Inversión": 2796106.22, "Habitantes.beneficiados": 810.0, "Ejecutora": "CEAA", "Trabajos": "Considera los trabajos de instalación de tubería, rellenos con material producto de excavación, prueba de la tubería en la comunidad.", "Geometria_tipo": "Punto" }, "geometry": { "type": "Point", "coordinates": [ -99.222889006050039, 20.372335832128901 ] } },
{ "type": "Feature", "properties": { "ID_OBRA": "202_Chilcuautla", "No.": 202.0, "Municipio": "Chilcuautla", "Rubro": "Infraestructura Hídrica", "Ejercicio": 2024.0, "Obra": "Rehabilitación del sistema de agua potable de la localidad de Tlacotlapilco, municipio de Chilcuautla, Hidalgo. (Terminación)", "Localidad": "Tlacotlapilco", "Inversión": 2392098.1527999998, "Habitantes.beneficiados": 810.0, "Ejecutora": "CEAA", "Trabajos": "Considera los trabajos de líneas de distribución con la instalación de tubería, tomas domiciliarias. en la localidad de Tlacotlapilco municipio de  Chilcuautla", "Geometria_tipo": "Punto" }, "geometry": { "type": "Point", "coordinates": [ -99.222836245023856, 20.372267305090109 ] } },
{ "type": "Feature", "properties": { "ID_OBRA": "205_Chilcuautla", "No.": 205.0, "Municipio": "Chilcuautla", "Rubro": "Infraestructura Hídrica", "Ejercicio": 2022.0, "Obra": "Construcción de la red de alcantarillado primera etapa para beneficiar a la localidad de Zacualoya en el municipio de Chilcuautla", "Localidad": "Zacualoya", "Inversión": 2282320.0, "Habitantes.beneficiados": 355.0, "Ejecutora": "SIPDUS", "Trabajos": "Considera los trabajos de excavaciones y rellenos, descargas domiciliarias, red de alcantarillado.", "Geometria_tipo": "Punto" }, "geometry": { "type": "Point", "coordinates": [ -99.235364442378184, 20.35984541505108 ] } },
{ "type": "Feature", "properties": { "ID_OBRA": "246_Eloxochitlán", "No.": 246.0, "Municipio": "Eloxochitlán", "Rubro": "Infraestructura Hídrica", "Ejercicio": 2023.0, "Obra": "Perforación Exploratoria de Pozo para Agua Potable en la Cabecera Municipal de Eloxochitlán.", "Localidad": "Eloxochitlán", "Inversión": 646597.58, "Habitantes.beneficiados": 601.0, "Ejecutora": "CEAA", "Trabajos": "Considera los trabajos de preliminares, perforación de pozo en la localidad de Eloxochitlán municipio de Eloxochitlán", "Geometria_tipo": "Punto" }, "geometry": { "type": "Point", "coordinates": [ -98.810148702248782, 20.745913527150091 ] } },
{ "type": "Feature", "properties": { "ID_OBRA": "253_Eloxochitlán", "No.": 253.0, "Municipio": "Eloxochitlán", "Rubro": "Infraestructura Hídrica", "Ejercicio": 2024.0, "Obra": "Perforación de pozo para agua potable en Eloxochitlán.", "Localidad": "Eloxochitlán", "Inversión": 4509157.31, "Habitantes.beneficiados": 601.0, "Ejecutora": "CEAA", "Trabajos": "Considera los trabajos de preliminares, perforación de pozo en la localidad de Eloxochitlán municipio de Eloxochitlán", "Geometria_tipo": "Punto" }, "geometry": { "type": "Point", "coordinates": [ -98.810842818358907, 20.743712542908678 ] } },
{ "type": "Feature", "properties": { "ID_OBRA": "259_Emiliano Zapata", "No.": 259.0, "Municipio": "Emiliano Zapata", "Rubro": "Infraestructura Hídrica", "Ejercicio": 2023.0, "Obra": "Rehabilitación del sistema red general de agua potable en la cabecera municipal de Emiliano Zapata", "Localidad": "Emiliano Zapata", "Inversión": 4831464.94, "Habitantes.beneficiados": 9584.0, "Ejecutora": "SIPDUS", "Trabajos": "Considera los trabajos de instalación de tubería, rellenos con material producto de excavación, prueba de la tubería en la comunidad.", "Geometria_tipo": "Punto" }, "geometry": { "type": "Point", "coordinates": [ -98.544202782750929, 19.655458306429459 ] } },
{ "type": "Feature", "properties": { "ID_OBRA": "264_Emiliano Zapata", "No.": 264.0, "Municipio": "Emiliano Zapata", "Rubro": "Infraestructura Hídrica", "Ejercicio": 2022.0, "Obra": "Construcción de sistema de agua potable en Santa Bárbara etapa dos de cuatro", "Localidad": "Santa Bárbara", "Inversión": 1990946.72, "Habitantes.beneficiados": 2039.0, "Ejecutora": "CEAA", "Trabajos": "Considera los trabajos de líneas de distribución con la instalación de tubería, tomas domiciliarias. en la localidad de Santa Bárbara municipio de Emiliano Zapata", "Geometria_tipo": "Punto" }, "geometry": { "type": "Point", "coordinates": [ -98.568966453710416, 19.666185853131822 ] } },
{ "type": "Feature", "properties": { "ID_OBRA": "265_Emiliano Zapata", "No.": 265.0, "Municipio": "Emiliano Zapata", "Rubro": "Infraestructura Hídrica", "Ejercicio": 2023.0, "Obra": "Construcción de sistema de agua potable en Santa Bárbara etapa tres de cuatro, Emiliano Zapata", "Localidad": "Santa Bárbara", "Inversión": 3969827.75, "Habitantes.beneficiados": 2039.0, "Ejecutora": "CEAA", "Trabajos": "Considera los trabajos de líneas de distribución con la instalación de tubería, tomas domiciliarias. en la localidad de Santa Bárbara municipio de Emiliano Zapata", "Geometria_tipo": "Punto" }, "geometry": { "type": "Point", "coordinates": [ -98.568972712419168, 19.666231912753268 ] } },
{ "type": "Feature", "properties": { "ID_OBRA": "266_Emiliano Zapata", "No.": 266.0, "Municipio": "Emiliano Zapata", "Rubro": "Infraestructura Hídrica", "Ejercicio": 2024.0, "Obra": "Construcción de sistema de agua potable en Santa Bárbara. (Terminación)", "Localidad": "Santa Bárbara", "Inversión": 7339020.6968, "Habitantes.beneficiados": 2039.0, "Ejecutora": "CEAA", "Trabajos": "Considera los trabajos de líneas de distribución con la instalación de tubería, tomas domiciliarias. en la localidad de Santa Bárbara municipio de Emiliano Zapata", "Geometria_tipo": "Punto" }, "geometry": { "type": "Point", "coordinates": [ -98.56901182985942, 19.66620490590525 ] } },
{ "type": "Feature", "properties": { "ID_OBRA": "279_Francisco I. Madero", "No.": 279.0, "Municipio": "Francisco I. Madero", "Rubro": "Infraestructura Hídrica", "Ejercicio": 2023.0, "Obra": "Ampliación de Pozo de Agua Potable en el Barrio San Antonio (2a. Etapa)", "Localidad": "Barrio San Antonio", "Inversión": 3317058.52, "Habitantes.beneficiados": 42.0, "Ejecutora": "CEAA", "Trabajos": "Considera los trabajos de ampliación de pozo en la localidad de Barrio San Antonio municipio de Francisco I. Madero.", "Geometria_tipo": "Punto" }, "geometry": { "type": "Point", "coordinates": [ -99.049476716573949, 20.19963076918544 ] } },
{ "type": "Feature", "properties": { "ID_OBRA": "282_Francisco I. Madero", "No.": 282.0, "Municipio": "Francisco I. Madero", "Rubro": "Infraestructura Hídrica", "Ejercicio": 2022.0, "Obra": "Inversion de 961,312 pesos en rehabilitación de Pozo Rosario, El Rosario, municipio de Francisco I, Madero", "Localidad": "El Rosario", "Inversión": 961312.7, "Habitantes.beneficiados": 7500.0, "Ejecutora": "CAASVAM", "Trabajos": "Considera los trabajos para la rehabilitación y equipamiento de pozo en la localidad de  El Rosario municipio de Francisco I. Madero", "Geometria_tipo": "Punto" }, "geometry": { "type": "Point", "coordinates": [ -99.037078815462891, 20.24597381438803 ] } },
{ "type": "Feature", "properties": { "ID_OBRA": "285_Francisco I. Madero", "No.": 285.0, "Municipio": "Francisco I. Madero", "Rubro": "Infraestructura Hídrica", "Ejercicio": 2022.0, "Obra": "Inversion de más 1.300 mdp en rehabilitación de Pozo Mexe, col el 15, municipio de Francisco I. Madero", "Localidad": "Lázaro Cárdenas (El Mexe) [Colonia]", "Inversión": 1394710.69, "Habitantes.beneficiados": 15000.0, "Ejecutora": "CAASVAM", "Trabajos": "Considera los trabajos para la rehabilitación y equipamiento de pozo en la localidad de  Lázaro Cárdenas  municipio de Francisco I. Madero", "Geometria_tipo": "Punto" }, "geometry": { "type": "Point", "coordinates": [ -99.097106360778312, 20.222191932920818 ] } },
{ "type": "Feature", "properties": { "ID_OBRA": "286_Francisco I. Madero", "No.": 286.0, "Municipio": "Francisco I. Madero", "Rubro": "Infraestructura Hídrica", "Ejercicio": 2023.0, "Obra": "Perforación de pozo profundo para extracción de agua potable, en la localidad de los Filtros, municipio de Francisco I. Madero.", "Localidad": "Los Filtros", "Inversión": 4442683.26, "Habitantes.beneficiados": 875.0, "Ejecutora": "SIPDUS", "Trabajos": "Considera los trabajos de preliminares, perforación de pozo en la localidad de Los Filtros municipio de Francisco I. Madero", "Geometria_tipo": "Punto" }, "geometry": { "type": "Point", "coordinates": [ -99.087080177147286, 20.218084491890242 ] } },
{ "type": "Feature", "properties": { "ID_OBRA": "287_Francisco I. Madero", "No.": 287.0, "Municipio": "Francisco I. Madero", "Rubro": "Infraestructura Hídrica", "Ejercicio": 2024.0, "Obra": "Continuidad de Perforación de pozo profundo para extracción de agua potable, en la localidad de los Filtros, municipio de Francisco I. Madero.", "Localidad": "Los Filtros", "Inversión": 4561613.05, "Habitantes.beneficiados": 875.0, "Ejecutora": "DGIVC", "Trabajos": "Considera los trabajos de preliminares, perforación de pozo en la localidad de Los Filtros municipio de Francisco I. Madero", "Geometria_tipo": "Punto" }, "geometry": { "type": "Point", "coordinates": [ -99.087078778884759, 20.218080164365869 ] } },
{ "type": "Feature", "properties": { "ID_OBRA": "288_Francisco I. Madero", "No.": 288.0, "Municipio": "Francisco I. Madero", "Rubro": "Infraestructura Hídrica", "Ejercicio": 2022.0, "Obra": "Inversion de 341,305 pesos en la rehabilitación de la línea de conducción de agua potable por bombeo, San Antonio, municipio de Francisco I, Madero", "Localidad": "San Antonio", "Inversión": 341305.65, "Habitantes.beneficiados": 1950.0, "Ejecutora": "CAASVAM", "Trabajos": "Considera los trabajos de instalación de tubería, rellenos con material producto de excavación, prueba de la tubería en la comunidad.", "Geometria_tipo": "Punto" }, "geometry": { "type": "Point", "coordinates": [ -99.053166094678531, 20.20735440709948 ] } },
{ "type": "Feature", "properties": { "ID_OBRA": "289_Francisco I. Madero", "No.": 289.0, "Municipio": "Francisco I. Madero", "Rubro": "Infraestructura Hídrica", "Ejercicio": 2022.0, "Obra": "Inversion de 386,204 pesos en la rehabilitación de la línea de conducción de agua potable, San Antonio, municipio de Francisco I, Madero", "Localidad": "San Antonio", "Inversión": 386204.68, "Habitantes.beneficiados": null, "Ejecutora": "CAASVAM", "Trabajos": "Considera los trabajos de instalación de tubería, rellenos con material producto de excavación, prueba de la tubería en la comunidad.", "Geometria_tipo": "Punto" }, "geometry": { "type": "Point", "coordinates": [ -99.051596823116071, 20.207618371403729 ] } },
{ "type": "Feature", "properties": { "ID_OBRA": "290_Francisco I. Madero", "No.": 290.0, "Municipio": "Francisco I. Madero", "Rubro": "Infraestructura Hídrica", "Ejercicio": 2022.0, "Obra": "Inversion de  298,208 pesos en rehabilitación de pozo San Juan, San Juan Tepa, municipio de Francisco I, Madero", "Localidad": "San Juan Tepa", "Inversión": 298208.98, "Habitantes.beneficiados": 2500.0, "Ejecutora": "CAASVAM", "Trabajos": "Considera los trabajos para la rehabilitación y equipamiento de pozo en la localidad de  San Juan Tepa municipio de Francisco I. Madero", "Geometria_tipo": "Punto" }, "geometry": { "type": "Point", "coordinates": [ -99.063163425190197, 20.213685213040701 ] } },
{ "type": "Feature", "properties": { "ID_OBRA": "293_Francisco I. Madero", "No.": 293.0, "Municipio": "Francisco I. Madero", "Rubro": "Infraestructura Hídrica", "Ejercicio": 2022.0, "Obra": "Inversion de 50,546 pesos en la construcción de ampliación de red de agua potable, Tepatepec, municipio de Francisco I, Madero", "Localidad": "Tepatepec", "Inversión": 50546.7, "Habitantes.beneficiados": null, "Ejecutora": "CAASVAM", "Trabajos": "Considera los trabajos de instalación de tubería, rellenos con material producto de excavación, prueba de la tubería en la comunidad.", "Geometria_tipo": "Punto" }, "geometry": { "type": "Point", "coordinates": [ -99.091859506965946, 20.247378399120361 ] } },
{ "type": "Feature", "properties": { "ID_OBRA": "295_Francisco I. Madero", "No.": 295.0, "Municipio": "Francisco I. Madero", "Rubro": "Infraestructura Hídrica", "Ejercicio": 2024.0, "Obra": "Construcción y/o rehabilitación de cajas de válvulas  en red de distribución de agua potable, en el Municipio de Francisco I. Madero.", "Localidad": "Tepatepec", "Inversión": 1200000.0, "Habitantes.beneficiados": 11335.0, "Ejecutora": "CAASVAM", "Trabajos": "Considera los trabajos de mejoramiento en Infraestructura hídrica en la localidad de Tepatepec municipio de Francisco I. Madero", "Geometria_tipo": "Punto" }, "geometry": { "type": "Point", "coordinates": [ -99.091839389367138, 20.24737738204853 ] } },
{ "type": "Feature", "properties": { "ID_OBRA": "296_Francisco I. Madero", "No.": 296.0, "Municipio": "Francisco I. Madero", "Rubro": "Infraestructura Hídrica", "Ejercicio": 2024.0, "Obra": "Cambio de línea de conducción", "Localidad": "Tepatepec", "Inversión": 367000.0, "Habitantes.beneficiados": null, "Ejecutora": "CAASVAM", "Trabajos": "Considera los trabajos de instalación de tubería, rellenos con material producto de excavación, prueba de la tubería en la comunidad.", "Geometria_tipo": "Punto" }, "geometry": { "type": "Point", "coordinates": [ -99.091852566248704, 20.247383173730832 ] } },
{ "type": "Feature", "properties": { "ID_OBRA": "303_Huasca de Ocampo", "No.": 303.0, "Municipio": "Huasca de Ocampo", "Rubro": "Infraestructura Hídrica", "Ejercicio": 2024.0, "Obra": "Perforación de pozo para agua potable en la localidad de Santo Tomas Allende", "Localidad": "Santo Tomás Allende", "Inversión": 4769226.12, "Habitantes.beneficiados": 712.0, "Ejecutora": "CEAA", "Trabajos": "Considera los trabajos de preliminares, perforación de pozo en la localidad de Santo Tomás Allende municipio de Huasca de Ocampo", "Geometria_tipo": "Punto" }, "geometry": { "type": "Point", "coordinates": [ -98.381655821601711, 20.129347236901729 ] } },
{ "type": "Feature", "properties": { "ID_OBRA": "305_Huautla", "No.": 305.0, "Municipio": "Huautla", "Rubro": "Infraestructura Hídrica", "Ejercicio": 2023.0, "Obra": "Construcción de la Planta de Tratamiento zona norte para beneficiar a la localidad de Acatepec en el municipio de Huautla.", "Localidad": "Acatepec", "Inversión": 2046213.46, "Habitantes.beneficiados": 1078.0, "Ejecutora": "SIPDUS", "Trabajos": "Considera los trabajos para la  Construcción de la planta de tratamiento de aguas residuales en la localidad de Acatepec municipio de Huautla.", "Geometria_tipo": "Punto" }, "geometry": { "type": "Point", "coordinates": [ -98.269148897982106, 20.952572318171541 ] } },
{ "type": "Feature", "properties": { "ID_OBRA": "36_Actopan", "No.": 36.0, "Municipio": "Actopan", "Rubro": "Infraestructura Hídrica", "Ejercicio": 2024.0, "Obra": "Reposición de Pozo para Agua Potable, en la localidad en Boxaxni (Terminación)", "Localidad": "Boxaxni", "Inversión": 3531743.8184000002, "Habitantes.beneficiados": 775.0, "Ejecutora": "CEAA", "Trabajos": "Considera los trabajos de reposición de pozo en la localidad de Boxaxni municipio de Actopan.", "Geometria_tipo": "Punto" }, "geometry": { "type": "Point", "coordinates": [ -98.943951578569781, 20.34595440851259 ] } },
{ "type": "Feature", "properties": { "ID_OBRA": "394_Huichapan", "No.": 394.0, "Municipio": "Huichapan", "Rubro": "Infraestructura Hídrica", "Ejercicio": 2025.0, "Obra": "Perforación de pozo profundo para agua potable localidad de Jonacapa", "Localidad": "Jonacapa", "Inversión": 6161136.36, "Habitantes.beneficiados": 1162.0, "Ejecutora": "CEAA", "Trabajos": "perforación exploratoria de un pozo para agua de uso público con una profundidad de 350 M.", "Geometria_tipo": "Punto" }, "geometry": { "type": "Point", "coordinates": [ -99.534331184936903, 20.43859740471316 ] } },
{ "type": "Feature", "properties": { "ID_OBRA": "401_Ixmiquilpan", "No.": 401.0, "Municipio": "Ixmiquilpan", "Rubro": "Infraestructura Hídrica", "Ejercicio": 2024.0, "Obra": "Reposición de Pozo Profundo de Agua Potable en la localidad de Cerritos Remedios.  (Perforación Exploratoria).", "Localidad": "Cerritos", "Inversión": 1492806.5056, "Habitantes.beneficiados": 945.0, "Ejecutora": "CEAA", "Trabajos": "Considera los trabajos de preliminares, perforación de pozo en la localidad de Cerritos municipio de Ixmiquilpan", "Geometria_tipo": "Punto" }, "geometry": { "type": "Point", "coordinates": [ -99.178054381390311, 20.53148873591563 ] } },
{ "type": "Feature", "properties": { "ID_OBRA": "403_Ixmiquilpan", "No.": 403.0, "Municipio": "Ixmiquilpan", "Rubro": "Infraestructura Hídrica", "Ejercicio": 2022.0, "Obra": "Construcción de tanque elevado y equipamiento de pozo del sistema de distribución de agua potable, en la localidad de Cerro Blanco, municipio de Ixmiquilpan", "Localidad": "Cerro Blanco", "Inversión": 1764812.03, "Habitantes.beneficiados": 133.0, "Ejecutora": "CEAA", "Trabajos": "Considera los trabajos de instalación de tubería, rellenos con material producto de excavación, prueba de la tubería en la comunidad.", "Geometria_tipo": "Punto" }, "geometry": { "type": "Point", "coordinates": [ -99.161364841123699, 20.597946346047941 ] } },
{ "type": "Feature", "properties": { "ID_OBRA": "404_Ixmiquilpan", "No.": 404.0, "Municipio": "Ixmiquilpan", "Rubro": "Infraestructura Hídrica", "Ejercicio": 2023.0, "Obra": "Ampliación de la Red de agua potable e interconexión a la red de CFE de paneles solares en la localidad de Cuesta Colorada en el municipio de Ixmiquilpan", "Localidad": "Cuesta Colorada", "Inversión": 4842207.43, "Habitantes.beneficiados": 474.0, "Ejecutora": "SIPDUS", "Trabajos": "Considera los trabajos de instalación de tubería, rellenos con material producto de excavación, prueba de la tubería en la comunidad.", "Geometria_tipo": "Punto" }, "geometry": { "type": "Point", "coordinates": [ -99.195835006382268, 20.704467882005179 ] } },
{ "type": "Feature", "properties": { "ID_OBRA": "405_Ixmiquilpan", "No.": 405.0, "Municipio": "Ixmiquilpan", "Rubro": "Infraestructura Hídrica", "Ejercicio": 2024.0, "Obra": "Construcción de obra de drenaje y obra complementaria del sistema de agua potable en Cuesta Colorada, municipio de Ixmiquilpan.", "Localidad": "Cuesta Colorada", "Inversión": 494190.08, "Habitantes.beneficiados": 474.0, "Ejecutora": "DGIVC", "Trabajos": "Considera los trabajos de líneas de distribución con la instalación de tubería, tomas domiciliarias. en la localidad de Cuesta Colorada municipio de  Ixmiquilpan", "Geometria_tipo": "Punto" }, "geometry": { "type": "Point", "coordinates": [ -99.192981824277567, 20.69933925291442 ] } },
{ "type": "Feature", "properties": { "ID_OBRA": "406_Ixmiquilpan", "No.": 406.0, "Municipio": "Ixmiquilpan", "Rubro": "Infraestructura Hídrica", "Ejercicio": 2025.0, "Obra": "Construcción de Sistema de Agua Potable en Ixmiquilpan, Localidad El Dexthi San Juanico (terminación)", "Localidad": "Dexthi San Juanico", "Inversión": 2443647.39, "Habitantes.beneficiados": 552.0, "Ejecutora": "CEAA", "Trabajos": "Construcción de red de agua potable mediante 4128.97 m de tubería de PVC de 2\" de Ø, así como 141.66 m de tubería de PVC de 3\" de Ø y 125 tomas domiciliarias.", "Geometria_tipo": "Punto" }, "geometry": { "type": "Point", "coordinates": [ -99.235993097604776, 20.570883061869889 ] } },
{ "type": "Feature", "properties": { "ID_OBRA": "409_Ixmiquilpan", "No.": 409.0, "Municipio": "Ixmiquilpan", "Rubro": "Infraestructura Hídrica", "Ejercicio": 2024.0, "Obra": "Construcción de Sistema de Agua Potable en Ixmiquilpan, Localidad El Dexthi San Juanico, Etapa uno de dos", "Localidad": "El Dexthi San Juanico", "Inversión": 6315235.54, "Habitantes.beneficiados": 541.0, "Ejecutora": "CEAA", "Trabajos": "Considera los trabajos de líneas de distribución con la instalación de tubería, tomas domiciliarias. en la localidad de El Dexthi San Juanico municipio de  Ixmiquilpan", "Geometria_tipo": "Punto" }, "geometry": { "type": "Point", "coordinates": [ -99.236888642877801, 20.570594077268609 ] } },
{ "type": "Feature", "properties": { "ID_OBRA": "414_Ixmiquilpan", "No.": 414.0, "Municipio": "Ixmiquilpan", "Rubro": "Infraestructura Hídrica", "Ejercicio": 2023.0, "Obra": "Terminación de Pozo El Olivo", "Localidad": "El Olivo", "Inversión": 3639213.79, "Habitantes.beneficiados": 385.0, "Ejecutora": "CEAA", "Trabajos": "Considera los trabajos para la construcción de pozo en la localidad de El Olivo municipio de Ixmiquilpan.", "Geometria_tipo": "Punto" }, "geometry": { "type": "Point", "coordinates": [ -99.181381631742326, 20.61211416042746 ] } },
{ "type": "Feature", "properties": { "ID_OBRA": "432_Ixmiquilpan", "No.": 432.0, "Municipio": "Ixmiquilpan", "Rubro": "Infraestructura Hídrica", "Ejercicio": 2024.0, "Obra": "Sustitución de la línea de conducción de tanque superficial, en la localidad de La Palma San Juanico, etapa uno de dos", "Localidad": "La Palma, San Juanico", "Inversión": 3031862.8, "Habitantes.beneficiados": null, "Ejecutora": "CEAA", "Trabajos": "Considera los trabajos de mejoramiento en Infraestructura hídrica en la localidad de La Palma San Juanico municipio de Ixmiquilpan", "Geometria_tipo": "Punto" }, "geometry": { "type": "Point", "coordinates": [ -99.233969707007788, 20.55301624150071 ] } },
{ "type": "Feature", "properties": { "ID_OBRA": "434_Ixmiquilpan", "No.": 434.0, "Municipio": "Ixmiquilpan", "Rubro": "Infraestructura Hídrica", "Ejercicio": 2022.0, "Obra": "Manejo sustentable del sistema de distribución de agua potable en la localidad de Maguey Blanco, municipio de Ixmiquilpan", "Localidad": "Maguey Blanco", "Inversión": 2910037.63, "Habitantes.beneficiados": 2314.0, "Ejecutora": "SIPDUS", "Trabajos": "Considera los trabajos de líneas de distribución con la instalación de tubería, tomas domiciliarias. en la localidad de Maguey Blanco municipio de  Ixmiquilpan", "Geometria_tipo": "Punto" }, "geometry": { "type": "Point", "coordinates": [ -99.169988882359547, 20.422654492438621 ] } },
{ "type": "Feature", "properties": { "ID_OBRA": "437_Ixmiquilpan", "No.": 437.0, "Municipio": "Ixmiquilpan", "Rubro": "Infraestructura Hídrica", "Ejercicio": 2023.0, "Obra": "Ampliación de la Red de Distribución de Agua Potable, Nequeteje", "Localidad": "Nequeteje", "Inversión": 11636890.37, "Habitantes.beneficiados": 564.0, "Ejecutora": "CEAA", "Trabajos": "Considera los trabajos de instalación de tubería, rellenos con material producto de excavación, prueba de la tubería en la comunidad.", "Geometria_tipo": "Punto" }, "geometry": { "type": "Point", "coordinates": [ -99.162839250098003, 20.55455791689257 ] } },
{ "type": "Feature", "properties": { "ID_OBRA": "440_Ixmiquilpan", "No.": 440.0, "Municipio": "Ixmiquilpan", "Rubro": "Infraestructura Hídrica", "Ejercicio": 2023.0, "Obra": "Construcción de tomas domiciliarias del sistema de agua potable en Panales, Ixmiquilpan.", "Localidad": "Panales", "Inversión": 3959594.0, "Habitantes.beneficiados": 3742.0, "Ejecutora": "CEAA", "Trabajos": "Considera los trabajos de líneas de distribución con la instalación de tubería, tomas domiciliarias. en la localidad de Panales municipio de  Ixmiquilpan", "Geometria_tipo": "Punto" }, "geometry": { "type": "Point", "coordinates": [ -99.263398252613285, 20.462947559684469 ] } },
{ "type": "Feature", "properties": { "ID_OBRA": "441_Ixmiquilpan", "No.": 441.0, "Municipio": "Ixmiquilpan", "Rubro": "Infraestructura Hídrica", "Ejercicio": 2022.0, "Obra": "Construcción de sistema de agua potable en Panales, Ixmiquilpan, etapa tres de diez", "Localidad": "Panales", "Inversión": 4455445.46, "Habitantes.beneficiados": 3742.0, "Ejecutora": "CEAA", "Trabajos": "Considera los trabajos de líneas de distribución con la instalación de tubería, tomas domiciliarias. en la localidad de Panales municipio de  Ixmiquilpan", "Geometria_tipo": "Punto" }, "geometry": { "type": "Point", "coordinates": [ -99.267211789594825, 20.467060651469659 ] } },
{ "type": "Feature", "properties": { "ID_OBRA": "442_Ixmiquilpan", "No.": 442.0, "Municipio": "Ixmiquilpan", "Rubro": "Infraestructura Hídrica", "Ejercicio": 2024.0, "Obra": "Construcción de tomas domiciliarias del sistema de agua potable en Panales, Etapa cinco de diez, Ixmiquilpan.", "Localidad": "Panales", "Inversión": 4302762.12, "Habitantes.beneficiados": 3742.0, "Ejecutora": "CEAA", "Trabajos": "Considera los trabajos de líneas de distribución con la instalación de tubería, tomas domiciliarias. en la localidad de Panales municipio de  Ixmiquilpan", "Geometria_tipo": "Punto" }, "geometry": { "type": "Point", "coordinates": [ -99.258909275719972, 20.468944571222611 ] } },
{ "type": "Feature", "properties": { "ID_OBRA": "443_Ixmiquilpan", "No.": 443.0, "Municipio": "Ixmiquilpan", "Rubro": "Infraestructura Hídrica", "Ejercicio": 2025.0, "Obra": "Construcción de sistema de agua potable en Panales, Etapa seis de diez, Ixmiquilpan.", "Localidad": "Panales", "Inversión": 6600000.0, "Habitantes.beneficiados": 3742.0, "Ejecutora": "CEAA", "Trabajos": "&#10;Construcción de red de distribución con 3798.14 m de tubo de p.v.c. hidráulico con campana rd-26 de 75 mm. (3\"), 6402.94 m de tubo de p.v.c. hidráulico con campana rd-26 de 51 mm. (2\") y 217 tomas domiciliarias.", "Geometria_tipo": "Punto" }, "geometry": { "type": "Point", "coordinates": [ -99.26519630850953, 20.471603157803852 ] } },
{ "type": "Feature", "properties": { "ID_OBRA": "449_Ixmiquilpan", "No.": 449.0, "Municipio": "Ixmiquilpan", "Rubro": "Infraestructura Hídrica", "Ejercicio": 2023.0, "Obra": "Construcción de sistema de agua potable Taxadho etapa cinco de cinco, Ixmiquilpan", "Localidad": "Taxadho", "Inversión": 3163134.89, "Habitantes.beneficiados": 1639.0, "Ejecutora": "CEAA", "Trabajos": "Red de distribución en instalación de tubería de PVC de 2” y 3” de diámetro. Así como en la instalación de las tomas domiciliarias", "Geometria_tipo": "Punto" }, "geometry": { "type": "Point", "coordinates": [ -99.148182434161612, 20.433192883108021 ] } },
{ "type": "Feature", "properties": { "ID_OBRA": "478_Juárez Hidalgo", "No.": 478.0, "Municipio": "Juárez Hidalgo", "Rubro": "Infraestructura Hídrica", "Ejercicio": 2022.0, "Obra": "Construcción de sistema de agua potable San Lorenzo Itztacoyotla, Juárez Hidalgo, etapa cuatro de cuatro", "Localidad": "San Lorenzo Itztacoyotla", "Inversión": 3771262.64, "Habitantes.beneficiados": 966.0, "Ejecutora": "CEAA", "Trabajos": "Considera los trabajos de líneas de distribución con la instalación de tubería, tomas domiciliarias. en la localidad de San Lorenzo Itztacoyotla municipio de  Juárez Hidalgo", "Geometria_tipo": "Punto" }, "geometry": { "type": "Point", "coordinates": [ -98.817187095258987, 20.82349088599382 ] } },
{ "type": "Feature", "properties": { "ID_OBRA": "481_La Misión", "No.": 481.0, "Municipio": "La Misión", "Rubro": "Infraestructura Hídrica", "Ejercicio": 2023.0, "Obra": "Construcción de red de distribución de agua potable en aguaje de Cerro Prieto, en el municipio de La Misión", "Localidad": "Aguaje de Cerro Prieto (Los Paredones)", "Inversión": 1852758.21, "Habitantes.beneficiados": 394.0, "Ejecutora": "SIPDUS", "Trabajos": "Considera los trabajos de instalación de tubería, rellenos con material producto de excavación, prueba de la tubería en la comunidad.", "Geometria_tipo": "Punto" }, "geometry": { "type": "Point", "coordinates": [ -99.062613191642058, 21.083108806881789 ] } },
{ "type": "Feature", "properties": { "ID_OBRA": "482_La Misión", "No.": 482.0, "Municipio": "La Misión", "Rubro": "Infraestructura Hídrica", "Ejercicio": 2023.0, "Obra": "Construcción de red de distribución de agua potable en Cerro Prieto en el municipio de La Misión", "Localidad": "Cerro Prieto", "Inversión": 3873500.0, "Habitantes.beneficiados": 394.0, "Ejecutora": "SIPDUS", "Trabajos": "Considera los trabajos de instalación de tubería, rellenos con material producto de excavación, prueba de la tubería en la comunidad.", "Geometria_tipo": "Punto" }, "geometry": { "type": "Point", "coordinates": [ -99.074197100629107, 21.089253177883979 ] } },
{ "type": "Feature", "properties": { "ID_OBRA": "54_Ajacuba", "No.": 54.0, "Municipio": "Ajacuba", "Rubro": "Infraestructura Hídrica", "Ejercicio": 2022.0, "Obra": "Construcción de sistema de agua potable en Vicente Guerrero, etapa cuatro de cuatro", "Localidad": "Vicente Guerrero", "Inversión": 2472913.55, "Habitantes.beneficiados": 1800.0, "Ejecutora": "CEAA", "Trabajos": "Considera los trabajos de líneas de distribución con la instalación de tubería, tomas domiciliarias. en la localidad de Vicente Guerrero municipio de  Ajacuba", "Geometria_tipo": "Punto" }, "geometry": { "type": "Point", "coordinates": [ -99.052760472880379, 20.171287313426411 ] } },
{ "type": "Feature", "properties": { "ID_OBRA": "55_Ajacuba", "No.": 55.0, "Municipio": "Ajacuba", "Rubro": "Infraestructura Hídrica", "Ejercicio": 2024.0, "Obra": "Reposición de pozo para agua potable en la localidad de Vicente Guerrero, municipio de Ajacuba", "Localidad": "Vicente Guerrero", "Inversión": 3680423.35, "Habitantes.beneficiados": 1800.0, "Ejecutora": "CEAA", "Trabajos": "Considera los trabajos para la rehabilitación y equipamiento de pozo en la localidad de  Vicente Guerrero municipio de Ajacuba", "Geometria_tipo": "Punto" }, "geometry": { "type": "Point", "coordinates": [ -99.050875897080005, 20.172279998899501 ] } },
{ "type": "Feature", "properties": { "ID_OBRA": "56_Alfajayucan", "No.": 56.0, "Municipio": "Alfajayucan", "Rubro": "Infraestructura Hídrica", "Ejercicio": 2023.0, "Obra": "Pago por Avalúo ante el Instituto de Administración y Avalúos de Bienes Nacionales (INDAABIN), de 12 afectados, por la liberación del derecho de vía para construir la línea de interconexión de las presas  El Yathe-VicenteAguirre, municipio de Alfajayucan, estado de Hidalgo.", "Localidad": "Alfajayucan", "Inversión": 201051.0, "Habitantes.beneficiados": 1794.0, "Ejecutora": "SIPDUS", "Trabajos": "Considrera el Pago por Avalúo", "Geometria_tipo": "Punto" }, "geometry": { "type": "Point", "coordinates": [ -99.395647667129126, 20.419801646085919 ] } },
{ "type": "Feature", "properties": { "ID_OBRA": "57_Alfajayucan", "No.": 57.0, "Municipio": "Alfajayucan", "Rubro": "Infraestructura Hídrica", "Ejercicio": 2024.0, "Obra": "Terminación de construcción del canal de interconexión en la presa el Yathé, Alfajayucan", "Localidad": "Alfajayucan", "Inversión": 101069235.73, "Habitantes.beneficiados": 1794.0, "Ejecutora": "DGEP", "Trabajos": "Considera los trabajos de  línea de conducción con tubería, estructura de descarga al canal, válvulas de admisión y expulsión, de aire con desfogues con accesorios.", "Geometria_tipo": "Punto" }, "geometry": { "type": "Point", "coordinates": [ -99.42865403100501, 20.398396234732289 ] } },
{ "type": "Feature", "properties": { "ID_OBRA": "59_Alfajayucan", "No.": 59.0, "Municipio": "Alfajayucan", "Rubro": "Infraestructura Hídrica", "Ejercicio": 2025.0, "Obra": "Puesta en marcha del canal de interconexión entre la Presa El Yathé y la Presa Vicente Aguirre, en el municipio de Alfajayucan", "Localidad": "Alfajayucan", "Inversión": 18560000.0, "Habitantes.beneficiados": null, "Ejecutora": "SIPDUS", "Trabajos": null, "Geometria_tipo": "Punto" }, "geometry": { "type": "Point", "coordinates": [ -99.418759549465605, 20.417799345650291 ] } },
{ "type": "Feature", "properties": { "ID_OBRA": "61_Alfajayucan", "No.": 61.0, "Municipio": "Alfajayucan", "Rubro": "Infraestructura Hídrica", "Ejercicio": 2022.0, "Obra": "Construcción de pozo profundo para agua potable de la localidad de Cebolletas, Alfajayucan (Primera Etapa)", "Localidad": "Cebolletas", "Inversión": 3381883.09, "Habitantes.beneficiados": 280.0, "Ejecutora": "SIPDUS", "Trabajos": "Considera los trabajos  de perforación exploratoria, preliminares (perforación), perforación y ampliación, suministro y colocación de tubería lisa de acero y ranurada.", "Geometria_tipo": "Punto" }, "geometry": { "type": "Point", "coordinates": [ -99.311533680367546, 20.391702394124 ] } },
{ "type": "Feature", "properties": { "ID_OBRA": "623_Molango de Escamilla", "No.": 623.0, "Municipio": "Molango de Escamilla", "Rubro": "Infraestructura Hídrica", "Ejercicio": 2022.0, "Obra": "Rehabilitación de la línea de agua potable para la cabecera municipal de Molango de Escamilla", "Localidad": "Molango de Escamilla", "Inversión": 6932243.64, "Habitantes.beneficiados": 4995.0, "Ejecutora": "SIPDUS", "Trabajos": "Considera los trabajos de instalación de tubería, rellenos con material producto de excavación, prueba de la tubería en la comunidad.", "Geometria_tipo": "Punto" }, "geometry": { "type": "Point", "coordinates": [ -98.729280343432421, 20.790213993617272 ] } },
{ "type": "Feature", "properties": { "ID_OBRA": "636_Nopala de Villagrán", "No.": 636.0, "Municipio": "Nopala de Villagrán", "Rubro": "Infraestructura Hídrica", "Ejercicio": 2023.0, "Obra": "Perforación de pozo profundo de agua potable, para uso urbano, primera etapa, en la localidad de El Jagüey, Municipio de Nopala de Villagran, Hgo.", "Localidad": "El Jagüey", "Inversión": 2262100.0, "Habitantes.beneficiados": 1409.0, "Ejecutora": "SIPDUS", "Trabajos": "Considera los trabajos de preliminares, perforación de pozo en la localidad de El Jagüey municipio de Nopala de Villagrán", "Geometria_tipo": "Punto" }, "geometry": { "type": "Point", "coordinates": [ -99.593168000210312, 20.244409000206769 ] } },
{ "type": "Feature", "properties": { "ID_OBRA": "637_Nopala de Villagrán", "No.": 637.0, "Municipio": "Nopala de Villagrán", "Rubro": "Infraestructura Hídrica", "Ejercicio": 2024.0, "Obra": "Perforación exploratoria de pozo profundo para extracción de agua potable en el paraje del pozo El Varal, municipio de Nopala de Villagrán.", "Localidad": "El Jagüey", "Inversión": 2928194.9, "Habitantes.beneficiados": 1409.0, "Ejecutora": "DGIVC", "Trabajos": "Considera los trabajos de preliminares, perforación de pozo en la localidad de El Jagüey municipio de Nopala de Villagrán", "Geometria_tipo": "Punto" }, "geometry": { "type": "Point", "coordinates": [ -98.516210878404607, 20.009147845639099 ] } },
{ "type": "Feature", "properties": { "ID_OBRA": "64_Alfajayucan", "No.": 64.0, "Municipio": "Alfajayucan", "Rubro": "Infraestructura Hídrica", "Ejercicio": 2024.0, "Obra": "Perforación del Pozo Profundo en la localidad de San Francisco Sacachichilco, municipio de Alfajayucan, Hgo. (Perforación exploratoria)", "Localidad": "San Francisco Sacachichilco", "Inversión": 1907617.96, "Habitantes.beneficiados": 801.0, "Ejecutora": "CEAA", "Trabajos": "Considera los trabajos de preliminares, perforación de pozo en la localidad de San Francisco Sacachichilco municipio de Alfajayucan", "Geometria_tipo": "Punto" }, "geometry": { "type": "Point", "coordinates": [ -99.38710744753881, 20.477694194825801 ] } },
{ "type": "Feature", "properties": { "ID_OBRA": "65_Alfajayucan", "No.": 65.0, "Municipio": "Alfajayucan", "Rubro": "Infraestructura Hídrica", "Ejercicio": 2025.0, "Obra": "Perforación del Pozo Profundo en la localidad de San Francisco Sacachichilco, municipio de Alfajayucan, Hgo. (Terminación).", "Localidad": "San Francisco Sacachichilco", "Inversión": 4100000.0, "Habitantes.beneficiados": 801.0, "Ejecutora": "CEAA", "Trabajos": "Movimiento, instalación y desmantelamiento del equipo de perforación, Equipo inactivo, trabajando excepto perforación, Desinfección de herramienta, análisis del agua, Fosas y lodos bentónicos, Ampliación de la perforación del pozo (12 1/4\" a 18\") en 300.00 m., Suministro y colocación de 39.00 m. de tubería de Acero lisa de 12\" de diam. de 1/4\" de esp.,  262 m. tubería de acero ranurada de 12”  de diam. de 1/4\" de esp., 40.00 m. de tubería lisa de acero de 20\" de 1/4\" de esp. para ademe,  engravado, Lavado y pistoneo, desarrollo y aforo, videograbación del pozo, base para equipo de bombeo.", "Geometria_tipo": "Punto" }, "geometry": { "type": "Point", "coordinates": [ -99.387394640379, 20.477637429329079 ] } },
{ "type": "Feature", "properties": { "ID_OBRA": "80_Apan", "No.": 80.0, "Municipio": "Apan", "Rubro": "Infraestructura Hídrica", "Ejercicio": 2024.0, "Obra": "Perforación exploratoria y terminación de pozo para uso público urbano, en la localidad de El Tigre, municipio de Apan, Hidalgo.", "Localidad": "El Tigre", "Inversión": 4864872.04, "Habitantes.beneficiados": 147.0, "Ejecutora": "CEAA", "Trabajos": "Considera los trabajos de preliminares, perforación de pozo en la localidad de El Tigre municipio de Apan El Tigre municipio de Apan", "Geometria_tipo": "Punto" }, "geometry": { "type": "Point", "coordinates": [ -98.316725340510274, 19.82498895837637 ] } },
{ "type": "Feature", "properties": { "ID_OBRA": "94_Atlapexco", "No.": 94.0, "Municipio": "Atlapexco", "Rubro": "Infraestructura Hídrica", "Ejercicio": 2024.0, "Obra": "PTAR Atlatipa Huitzotlaco.- Reposición de Equipo de Bombeo de 7.5 H.P. Paneles Solares, desazolve de estructuras de planta y cercado perimetral (80 m).", "Localidad": "Atlaltipa Huitzotlaco", "Inversión": 1249961.72, "Habitantes.beneficiados": 383.0, "Ejecutora": "CEAA", "Trabajos": "Ejecuta trabajos para el mantenimiento y mejoramiento de la Planta de tratamiento en la localidad de Atlaltipa Huitzotlaco municipio de Atlapexco.", "Geometria_tipo": "Punto" }, "geometry": { "type": "Point", "coordinates": [ -98.398384268383808, 21.043986151992598 ] } },
{ "type": "Feature", "properties": { "ID_OBRA": "96_Atlapexco", "No.": 96.0, "Municipio": "Atlapexco", "Rubro": "Infraestructura Hídrica", "Ejercicio": 2024.0, "Obra": "Construcción de sistema de agua potable en la localidad de Atotomoc, en el municipio de Atlapexco", "Localidad": "Atotomoc", "Inversión": 11419680.01, "Habitantes.beneficiados": 738.0, "Ejecutora": "DGCCE", "Trabajos": "Considera los trabajos de líneas de distribución con la instalación de tubería, tomas domiciliarias. en la localidad deAtotomoc municipio de  Atlapexco", "Geometria_tipo": "Punto" }, "geometry": { "type": "Point", "coordinates": [ -98.409315217521822, 21.02410355506008 ] } },
{ "type": "Feature", "properties": { "ID_OBRA": "960_San Agustín Metzquititlán", "No.": 960.0, "Municipio": "San Agustín Metzquititlán", "Rubro": "Infraestructura Hídrica", "Ejercicio": 2023.0, "Obra": "Construcción de tanque de agua potable en San Agustín Metzquititlán", "Localidad": "Tuzanapa", "Inversión": 793837.03, "Habitantes.beneficiados": 838.0, "Ejecutora": "SIPDUS", "Trabajos": "Considera los trabajos de herrería, rehabilitación de tanque, estructura, demasías y llegada de agua, preliminares de tanque, rellenos en área de tanque, caseta de bombeo (rehabilitación).", "Geometria_tipo": "Punto" }, "geometry": { "type": "Point", "coordinates": [ -98.584693383756118, 20.570300227648509 ] } },
{ "type": "Feature", "properties": { "ID_OBRA": "965_San Agustín Tlaxiaca", "No.": 965.0, "Municipio": "San Agustín Tlaxiaca", "Rubro": "Infraestructura Hídrica", "Ejercicio": 2024.0, "Obra": "Perforación de pozo para agua potable Temoaya en Guadalupe Victoria (Colonia)", "Localidad": "Guadalupe Victoria [Colonia]", "Inversión": 4229472.49, "Habitantes.beneficiados": 141.0, "Ejecutora": "CEAA", "Trabajos": "Considera los trabajos de preliminares, perforación de pozo en la localidad de Guadalupe Victoria [Colonia] municipio de San Agustín Tlaxiaca", "Geometria_tipo": "Punto" }, "geometry": { "type": "Point", "coordinates": [ -98.985055444370388, 20.096296555958869 ] } },
{ "type": "Feature", "properties": { "ID_OBRA": "985_San Agustín Tlaxiaca", "No.": 985.0, "Municipio": "San Agustín Tlaxiaca", "Rubro": "Infraestructura Hídrica", "Ejercicio": 2022.0, "Obra": "Equipamiento y cercado perimetral de pozo La Vega, San Juan Solis", "Localidad": "San Juan Solís", "Inversión": 980467.03, "Habitantes.beneficiados": 1762.0, "Ejecutora": "CEAA", "Trabajos": "Considera los trabajos para la rehabilitación y equipamiento de pozo en el municipio de Pachuca.", "Geometria_tipo": "Punto" }, "geometry": { "type": "Point", "coordinates": [ -98.931681164662635, 20.15673367997891 ] } }
]
}
